{
  "lambda": 0.2769802356271169,
  "n_active": 24,
  "val_balacc": 0.5489846146026063,
  "val_auc": 0.8407255865375775,
  "val_loss": 1.545808993279934,
  "actual_epochs": 37,
  "norms": {
    "asymmetry": 8.233393669128418,
    "border_irregularity": 6.687719821929932,
    "colour_variation": 8.757108688354492,
    "diameter_large": 7.825879096984863,
    "atypical_pigment_network": 9.575886726379395,
    "blue_white_veil": 11.397140502929688,
    "atypical_vascular_pattern": 8.672325134277344,
    "irregular_streaks": 7.233495712280273,
    "irregular_pigmentation": 5.56008768081665,
    "irregular_dots_globules": 8.173247337341309,
    "regression_structures": 6.045215606689453,
    "symmetric_uniform": 6.76311731338501,
    "reticular_network": 9.659049034118652,
    "arborizing_vessels": 8.235727310180664,
    "blue_grey_ovoid_nests": 7.067685127258301,
    "ulceration": 8.550032615661621,
    "scaly_surface": 9.003984451293945,
    "strawberry_pattern": 9.100597381591797,
    "milia_like_cysts": 8.292023658752441,
    "comedo_like_openings": 9.590991973876953,
    "cerebriform_surface": 8.942418098449707,
    "central_white_patch": 8.88020133972168,
    "red_lacunae": 8.908961296081543,
    "healthy_skin": 8.544127464294434
  },
  "just_eliminated": [],
  "issue4_fix": "best_within_step_checkpoint_restored"
}