{
  "lambda": 0.006692933179528173,
  "n_active": 24,
  "val_balacc": 0.5438342763143267,
  "val_auc": 0.8321689245078662,
  "val_loss": 1.5350137948989868,
  "actual_epochs": 23,
  "norms": {
    "asymmetry": 8.03435230255127,
    "border_irregularity": 6.680166244506836,
    "colour_variation": 8.230392456054688,
    "diameter_large": 8.084712982177734,
    "atypical_pigment_network": 8.728861808776855,
    "blue_white_veil": 10.637919425964355,
    "atypical_vascular_pattern": 8.434033393859863,
    "irregular_streaks": 7.584619522094727,
    "irregular_pigmentation": 4.136573314666748,
    "irregular_dots_globules": 7.58488655090332,
    "regression_structures": 6.483206272125244,
    "symmetric_uniform": 6.657869815826416,
    "reticular_network": 9.638008117675781,
    "arborizing_vessels": 8.51138973236084,
    "blue_grey_ovoid_nests": 7.398380756378174,
    "ulceration": 7.9322190284729,
    "scaly_surface": 8.808951377868652,
    "strawberry_pattern": 8.316587448120117,
    "milia_like_cysts": 8.834901809692383,
    "comedo_like_openings": 8.888850212097168,
    "cerebriform_surface": 8.829599380493164,
    "central_white_patch": 8.679539680480957,
    "red_lacunae": 9.048702239990234,
    "healthy_skin": 8.556856155395508
  },
  "just_eliminated": [],
  "issue4_fix": "best_within_step_checkpoint_restored"
}