{
  "lambda": 0.00102,
  "n_active": 24,
  "val_balacc": 0.5828174210591734,
  "val_auc": 0.8420788850612161,
  "val_loss": 1.4045154005289078,
  "actual_epochs": 39,
  "norms": {
    "asymmetry": 6.637398719787598,
    "border_irregularity": 6.209262847900391,
    "colour_variation": 6.823003768920898,
    "diameter_large": 6.71213960647583,
    "atypical_pigment_network": 6.6722331047058105,
    "blue_white_veil": 6.691343307495117,
    "atypical_vascular_pattern": 6.527794361114502,
    "irregular_streaks": 6.272529125213623,
    "irregular_pigmentation": 5.496025085449219,
    "irregular_dots_globules": 6.4876933097839355,
    "regression_structures": 6.304848670959473,
    "symmetric_uniform": 6.277852535247803,
    "reticular_network": 7.061859607696533,
    "arborizing_vessels": 6.697251796722412,
    "blue_grey_ovoid_nests": 7.111645221710205,
    "ulceration": 7.122811794281006,
    "scaly_surface": 7.075591564178467,
    "strawberry_pattern": 6.416388034820557,
    "milia_like_cysts": 7.17189884185791,
    "comedo_like_openings": 7.179772853851318,
    "cerebriform_surface": 7.143164157867432,
    "central_white_patch": 7.230518817901611,
    "red_lacunae": 7.319438457489014,
    "healthy_skin": 6.940880298614502
  },
  "just_eliminated": [],
  "issue4_fix": "best_within_step_checkpoint_restored"
}