{
  "lambda": 0.007389539040617396,
  "n_active": 24,
  "val_balacc": 0.5242473396541781,
  "val_auc": 0.8373893852284807,
  "val_loss": 1.5421002395451069,
  "actual_epochs": 24,
  "norms": {
    "asymmetry": 8.082271575927734,
    "border_irregularity": 6.744561195373535,
    "colour_variation": 8.324058532714844,
    "diameter_large": 8.111278533935547,
    "atypical_pigment_network": 8.841732025146484,
    "blue_white_veil": 10.6694917678833,
    "atypical_vascular_pattern": 8.455474853515625,
    "irregular_streaks": 7.60402774810791,
    "irregular_pigmentation": 4.16778564453125,
    "irregular_dots_globules": 7.669144153594971,
    "regression_structures": 6.488747596740723,
    "symmetric_uniform": 6.688134670257568,
    "reticular_network": 9.740918159484863,
    "arborizing_vessels": 8.543434143066406,
    "blue_grey_ovoid_nests": 7.364538192749023,
    "ulceration": 8.044323921203613,
    "scaly_surface": 8.830626487731934,
    "strawberry_pattern": 8.294881820678711,
    "milia_like_cysts": 8.882765769958496,
    "comedo_like_openings": 8.929705619812012,
    "cerebriform_surface": 8.85733413696289,
    "central_white_patch": 8.72054672241211,
    "red_lacunae": 9.003024101257324,
    "healthy_skin": 8.6101713180542
  },
  "just_eliminated": [],
  "issue4_fix": "best_within_step_checkpoint_restored"
}