{
  "lambda": 0.08114058437024213,
  "n_active": 24,
  "val_balacc": 0.5206923012106769,
  "val_auc": 0.8401675173928235,
  "val_loss": 1.5588645711541176,
  "actual_epochs": 29,
  "norms": {
    "asymmetry": 8.72292709350586,
    "border_irregularity": 7.3308424949646,
    "colour_variation": 8.866659164428711,
    "diameter_large": 8.231788635253906,
    "atypical_pigment_network": 10.10169792175293,
    "blue_white_veil": 11.940046310424805,
    "atypical_vascular_pattern": 9.005594253540039,
    "irregular_streaks": 7.833024501800537,
    "irregular_pigmentation": 5.7496442794799805,
    "irregular_dots_globules": 8.413564682006836,
    "regression_structures": 6.615005970001221,
    "symmetric_uniform": 7.097157001495361,
    "reticular_network": 10.30335521697998,
    "arborizing_vessels": 8.837838172912598,
    "blue_grey_ovoid_nests": 7.462619304656982,
    "ulceration": 8.889047622680664,
    "scaly_surface": 9.364201545715332,
    "strawberry_pattern": 9.482171058654785,
    "milia_like_cysts": 8.805448532104492,
    "comedo_like_openings": 9.476041793823242,
    "cerebriform_surface": 9.236438751220703,
    "central_white_patch": 9.289041519165039,
    "red_lacunae": 9.355822563171387,
    "healthy_skin": 8.958773612976074
  },
  "just_eliminated": [],
  "issue4_fix": "best_within_step_checkpoint_restored"
}