{
  "lambda": 0.015073827164848522,
  "n_active": 24,
  "val_balacc": 0.5299991854801559,
  "val_auc": 0.8388606438553314,
  "val_loss": 1.5569866113364697,
  "actual_epochs": 22,
  "norms": {
    "asymmetry": 8.394408226013184,
    "border_irregularity": 7.003035068511963,
    "colour_variation": 8.507152557373047,
    "diameter_large": 8.276549339294434,
    "atypical_pigment_network": 9.1572847366333,
    "blue_white_veil": 11.096314430236816,
    "atypical_vascular_pattern": 8.527820587158203,
    "irregular_streaks": 7.80601692199707,
    "irregular_pigmentation": 4.465291500091553,
    "irregular_dots_globules": 7.920203685760498,
    "regression_structures": 6.594820022583008,
    "symmetric_uniform": 6.887593746185303,
    "reticular_network": 10.184355735778809,
    "arborizing_vessels": 8.732367515563965,
    "blue_grey_ovoid_nests": 7.468280792236328,
    "ulceration": 8.353639602661133,
    "scaly_surface": 8.979975700378418,
    "strawberry_pattern": 8.633750915527344,
    "milia_like_cysts": 8.915304183959961,
    "comedo_like_openings": 9.197770118713379,
    "cerebriform_surface": 9.061952590942383,
    "central_white_patch": 8.867241859436035,
    "red_lacunae": 9.160783767700195,
    "healthy_skin": 8.72177505493164
  },
  "just_eliminated": [],
  "issue4_fix": "best_within_step_checkpoint_restored"
}