{
  "lambda": 0.01014425356216856,
  "n_active": 24,
  "val_balacc": 0.5267495554907833,
  "val_auc": 0.8366424586211907,
  "val_loss": 1.5512413792312145,
  "actual_epochs": 14,
  "norms": {
    "asymmetry": 8.260062217712402,
    "border_irregularity": 6.9464945793151855,
    "colour_variation": 8.44027328491211,
    "diameter_large": 8.235349655151367,
    "atypical_pigment_network": 9.04904556274414,
    "blue_white_veil": 10.880353927612305,
    "atypical_vascular_pattern": 8.48984432220459,
    "irregular_streaks": 7.749401569366455,
    "irregular_pigmentation": 4.337758541107178,
    "irregular_dots_globules": 7.7873311042785645,
    "regression_structures": 6.508554935455322,
    "symmetric_uniform": 6.80172872543335,
    "reticular_network": 10.047446250915527,
    "arborizing_vessels": 8.756890296936035,
    "blue_grey_ovoid_nests": 7.452917575836182,
    "ulceration": 8.222962379455566,
    "scaly_surface": 8.97998332977295,
    "strawberry_pattern": 8.509824752807617,
    "milia_like_cysts": 9.006450653076172,
    "comedo_like_openings": 9.047979354858398,
    "cerebriform_surface": 8.961976051330566,
    "central_white_patch": 8.799264907836914,
    "red_lacunae": 9.11662769317627,
    "healthy_skin": 8.702649116516113
  },
  "just_eliminated": [],
  "issue4_fix": "best_within_step_checkpoint_restored"
}