{
  "lambda": 0.024245305104093902,
  "n_active": 24,
  "val_balacc": 0.5350425424302815,
  "val_auc": 0.8390930536693141,
  "val_loss": 1.5712611488997936,
  "actual_epochs": 28,
  "norms": {
    "asymmetry": 8.649417877197266,
    "border_irregularity": 7.2724809646606445,
    "colour_variation": 8.721327781677246,
    "diameter_large": 8.30232048034668,
    "atypical_pigment_network": 9.429861068725586,
    "blue_white_veil": 11.513895034790039,
    "atypical_vascular_pattern": 8.624042510986328,
    "irregular_streaks": 7.843414306640625,
    "irregular_pigmentation": 4.883187770843506,
    "irregular_dots_globules": 8.208725929260254,
    "regression_structures": 6.660296440124512,
    "symmetric_uniform": 6.927172660827637,
    "reticular_network": 10.431374549865723,
    "arborizing_vessels": 8.846217155456543,
    "blue_grey_ovoid_nests": 7.526906490325928,
    "ulceration": 8.592886924743652,
    "scaly_surface": 9.10664176940918,
    "strawberry_pattern": 9.069019317626953,
    "milia_like_cysts": 8.974117279052734,
    "comedo_like_openings": 9.27779769897461,
    "cerebriform_surface": 9.164325714111328,
    "central_white_patch": 9.10892391204834,
    "red_lacunae": 9.262572288513184,
    "healthy_skin": 8.800065994262695
  },
  "just_eliminated": [],
  "issue4_fix": "best_within_step_checkpoint_restored"
}