{
  "lambda": 0.05569739297746483,
  "n_active": 24,
  "val_balacc": 0.5587913637699479,
  "val_auc": 0.8419140346719272,
  "val_loss": 1.572455570101738,
  "actual_epochs": 22,
  "norms": {
    "asymmetry": 8.778738021850586,
    "border_irregularity": 7.277034759521484,
    "colour_variation": 8.808128356933594,
    "diameter_large": 8.255926132202148,
    "atypical_pigment_network": 9.911750793457031,
    "blue_white_veil": 11.909659385681152,
    "atypical_vascular_pattern": 8.833457946777344,
    "irregular_streaks": 7.845272541046143,
    "irregular_pigmentation": 5.626432418823242,
    "irregular_dots_globules": 8.433972358703613,
    "regression_structures": 6.686106204986572,
    "symmetric_uniform": 7.093929767608643,
    "reticular_network": 10.351483345031738,
    "arborizing_vessels": 8.8477144241333,
    "blue_grey_ovoid_nests": 7.520284175872803,
    "ulceration": 8.876202583312988,
    "scaly_surface": 9.3041353225708,
    "strawberry_pattern": 9.397273063659668,
    "milia_like_cysts": 8.919696807861328,
    "comedo_like_openings": 9.42383861541748,
    "cerebriform_surface": 9.27858829498291,
    "central_white_patch": 9.34250545501709,
    "red_lacunae": 9.372699737548828,
    "healthy_skin": 8.900812149047852
  },
  "just_eliminated": [],
  "issue4_fix": "best_within_step_checkpoint_restored"
}