{
  "lambda": 0.13849776616832296,
  "n_active": 24,
  "val_balacc": 0.5439925437018883,
  "val_auc": 0.8387149573429231,
  "val_loss": 1.5541828498244286,
  "actual_epochs": 28,
  "norms": {
    "asymmetry": 8.530848503112793,
    "border_irregularity": 7.139929294586182,
    "colour_variation": 8.977457046508789,
    "diameter_large": 8.110560417175293,
    "atypical_pigment_network": 9.923879623413086,
    "blue_white_veil": 11.811165809631348,
    "atypical_vascular_pattern": 8.926413536071777,
    "irregular_streaks": 7.650179862976074,
    "irregular_pigmentation": 5.8412652015686035,
    "irregular_dots_globules": 8.45158863067627,
    "regression_structures": 6.505789756774902,
    "symmetric_uniform": 7.110915660858154,
    "reticular_network": 10.104104042053223,
    "arborizing_vessels": 8.680869102478027,
    "blue_grey_ovoid_nests": 7.40952205657959,
    "ulceration": 8.858935356140137,
    "scaly_surface": 9.190226554870605,
    "strawberry_pattern": 9.395768165588379,
    "milia_like_cysts": 8.691119194030762,
    "comedo_like_openings": 9.758960723876953,
    "cerebriform_surface": 9.235320091247559,
    "central_white_patch": 9.262882232666016,
    "red_lacunae": 9.216230392456055,
    "healthy_skin": 8.81004810333252
  },
  "just_eliminated": [],
  "issue4_fix": "best_within_step_checkpoint_restored"
}