{
  "lambda": 0.22276496607424043,
  "n_active": 24,
  "val_balacc": 0.5354031385748012,
  "val_auc": 0.8355726391581701,
  "val_loss": 1.554566666483879,
  "actual_epochs": 18,
  "norms": {
    "asymmetry": 8.350059509277344,
    "border_irregularity": 6.8480706214904785,
    "colour_variation": 8.821441650390625,
    "diameter_large": 7.9228715896606445,
    "atypical_pigment_network": 9.751750946044922,
    "blue_white_veil": 11.57739543914795,
    "atypical_vascular_pattern": 8.77224349975586,
    "irregular_streaks": 7.42061185836792,
    "irregular_pigmentation": 5.715853691101074,
    "irregular_dots_globules": 8.248269081115723,
    "regression_structures": 6.21788215637207,
    "symmetric_uniform": 6.89643669128418,
    "reticular_network": 9.806419372558594,
    "arborizing_vessels": 8.446616172790527,
    "blue_grey_ovoid_nests": 7.1977386474609375,
    "ulceration": 8.653301239013672,
    "scaly_surface": 9.095216751098633,
    "strawberry_pattern": 9.2803955078125,
    "milia_like_cysts": 8.446434020996094,
    "comedo_like_openings": 9.746185302734375,
    "cerebriform_surface": 9.01671028137207,
    "central_white_patch": 9.016721725463867,
    "red_lacunae": 9.056900978088379,
    "healthy_skin": 8.634786605834961
  },
  "just_eliminated": [],
  "issue4_fix": "best_within_step_checkpoint_restored"
}