{
  "lambda": 0.28251984033965927,
  "n_active": 24,
  "val_balacc": 0.5375709852119076,
  "val_auc": 0.8408706699646745,
  "val_loss": 1.5453176945447922,
  "actual_epochs": 30,
  "norms": {
    "asymmetry": 8.205474853515625,
    "border_irregularity": 6.6785359382629395,
    "colour_variation": 8.734013557434082,
    "diameter_large": 7.7511420249938965,
    "atypical_pigment_network": 9.519004821777344,
    "blue_white_veil": 11.363472938537598,
    "atypical_vascular_pattern": 8.621952056884766,
    "irregular_streaks": 7.215403079986572,
    "irregular_pigmentation": 5.529104709625244,
    "irregular_dots_globules": 8.163922309875488,
    "regression_structures": 5.998232364654541,
    "symmetric_uniform": 6.737414360046387,
    "reticular_network": 9.615253448486328,
    "arborizing_vessels": 8.19743537902832,
    "blue_grey_ovoid_nests": 7.0518388748168945,
    "ulceration": 8.527206420898438,
    "scaly_surface": 8.996853828430176,
    "strawberry_pattern": 9.035051345825195,
    "milia_like_cysts": 8.263476371765137,
    "comedo_like_openings": 9.603269577026367,
    "cerebriform_surface": 8.905179023742676,
    "central_white_patch": 8.869632720947266,
    "red_lacunae": 8.88106918334961,
    "healthy_skin": 8.458518028259277
  },
  "just_eliminated": [],
  "issue4_fix": "best_within_step_checkpoint_restored"
}