{
  "lambda": 0.022846892507495137,
  "n_active": 24,
  "val_balacc": 0.537132390467507,
  "val_auc": 0.8397004440645988,
  "val_loss": 1.586911901831627,
  "actual_epochs": 12,
  "norms": {
    "asymmetry": 8.603857040405273,
    "border_irregularity": 7.2380242347717285,
    "colour_variation": 8.69748306274414,
    "diameter_large": 8.30381965637207,
    "atypical_pigment_network": 9.433236122131348,
    "blue_white_veil": 11.474452018737793,
    "atypical_vascular_pattern": 8.64590072631836,
    "irregular_streaks": 7.83842658996582,
    "irregular_pigmentation": 4.831936836242676,
    "irregular_dots_globules": 8.196730613708496,
    "regression_structures": 6.665996551513672,
    "symmetric_uniform": 6.912383079528809,
    "reticular_network": 10.438545227050781,
    "arborizing_vessels": 8.805449485778809,
    "blue_grey_ovoid_nests": 7.554924011230469,
    "ulceration": 8.55517578125,
    "scaly_surface": 9.061426162719727,
    "strawberry_pattern": 9.035540580749512,
    "milia_like_cysts": 9.015192985534668,
    "comedo_like_openings": 9.238839149475098,
    "cerebriform_surface": 9.154596328735352,
    "central_white_patch": 9.122794151306152,
    "red_lacunae": 9.266558647155762,
    "healthy_skin": 8.80060863494873
  },
  "just_eliminated": [],
  "issue4_fix": "best_within_step_checkpoint_restored"
}