{
  "lambda": 0.0015459796707758804,
  "n_active": 24,
  "val_balacc": 0.5601819536227615,
  "val_auc": 0.8392387619164771,
  "val_loss": 1.478714782744646,
  "actual_epochs": 21,
  "norms": {
    "asymmetry": 7.099297046661377,
    "border_irregularity": 6.210659503936768,
    "colour_variation": 7.459425926208496,
    "diameter_large": 7.137804985046387,
    "atypical_pigment_network": 7.20470666885376,
    "blue_white_veil": 8.424452781677246,
    "atypical_vascular_pattern": 7.552764892578125,
    "irregular_streaks": 6.664666175842285,
    "irregular_pigmentation": 3.7724452018737793,
    "irregular_dots_globules": 6.514150142669678,
    "regression_structures": 5.578932762145996,
    "symmetric_uniform": 6.27866792678833,
    "reticular_network": 8.57215404510498,
    "arborizing_vessels": 7.552961349487305,
    "blue_grey_ovoid_nests": 7.238175392150879,
    "ulceration": 6.983630657196045,
    "scaly_surface": 8.111233711242676,
    "strawberry_pattern": 7.243828296661377,
    "milia_like_cysts": 8.064251899719238,
    "comedo_like_openings": 8.006272315979004,
    "cerebriform_surface": 8.310968399047852,
    "central_white_patch": 8.2758207321167,
    "red_lacunae": 8.351855278015137,
    "healthy_skin": 7.74244499206543
  },
  "just_eliminated": [],
  "issue4_fix": "best_within_step_checkpoint_restored"
}