{
  "lambda": 0.007537329821429743,
  "n_active": 24,
  "val_balacc": 0.53270543296654,
  "val_auc": 0.8372800511919766,
  "val_loss": 1.5264087952673435,
  "actual_epochs": 21,
  "norms": {
    "asymmetry": 8.089301109313965,
    "border_irregularity": 6.768173694610596,
    "colour_variation": 8.309350967407227,
    "diameter_large": 8.128280639648438,
    "atypical_pigment_network": 8.83977222442627,
    "blue_white_veil": 10.693382263183594,
    "atypical_vascular_pattern": 8.469958305358887,
    "irregular_streaks": 7.6223907470703125,
    "irregular_pigmentation": 4.157930374145508,
    "irregular_dots_globules": 7.668548107147217,
    "regression_structures": 6.506244659423828,
    "symmetric_uniform": 6.6954426765441895,
    "reticular_network": 9.75725269317627,
    "arborizing_vessels": 8.56793212890625,
    "blue_grey_ovoid_nests": 7.37439489364624,
    "ulceration": 8.061304092407227,
    "scaly_surface": 8.831948280334473,
    "strawberry_pattern": 8.33695125579834,
    "milia_like_cysts": 8.910991668701172,
    "comedo_like_openings": 8.957828521728516,
    "cerebriform_surface": 8.854613304138184,
    "central_white_patch": 8.719450950622559,
    "red_lacunae": 9.01416015625,
    "healthy_skin": 8.596545219421387
  },
  "just_eliminated": [],
  "issue4_fix": "best_within_step_checkpoint_restored"
}