{
  "lambda": 0.2558869237838581,
  "n_active": 24,
  "val_balacc": 0.52102424952182,
  "val_auc": 0.8431926015517072,
  "val_loss": 1.5307864099740982,
  "actual_epochs": 37,
  "norms": {
    "asymmetry": 8.267242431640625,
    "border_irregularity": 6.723696231842041,
    "colour_variation": 8.838615417480469,
    "diameter_large": 7.825359344482422,
    "atypical_pigment_network": 9.656182289123535,
    "blue_white_veil": 11.492423057556152,
    "atypical_vascular_pattern": 8.704690933227539,
    "irregular_streaks": 7.292145252227783,
    "irregular_pigmentation": 5.57908296585083,
    "irregular_dots_globules": 8.242810249328613,
    "regression_structures": 6.1513566970825195,
    "symmetric_uniform": 6.785762786865234,
    "reticular_network": 9.773859024047852,
    "arborizing_vessels": 8.314022064208984,
    "blue_grey_ovoid_nests": 7.15597677230835,
    "ulceration": 8.581883430480957,
    "scaly_surface": 9.046955108642578,
    "strawberry_pattern": 9.163688659667969,
    "milia_like_cysts": 8.35863208770752,
    "comedo_like_openings": 9.60248851776123,
    "cerebriform_surface": 9.001333236694336,
    "central_white_patch": 8.929350852966309,
    "red_lacunae": 8.977469444274902,
    "healthy_skin": 8.568772315979004
  },
  "just_eliminated": [],
  "issue4_fix": "best_within_step_checkpoint_restored"
}