{
  "lambda": 0.17916162861838208,
  "n_active": 24,
  "val_balacc": 0.5255764879225617,
  "val_auc": 0.8400838322621698,
  "val_loss": 1.559814214706421,
  "actual_epochs": 33,
  "norms": {
    "asymmetry": 8.412444114685059,
    "border_irregularity": 7.021013259887695,
    "colour_variation": 8.87514591217041,
    "diameter_large": 8.017585754394531,
    "atypical_pigment_network": 9.867888450622559,
    "blue_white_veil": 11.716470718383789,
    "atypical_vascular_pattern": 8.861029624938965,
    "irregular_streaks": 7.557678699493408,
    "irregular_pigmentation": 5.763857841491699,
    "irregular_dots_globules": 8.3768892288208,
    "regression_structures": 6.42670202255249,
    "symmetric_uniform": 7.030792713165283,
    "reticular_network": 9.99376392364502,
    "arborizing_vessels": 8.600786209106445,
    "blue_grey_ovoid_nests": 7.320050239562988,
    "ulceration": 8.77819538116455,
    "scaly_surface": 9.142898559570312,
    "strawberry_pattern": 9.345166206359863,
    "milia_like_cysts": 8.582976341247559,
    "comedo_like_openings": 9.82669448852539,
    "cerebriform_surface": 9.148138046264648,
    "central_white_patch": 9.178384780883789,
    "red_lacunae": 9.161031723022461,
    "healthy_skin": 8.774292945861816
  },
  "just_eliminated": [],
  "issue4_fix": "best_within_step_checkpoint_restored"
}