{
  "lambda": 0.03602724798412905,
  "n_active": 24,
  "val_balacc": 0.5177511586446416,
  "val_auc": 0.8393418241475997,
  "val_loss": 1.5833649262785912,
  "actual_epochs": 21,
  "norms": {
    "asymmetry": 8.719720840454102,
    "border_irregularity": 7.346158981323242,
    "colour_variation": 8.69122314453125,
    "diameter_large": 8.300214767456055,
    "atypical_pigment_network": 9.5980863571167,
    "blue_white_veil": 11.743680953979492,
    "atypical_vascular_pattern": 8.751571655273438,
    "irregular_streaks": 7.8717851638793945,
    "irregular_pigmentation": 5.234656810760498,
    "irregular_dots_globules": 8.342686653137207,
    "regression_structures": 6.691582202911377,
    "symmetric_uniform": 6.9986958503723145,
    "reticular_network": 10.480031967163086,
    "arborizing_vessels": 8.858373641967773,
    "blue_grey_ovoid_nests": 7.5511322021484375,
    "ulceration": 8.735072135925293,
    "scaly_surface": 9.231115341186523,
    "strawberry_pattern": 9.296439170837402,
    "milia_like_cysts": 8.96621036529541,
    "comedo_like_openings": 9.383468627929688,
    "cerebriform_surface": 9.305234909057617,
    "central_white_patch": 9.254185676574707,
    "red_lacunae": 9.251361846923828,
    "healthy_skin": 8.883727073669434
  },
  "just_eliminated": [],
  "issue4_fix": "best_within_step_checkpoint_restored"
}