{
  "lambda": 0.042211663072299774,
  "n_active": 24,
  "val_balacc": 0.5143172229038445,
  "val_auc": 0.8390185624216011,
  "val_loss": 1.5765240043401718,
  "actual_epochs": 12,
  "norms": {
    "asymmetry": 8.749618530273438,
    "border_irregularity": 7.371968746185303,
    "colour_variation": 8.704465866088867,
    "diameter_large": 8.281713485717773,
    "atypical_pigment_network": 9.698460578918457,
    "blue_white_veil": 11.81362247467041,
    "atypical_vascular_pattern": 8.722713470458984,
    "irregular_streaks": 7.913051128387451,
    "irregular_pigmentation": 5.38773250579834,
    "irregular_dots_globules": 8.45129680633545,
    "regression_structures": 6.717812538146973,
    "symmetric_uniform": 7.038516521453857,
    "reticular_network": 10.462833404541016,
    "arborizing_vessels": 8.841817855834961,
    "blue_grey_ovoid_nests": 7.566072940826416,
    "ulceration": 8.855957984924316,
    "scaly_surface": 9.273163795471191,
    "strawberry_pattern": 9.33037281036377,
    "milia_like_cysts": 8.961105346679688,
    "comedo_like_openings": 9.388839721679688,
    "cerebriform_surface": 9.261728286743164,
    "central_white_patch": 9.262992858886719,
    "red_lacunae": 9.326266288757324,
    "healthy_skin": 8.908967018127441
  },
  "just_eliminated": [],
  "issue4_fix": "best_within_step_checkpoint_restored"
}