{
  "lambda": 0.23176467070363974,
  "n_active": 24,
  "val_balacc": 0.5100656777285667,
  "val_auc": 0.8395699586478844,
  "val_loss": 1.5588714331388474,
  "actual_epochs": 34,
  "norms": {
    "asymmetry": 8.344794273376465,
    "border_irregularity": 6.81751823425293,
    "colour_variation": 8.805569648742676,
    "diameter_large": 7.9260993003845215,
    "atypical_pigment_network": 9.689888954162598,
    "blue_white_veil": 11.558079719543457,
    "atypical_vascular_pattern": 8.730613708496094,
    "irregular_streaks": 7.3708319664001465,
    "irregular_pigmentation": 5.702299118041992,
    "irregular_dots_globules": 8.24746322631836,
    "regression_structures": 6.165517807006836,
    "symmetric_uniform": 6.847052574157715,
    "reticular_network": 9.786913871765137,
    "arborizing_vessels": 8.425834655761719,
    "blue_grey_ovoid_nests": 7.1962409019470215,
    "ulceration": 8.65671157836914,
    "scaly_surface": 9.099331855773926,
    "strawberry_pattern": 9.267495155334473,
    "milia_like_cysts": 8.405351638793945,
    "comedo_like_openings": 9.694979667663574,
    "cerebriform_surface": 9.015592575073242,
    "central_white_patch": 8.987823486328125,
    "red_lacunae": 9.036050796508789,
    "healthy_skin": 8.61954116821289
  },
  "just_eliminated": [],
  "issue4_fix": "best_within_step_checkpoint_restored"
}