{
  "lambda": 0.05794756765375441,
  "n_active": 24,
  "val_balacc": 0.5358973638236106,
  "val_auc": 0.8362904057066796,
  "val_loss": 1.5827882066369057,
  "actual_epochs": 13,
  "norms": {
    "asymmetry": 8.771659851074219,
    "border_irregularity": 7.331329822540283,
    "colour_variation": 8.812755584716797,
    "diameter_large": 8.240032196044922,
    "atypical_pigment_network": 9.928034782409668,
    "blue_white_veil": 11.88347053527832,
    "atypical_vascular_pattern": 8.836175918579102,
    "irregular_streaks": 7.833226680755615,
    "irregular_pigmentation": 5.6414618492126465,
    "irregular_dots_globules": 8.444588661193848,
    "regression_structures": 6.70249605178833,
    "symmetric_uniform": 7.073538303375244,
    "reticular_network": 10.339884757995605,
    "arborizing_vessels": 8.852773666381836,
    "blue_grey_ovoid_nests": 7.512298107147217,
    "ulceration": 8.895370483398438,
    "scaly_surface": 9.285296440124512,
    "strawberry_pattern": 9.394371032714844,
    "milia_like_cysts": 8.929855346679688,
    "comedo_like_openings": 9.459366798400879,
    "cerebriform_surface": 9.277507781982422,
    "central_white_patch": 9.354328155517578,
    "red_lacunae": 9.383105278015137,
    "healthy_skin": 8.900222778320312
  },
  "just_eliminated": [],
  "issue4_fix": "best_within_step_checkpoint_restored"
}