{
  "lambda": 0.01988959482209785,
  "n_active": 24,
  "val_balacc": 0.5361781087339811,
  "val_auc": 0.8373905880127118,
  "val_loss": 1.5715458169579506,
  "actual_epochs": 26,
  "norms": {
    "asymmetry": 8.567153930664062,
    "border_irregularity": 7.157435417175293,
    "colour_variation": 8.619528770446777,
    "diameter_large": 8.256756782531738,
    "atypical_pigment_network": 9.333257675170898,
    "blue_white_veil": 11.321601867675781,
    "atypical_vascular_pattern": 8.547739028930664,
    "irregular_streaks": 7.816256046295166,
    "irregular_pigmentation": 4.754085063934326,
    "irregular_dots_globules": 8.096481323242188,
    "regression_structures": 6.631682395935059,
    "symmetric_uniform": 6.922945499420166,
    "reticular_network": 10.344773292541504,
    "arborizing_vessels": 8.867487907409668,
    "blue_grey_ovoid_nests": 7.4939494132995605,
    "ulceration": 8.472692489624023,
    "scaly_surface": 9.036216735839844,
    "strawberry_pattern": 8.90188980102539,
    "milia_like_cysts": 8.91808032989502,
    "comedo_like_openings": 9.201464653015137,
    "cerebriform_surface": 9.108272552490234,
    "central_white_patch": 9.071123123168945,
    "red_lacunae": 9.24143123626709,
    "healthy_skin": 8.796958923339844
  },
  "just_eliminated": [],
  "issue4_fix": "best_within_step_checkpoint_restored"
}