{
  "lambda": 0.19780891482760343,
  "n_active": 24,
  "val_balacc": 0.49936170742458114,
  "val_auc": 0.8399051596212146,
  "val_loss": 1.5759341344237328,
  "actual_epochs": 14,
  "norms": {
    "asymmetry": 8.377010345458984,
    "border_irregularity": 6.995155334472656,
    "colour_variation": 8.84484577178955,
    "diameter_large": 7.98205041885376,
    "atypical_pigment_network": 9.830135345458984,
    "blue_white_veil": 11.708624839782715,
    "atypical_vascular_pattern": 8.83510971069336,
    "irregular_streaks": 7.527710914611816,
    "irregular_pigmentation": 5.77513313293457,
    "irregular_dots_globules": 8.339513778686523,
    "regression_structures": 6.430896282196045,
    "symmetric_uniform": 7.022355079650879,
    "reticular_network": 9.934221267700195,
    "arborizing_vessels": 8.55618953704834,
    "blue_grey_ovoid_nests": 7.307345390319824,
    "ulceration": 8.731937408447266,
    "scaly_surface": 9.126763343811035,
    "strawberry_pattern": 9.289186477661133,
    "milia_like_cysts": 8.53927230834961,
    "comedo_like_openings": 9.767950057983398,
    "cerebriform_surface": 9.091684341430664,
    "central_white_patch": 9.121057510375977,
    "red_lacunae": 9.081995010375977,
    "healthy_skin": 8.741910934448242
  },
  "just_eliminated": [],
  "issue4_fix": "best_within_step_checkpoint_restored"
}