{
  "lambda": 0.00538287877941564,
  "n_active": 24,
  "val_balacc": 0.5621415461474826,
  "val_auc": 0.8414047878415472,
  "val_loss": 1.5288732536137104,
  "actual_epochs": 12,
  "norms": {
    "asymmetry": 7.977433681488037,
    "border_irregularity": 6.604057312011719,
    "colour_variation": 8.196282386779785,
    "diameter_large": 7.985992908477783,
    "atypical_pigment_network": 8.498388290405273,
    "blue_white_veil": 10.525779724121094,
    "atypical_vascular_pattern": 8.34455680847168,
    "irregular_streaks": 7.433382987976074,
    "irregular_pigmentation": 3.9710705280303955,
    "irregular_dots_globules": 7.504859447479248,
    "regression_structures": 6.385156631469727,
    "symmetric_uniform": 6.613474369049072,
    "reticular_network": 9.391080856323242,
    "arborizing_vessels": 8.418583869934082,
    "blue_grey_ovoid_nests": 7.358684539794922,
    "ulceration": 7.712142467498779,
    "scaly_surface": 8.76860523223877,
    "strawberry_pattern": 8.176009178161621,
    "milia_like_cysts": 8.848359107971191,
    "comedo_like_openings": 8.772369384765625,
    "cerebriform_surface": 8.823118209838867,
    "central_white_patch": 8.600000381469727,
    "red_lacunae": 8.945782661437988,
    "healthy_skin": 8.479411125183105
  },
  "just_eliminated": [],
  "issue4_fix": "best_within_step_checkpoint_restored"
}