{
  "lambda": 0.006963327679981111,
  "n_active": 24,
  "val_balacc": 0.5466133747419784,
  "val_auc": 0.835238964431405,
  "val_loss": 1.5398741737008095,
  "actual_epochs": 22,
  "norms": {
    "asymmetry": 8.057710647583008,
    "border_irregularity": 6.696006774902344,
    "colour_variation": 8.262564659118652,
    "diameter_large": 8.09150505065918,
    "atypical_pigment_network": 8.770153045654297,
    "blue_white_veil": 10.64924144744873,
    "atypical_vascular_pattern": 8.424825668334961,
    "irregular_streaks": 7.589107990264893,
    "irregular_pigmentation": 4.126401901245117,
    "irregular_dots_globules": 7.648009300231934,
    "regression_structures": 6.501081943511963,
    "symmetric_uniform": 6.689210891723633,
    "reticular_network": 9.683675765991211,
    "arborizing_vessels": 8.513480186462402,
    "blue_grey_ovoid_nests": 7.381252765655518,
    "ulceration": 7.972209453582764,
    "scaly_surface": 8.833698272705078,
    "strawberry_pattern": 8.3098783493042,
    "milia_like_cysts": 8.83476734161377,
    "comedo_like_openings": 8.883036613464355,
    "cerebriform_surface": 8.845765113830566,
    "central_white_patch": 8.715585708618164,
    "red_lacunae": 9.033615112304688,
    "healthy_skin": 8.575593948364258
  },
  "just_eliminated": [],
  "issue4_fix": "best_within_step_checkpoint_restored"
}