{
  "lambda": 0.3245264914247295,
  "n_active": 24,
  "val_balacc": 0.5546556729536293,
  "val_auc": 0.8422517802565034,
  "val_loss": 1.526158332824707,
  "actual_epochs": 24,
  "norms": {
    "asymmetry": 8.11028003692627,
    "border_irregularity": 6.559385776519775,
    "colour_variation": 8.561387062072754,
    "diameter_large": 7.573055267333984,
    "atypical_pigment_network": 9.411505699157715,
    "blue_white_veil": 11.193985939025879,
    "atypical_vascular_pattern": 8.466044425964355,
    "irregular_streaks": 7.04426908493042,
    "irregular_pigmentation": 5.418909549713135,
    "irregular_dots_globules": 8.053738594055176,
    "regression_structures": 5.821558475494385,
    "symmetric_uniform": 6.619571208953857,
    "reticular_network": 9.46853256225586,
    "arborizing_vessels": 8.05768871307373,
    "blue_grey_ovoid_nests": 6.95754337310791,
    "ulceration": 8.413544654846191,
    "scaly_surface": 8.89845085144043,
    "strawberry_pattern": 8.916078567504883,
    "milia_like_cysts": 8.249284744262695,
    "comedo_like_openings": 9.446096420288086,
    "cerebriform_surface": 8.76989459991455,
    "central_white_patch": 8.668892860412598,
    "red_lacunae": 8.671416282653809,
    "healthy_skin": 8.347487449645996
  },
  "just_eliminated": [],
  "issue4_fix": "best_within_step_checkpoint_restored"
}