{
  "lambda": 0.003481856120859685,
  "n_active": 24,
  "val_balacc": 0.5335764100317592,
  "val_auc": 0.8375004588084187,
  "val_loss": 1.5279812291264534,
  "actual_epochs": 13,
  "norms": {
    "asymmetry": 7.692484378814697,
    "border_irregularity": 6.4786505699157715,
    "colour_variation": 8.093099594116211,
    "diameter_large": 7.863124847412109,
    "atypical_pigment_network": 8.289843559265137,
    "blue_white_veil": 10.182493209838867,
    "atypical_vascular_pattern": 8.307958602905273,
    "irregular_streaks": 7.258319854736328,
    "irregular_pigmentation": 3.353165626525879,
    "irregular_dots_globules": 7.255404949188232,
    "regression_structures": 6.275622367858887,
    "symmetric_uniform": 6.484737873077393,
    "reticular_network": 9.291208267211914,
    "arborizing_vessels": 8.243694305419922,
    "blue_grey_ovoid_nests": 7.402058124542236,
    "ulceration": 7.478264331817627,
    "scaly_surface": 8.637327194213867,
    "strawberry_pattern": 7.96347188949585,
    "milia_like_cysts": 8.984192848205566,
    "comedo_like_openings": 8.718398094177246,
    "cerebriform_surface": 8.757223129272461,
    "central_white_patch": 8.537149429321289,
    "red_lacunae": 8.86453628540039,
    "healthy_skin": 8.35627269744873
  },
  "just_eliminated": [],
  "issue4_fix": "best_within_step_checkpoint_restored"
}