{
  "lambda": 0.1049639979402409,
  "n_active": 24,
  "val_balacc": 0.5387998647378928,
  "val_auc": 0.839362792025267,
  "val_loss": 1.56522935628891,
  "actual_epochs": 19,
  "norms": {
    "asymmetry": 8.660264015197754,
    "border_irregularity": 7.170106887817383,
    "colour_variation": 8.989969253540039,
    "diameter_large": 8.18092155456543,
    "atypical_pigment_network": 10.011049270629883,
    "blue_white_veil": 11.896161079406738,
    "atypical_vascular_pattern": 8.996333122253418,
    "irregular_streaks": 7.759296417236328,
    "irregular_pigmentation": 5.827895164489746,
    "irregular_dots_globules": 8.493973731994629,
    "regression_structures": 6.573794841766357,
    "symmetric_uniform": 7.122860908508301,
    "reticular_network": 10.203849792480469,
    "arborizing_vessels": 8.80091381072998,
    "blue_grey_ovoid_nests": 7.435301780700684,
    "ulceration": 8.961424827575684,
    "scaly_surface": 9.325713157653809,
    "strawberry_pattern": 9.454315185546875,
    "milia_like_cysts": 8.748234748840332,
    "comedo_like_openings": 9.69078540802002,
    "cerebriform_surface": 9.315546035766602,
    "central_white_patch": 9.285050392150879,
    "red_lacunae": 9.288954734802246,
    "healthy_skin": 8.950113296508789
  },
  "just_eliminated": [],
  "issue4_fix": "best_within_step_checkpoint_restored"
}