{
  "lambda": 0.19393030865451313,
  "n_active": 24,
  "val_balacc": 0.5216192103109407,
  "val_auc": 0.8417173481044197,
  "val_loss": 1.5733789131045341,
  "actual_epochs": 13,
  "norms": {
    "asymmetry": 8.379340171813965,
    "border_irregularity": 6.99397087097168,
    "colour_variation": 8.845524787902832,
    "diameter_large": 8.004002571105957,
    "atypical_pigment_network": 9.831842422485352,
    "blue_white_veil": 11.70771598815918,
    "atypical_vascular_pattern": 8.836854934692383,
    "irregular_streaks": 7.54244327545166,
    "irregular_pigmentation": 5.791412353515625,
    "irregular_dots_globules": 8.353852272033691,
    "regression_structures": 6.430299758911133,
    "symmetric_uniform": 7.02207088470459,
    "reticular_network": 9.949666976928711,
    "arborizing_vessels": 8.571205139160156,
    "blue_grey_ovoid_nests": 7.312076091766357,
    "ulceration": 8.732468605041504,
    "scaly_surface": 9.132134437561035,
    "strawberry_pattern": 9.305347442626953,
    "milia_like_cysts": 8.54110336303711,
    "comedo_like_openings": 9.7904052734375,
    "cerebriform_surface": 9.097055435180664,
    "central_white_patch": 9.136634826660156,
    "red_lacunae": 9.096445083618164,
    "healthy_skin": 8.753442764282227
  },
  "just_eliminated": [],
  "issue4_fix": "best_within_step_checkpoint_restored"
}