{
  "lambda": 0.011885609849380445,
  "n_active": 24,
  "val_balacc": 0.5314804255057193,
  "val_auc": 0.838319925805452,
  "val_loss": 1.5579879321157932,
  "actual_epochs": 17,
  "norms": {
    "asymmetry": 8.267794609069824,
    "border_irregularity": 7.071237564086914,
    "colour_variation": 8.48354721069336,
    "diameter_large": 8.214303970336914,
    "atypical_pigment_network": 9.081184387207031,
    "blue_white_veil": 10.971309661865234,
    "atypical_vascular_pattern": 8.516826629638672,
    "irregular_streaks": 7.758681774139404,
    "irregular_pigmentation": 4.377270221710205,
    "irregular_dots_globules": 7.835841178894043,
    "regression_structures": 6.558532238006592,
    "symmetric_uniform": 6.801610469818115,
    "reticular_network": 10.08250904083252,
    "arborizing_vessels": 8.778766632080078,
    "blue_grey_ovoid_nests": 7.437154293060303,
    "ulceration": 8.246870040893555,
    "scaly_surface": 8.925897598266602,
    "strawberry_pattern": 8.54421615600586,
    "milia_like_cysts": 8.902734756469727,
    "comedo_like_openings": 9.101968765258789,
    "cerebriform_surface": 8.965805053710938,
    "central_white_patch": 8.804794311523438,
    "red_lacunae": 9.128418922424316,
    "healthy_skin": 8.690431594848633
  },
  "just_eliminated": [],
  "issue4_fix": "best_within_step_checkpoint_restored"
}