{
  "lambda": 0.09137747679488659,
  "n_active": 24,
  "val_balacc": 0.5184704942750201,
  "val_auc": 0.8374562336117152,
  "val_loss": 1.5457228943705559,
  "actual_epochs": 26,
  "norms": {
    "asymmetry": 8.693595886230469,
    "border_irregularity": 7.266788005828857,
    "colour_variation": 8.900288581848145,
    "diameter_large": 8.22531795501709,
    "atypical_pigment_network": 10.040326118469238,
    "blue_white_veil": 11.968957901000977,
    "atypical_vascular_pattern": 9.025585174560547,
    "irregular_streaks": 7.808023452758789,
    "irregular_pigmentation": 5.760189056396484,
    "irregular_dots_globules": 8.463016510009766,
    "regression_structures": 6.579283714294434,
    "symmetric_uniform": 7.139805316925049,
    "reticular_network": 10.215347290039062,
    "arborizing_vessels": 8.855870246887207,
    "blue_grey_ovoid_nests": 7.4697442054748535,
    "ulceration": 8.920173645019531,
    "scaly_surface": 9.36219310760498,
    "strawberry_pattern": 9.47182559967041,
    "milia_like_cysts": 8.782689094543457,
    "comedo_like_openings": 9.54721736907959,
    "cerebriform_surface": 9.253561973571777,
    "central_white_patch": 9.299500465393066,
    "red_lacunae": 9.355232238769531,
    "healthy_skin": 8.973915100097656
  },
  "just_eliminated": [],
  "issue4_fix": "best_within_step_checkpoint_restored"
}