{
  "lambda": 0.004161140375051517,
  "n_active": 24,
  "val_balacc": 0.5363020201920652,
  "val_auc": 0.8381512995212326,
  "val_loss": 1.522217035293579,
  "actual_epochs": 27,
  "norms": {
    "asymmetry": 7.849449634552002,
    "border_irregularity": 6.579047203063965,
    "colour_variation": 8.170706748962402,
    "diameter_large": 7.970202445983887,
    "atypical_pigment_network": 8.448358535766602,
    "blue_white_veil": 10.415852546691895,
    "atypical_vascular_pattern": 8.382028579711914,
    "irregular_streaks": 7.367871284484863,
    "irregular_pigmentation": 3.695969343185425,
    "irregular_dots_globules": 7.442210674285889,
    "regression_structures": 6.379383563995361,
    "symmetric_uniform": 6.507843017578125,
    "reticular_network": 9.4246244430542,
    "arborizing_vessels": 8.370887756347656,
    "blue_grey_ovoid_nests": 7.352378845214844,
    "ulceration": 7.619333267211914,
    "scaly_surface": 8.685880661010742,
    "strawberry_pattern": 8.043680191040039,
    "milia_like_cysts": 8.896456718444824,
    "comedo_like_openings": 8.722391128540039,
    "cerebriform_surface": 8.81177806854248,
    "central_white_patch": 8.568516731262207,
    "red_lacunae": 8.893712043762207,
    "healthy_skin": 8.426413536071777
  },
  "just_eliminated": [],
  "issue4_fix": "best_within_step_checkpoint_restored"
}