{
  "lambda": 0.10290588033356951,
  "n_active": 24,
  "val_balacc": 0.5320514568962269,
  "val_auc": 0.8373361234554884,
  "val_loss": 1.56674163043499,
  "actual_epochs": 20,
  "norms": {
    "asymmetry": 8.651986122131348,
    "border_irregularity": 7.142563819885254,
    "colour_variation": 8.979986190795898,
    "diameter_large": 8.197538375854492,
    "atypical_pigment_network": 10.00931167602539,
    "blue_white_veil": 11.906322479248047,
    "atypical_vascular_pattern": 9.001140594482422,
    "irregular_streaks": 7.777598857879639,
    "irregular_pigmentation": 5.831546306610107,
    "irregular_dots_globules": 8.478816986083984,
    "regression_structures": 6.581403732299805,
    "symmetric_uniform": 7.149068832397461,
    "reticular_network": 10.203018188476562,
    "arborizing_vessels": 8.806106567382812,
    "blue_grey_ovoid_nests": 7.482615947723389,
    "ulceration": 8.963993072509766,
    "scaly_surface": 9.343378067016602,
    "strawberry_pattern": 9.450943946838379,
    "milia_like_cysts": 8.74394702911377,
    "comedo_like_openings": 9.6708345413208,
    "cerebriform_surface": 9.33639907836914,
    "central_white_patch": 9.301326751708984,
    "red_lacunae": 9.27750301361084,
    "healthy_skin": 8.954264640808105
  },
  "just_eliminated": [],
  "issue4_fix": "best_within_step_checkpoint_restored"
}