{
  "lambda": 0.07646058489027799,
  "n_active": 24,
  "val_balacc": 0.542954080586912,
  "val_auc": 0.8395529812431206,
  "val_loss": 1.580932505428791,
  "actual_epochs": 23,
  "norms": {
    "asymmetry": 8.725077629089355,
    "border_irregularity": 7.334625720977783,
    "colour_variation": 8.8801908493042,
    "diameter_large": 8.259010314941406,
    "atypical_pigment_network": 10.03791618347168,
    "blue_white_veil": 11.940328598022461,
    "atypical_vascular_pattern": 8.970952987670898,
    "irregular_streaks": 7.830600738525391,
    "irregular_pigmentation": 5.750298500061035,
    "irregular_dots_globules": 8.42817211151123,
    "regression_structures": 6.6263556480407715,
    "symmetric_uniform": 7.1121649742126465,
    "reticular_network": 10.314878463745117,
    "arborizing_vessels": 8.798985481262207,
    "blue_grey_ovoid_nests": 7.4856696128845215,
    "ulceration": 8.933259010314941,
    "scaly_surface": 9.339797973632812,
    "strawberry_pattern": 9.431199073791504,
    "milia_like_cysts": 8.845985412597656,
    "comedo_like_openings": 9.493711471557617,
    "cerebriform_surface": 9.255376815795898,
    "central_white_patch": 9.356630325317383,
    "red_lacunae": 9.365799903869629,
    "healthy_skin": 8.99043083190918
  },
  "just_eliminated": [],
  "issue4_fix": "best_within_step_checkpoint_restored"
}