{
  "lambda": 0.2998123147271691,
  "n_active": 24,
  "val_balacc": 0.5618541606877037,
  "val_auc": 0.8404305309885755,
  "val_loss": 1.5364420115947723,
  "actual_epochs": 33,
  "norms": {
    "asymmetry": 8.12590503692627,
    "border_irregularity": 6.599242687225342,
    "colour_variation": 8.640613555908203,
    "diameter_large": 7.712879180908203,
    "atypical_pigment_network": 9.445589065551758,
    "blue_white_veil": 11.247580528259277,
    "atypical_vascular_pattern": 8.549874305725098,
    "irregular_streaks": 7.145790100097656,
    "irregular_pigmentation": 5.503734111785889,
    "irregular_dots_globules": 8.11892318725586,
    "regression_structures": 5.925161838531494,
    "symmetric_uniform": 6.674468040466309,
    "reticular_network": 9.5792875289917,
    "arborizing_vessels": 8.11143684387207,
    "blue_grey_ovoid_nests": 7.016286373138428,
    "ulceration": 8.446508407592773,
    "scaly_surface": 8.95226764678955,
    "strawberry_pattern": 8.979898452758789,
    "milia_like_cysts": 8.242953300476074,
    "comedo_like_openings": 9.53208065032959,
    "cerebriform_surface": 8.843339920043945,
    "central_white_patch": 8.76809024810791,
    "red_lacunae": 8.767112731933594,
    "healthy_skin": 8.419230461120605
  },
  "just_eliminated": [],
  "issue4_fix": "best_within_step_checkpoint_restored"
}