{
  "lambda": 0.03532083135698926,
  "n_active": 24,
  "val_balacc": 0.5342992166840463,
  "val_auc": 0.837231615523684,
  "val_loss": 1.5747622661292553,
  "actual_epochs": 17,
  "norms": {
    "asymmetry": 8.7125883102417,
    "border_irregularity": 7.333998203277588,
    "colour_variation": 8.670146942138672,
    "diameter_large": 8.318583488464355,
    "atypical_pigment_network": 9.60106372833252,
    "blue_white_veil": 11.725879669189453,
    "atypical_vascular_pattern": 8.728151321411133,
    "irregular_streaks": 7.874255180358887,
    "irregular_pigmentation": 5.171025276184082,
    "irregular_dots_globules": 8.32396125793457,
    "regression_structures": 6.688385486602783,
    "symmetric_uniform": 7.022442817687988,
    "reticular_network": 10.458642959594727,
    "arborizing_vessels": 8.86150074005127,
    "blue_grey_ovoid_nests": 7.5515456199646,
    "ulceration": 8.71987533569336,
    "scaly_surface": 9.193869590759277,
    "strawberry_pattern": 9.293548583984375,
    "milia_like_cysts": 8.961368560791016,
    "comedo_like_openings": 9.373379707336426,
    "cerebriform_surface": 9.279787063598633,
    "central_white_patch": 9.220588684082031,
    "red_lacunae": 9.279160499572754,
    "healthy_skin": 8.883061408996582
  },
  "just_eliminated": [],
  "issue4_fix": "best_within_step_checkpoint_restored"
}