{
  "lambda": 0.01731508922088388,
  "n_active": 24,
  "val_balacc": 0.5408178229244169,
  "val_auc": 0.8399088273841111,
  "val_loss": 1.5709411576390266,
  "actual_epochs": 12,
  "norms": {
    "asymmetry": 8.494629859924316,
    "border_irregularity": 7.064696788787842,
    "colour_variation": 8.548233032226562,
    "diameter_large": 8.228485107421875,
    "atypical_pigment_network": 9.221799850463867,
    "blue_white_veil": 11.220659255981445,
    "atypical_vascular_pattern": 8.515909194946289,
    "irregular_streaks": 7.798111915588379,
    "irregular_pigmentation": 4.500769138336182,
    "irregular_dots_globules": 7.966286659240723,
    "regression_structures": 6.620167255401611,
    "symmetric_uniform": 6.921050548553467,
    "reticular_network": 10.269506454467773,
    "arborizing_vessels": 8.786056518554688,
    "blue_grey_ovoid_nests": 7.451292991638184,
    "ulceration": 8.43459415435791,
    "scaly_surface": 9.043925285339355,
    "strawberry_pattern": 8.757920265197754,
    "milia_like_cysts": 8.927447319030762,
    "comedo_like_openings": 9.224204063415527,
    "cerebriform_surface": 9.10368824005127,
    "central_white_patch": 8.978761672973633,
    "red_lacunae": 9.227113723754883,
    "healthy_skin": 8.796530723571777
  },
  "just_eliminated": [],
  "issue4_fix": "best_within_step_checkpoint_restored"
}