{
  "lambda": 0.006306900418700361,
  "n_active": 24,
  "val_balacc": 0.5344229745263894,
  "val_auc": 0.8346966994561369,
  "val_loss": 1.5431820675730705,
  "actual_epochs": 17,
  "norms": {
    "asymmetry": 8.011348724365234,
    "border_irregularity": 6.675412654876709,
    "colour_variation": 8.204061508178711,
    "diameter_large": 8.066527366638184,
    "atypical_pigment_network": 8.645458221435547,
    "blue_white_veil": 10.595510482788086,
    "atypical_vascular_pattern": 8.396835327148438,
    "irregular_streaks": 7.525424480438232,
    "irregular_pigmentation": 4.126434326171875,
    "irregular_dots_globules": 7.575842380523682,
    "regression_structures": 6.439925670623779,
    "symmetric_uniform": 6.620269298553467,
    "reticular_network": 9.475038528442383,
    "arborizing_vessels": 8.47443962097168,
    "blue_grey_ovoid_nests": 7.354200839996338,
    "ulceration": 7.852034091949463,
    "scaly_surface": 8.780426979064941,
    "strawberry_pattern": 8.226663589477539,
    "milia_like_cysts": 8.819181442260742,
    "comedo_like_openings": 8.843664169311523,
    "cerebriform_surface": 8.836091995239258,
    "central_white_patch": 8.631473541259766,
    "red_lacunae": 9.003045082092285,
    "healthy_skin": 8.53222942352295
  },
  "just_eliminated": [],
  "issue4_fix": "best_within_step_checkpoint_restored"
}