{
  "lambda": 0.001515666343897922,
  "n_active": 24,
  "val_balacc": 0.5593102326442161,
  "val_auc": 0.8388617539744407,
  "val_loss": 1.4801493287086487,
  "actual_epochs": 12,
  "norms": {
    "asymmetry": 7.064981460571289,
    "border_irregularity": 6.1753950119018555,
    "colour_variation": 7.418984413146973,
    "diameter_large": 7.109863758087158,
    "atypical_pigment_network": 7.155794620513916,
    "blue_white_veil": 8.339034080505371,
    "atypical_vascular_pattern": 7.506975173950195,
    "irregular_streaks": 6.625917911529541,
    "irregular_pigmentation": 3.823911666870117,
    "irregular_dots_globules": 6.515409469604492,
    "regression_structures": 5.555942535400391,
    "symmetric_uniform": 6.291195392608643,
    "reticular_network": 8.554107666015625,
    "arborizing_vessels": 7.49000358581543,
    "blue_grey_ovoid_nests": 7.227036476135254,
    "ulceration": 7.00110387802124,
    "scaly_surface": 8.104385375976562,
    "strawberry_pattern": 7.17742919921875,
    "milia_like_cysts": 8.017099380493164,
    "comedo_like_openings": 7.985228538513184,
    "cerebriform_surface": 8.255393028259277,
    "central_white_patch": 8.240714073181152,
    "red_lacunae": 8.316967010498047,
    "healthy_skin": 7.720443248748779
  },
  "just_eliminated": [],
  "issue4_fix": "best_within_step_checkpoint_restored"
}