{
  "lambda": 0.0012189944199947574,
  "n_active": 24,
  "val_balacc": 0.5753858100893657,
  "val_auc": 0.8390853000926816,
  "val_loss": 1.441206905990839,
  "actual_epochs": 17,
  "norms": {
    "asymmetry": 6.848211288452148,
    "border_irregularity": 5.809553146362305,
    "colour_variation": 7.127774715423584,
    "diameter_large": 6.7181901931762695,
    "atypical_pigment_network": 6.849187850952148,
    "blue_white_veil": 7.236420631408691,
    "atypical_vascular_pattern": 6.881727695465088,
    "irregular_streaks": 6.1802496910095215,
    "irregular_pigmentation": 4.372032165527344,
    "irregular_dots_globules": 6.28741455078125,
    "regression_structures": 5.470078945159912,
    "symmetric_uniform": 6.175101280212402,
    "reticular_network": 7.832183361053467,
    "arborizing_vessels": 7.083567142486572,
    "blue_grey_ovoid_nests": 7.135940074920654,
    "ulceration": 6.948023796081543,
    "scaly_surface": 7.6470561027526855,
    "strawberry_pattern": 6.685123920440674,
    "milia_like_cysts": 7.3816728591918945,
    "comedo_like_openings": 7.606554985046387,
    "cerebriform_surface": 7.779471397399902,
    "central_white_patch": 7.96062707901001,
    "red_lacunae": 7.842551231384277,
    "healthy_skin": 7.289974689483643
  },
  "just_eliminated": [],
  "issue4_fix": "best_within_step_checkpoint_restored"
}