{
  "lambda": 0.01448849208462949,
  "n_active": 24,
  "val_balacc": 0.5170456626875737,
  "val_auc": 0.8394951285085668,
  "val_loss": 1.5534312948584557,
  "actual_epochs": 16,
  "norms": {
    "asymmetry": 8.406951904296875,
    "border_irregularity": 7.046309471130371,
    "colour_variation": 8.527921676635742,
    "diameter_large": 8.228837966918945,
    "atypical_pigment_network": 9.133309364318848,
    "blue_white_veil": 11.063501358032227,
    "atypical_vascular_pattern": 8.573650360107422,
    "irregular_streaks": 7.796935558319092,
    "irregular_pigmentation": 4.429453372955322,
    "irregular_dots_globules": 7.907009601593018,
    "regression_structures": 6.574294567108154,
    "symmetric_uniform": 6.875094890594482,
    "reticular_network": 10.160099029541016,
    "arborizing_vessels": 8.737903594970703,
    "blue_grey_ovoid_nests": 7.429435729980469,
    "ulceration": 8.329691886901855,
    "scaly_surface": 9.004212379455566,
    "strawberry_pattern": 8.627253532409668,
    "milia_like_cysts": 8.919102668762207,
    "comedo_like_openings": 9.170671463012695,
    "cerebriform_surface": 9.055790901184082,
    "central_white_patch": 8.84077262878418,
    "red_lacunae": 9.155081748962402,
    "healthy_skin": 8.711743354797363
  },
  "just_eliminated": [],
  "issue4_fix": "best_within_step_checkpoint_restored"
}