{
  "lambda": 0.014778261926322079,
  "n_active": 24,
  "val_balacc": 0.5435775289775394,
  "val_auc": 0.8357392749698092,
  "val_loss": 1.5563645623624325,
  "actual_epochs": 13,
  "norms": {
    "asymmetry": 8.387175559997559,
    "border_irregularity": 7.034148693084717,
    "colour_variation": 8.490108489990234,
    "diameter_large": 8.255515098571777,
    "atypical_pigment_network": 9.147769927978516,
    "blue_white_veil": 11.06296443939209,
    "atypical_vascular_pattern": 8.551274299621582,
    "irregular_streaks": 7.794283866882324,
    "irregular_pigmentation": 4.424141883850098,
    "irregular_dots_globules": 7.908402442932129,
    "regression_structures": 6.572859764099121,
    "symmetric_uniform": 6.878481388092041,
    "reticular_network": 10.163565635681152,
    "arborizing_vessels": 8.722343444824219,
    "blue_grey_ovoid_nests": 7.454150199890137,
    "ulceration": 8.341527938842773,
    "scaly_surface": 8.991406440734863,
    "strawberry_pattern": 8.63581657409668,
    "milia_like_cysts": 8.910090446472168,
    "comedo_like_openings": 9.172624588012695,
    "cerebriform_surface": 9.055540084838867,
    "central_white_patch": 8.836688995361328,
    "red_lacunae": 9.154884338378906,
    "healthy_skin": 8.723625183105469
  },
  "just_eliminated": [],
  "issue4_fix": "best_within_step_checkpoint_restored"
}