{
  "lambda": 0.003551493243276879,
  "n_active": 24,
  "val_balacc": 0.555859662478832,
  "val_auc": 0.8327116865329857,
  "val_loss": 1.499422762542963,
  "actual_epochs": 14,
  "norms": {
    "asymmetry": 7.6941237449646,
    "border_irregularity": 6.4912943840026855,
    "colour_variation": 8.098843574523926,
    "diameter_large": 7.855851173400879,
    "atypical_pigment_network": 8.30427360534668,
    "blue_white_veil": 10.19979476928711,
    "atypical_vascular_pattern": 8.323338508605957,
    "irregular_streaks": 7.249552249908447,
    "irregular_pigmentation": 3.3621699810028076,
    "irregular_dots_globules": 7.264260768890381,
    "regression_structures": 6.2747368812561035,
    "symmetric_uniform": 6.481802940368652,
    "reticular_network": 9.275322914123535,
    "arborizing_vessels": 8.240687370300293,
    "blue_grey_ovoid_nests": 7.410826683044434,
    "ulceration": 7.468319416046143,
    "scaly_surface": 8.653287887573242,
    "strawberry_pattern": 7.963709831237793,
    "milia_like_cysts": 8.982933044433594,
    "comedo_like_openings": 8.71888542175293,
    "cerebriform_surface": 8.75579833984375,
    "central_white_patch": 8.527164459228516,
    "red_lacunae": 8.858222007751465,
    "healthy_skin": 8.37024974822998
  },
  "just_eliminated": [],
  "issue4_fix": "best_within_step_checkpoint_restored"
}