{
  "lambda": 0.009187962993982939,
  "n_active": 24,
  "val_balacc": 0.5430957816492186,
  "val_auc": 0.8383894995929847,
  "val_loss": 1.5559868328273296,
  "actual_epochs": 16,
  "norms": {
    "asymmetry": 8.167559623718262,
    "border_irregularity": 6.8657050132751465,
    "colour_variation": 8.351520538330078,
    "diameter_large": 8.142839431762695,
    "atypical_pigment_network": 8.955231666564941,
    "blue_white_veil": 10.780895233154297,
    "atypical_vascular_pattern": 8.465874671936035,
    "irregular_streaks": 7.6844401359558105,
    "irregular_pigmentation": 4.226154327392578,
    "irregular_dots_globules": 7.803622245788574,
    "regression_structures": 6.516463279724121,
    "symmetric_uniform": 6.7442307472229,
    "reticular_network": 9.90377426147461,
    "arborizing_vessels": 8.662198066711426,
    "blue_grey_ovoid_nests": 7.46478271484375,
    "ulceration": 8.140599250793457,
    "scaly_surface": 8.937088966369629,
    "strawberry_pattern": 8.422348022460938,
    "milia_like_cysts": 8.9417142868042,
    "comedo_like_openings": 9.036311149597168,
    "cerebriform_surface": 8.926137924194336,
    "central_white_patch": 8.772830963134766,
    "red_lacunae": 9.047292709350586,
    "healthy_skin": 8.683548927307129
  },
  "just_eliminated": [],
  "issue4_fix": "best_within_step_checkpoint_restored"
}