{
  "lambda": 0.018374911201915742,
  "n_active": 24,
  "val_balacc": 0.5558058717675741,
  "val_auc": 0.8403737457874523,
  "val_loss": 1.5645154304802418,
  "actual_epochs": 17,
  "norms": {
    "asymmetry": 8.562002182006836,
    "border_irregularity": 7.124884128570557,
    "colour_variation": 8.562886238098145,
    "diameter_large": 8.196272850036621,
    "atypical_pigment_network": 9.299269676208496,
    "blue_white_veil": 11.224568367004395,
    "atypical_vascular_pattern": 8.537528991699219,
    "irregular_streaks": 7.783379077911377,
    "irregular_pigmentation": 4.5830254554748535,
    "irregular_dots_globules": 8.047303199768066,
    "regression_structures": 6.644406795501709,
    "symmetric_uniform": 6.909913539886475,
    "reticular_network": 10.32745361328125,
    "arborizing_vessels": 8.825336456298828,
    "blue_grey_ovoid_nests": 7.499073028564453,
    "ulceration": 8.45417594909668,
    "scaly_surface": 9.046359062194824,
    "strawberry_pattern": 8.810673713684082,
    "milia_like_cysts": 8.956981658935547,
    "comedo_like_openings": 9.211029052734375,
    "cerebriform_surface": 9.140020370483398,
    "central_white_patch": 8.980618476867676,
    "red_lacunae": 9.198471069335938,
    "healthy_skin": 8.798521995544434
  },
  "just_eliminated": [],
  "issue4_fix": "best_within_step_checkpoint_restored"
}