{
  "lambda": 0.3181632268869897,
  "n_active": 24,
  "val_balacc": 0.5056986320868576,
  "val_auc": 0.8451624825743856,
  "val_loss": 1.5428665727376938,
  "actual_epochs": 12,
  "norms": {
    "asymmetry": 8.126177787780762,
    "border_irregularity": 6.563912391662598,
    "colour_variation": 8.550091743469238,
    "diameter_large": 7.627748966217041,
    "atypical_pigment_network": 9.398630142211914,
    "blue_white_veil": 11.214054107666016,
    "atypical_vascular_pattern": 8.487183570861816,
    "irregular_streaks": 7.086794853210449,
    "irregular_pigmentation": 5.442994117736816,
    "irregular_dots_globules": 8.065577507019043,
    "regression_structures": 5.861311435699463,
    "symmetric_uniform": 6.645523548126221,
    "reticular_network": 9.501599311828613,
    "arborizing_vessels": 8.052762985229492,
    "blue_grey_ovoid_nests": 6.983619213104248,
    "ulceration": 8.424427032470703,
    "scaly_surface": 8.933351516723633,
    "strawberry_pattern": 8.92794132232666,
    "milia_like_cysts": 8.258357048034668,
    "comedo_like_openings": 9.491191864013672,
    "cerebriform_surface": 8.833550453186035,
    "central_white_patch": 8.708842277526855,
    "red_lacunae": 8.67962646484375,
    "healthy_skin": 8.352105140686035
  },
  "just_eliminated": [],
  "issue4_fix": "best_within_step_checkpoint_restored"
}