{
  "lambda": 0.35127791109009143,
  "n_active": 24,
  "val_balacc": 0.5330750550287896,
  "val_auc": 0.8414457541443897,
  "val_loss": 1.5155704393982887,
  "actual_epochs": 24,
  "norms": {
    "asymmetry": 8.009557723999023,
    "border_irregularity": 6.498910903930664,
    "colour_variation": 8.520973205566406,
    "diameter_large": 7.505742073059082,
    "atypical_pigment_network": 9.28044605255127,
    "blue_white_veil": 11.087028503417969,
    "atypical_vascular_pattern": 8.382866859436035,
    "irregular_streaks": 6.957701683044434,
    "irregular_pigmentation": 5.285738468170166,
    "irregular_dots_globules": 8.054914474487305,
    "regression_structures": 5.759138584136963,
    "symmetric_uniform": 6.5715131759643555,
    "reticular_network": 9.35176944732666,
    "arborizing_vessels": 7.976816177368164,
    "blue_grey_ovoid_nests": 6.8805413246154785,
    "ulceration": 8.29340934753418,
    "scaly_surface": 8.830612182617188,
    "strawberry_pattern": 8.824630737304688,
    "milia_like_cysts": 8.216745376586914,
    "comedo_like_openings": 9.401237487792969,
    "cerebriform_surface": 8.635088920593262,
    "central_white_patch": 8.584982872009277,
    "red_lacunae": 8.5891752243042,
    "healthy_skin": 8.243139266967773
  },
  "just_eliminated": [],
  "issue4_fix": "best_within_step_checkpoint_restored"
}