{
  "lambda": 0.051455781743832175,
  "n_active": 24,
  "val_balacc": 0.529931685841403,
  "val_auc": 0.836702670508194,
  "val_loss": 1.581449069082737,
  "actual_epochs": 11,
  "norms": {
    "asymmetry": 8.753739356994629,
    "border_irregularity": 7.31102180480957,
    "colour_variation": 8.760164260864258,
    "diameter_large": 8.266435623168945,
    "atypical_pigment_network": 9.81530475616455,
    "blue_white_veil": 11.875060081481934,
    "atypical_vascular_pattern": 8.770929336547852,
    "irregular_streaks": 7.850133419036865,
    "irregular_pigmentation": 5.539002418518066,
    "irregular_dots_globules": 8.435517311096191,
    "regression_structures": 6.69363260269165,
    "symmetric_uniform": 7.093652248382568,
    "reticular_network": 10.36044692993164,
    "arborizing_vessels": 8.857776641845703,
    "blue_grey_ovoid_nests": 7.48886775970459,
    "ulceration": 8.851990699768066,
    "scaly_surface": 9.319023132324219,
    "strawberry_pattern": 9.3572416305542,
    "milia_like_cysts": 8.907503128051758,
    "comedo_like_openings": 9.393045425415039,
    "cerebriform_surface": 9.29715347290039,
    "central_white_patch": 9.281004905700684,
    "red_lacunae": 9.359487533569336,
    "healthy_skin": 8.854754447937012
  },
  "just_eliminated": [],
  "issue4_fix": "best_within_step_checkpoint_restored"
}