{
  "lambda": 0.028407239170473737,
  "n_active": 24,
  "val_balacc": 0.5268028074937531,
  "val_auc": 0.8393580344916104,
  "val_loss": 1.566423662006855,
  "actual_epochs": 34,
  "norms": {
    "asymmetry": 8.702404975891113,
    "border_irregularity": 7.326828479766846,
    "colour_variation": 8.665692329406738,
    "diameter_large": 8.28598403930664,
    "atypical_pigment_network": 9.560873985290527,
    "blue_white_veil": 11.6768798828125,
    "atypical_vascular_pattern": 8.729917526245117,
    "irregular_streaks": 7.872751712799072,
    "irregular_pigmentation": 4.99683952331543,
    "irregular_dots_globules": 8.310574531555176,
    "regression_structures": 6.693091869354248,
    "symmetric_uniform": 6.989252090454102,
    "reticular_network": 10.431696891784668,
    "arborizing_vessels": 8.884419441223145,
    "blue_grey_ovoid_nests": 7.549470901489258,
    "ulceration": 8.668644905090332,
    "scaly_surface": 9.189303398132324,
    "strawberry_pattern": 9.164824485778809,
    "milia_like_cysts": 8.968023300170898,
    "comedo_like_openings": 9.257247924804688,
    "cerebriform_surface": 9.210375785827637,
    "central_white_patch": 9.19096851348877,
    "red_lacunae": 9.282079696655273,
    "healthy_skin": 8.808357238769531
  },
  "just_eliminated": [],
  "issue4_fix": "best_within_step_checkpoint_restored"
}