{
  "lambda": 0.10920454345702665,
  "n_active": 24,
  "val_balacc": 0.5290336774327787,
  "val_auc": 0.8392161109868305,
  "val_loss": 1.5608612596988678,
  "actual_epochs": 13,
  "norms": {
    "asymmetry": 8.63628101348877,
    "border_irregularity": 7.161267280578613,
    "colour_variation": 8.977532386779785,
    "diameter_large": 8.165426254272461,
    "atypical_pigment_network": 9.98606014251709,
    "blue_white_veil": 11.906603813171387,
    "atypical_vascular_pattern": 9.001028060913086,
    "irregular_streaks": 7.761844158172607,
    "irregular_pigmentation": 5.816257953643799,
    "irregular_dots_globules": 8.498114585876465,
    "regression_structures": 6.574317455291748,
    "symmetric_uniform": 7.13919734954834,
    "reticular_network": 10.203763008117676,
    "arborizing_vessels": 8.792012214660645,
    "blue_grey_ovoid_nests": 7.437950134277344,
    "ulceration": 8.977740287780762,
    "scaly_surface": 9.28901195526123,
    "strawberry_pattern": 9.439465522766113,
    "milia_like_cysts": 8.742704391479492,
    "comedo_like_openings": 9.719152450561523,
    "cerebriform_surface": 9.29566764831543,
    "central_white_patch": 9.283065795898438,
    "red_lacunae": 9.278889656066895,
    "healthy_skin": 8.921180725097656
  },
  "just_eliminated": [],
  "issue4_fix": "best_within_step_checkpoint_restored"
}