{
  "lambda": 0.0076880764178583385,
  "n_active": 24,
  "val_balacc": 0.5360550503228685,
  "val_auc": 0.8396270166116585,
  "val_loss": 1.5320223532617092,
  "actual_epochs": 16,
  "norms": {
    "asymmetry": 8.103214263916016,
    "border_irregularity": 6.741888046264648,
    "colour_variation": 8.308053016662598,
    "diameter_large": 8.117091178894043,
    "atypical_pigment_network": 8.825222969055176,
    "blue_white_veil": 10.711502075195312,
    "atypical_vascular_pattern": 8.467734336853027,
    "irregular_streaks": 7.624450206756592,
    "irregular_pigmentation": 4.15897798538208,
    "irregular_dots_globules": 7.665799617767334,
    "regression_structures": 6.523838996887207,
    "symmetric_uniform": 6.708249568939209,
    "reticular_network": 9.757560729980469,
    "arborizing_vessels": 8.559596061706543,
    "blue_grey_ovoid_nests": 7.4113874435424805,
    "ulceration": 8.074725151062012,
    "scaly_surface": 8.813115119934082,
    "strawberry_pattern": 8.351237297058105,
    "milia_like_cysts": 8.891600608825684,
    "comedo_like_openings": 8.956801414489746,
    "cerebriform_surface": 8.854525566101074,
    "central_white_patch": 8.72171688079834,
    "red_lacunae": 9.02450942993164,
    "healthy_skin": 8.596899032592773
  },
  "just_eliminated": [],
  "issue4_fix": "best_within_step_checkpoint_restored"
}