{
  "lambda": 0.001811361584103355,
  "n_active": 24,
  "val_balacc": 0.5754593640864473,
  "val_auc": 0.8343358277548371,
  "val_loss": 1.463200319558382,
  "actual_epochs": 21,
  "norms": {
    "asymmetry": 7.093210697174072,
    "border_irregularity": 6.230834484100342,
    "colour_variation": 7.555582046508789,
    "diameter_large": 7.344498634338379,
    "atypical_pigment_network": 7.306466579437256,
    "blue_white_veil": 8.818023681640625,
    "atypical_vascular_pattern": 7.772704601287842,
    "irregular_streaks": 6.733795166015625,
    "irregular_pigmentation": 3.552934408187866,
    "irregular_dots_globules": 6.582021713256836,
    "regression_structures": 5.730543613433838,
    "symmetric_uniform": 6.300631523132324,
    "reticular_network": 8.669339179992676,
    "arborizing_vessels": 7.614748477935791,
    "blue_grey_ovoid_nests": 7.212365627288818,
    "ulceration": 7.0135178565979,
    "scaly_surface": 8.215413093566895,
    "strawberry_pattern": 7.362910270690918,
    "milia_like_cysts": 8.279791831970215,
    "comedo_like_openings": 8.11755657196045,
    "cerebriform_surface": 8.441211700439453,
    "central_white_patch": 8.264169692993164,
    "red_lacunae": 8.46456527709961,
    "healthy_skin": 7.856125354766846
  },
  "just_eliminated": [],
  "issue4_fix": "best_within_step_checkpoint_restored"
}