{
  "lambda": 0.008658022738221855,
  "n_active": 24,
  "val_balacc": 0.544129146127169,
  "val_auc": 0.8392685110385849,
  "val_loss": 1.539326548576355,
  "actual_epochs": 34,
  "norms": {
    "asymmetry": 8.206621170043945,
    "border_irregularity": 6.8293585777282715,
    "colour_variation": 8.335132598876953,
    "diameter_large": 8.176508903503418,
    "atypical_pigment_network": 8.945393562316895,
    "blue_white_veil": 10.750116348266602,
    "atypical_vascular_pattern": 8.448665618896484,
    "irregular_streaks": 7.674000263214111,
    "irregular_pigmentation": 4.203609466552734,
    "irregular_dots_globules": 7.762179851531982,
    "regression_structures": 6.496191024780273,
    "symmetric_uniform": 6.744429588317871,
    "reticular_network": 9.83719539642334,
    "arborizing_vessels": 8.670684814453125,
    "blue_grey_ovoid_nests": 7.440038204193115,
    "ulceration": 8.136932373046875,
    "scaly_surface": 8.85949993133545,
    "strawberry_pattern": 8.412077903747559,
    "milia_like_cysts": 8.924797058105469,
    "comedo_like_openings": 8.99903392791748,
    "cerebriform_surface": 8.912165641784668,
    "central_white_patch": 8.728374481201172,
    "red_lacunae": 9.033047676086426,
    "healthy_skin": 8.648436546325684
  },
  "just_eliminated": [],
  "issue4_fix": "best_within_step_checkpoint_restored"
}