{
  "lambda": 0.0895857615636143,
  "n_active": 24,
  "val_balacc": 0.5217787193804916,
  "val_auc": 0.8420616446766064,
  "val_loss": 1.571379616856575,
  "actual_epochs": 23,
  "norms": {
    "asymmetry": 8.692221641540527,
    "border_irregularity": 7.264332294464111,
    "colour_variation": 8.896909713745117,
    "diameter_large": 8.208622932434082,
    "atypical_pigment_network": 10.050877571105957,
    "blue_white_veil": 11.955093383789062,
    "atypical_vascular_pattern": 8.999505043029785,
    "irregular_streaks": 7.827569961547852,
    "irregular_pigmentation": 5.768593788146973,
    "irregular_dots_globules": 8.454888343811035,
    "regression_structures": 6.598382949829102,
    "symmetric_uniform": 7.139578819274902,
    "reticular_network": 10.25444221496582,
    "arborizing_vessels": 8.855698585510254,
    "blue_grey_ovoid_nests": 7.458765506744385,
    "ulceration": 8.926507949829102,
    "scaly_surface": 9.279923439025879,
    "strawberry_pattern": 9.478352546691895,
    "milia_like_cysts": 8.803345680236816,
    "comedo_like_openings": 9.527326583862305,
    "cerebriform_surface": 9.243481636047363,
    "central_white_patch": 9.32129192352295,
    "red_lacunae": 9.340567588806152,
    "healthy_skin": 8.927130699157715
  },
  "just_eliminated": [],
  "issue4_fix": "best_within_step_checkpoint_restored"
}