{
  "lambda": 0.04305589633374576,
  "n_active": 24,
  "val_balacc": 0.5219219731690783,
  "val_auc": 0.8381108277220024,
  "val_loss": 1.55889156088233,
  "actual_epochs": 22,
  "norms": {
    "asymmetry": 8.758455276489258,
    "border_irregularity": 7.368061542510986,
    "colour_variation": 8.708921432495117,
    "diameter_large": 8.2784423828125,
    "atypical_pigment_network": 9.69649600982666,
    "blue_white_veil": 11.831212043762207,
    "atypical_vascular_pattern": 8.725520133972168,
    "irregular_streaks": 7.926181793212891,
    "irregular_pigmentation": 5.381946086883545,
    "irregular_dots_globules": 8.461641311645508,
    "regression_structures": 6.681438446044922,
    "symmetric_uniform": 7.039334774017334,
    "reticular_network": 10.443013191223145,
    "arborizing_vessels": 8.87077808380127,
    "blue_grey_ovoid_nests": 7.556275844573975,
    "ulceration": 8.862171173095703,
    "scaly_surface": 9.287995338439941,
    "strawberry_pattern": 9.320518493652344,
    "milia_like_cysts": 8.953725814819336,
    "comedo_like_openings": 9.406290054321289,
    "cerebriform_surface": 9.24462890625,
    "central_white_patch": 9.264336585998535,
    "red_lacunae": 9.310003280639648,
    "healthy_skin": 8.902381896972656
  },
  "just_eliminated": [],
  "issue4_fix": "best_within_step_checkpoint_restored"
}