{
  "lambda": 0.053534595326283,
  "n_active": 24,
  "val_balacc": 0.5443765062604256,
  "val_auc": 0.8345559272375557,
  "val_loss": 1.5648415833711624,
  "actual_epochs": 22,
  "norms": {
    "asymmetry": 8.805525779724121,
    "border_irregularity": 7.302557945251465,
    "colour_variation": 8.795576095581055,
    "diameter_large": 8.249070167541504,
    "atypical_pigment_network": 9.884139060974121,
    "blue_white_veil": 11.899885177612305,
    "atypical_vascular_pattern": 8.80919075012207,
    "irregular_streaks": 7.838164329528809,
    "irregular_pigmentation": 5.593196868896484,
    "irregular_dots_globules": 8.451582908630371,
    "regression_structures": 6.68175745010376,
    "symmetric_uniform": 7.109887599945068,
    "reticular_network": 10.373147964477539,
    "arborizing_vessels": 8.844240188598633,
    "blue_grey_ovoid_nests": 7.535560131072998,
    "ulceration": 8.861132621765137,
    "scaly_surface": 9.290977478027344,
    "strawberry_pattern": 9.378881454467773,
    "milia_like_cysts": 8.920382499694824,
    "comedo_like_openings": 9.434505462646484,
    "cerebriform_surface": 9.318302154541016,
    "central_white_patch": 9.310239791870117,
    "red_lacunae": 9.3626708984375,
    "healthy_skin": 8.855796813964844
  },
  "just_eliminated": [],
  "issue4_fix": "best_within_step_checkpoint_restored"
}