{
  "lambda": 0.0037688730417113703,
  "n_active": 24,
  "val_balacc": 0.5339104155548965,
  "val_auc": 0.8410588697756619,
  "val_loss": 1.5086055025458336,
  "actual_epochs": 24,
  "norms": {
    "asymmetry": 7.804348468780518,
    "border_irregularity": 6.511669635772705,
    "colour_variation": 8.136154174804688,
    "diameter_large": 7.900956153869629,
    "atypical_pigment_network": 8.411148071289062,
    "blue_white_veil": 10.280726432800293,
    "atypical_vascular_pattern": 8.370681762695312,
    "irregular_streaks": 7.31898307800293,
    "irregular_pigmentation": 3.473252296447754,
    "irregular_dots_globules": 7.3369317054748535,
    "regression_structures": 6.317074298858643,
    "symmetric_uniform": 6.534175395965576,
    "reticular_network": 9.345072746276855,
    "arborizing_vessels": 8.33044147491455,
    "blue_grey_ovoid_nests": 7.392755508422852,
    "ulceration": 7.476646900177002,
    "scaly_surface": 8.692743301391602,
    "strawberry_pattern": 8.010682106018066,
    "milia_like_cysts": 8.9737548828125,
    "comedo_like_openings": 8.705135345458984,
    "cerebriform_surface": 8.803098678588867,
    "central_white_patch": 8.553400039672852,
    "red_lacunae": 8.884819030761719,
    "healthy_skin": 8.444025039672852
  },
  "just_eliminated": [],
  "issue4_fix": "best_within_step_checkpoint_restored"
}