{
  "lambda": 0.04569126163654168,
  "n_active": 24,
  "val_balacc": 0.5347336164891562,
  "val_auc": 0.8377286821151638,
  "val_loss": 1.5788339860737324,
  "actual_epochs": 20,
  "norms": {
    "asymmetry": 8.749868392944336,
    "border_irregularity": 7.313251495361328,
    "colour_variation": 8.735391616821289,
    "diameter_large": 8.25196647644043,
    "atypical_pigment_network": 9.784276008605957,
    "blue_white_veil": 11.825011253356934,
    "atypical_vascular_pattern": 8.736385345458984,
    "irregular_streaks": 7.904279708862305,
    "irregular_pigmentation": 5.458842754364014,
    "irregular_dots_globules": 8.42479133605957,
    "regression_structures": 6.703217029571533,
    "symmetric_uniform": 7.069540977478027,
    "reticular_network": 10.404723167419434,
    "arborizing_vessels": 8.86569881439209,
    "blue_grey_ovoid_nests": 7.497688293457031,
    "ulceration": 8.828019142150879,
    "scaly_surface": 9.287148475646973,
    "strawberry_pattern": 9.359560012817383,
    "milia_like_cysts": 8.936601638793945,
    "comedo_like_openings": 9.417925834655762,
    "cerebriform_surface": 9.266550064086914,
    "central_white_patch": 9.321964263916016,
    "red_lacunae": 9.335675239562988,
    "healthy_skin": 8.892962455749512
  },
  "just_eliminated": [],
  "issue4_fix": "best_within_step_checkpoint_restored"
}