{
  "lambda": 0.01801461882540759,
  "n_active": 24,
  "val_balacc": 0.5305253789972989,
  "val_auc": 0.8379040777954415,
  "val_loss": 1.5553836673498154,
  "actual_epochs": 19,
  "norms": {
    "asymmetry": 8.541107177734375,
    "border_irregularity": 7.113434791564941,
    "colour_variation": 8.564725875854492,
    "diameter_large": 8.183917045593262,
    "atypical_pigment_network": 9.304542541503906,
    "blue_white_veil": 11.214877128601074,
    "atypical_vascular_pattern": 8.537702560424805,
    "irregular_streaks": 7.787522315979004,
    "irregular_pigmentation": 4.5772528648376465,
    "irregular_dots_globules": 8.063759803771973,
    "regression_structures": 6.65263557434082,
    "symmetric_uniform": 6.924120903015137,
    "reticular_network": 10.318779945373535,
    "arborizing_vessels": 8.822565078735352,
    "blue_grey_ovoid_nests": 7.521988868713379,
    "ulceration": 8.422189712524414,
    "scaly_surface": 9.029747009277344,
    "strawberry_pattern": 8.825384140014648,
    "milia_like_cysts": 8.960550308227539,
    "comedo_like_openings": 9.204534530639648,
    "cerebriform_surface": 9.122330665588379,
    "central_white_patch": 8.988502502441406,
    "red_lacunae": 9.21610164642334,
    "healthy_skin": 8.804097175598145
  },
  "just_eliminated": [],
  "issue4_fix": "best_within_step_checkpoint_restored"
}