{
  "lambda": 0.14697493743995368,
  "n_active": 24,
  "val_balacc": 0.5247887670380773,
  "val_auc": 0.8383673880850037,
  "val_loss": 1.5662173181772232,
  "actual_epochs": 19,
  "norms": {
    "asymmetry": 8.469799041748047,
    "border_irregularity": 7.121767997741699,
    "colour_variation": 8.953481674194336,
    "diameter_large": 8.093132019042969,
    "atypical_pigment_network": 9.904552459716797,
    "blue_white_veil": 11.79791259765625,
    "atypical_vascular_pattern": 8.90645980834961,
    "irregular_streaks": 7.647963047027588,
    "irregular_pigmentation": 5.853506565093994,
    "irregular_dots_globules": 8.370290756225586,
    "regression_structures": 6.477556228637695,
    "symmetric_uniform": 7.073171138763428,
    "reticular_network": 10.082467079162598,
    "arborizing_vessels": 8.656023979187012,
    "blue_grey_ovoid_nests": 7.400632858276367,
    "ulceration": 8.810384750366211,
    "scaly_surface": 9.21420955657959,
    "strawberry_pattern": 9.412883758544922,
    "milia_like_cysts": 8.654339790344238,
    "comedo_like_openings": 9.7570161819458,
    "cerebriform_surface": 9.21751880645752,
    "central_white_patch": 9.249245643615723,
    "red_lacunae": 9.22602653503418,
    "healthy_skin": 8.784619331359863
  },
  "just_eliminated": [],
  "issue4_fix": "best_within_step_checkpoint_restored"
}