{
  "lambda": 0.15909039899899394,
  "n_active": 24,
  "val_balacc": 0.5495581048962511,
  "val_auc": 0.8368700978951262,
  "val_loss": 1.571459636092186,
  "actual_epochs": 12,
  "norms": {
    "asymmetry": 8.46463680267334,
    "border_irregularity": 7.083739757537842,
    "colour_variation": 8.977876663208008,
    "diameter_large": 8.068682670593262,
    "atypical_pigment_network": 9.886484146118164,
    "blue_white_veil": 11.742508888244629,
    "atypical_vascular_pattern": 8.86448860168457,
    "irregular_streaks": 7.588837623596191,
    "irregular_pigmentation": 5.864988327026367,
    "irregular_dots_globules": 8.406547546386719,
    "regression_structures": 6.434493541717529,
    "symmetric_uniform": 7.063728332519531,
    "reticular_network": 10.019815444946289,
    "arborizing_vessels": 8.68045425415039,
    "blue_grey_ovoid_nests": 7.347471237182617,
    "ulceration": 8.802461624145508,
    "scaly_surface": 9.199136734008789,
    "strawberry_pattern": 9.38082218170166,
    "milia_like_cysts": 8.63361644744873,
    "comedo_like_openings": 9.829206466674805,
    "cerebriform_surface": 9.198394775390625,
    "central_white_patch": 9.24555778503418,
    "red_lacunae": 9.165647506713867,
    "healthy_skin": 8.794512748718262
  },
  "just_eliminated": [],
  "issue4_fix": "best_within_step_checkpoint_restored"
}