{
  "lambda": 0.05248489737870882,
  "n_active": 24,
  "val_balacc": 0.5243535965912619,
  "val_auc": 0.8411870799733719,
  "val_loss": 1.576301608234644,
  "actual_epochs": 24,
  "norms": {
    "asymmetry": 8.775033950805664,
    "border_irregularity": 7.319742679595947,
    "colour_variation": 8.752684593200684,
    "diameter_large": 8.244731903076172,
    "atypical_pigment_network": 9.835456848144531,
    "blue_white_veil": 11.87570571899414,
    "atypical_vascular_pattern": 8.785602569580078,
    "irregular_streaks": 7.829273223876953,
    "irregular_pigmentation": 5.564844608306885,
    "irregular_dots_globules": 8.464367866516113,
    "regression_structures": 6.6825690269470215,
    "symmetric_uniform": 7.080345630645752,
    "reticular_network": 10.380271911621094,
    "arborizing_vessels": 8.846110343933105,
    "blue_grey_ovoid_nests": 7.488163948059082,
    "ulceration": 8.874443054199219,
    "scaly_surface": 9.307052612304688,
    "strawberry_pattern": 9.37299919128418,
    "milia_like_cysts": 8.913129806518555,
    "comedo_like_openings": 9.394913673400879,
    "cerebriform_surface": 9.320941925048828,
    "central_white_patch": 9.317914962768555,
    "red_lacunae": 9.347041130065918,
    "healthy_skin": 8.853336334228516
  },
  "just_eliminated": [],
  "issue4_fix": "best_within_step_checkpoint_restored"
}