{
  "lambda": 0.027850234480856603,
  "n_active": 24,
  "val_balacc": 0.5484549715730104,
  "val_auc": 0.8336062121701804,
  "val_loss": 1.5579386688768864,
  "actual_epochs": 27,
  "norms": {
    "asymmetry": 8.664072036743164,
    "border_irregularity": 7.320528030395508,
    "colour_variation": 8.68505573272705,
    "diameter_large": 8.29376220703125,
    "atypical_pigment_network": 9.504992485046387,
    "blue_white_veil": 11.652384757995605,
    "atypical_vascular_pattern": 8.69766616821289,
    "irregular_streaks": 7.844335079193115,
    "irregular_pigmentation": 4.96134614944458,
    "irregular_dots_globules": 8.249407768249512,
    "regression_structures": 6.654759883880615,
    "symmetric_uniform": 6.969680309295654,
    "reticular_network": 10.412467956542969,
    "arborizing_vessels": 8.878540992736816,
    "blue_grey_ovoid_nests": 7.527618885040283,
    "ulceration": 8.6450777053833,
    "scaly_surface": 9.185214042663574,
    "strawberry_pattern": 9.16440486907959,
    "milia_like_cysts": 8.949416160583496,
    "comedo_like_openings": 9.250292778015137,
    "cerebriform_surface": 9.178166389465332,
    "central_white_patch": 9.16264820098877,
    "red_lacunae": 9.296512603759766,
    "healthy_skin": 8.82557487487793
  },
  "just_eliminated": [],
  "issue4_fix": "best_within_step_checkpoint_restored"
}