{
  "lambda": 0.07798979658808355,
  "n_active": 24,
  "val_balacc": 0.5229564498742142,
  "val_auc": 0.8400523820455524,
  "val_loss": 1.5640744045376778,
  "actual_epochs": 20,
  "norms": {
    "asymmetry": 8.717207908630371,
    "border_irregularity": 7.337822914123535,
    "colour_variation": 8.89295482635498,
    "diameter_large": 8.272825241088867,
    "atypical_pigment_network": 10.034198760986328,
    "blue_white_veil": 11.951054573059082,
    "atypical_vascular_pattern": 8.982266426086426,
    "irregular_streaks": 7.821010589599609,
    "irregular_pigmentation": 5.748730659484863,
    "irregular_dots_globules": 8.399870872497559,
    "regression_structures": 6.631293296813965,
    "symmetric_uniform": 7.111100196838379,
    "reticular_network": 10.299745559692383,
    "arborizing_vessels": 8.815750122070312,
    "blue_grey_ovoid_nests": 7.46946382522583,
    "ulceration": 8.916147232055664,
    "scaly_surface": 9.36945915222168,
    "strawberry_pattern": 9.468958854675293,
    "milia_like_cysts": 8.813976287841797,
    "comedo_like_openings": 9.46219253540039,
    "cerebriform_surface": 9.25685977935791,
    "central_white_patch": 9.336676597595215,
    "red_lacunae": 9.354524612426758,
    "healthy_skin": 8.984444618225098
  },
  "just_eliminated": [],
  "issue4_fix": "best_within_step_checkpoint_restored"
}