{
  "lambda": 0.02330383035764504,
  "n_active": 24,
  "val_balacc": 0.5210641192969125,
  "val_auc": 0.8372587696829964,
  "val_loss": 1.5750601701438427,
  "actual_epochs": 23,
  "norms": {
    "asymmetry": 8.63038158416748,
    "border_irregularity": 7.260860919952393,
    "colour_variation": 8.724225044250488,
    "diameter_large": 8.292134284973145,
    "atypical_pigment_network": 9.416911125183105,
    "blue_white_veil": 11.478005409240723,
    "atypical_vascular_pattern": 8.637068748474121,
    "irregular_streaks": 7.824007511138916,
    "irregular_pigmentation": 4.871260166168213,
    "irregular_dots_globules": 8.207839965820312,
    "regression_structures": 6.649657249450684,
    "symmetric_uniform": 6.923903942108154,
    "reticular_network": 10.453967094421387,
    "arborizing_vessels": 8.827936172485352,
    "blue_grey_ovoid_nests": 7.544619560241699,
    "ulceration": 8.560925483703613,
    "scaly_surface": 9.088516235351562,
    "strawberry_pattern": 9.054672241210938,
    "milia_like_cysts": 8.995070457458496,
    "comedo_like_openings": 9.250215530395508,
    "cerebriform_surface": 9.142523765563965,
    "central_white_patch": 9.090704917907715,
    "red_lacunae": 9.270402908325195,
    "healthy_skin": 8.785872459411621
  },
  "just_eliminated": [],
  "issue4_fix": "best_within_step_checkpoint_restored"
}