{
  "lambda": 0.004079549387305409,
  "n_active": 24,
  "val_balacc": 0.5569784424598072,
  "val_auc": 0.8406885453919638,
  "val_loss": 1.5222781673073769,
  "actual_epochs": 19,
  "norms": {
    "asymmetry": 7.783204555511475,
    "border_irregularity": 6.55328369140625,
    "colour_variation": 8.147685050964355,
    "diameter_large": 7.978415012359619,
    "atypical_pigment_network": 8.44664192199707,
    "blue_white_veil": 10.3822603225708,
    "atypical_vascular_pattern": 8.372297286987305,
    "irregular_streaks": 7.372781276702881,
    "irregular_pigmentation": 3.6443357467651367,
    "irregular_dots_globules": 7.4249138832092285,
    "regression_structures": 6.344108581542969,
    "symmetric_uniform": 6.47330904006958,
    "reticular_network": 9.389739036560059,
    "arborizing_vessels": 8.379600524902344,
    "blue_grey_ovoid_nests": 7.348364353179932,
    "ulceration": 7.615396976470947,
    "scaly_surface": 8.69110107421875,
    "strawberry_pattern": 8.024805068969727,
    "milia_like_cysts": 8.909649848937988,
    "comedo_like_openings": 8.710283279418945,
    "cerebriform_surface": 8.804728507995605,
    "central_white_patch": 8.52891731262207,
    "red_lacunae": 8.896293640136719,
    "healthy_skin": 8.428519248962402
  },
  "just_eliminated": [],
  "issue4_fix": "best_within_step_checkpoint_restored"
}