{
  "lambda": 0.07349152719173202,
  "n_active": 24,
  "val_balacc": 0.523485431414666,
  "val_auc": 0.8402606503088164,
  "val_loss": 1.573946051299572,
  "actual_epochs": 15,
  "norms": {
    "asymmetry": 8.775552749633789,
    "border_irregularity": 7.326283931732178,
    "colour_variation": 8.848405838012695,
    "diameter_large": 8.238001823425293,
    "atypical_pigment_network": 10.04649829864502,
    "blue_white_veil": 11.947717666625977,
    "atypical_vascular_pattern": 8.934748649597168,
    "irregular_streaks": 7.838924407958984,
    "irregular_pigmentation": 5.750864505767822,
    "irregular_dots_globules": 8.412647247314453,
    "regression_structures": 6.641134738922119,
    "symmetric_uniform": 7.0989603996276855,
    "reticular_network": 10.324197769165039,
    "arborizing_vessels": 8.81494140625,
    "blue_grey_ovoid_nests": 7.482827663421631,
    "ulceration": 8.918656349182129,
    "scaly_surface": 9.307292938232422,
    "strawberry_pattern": 9.430312156677246,
    "milia_like_cysts": 8.863598823547363,
    "comedo_like_openings": 9.422354698181152,
    "cerebriform_surface": 9.26151180267334,
    "central_white_patch": 9.327335357666016,
    "red_lacunae": 9.401528358459473,
    "healthy_skin": 8.961082458496094
  },
  "just_eliminated": [],
  "issue4_fix": "best_within_step_checkpoint_restored"
}