{
  "lambda": 0.003153624364057492,
  "n_active": 24,
  "val_balacc": 0.5535508400984477,
  "val_auc": 0.8365356842485401,
  "val_loss": 1.5131982117891312,
  "actual_epochs": 22,
  "norms": {
    "asymmetry": 7.590052127838135,
    "border_irregularity": 6.446690082550049,
    "colour_variation": 7.993017673492432,
    "diameter_large": 7.782203197479248,
    "atypical_pigment_network": 8.1824951171875,
    "blue_white_veil": 10.084249496459961,
    "atypical_vascular_pattern": 8.274032592773438,
    "irregular_streaks": 7.203003883361816,
    "irregular_pigmentation": 3.2378857135772705,
    "irregular_dots_globules": 7.167646884918213,
    "regression_structures": 6.26297664642334,
    "symmetric_uniform": 6.435739040374756,
    "reticular_network": 9.250654220581055,
    "arborizing_vessels": 8.213831901550293,
    "blue_grey_ovoid_nests": 7.370365142822266,
    "ulceration": 7.448448181152344,
    "scaly_surface": 8.620966911315918,
    "strawberry_pattern": 7.972368240356445,
    "milia_like_cysts": 8.996424674987793,
    "comedo_like_openings": 8.700651168823242,
    "cerebriform_surface": 8.754290580749512,
    "central_white_patch": 8.52684211730957,
    "red_lacunae": 8.850544929504395,
    "healthy_skin": 8.305228233337402
  },
  "just_eliminated": [],
  "issue4_fix": "best_within_step_checkpoint_restored"
}