{
  "lambda": 0.0017758446902974066,
  "n_active": 24,
  "val_balacc": 0.5649651053020757,
  "val_auc": 0.839720242542285,
  "val_loss": 1.4965820759534836,
  "actual_epochs": 16,
  "norms": {
    "asymmetry": 7.089291095733643,
    "border_irregularity": 6.2061767578125,
    "colour_variation": 7.515449523925781,
    "diameter_large": 7.280108451843262,
    "atypical_pigment_network": 7.279358863830566,
    "blue_white_veil": 8.759593963623047,
    "atypical_vascular_pattern": 7.7073974609375,
    "irregular_streaks": 6.704570293426514,
    "irregular_pigmentation": 3.596271276473999,
    "irregular_dots_globules": 6.518041610717773,
    "regression_structures": 5.711543560028076,
    "symmetric_uniform": 6.33750581741333,
    "reticular_network": 8.673574447631836,
    "arborizing_vessels": 7.587595462799072,
    "blue_grey_ovoid_nests": 7.204110145568848,
    "ulceration": 7.01091194152832,
    "scaly_surface": 8.17536449432373,
    "strawberry_pattern": 7.339226722717285,
    "milia_like_cysts": 8.196576118469238,
    "comedo_like_openings": 8.084226608276367,
    "cerebriform_surface": 8.421067237854004,
    "central_white_patch": 8.263179779052734,
    "red_lacunae": 8.39675235748291,
    "healthy_skin": 7.848212242126465
  },
  "just_eliminated": [],
  "issue4_fix": "best_within_step_checkpoint_restored"
}