{
  "lambda": 0.025224815430299294,
  "n_active": 24,
  "val_balacc": 0.5413456954390733,
  "val_auc": 0.835143585662156,
  "val_loss": 1.5733556672930717,
  "actual_epochs": 11,
  "norms": {
    "asymmetry": 8.667401313781738,
    "border_irregularity": 7.269522666931152,
    "colour_variation": 8.687283515930176,
    "diameter_large": 8.286462783813477,
    "atypical_pigment_network": 9.470505714416504,
    "blue_white_veil": 11.564860343933105,
    "atypical_vascular_pattern": 8.633820533752441,
    "irregular_streaks": 7.876040458679199,
    "irregular_pigmentation": 4.92674446105957,
    "irregular_dots_globules": 8.224841117858887,
    "regression_structures": 6.651908874511719,
    "symmetric_uniform": 6.933991432189941,
    "reticular_network": 10.419416427612305,
    "arborizing_vessels": 8.832304000854492,
    "blue_grey_ovoid_nests": 7.520918846130371,
    "ulceration": 8.591479301452637,
    "scaly_surface": 9.130899429321289,
    "strawberry_pattern": 9.101118087768555,
    "milia_like_cysts": 8.973431587219238,
    "comedo_like_openings": 9.256352424621582,
    "cerebriform_surface": 9.182291030883789,
    "central_white_patch": 9.128406524658203,
    "red_lacunae": 9.270264625549316,
    "healthy_skin": 8.827125549316406
  },
  "just_eliminated": [],
  "issue4_fix": "best_within_step_checkpoint_restored"
}