{
  "lambda": 0.1357821236944343,
  "n_active": 24,
  "val_balacc": 0.5584166597655081,
  "val_auc": 0.8346738308244406,
  "val_loss": 1.5725958421826363,
  "actual_epochs": 11,
  "norms": {
    "asymmetry": 8.542290687561035,
    "border_irregularity": 7.160070896148682,
    "colour_variation": 8.934405326843262,
    "diameter_large": 8.106799125671387,
    "atypical_pigment_network": 9.922636985778809,
    "blue_white_veil": 11.815367698669434,
    "atypical_vascular_pattern": 8.914542198181152,
    "irregular_streaks": 7.669897556304932,
    "irregular_pigmentation": 5.859194278717041,
    "irregular_dots_globules": 8.478411674499512,
    "regression_structures": 6.529094219207764,
    "symmetric_uniform": 7.119837284088135,
    "reticular_network": 10.100386619567871,
    "arborizing_vessels": 8.721883773803711,
    "blue_grey_ovoid_nests": 7.426892280578613,
    "ulceration": 8.854719161987305,
    "scaly_surface": 9.263340950012207,
    "strawberry_pattern": 9.408318519592285,
    "milia_like_cysts": 8.70068645477295,
    "comedo_like_openings": 9.785571098327637,
    "cerebriform_surface": 9.260809898376465,
    "central_white_patch": 9.28007984161377,
    "red_lacunae": 9.220623016357422,
    "healthy_skin": 8.820344924926758
  },
  "just_eliminated": [],
  "issue4_fix": "best_within_step_checkpoint_restored"
}