{
  "lambda": 0.023769906964797943,
  "n_active": 24,
  "val_balacc": 0.5499989372600435,
  "val_auc": 0.8399679646235692,
  "val_loss": 1.5775681547820568,
  "actual_epochs": 12,
  "norms": {
    "asymmetry": 8.620375633239746,
    "border_irregularity": 7.2552385330200195,
    "colour_variation": 8.706207275390625,
    "diameter_large": 8.302260398864746,
    "atypical_pigment_network": 9.400388717651367,
    "blue_white_veil": 11.485763549804688,
    "atypical_vascular_pattern": 8.640459060668945,
    "irregular_streaks": 7.830672264099121,
    "irregular_pigmentation": 4.8676652908325195,
    "irregular_dots_globules": 8.215572357177734,
    "regression_structures": 6.653381824493408,
    "symmetric_uniform": 6.934394359588623,
    "reticular_network": 10.434351921081543,
    "arborizing_vessels": 8.828065872192383,
    "blue_grey_ovoid_nests": 7.537794589996338,
    "ulceration": 8.572715759277344,
    "scaly_surface": 9.097527503967285,
    "strawberry_pattern": 9.0594482421875,
    "milia_like_cysts": 8.982185363769531,
    "comedo_like_openings": 9.25295352935791,
    "cerebriform_surface": 9.14501953125,
    "central_white_patch": 9.08906078338623,
    "red_lacunae": 9.271753311157227,
    "healthy_skin": 8.77968978881836
  },
  "just_eliminated": [],
  "issue4_fix": "best_within_step_checkpoint_restored"
}