{
  "lambda": 0.0194996027667626,
  "n_active": 24,
  "val_balacc": 0.5264145241339189,
  "val_auc": 0.8384326782864313,
  "val_loss": 1.5578601956367493,
  "actual_epochs": 30,
  "norms": {
    "asymmetry": 8.56180191040039,
    "border_irregularity": 7.165767192840576,
    "colour_variation": 8.594919204711914,
    "diameter_large": 8.234294891357422,
    "atypical_pigment_network": 9.330426216125488,
    "blue_white_veil": 11.281633377075195,
    "atypical_vascular_pattern": 8.527239799499512,
    "irregular_streaks": 7.790109157562256,
    "irregular_pigmentation": 4.709972381591797,
    "irregular_dots_globules": 8.064071655273438,
    "regression_structures": 6.6305437088012695,
    "symmetric_uniform": 6.932266712188721,
    "reticular_network": 10.311776161193848,
    "arborizing_vessels": 8.842497825622559,
    "blue_grey_ovoid_nests": 7.485157489776611,
    "ulceration": 8.474257469177246,
    "scaly_surface": 9.027445793151855,
    "strawberry_pattern": 8.904800415039062,
    "milia_like_cysts": 8.925923347473145,
    "comedo_like_openings": 9.234646797180176,
    "cerebriform_surface": 9.118647575378418,
    "central_white_patch": 9.038459777832031,
    "red_lacunae": 9.269327163696289,
    "healthy_skin": 8.833601951599121
  },
  "just_eliminated": [],
  "issue4_fix": "best_within_step_checkpoint_restored"
}