{
  "lambda": 0.0156828097823084,
  "n_active": 24,
  "val_balacc": 0.5473865475645692,
  "val_auc": 0.8378866600922441,
  "val_loss": 1.528120893985033,
  "actual_epochs": 15,
  "norms": {
    "asymmetry": 8.416828155517578,
    "border_irregularity": 7.0186028480529785,
    "colour_variation": 8.537786483764648,
    "diameter_large": 8.247706413269043,
    "atypical_pigment_network": 9.16071605682373,
    "blue_white_veil": 11.11683464050293,
    "atypical_vascular_pattern": 8.49968433380127,
    "irregular_streaks": 7.822930335998535,
    "irregular_pigmentation": 4.46683406829834,
    "irregular_dots_globules": 7.931222438812256,
    "regression_structures": 6.595594882965088,
    "symmetric_uniform": 6.884504318237305,
    "reticular_network": 10.185318946838379,
    "arborizing_vessels": 8.741313934326172,
    "blue_grey_ovoid_nests": 7.454132080078125,
    "ulceration": 8.386548042297363,
    "scaly_surface": 8.990984916687012,
    "strawberry_pattern": 8.664443969726562,
    "milia_like_cysts": 8.922782897949219,
    "comedo_like_openings": 9.189717292785645,
    "cerebriform_surface": 9.060728073120117,
    "central_white_patch": 8.897109031677246,
    "red_lacunae": 9.163131713867188,
    "healthy_skin": 8.716126441955566
  },
  "just_eliminated": [],
  "issue4_fix": "best_within_step_checkpoint_restored"
}