{
  "lambda": 0.0016084372494752262,
  "n_active": 24,
  "val_balacc": 0.5647104487790193,
  "val_auc": 0.8405399071793469,
  "val_loss": 1.476970236748457,
  "actual_epochs": 13,
  "norms": {
    "asymmetry": 7.084156513214111,
    "border_irregularity": 6.204487323760986,
    "colour_variation": 7.446694374084473,
    "diameter_large": 7.15176248550415,
    "atypical_pigment_network": 7.192793369293213,
    "blue_white_veil": 8.45421028137207,
    "atypical_vascular_pattern": 7.554656982421875,
    "irregular_streaks": 6.681030750274658,
    "irregular_pigmentation": 3.7455129623413086,
    "irregular_dots_globules": 6.506654739379883,
    "regression_structures": 5.579042434692383,
    "symmetric_uniform": 6.2736430168151855,
    "reticular_network": 8.610051155090332,
    "arborizing_vessels": 7.542903423309326,
    "blue_grey_ovoid_nests": 7.229106426239014,
    "ulceration": 6.992684364318848,
    "scaly_surface": 8.104170799255371,
    "strawberry_pattern": 7.267349720001221,
    "milia_like_cysts": 8.050579071044922,
    "comedo_like_openings": 8.03076171875,
    "cerebriform_surface": 8.325628280639648,
    "central_white_patch": 8.25135612487793,
    "red_lacunae": 8.36279010772705,
    "healthy_skin": 7.761159896850586
  },
  "just_eliminated": [],
  "issue4_fix": "best_within_step_checkpoint_restored"
}