{
  "lambda": 0.1254416939112695,
  "n_active": 24,
  "val_balacc": 0.505589934347828,
  "val_auc": 0.8397807129703065,
  "val_loss": 1.5768532380461693,
  "actual_epochs": 18,
  "norms": {
    "asymmetry": 8.608063697814941,
    "border_irregularity": 7.1555681228637695,
    "colour_variation": 8.962932586669922,
    "diameter_large": 8.18006706237793,
    "atypical_pigment_network": 9.951102256774902,
    "blue_white_veil": 11.836817741394043,
    "atypical_vascular_pattern": 8.958172798156738,
    "irregular_streaks": 7.738000869750977,
    "irregular_pigmentation": 5.82974910736084,
    "irregular_dots_globules": 8.44067096710205,
    "regression_structures": 6.509783744812012,
    "symmetric_uniform": 7.142148017883301,
    "reticular_network": 10.121554374694824,
    "arborizing_vessels": 8.758237838745117,
    "blue_grey_ovoid_nests": 7.445034980773926,
    "ulceration": 8.909659385681152,
    "scaly_surface": 9.25658130645752,
    "strawberry_pattern": 9.446414947509766,
    "milia_like_cysts": 8.729787826538086,
    "comedo_like_openings": 9.777620315551758,
    "cerebriform_surface": 9.261683464050293,
    "central_white_patch": 9.291544914245605,
    "red_lacunae": 9.218854904174805,
    "healthy_skin": 8.873307228088379
  },
  "just_eliminated": [],
  "issue4_fix": "best_within_step_checkpoint_restored"
}