{
  "lambda": 0.10706327789904573,
  "n_active": 24,
  "val_balacc": 0.5336447588984672,
  "val_auc": 0.8388648852499463,
  "val_loss": 1.5534204170107841,
  "actual_epochs": 13,
  "norms": {
    "asymmetry": 8.649941444396973,
    "border_irregularity": 7.160947799682617,
    "colour_variation": 8.981252670288086,
    "diameter_large": 8.160560607910156,
    "atypical_pigment_network": 9.996020317077637,
    "blue_white_veil": 11.901009559631348,
    "atypical_vascular_pattern": 9.002276420593262,
    "irregular_streaks": 7.760047912597656,
    "irregular_pigmentation": 5.819276332855225,
    "irregular_dots_globules": 8.48444938659668,
    "regression_structures": 6.569397926330566,
    "symmetric_uniform": 7.133482456207275,
    "reticular_network": 10.196937561035156,
    "arborizing_vessels": 8.788309097290039,
    "blue_grey_ovoid_nests": 7.434781551361084,
    "ulceration": 8.978365898132324,
    "scaly_surface": 9.300286293029785,
    "strawberry_pattern": 9.449094772338867,
    "milia_like_cysts": 8.737046241760254,
    "comedo_like_openings": 9.6914644241333,
    "cerebriform_surface": 9.296283721923828,
    "central_white_patch": 9.285024642944336,
    "red_lacunae": 9.27822208404541,
    "healthy_skin": 8.93242073059082
  },
  "just_eliminated": [],
  "issue4_fix": "best_within_step_checkpoint_restored"
}