{
  "lambda": 0.12057064005312329,
  "n_active": 24,
  "val_balacc": 0.515352125953899,
  "val_auc": 0.8426404192275263,
  "val_loss": 1.568543180823326,
  "actual_epochs": 26,
  "norms": {
    "asymmetry": 8.618093490600586,
    "border_irregularity": 7.183800220489502,
    "colour_variation": 8.983580589294434,
    "diameter_large": 8.152769088745117,
    "atypical_pigment_network": 9.97536849975586,
    "blue_white_veil": 11.82919979095459,
    "atypical_vascular_pattern": 8.973495483398438,
    "irregular_streaks": 7.752196311950684,
    "irregular_pigmentation": 5.836205959320068,
    "irregular_dots_globules": 8.443366050720215,
    "regression_structures": 6.511833667755127,
    "symmetric_uniform": 7.113881587982178,
    "reticular_network": 10.13460922241211,
    "arborizing_vessels": 8.77061653137207,
    "blue_grey_ovoid_nests": 7.4445013999938965,
    "ulceration": 8.937437057495117,
    "scaly_surface": 9.284026145935059,
    "strawberry_pattern": 9.448673248291016,
    "milia_like_cysts": 8.72812271118164,
    "comedo_like_openings": 9.776491165161133,
    "cerebriform_surface": 9.271984100341797,
    "central_white_patch": 9.27993106842041,
    "red_lacunae": 9.241668701171875,
    "healthy_skin": 8.879627227783203
  },
  "just_eliminated": [],
  "issue4_fix": "best_within_step_checkpoint_restored"
}