{
  "lambda": 0.003622523108142417,
  "n_active": 24,
  "val_balacc": 0.5389868062258634,
  "val_auc": 0.8378159694511434,
  "val_loss": 1.5260029919445515,
  "actual_epochs": 27,
  "norms": {
    "asymmetry": 7.721781253814697,
    "border_irregularity": 6.49371337890625,
    "colour_variation": 8.11468505859375,
    "diameter_large": 7.888608455657959,
    "atypical_pigment_network": 8.322606086730957,
    "blue_white_veil": 10.243511199951172,
    "atypical_vascular_pattern": 8.344766616821289,
    "irregular_streaks": 7.275763034820557,
    "irregular_pigmentation": 3.387578248977661,
    "irregular_dots_globules": 7.275341510772705,
    "regression_structures": 6.270101070404053,
    "symmetric_uniform": 6.4941229820251465,
    "reticular_network": 9.285698890686035,
    "arborizing_vessels": 8.29143238067627,
    "blue_grey_ovoid_nests": 7.417199611663818,
    "ulceration": 7.484687328338623,
    "scaly_surface": 8.676365852355957,
    "strawberry_pattern": 7.997354984283447,
    "milia_like_cysts": 8.96319580078125,
    "comedo_like_openings": 8.722151756286621,
    "cerebriform_surface": 8.796480178833008,
    "central_white_patch": 8.564741134643555,
    "red_lacunae": 8.848064422607422,
    "healthy_skin": 8.39785099029541
  },
  "just_eliminated": [],
  "issue4_fix": "best_within_step_checkpoint_restored"
}