{
  "lambda": 0.0017068864766411058,
  "n_active": 24,
  "val_balacc": 0.5611295030491338,
  "val_auc": 0.831807281717209,
  "val_loss": 1.491618536412716,
  "actual_epochs": 16,
  "norms": {
    "asymmetry": 7.091986179351807,
    "border_irregularity": 6.188720226287842,
    "colour_variation": 7.486025810241699,
    "diameter_large": 7.219526767730713,
    "atypical_pigment_network": 7.249293327331543,
    "blue_white_veil": 8.62318229675293,
    "atypical_vascular_pattern": 7.611279487609863,
    "irregular_streaks": 6.735795021057129,
    "irregular_pigmentation": 3.6767008304595947,
    "irregular_dots_globules": 6.541004180908203,
    "regression_structures": 5.6257643699646,
    "symmetric_uniform": 6.292111396789551,
    "reticular_network": 8.659335136413574,
    "arborizing_vessels": 7.572032451629639,
    "blue_grey_ovoid_nests": 7.203044891357422,
    "ulceration": 6.968691349029541,
    "scaly_surface": 8.15145206451416,
    "strawberry_pattern": 7.251722812652588,
    "milia_like_cysts": 8.086336135864258,
    "comedo_like_openings": 8.04434871673584,
    "cerebriform_surface": 8.390913009643555,
    "central_white_patch": 8.244816780090332,
    "red_lacunae": 8.387894630432129,
    "healthy_skin": 7.819070816040039
  },
  "just_eliminated": [],
  "issue4_fix": "best_within_step_checkpoint_restored"
}