{
  "lambda": 0.0012936066304537965,
  "n_active": 24,
  "val_balacc": 0.5623250501204863,
  "val_auc": 0.8371309906860815,
  "val_loss": 1.4314749501645565,
  "actual_epochs": 24,
  "norms": {
    "asymmetry": 7.034714221954346,
    "border_irregularity": 5.960208892822266,
    "colour_variation": 7.280442714691162,
    "diameter_large": 6.890009880065918,
    "atypical_pigment_network": 6.9835896492004395,
    "blue_white_veil": 7.646526336669922,
    "atypical_vascular_pattern": 7.149420261383057,
    "irregular_streaks": 6.355741500854492,
    "irregular_pigmentation": 4.156447887420654,
    "irregular_dots_globules": 6.338184356689453,
    "regression_structures": 5.444707870483398,
    "symmetric_uniform": 6.25446081161499,
    "reticular_network": 8.163766860961914,
    "arborizing_vessels": 7.243589401245117,
    "blue_grey_ovoid_nests": 7.137938022613525,
    "ulceration": 6.96695613861084,
    "scaly_surface": 7.854275703430176,
    "strawberry_pattern": 6.922727108001709,
    "milia_like_cysts": 7.625762462615967,
    "comedo_like_openings": 7.761664390563965,
    "cerebriform_surface": 8.046107292175293,
    "central_white_patch": 8.072491645812988,
    "red_lacunae": 8.067107200622559,
    "healthy_skin": 7.461857795715332
  },
  "just_eliminated": [],
  "issue4_fix": "best_within_step_checkpoint_restored"
}