{
  "lambda": 0.025729311738905282,
  "n_active": 24,
  "val_balacc": 0.5118694562497682,
  "val_auc": 0.8411654815240511,
  "val_loss": 1.5624726563692093,
  "actual_epochs": 16,
  "norms": {
    "asymmetry": 8.656920433044434,
    "border_irregularity": 7.292448043823242,
    "colour_variation": 8.67162036895752,
    "diameter_large": 8.271910667419434,
    "atypical_pigment_network": 9.463288307189941,
    "blue_white_veil": 11.563178062438965,
    "atypical_vascular_pattern": 8.649431228637695,
    "irregular_streaks": 7.899919509887695,
    "irregular_pigmentation": 4.934680938720703,
    "irregular_dots_globules": 8.230467796325684,
    "regression_structures": 6.652482032775879,
    "symmetric_uniform": 6.931419849395752,
    "reticular_network": 10.416881561279297,
    "arborizing_vessels": 8.823691368103027,
    "blue_grey_ovoid_nests": 7.522019386291504,
    "ulceration": 8.594285011291504,
    "scaly_surface": 9.134044647216797,
    "strawberry_pattern": 9.116838455200195,
    "milia_like_cysts": 8.95718765258789,
    "comedo_like_openings": 9.267398834228516,
    "cerebriform_surface": 9.17440414428711,
    "central_white_patch": 9.144277572631836,
    "red_lacunae": 9.234121322631836,
    "healthy_skin": 8.833147048950195
  },
  "just_eliminated": [],
  "issue4_fix": "best_within_step_checkpoint_restored"
}