{
  "lambda": 0.0012682417945625456,
  "n_active": 24,
  "val_balacc": 0.5602335721232278,
  "val_auc": 0.8393203829626739,
  "val_loss": 1.4503818526864052,
  "actual_epochs": 27,
  "norms": {
    "asymmetry": 6.989528656005859,
    "border_irregularity": 5.92501974105835,
    "colour_variation": 7.223156929016113,
    "diameter_large": 6.808893203735352,
    "atypical_pigment_network": 6.938220024108887,
    "blue_white_veil": 7.481829643249512,
    "atypical_vascular_pattern": 7.104509353637695,
    "irregular_streaks": 6.302107810974121,
    "irregular_pigmentation": 4.222951412200928,
    "irregular_dots_globules": 6.340869903564453,
    "regression_structures": 5.440550327301025,
    "symmetric_uniform": 6.224522113800049,
    "reticular_network": 8.068997383117676,
    "arborizing_vessels": 7.18319034576416,
    "blue_grey_ovoid_nests": 7.165895462036133,
    "ulceration": 6.953667163848877,
    "scaly_surface": 7.807923793792725,
    "strawberry_pattern": 6.856528282165527,
    "milia_like_cysts": 7.559303283691406,
    "comedo_like_openings": 7.706295490264893,
    "cerebriform_surface": 7.92907190322876,
    "central_white_patch": 8.050239562988281,
    "red_lacunae": 7.992501735687256,
    "healthy_skin": 7.41249418258667
  },
  "just_eliminated": [],
  "issue4_fix": "best_within_step_checkpoint_restored"
}