{
  "lambda": 0.3727789294720938,
  "n_active": 24,
  "val_balacc": 0.5455282597410482,
  "val_auc": 0.8417510806427555,
  "val_loss": 1.527475468814373,
  "actual_epochs": 27,
  "norms": {
    "asymmetry": 7.967689037322998,
    "border_irregularity": 6.470602989196777,
    "colour_variation": 8.461189270019531,
    "diameter_large": 7.462649345397949,
    "atypical_pigment_network": 9.140759468078613,
    "blue_white_veil": 10.986427307128906,
    "atypical_vascular_pattern": 8.33376693725586,
    "irregular_streaks": 6.8873724937438965,
    "irregular_pigmentation": 5.170234203338623,
    "irregular_dots_globules": 7.985785484313965,
    "regression_structures": 5.655955791473389,
    "symmetric_uniform": 6.520356178283691,
    "reticular_network": 9.2692289352417,
    "arborizing_vessels": 7.940306663513184,
    "blue_grey_ovoid_nests": 6.8453192710876465,
    "ulceration": 8.22526741027832,
    "scaly_surface": 8.75312328338623,
    "strawberry_pattern": 8.782689094543457,
    "milia_like_cysts": 8.163511276245117,
    "comedo_like_openings": 9.308189392089844,
    "cerebriform_surface": 8.61055850982666,
    "central_white_patch": 8.539471626281738,
    "red_lacunae": 8.54067325592041,
    "healthy_skin": 8.16478157043457
  },
  "just_eliminated": [],
  "issue4_fix": "best_within_step_checkpoint_restored"
}