{
  "lambda": 0.0014568111725277988,
  "n_active": 24,
  "val_balacc": 0.5596142628290396,
  "val_auc": 0.8388242823696337,
  "val_loss": 1.4651428163051605,
  "actual_epochs": 21,
  "norms": {
    "asymmetry": 7.035740375518799,
    "border_irregularity": 6.10891056060791,
    "colour_variation": 7.396291732788086,
    "diameter_large": 7.039909362792969,
    "atypical_pigment_network": 7.097117900848389,
    "blue_white_veil": 8.154254913330078,
    "atypical_vascular_pattern": 7.401477813720703,
    "irregular_streaks": 6.588380813598633,
    "irregular_pigmentation": 3.892455816268921,
    "irregular_dots_globules": 6.483225345611572,
    "regression_structures": 5.520661354064941,
    "symmetric_uniform": 6.279107093811035,
    "reticular_network": 8.461856842041016,
    "arborizing_vessels": 7.457743167877197,
    "blue_grey_ovoid_nests": 7.213085174560547,
    "ulceration": 7.004157066345215,
    "scaly_surface": 8.044443130493164,
    "strawberry_pattern": 7.139838218688965,
    "milia_like_cysts": 7.928347110748291,
    "comedo_like_openings": 7.928005218505859,
    "cerebriform_surface": 8.234406471252441,
    "central_white_patch": 8.217854499816895,
    "red_lacunae": 8.25435733795166,
    "healthy_skin": 7.69183349609375
  },
  "just_eliminated": [],
  "issue4_fix": "best_within_step_checkpoint_restored"
}