{
  "lambda": 0.0012433743083946525,
  "n_active": 24,
  "val_balacc": 0.5614024414986754,
  "val_auc": 0.8395751753175793,
  "val_loss": 1.4350501224398613,
  "actual_epochs": 31,
  "norms": {
    "asymmetry": 6.932613372802734,
    "border_irregularity": 5.8902506828308105,
    "colour_variation": 7.189595699310303,
    "diameter_large": 6.771692752838135,
    "atypical_pigment_network": 6.917457580566406,
    "blue_white_veil": 7.363134384155273,
    "atypical_vascular_pattern": 6.985634803771973,
    "irregular_streaks": 6.255505561828613,
    "irregular_pigmentation": 4.284688472747803,
    "irregular_dots_globules": 6.323607921600342,
    "regression_structures": 5.444731712341309,
    "symmetric_uniform": 6.212224960327148,
    "reticular_network": 7.958318710327148,
    "arborizing_vessels": 7.159329414367676,
    "blue_grey_ovoid_nests": 7.133935928344727,
    "ulceration": 6.948762893676758,
    "scaly_surface": 7.72718620300293,
    "strawberry_pattern": 6.760594367980957,
    "milia_like_cysts": 7.465479850769043,
    "comedo_like_openings": 7.68610143661499,
    "cerebriform_surface": 7.88680362701416,
    "central_white_patch": 8.021918296813965,
    "red_lacunae": 7.91270637512207,
    "healthy_skin": 7.380420684814453
  },
  "just_eliminated": [],
  "issue4_fix": "best_within_step_checkpoint_restored"
}