{
  "lambda": 0.13311972911219047,
  "n_active": 24,
  "val_balacc": 0.5351523253092171,
  "val_auc": 0.8425645263404616,
  "val_loss": 1.5822093561291695,
  "actual_epochs": 19,
  "norms": {
    "asymmetry": 8.540698051452637,
    "border_irregularity": 7.171978950500488,
    "colour_variation": 8.960003852844238,
    "diameter_large": 8.107389450073242,
    "atypical_pigment_network": 9.921650886535645,
    "blue_white_veil": 11.822212219238281,
    "atypical_vascular_pattern": 8.93369197845459,
    "irregular_streaks": 7.672232151031494,
    "irregular_pigmentation": 5.858624458312988,
    "irregular_dots_globules": 8.477588653564453,
    "regression_structures": 6.518935680389404,
    "symmetric_uniform": 7.1198320388793945,
    "reticular_network": 10.089831352233887,
    "arborizing_vessels": 8.739590644836426,
    "blue_grey_ovoid_nests": 7.424464225769043,
    "ulceration": 8.849909782409668,
    "scaly_surface": 9.260045051574707,
    "strawberry_pattern": 9.41222858428955,
    "milia_like_cysts": 8.719372749328613,
    "comedo_like_openings": 9.781115531921387,
    "cerebriform_surface": 9.259855270385742,
    "central_white_patch": 9.274806022644043,
    "red_lacunae": 9.211441993713379,
    "healthy_skin": 8.83352279663086
  },
  "just_eliminated": [],
  "issue4_fix": "best_within_step_checkpoint_restored"
}