{
  "lambda": 0.18274486119074973,
  "n_active": 24,
  "val_balacc": 0.517460515636548,
  "val_auc": 0.8402055851015321,
  "val_loss": 1.559031866490841,
  "actual_epochs": 12,
  "norms": {
    "asymmetry": 8.388617515563965,
    "border_irregularity": 7.013718605041504,
    "colour_variation": 8.894292831420898,
    "diameter_large": 8.024870872497559,
    "atypical_pigment_network": 9.870500564575195,
    "blue_white_veil": 11.715275764465332,
    "atypical_vascular_pattern": 8.857580184936523,
    "irregular_streaks": 7.550351142883301,
    "irregular_pigmentation": 5.773985385894775,
    "irregular_dots_globules": 8.377020835876465,
    "regression_structures": 6.430565357208252,
    "symmetric_uniform": 7.027294158935547,
    "reticular_network": 9.985421180725098,
    "arborizing_vessels": 8.599786758422852,
    "blue_grey_ovoid_nests": 7.296363353729248,
    "ulceration": 8.769813537597656,
    "scaly_surface": 9.148761749267578,
    "strawberry_pattern": 9.34321117401123,
    "milia_like_cysts": 8.588903427124023,
    "comedo_like_openings": 9.812728881835938,
    "cerebriform_surface": 9.150922775268555,
    "central_white_patch": 9.170063972473145,
    "red_lacunae": 9.133848190307617,
    "healthy_skin": 8.769540786743164
  },
  "just_eliminated": [],
  "issue4_fix": "best_within_step_checkpoint_restored"
}