{
  "lambda": 0.006183235704608197,
  "n_active": 24,
  "val_balacc": 0.5286509074145372,
  "val_auc": 0.8391039591745711,
  "val_loss": 1.5349075682461262,
  "actual_epochs": 19,
  "norms": {
    "asymmetry": 7.980524063110352,
    "border_irregularity": 6.667694091796875,
    "colour_variation": 8.21573543548584,
    "diameter_large": 8.062907218933105,
    "atypical_pigment_network": 8.61884880065918,
    "blue_white_veil": 10.563424110412598,
    "atypical_vascular_pattern": 8.392049789428711,
    "irregular_streaks": 7.492998123168945,
    "irregular_pigmentation": 4.12110710144043,
    "irregular_dots_globules": 7.560975551605225,
    "regression_structures": 6.418954849243164,
    "symmetric_uniform": 6.599088668823242,
    "reticular_network": 9.478690147399902,
    "arborizing_vessels": 8.473872184753418,
    "blue_grey_ovoid_nests": 7.350457191467285,
    "ulceration": 7.84989070892334,
    "scaly_surface": 8.792780876159668,
    "strawberry_pattern": 8.216201782226562,
    "milia_like_cysts": 8.845047950744629,
    "comedo_like_openings": 8.849897384643555,
    "cerebriform_surface": 8.835430145263672,
    "central_white_patch": 8.628889083862305,
    "red_lacunae": 8.990337371826172,
    "healthy_skin": 8.534842491149902
  },
  "just_eliminated": [],
  "issue4_fix": "best_within_step_checkpoint_restored"
}