{
  "lambda": 0.010765163034201773,
  "n_active": 24,
  "val_balacc": 0.5346259589262556,
  "val_auc": 0.8377962793150622,
  "val_loss": 1.566390536725521,
  "actual_epochs": 17,
  "norms": {
    "asymmetry": 8.247841835021973,
    "border_irregularity": 7.030910968780518,
    "colour_variation": 8.468342781066895,
    "diameter_large": 8.21062183380127,
    "atypical_pigment_network": 9.091804504394531,
    "blue_white_veil": 10.937797546386719,
    "atypical_vascular_pattern": 8.495003700256348,
    "irregular_streaks": 7.751316547393799,
    "irregular_pigmentation": 4.357255458831787,
    "irregular_dots_globules": 7.806041240692139,
    "regression_structures": 6.514453411102295,
    "symmetric_uniform": 6.826164245605469,
    "reticular_network": 10.051655769348145,
    "arborizing_vessels": 8.773157119750977,
    "blue_grey_ovoid_nests": 7.424095630645752,
    "ulceration": 8.209049224853516,
    "scaly_surface": 8.92343521118164,
    "strawberry_pattern": 8.537665367126465,
    "milia_like_cysts": 8.983560562133789,
    "comedo_like_openings": 9.070792198181152,
    "cerebriform_surface": 8.962376594543457,
    "central_white_patch": 8.770888328552246,
    "red_lacunae": 9.130395889282227,
    "healthy_skin": 8.691262245178223
  },
  "just_eliminated": [],
  "issue4_fix": "best_within_step_checkpoint_restored"
}