{
  "lambda": 0.005490536355003953,
  "n_active": 24,
  "val_balacc": 0.5449754254179223,
  "val_auc": 0.8322604925848396,
  "val_loss": 1.5395374931395054,
  "actual_epochs": 12,
  "norms": {
    "asymmetry": 7.991665363311768,
    "border_irregularity": 6.604337215423584,
    "colour_variation": 8.201788902282715,
    "diameter_large": 7.991033554077148,
    "atypical_pigment_network": 8.484936714172363,
    "blue_white_veil": 10.523613929748535,
    "atypical_vascular_pattern": 8.338554382324219,
    "irregular_streaks": 7.424919128417969,
    "irregular_pigmentation": 3.9714741706848145,
    "irregular_dots_globules": 7.502747058868408,
    "regression_structures": 6.387129306793213,
    "symmetric_uniform": 6.582704067230225,
    "reticular_network": 9.385618209838867,
    "arborizing_vessels": 8.415605545043945,
    "blue_grey_ovoid_nests": 7.366525173187256,
    "ulceration": 7.702661514282227,
    "scaly_surface": 8.776888847351074,
    "strawberry_pattern": 8.170441627502441,
    "milia_like_cysts": 8.833560943603516,
    "comedo_like_openings": 8.780439376831055,
    "cerebriform_surface": 8.82260513305664,
    "central_white_patch": 8.596268653869629,
    "red_lacunae": 8.931323051452637,
    "healthy_skin": 8.490691184997559
  },
  "just_eliminated": [],
  "issue4_fix": "best_within_step_checkpoint_restored"
}