{
  "lambda": 0.04138398340421546,
  "n_active": 24,
  "val_balacc": 0.543636602811633,
  "val_auc": 0.8415371609433214,
  "val_loss": 1.5754976347088814,
  "actual_epochs": 18,
  "norms": {
    "asymmetry": 8.748983383178711,
    "border_irregularity": 7.363467216491699,
    "colour_variation": 8.71279525756836,
    "diameter_large": 8.293720245361328,
    "atypical_pigment_network": 9.681819915771484,
    "blue_white_veil": 11.81676959991455,
    "atypical_vascular_pattern": 8.731053352355957,
    "irregular_streaks": 7.91590690612793,
    "irregular_pigmentation": 5.3774566650390625,
    "irregular_dots_globules": 8.43896484375,
    "regression_structures": 6.713355541229248,
    "symmetric_uniform": 7.040862083435059,
    "reticular_network": 10.47549057006836,
    "arborizing_vessels": 8.852789878845215,
    "blue_grey_ovoid_nests": 7.562695026397705,
    "ulceration": 8.839672088623047,
    "scaly_surface": 9.28140926361084,
    "strawberry_pattern": 9.330221176147461,
    "milia_like_cysts": 8.955981254577637,
    "comedo_like_openings": 9.352450370788574,
    "cerebriform_surface": 9.251306533813477,
    "central_white_patch": 9.286399841308594,
    "red_lacunae": 9.303844451904297,
    "healthy_skin": 8.906683921813965
  },
  "just_eliminated": [],
  "issue4_fix": "best_within_step_checkpoint_restored"
}