{
  "lambda": 0.002297244466024894,
  "n_active": 24,
  "val_balacc": 0.5615893164593939,
  "val_auc": 0.8353531308849782,
  "val_loss": 1.4876885302364826,
  "actual_epochs": 23,
  "norms": {
    "asymmetry": 7.258181095123291,
    "border_irregularity": 6.370865821838379,
    "colour_variation": 7.709290027618408,
    "diameter_large": 7.562364101409912,
    "atypical_pigment_network": 7.61237907409668,
    "blue_white_veil": 9.488114356994629,
    "atypical_vascular_pattern": 8.041486740112305,
    "irregular_streaks": 6.913108825683594,
    "irregular_pigmentation": 3.2517812252044678,
    "irregular_dots_globules": 6.718893051147461,
    "regression_structures": 5.99411153793335,
    "symmetric_uniform": 6.31135368347168,
    "reticular_network": 8.88037395477295,
    "arborizing_vessels": 7.866374969482422,
    "blue_grey_ovoid_nests": 7.316637992858887,
    "ulceration": 7.185535430908203,
    "scaly_surface": 8.404717445373535,
    "strawberry_pattern": 7.651555061340332,
    "milia_like_cysts": 8.682321548461914,
    "comedo_like_openings": 8.373933792114258,
    "cerebriform_surface": 8.63769245147705,
    "central_white_patch": 8.377635955810547,
    "red_lacunae": 8.668977737426758,
    "healthy_skin": 8.081978797912598
  },
  "just_eliminated": [],
  "issue4_fix": "best_within_step_checkpoint_restored"
}