{
  "lambda": 0.013925886278959524,
  "n_active": 24,
  "val_balacc": 0.5425206928752894,
  "val_auc": 0.8400723492512838,
  "val_loss": 1.5529200211167336,
  "actual_epochs": 28,
  "norms": {
    "asymmetry": 8.388158798217773,
    "border_irregularity": 7.057030200958252,
    "colour_variation": 8.50811767578125,
    "diameter_large": 8.236895561218262,
    "atypical_pigment_network": 9.127605438232422,
    "blue_white_veil": 11.03640079498291,
    "atypical_vascular_pattern": 8.562690734863281,
    "irregular_streaks": 7.811262130737305,
    "irregular_pigmentation": 4.424098014831543,
    "irregular_dots_globules": 7.89296293258667,
    "regression_structures": 6.574403762817383,
    "symmetric_uniform": 6.843077182769775,
    "reticular_network": 10.133313179016113,
    "arborizing_vessels": 8.749710083007812,
    "blue_grey_ovoid_nests": 7.434488773345947,
    "ulceration": 8.304420471191406,
    "scaly_surface": 8.991135597229004,
    "strawberry_pattern": 8.59450912475586,
    "milia_like_cysts": 8.907293319702148,
    "comedo_like_openings": 9.13828182220459,
    "cerebriform_surface": 9.053703308105469,
    "central_white_patch": 8.86594009399414,
    "red_lacunae": 9.181988716125488,
    "healthy_skin": 8.73145866394043
  },
  "just_eliminated": [],
  "issue4_fix": "best_within_step_checkpoint_restored"
}