{
  "lambda": 0.007102594233580733,
  "n_active": 24,
  "val_balacc": 0.5290906052264182,
  "val_auc": 0.8357620183378688,
  "val_loss": 1.5369901545345783,
  "actual_epochs": 12,
  "norms": {
    "asymmetry": 8.06075668334961,
    "border_irregularity": 6.705581188201904,
    "colour_variation": 8.278108596801758,
    "diameter_large": 8.066272735595703,
    "atypical_pigment_network": 8.771970748901367,
    "blue_white_veil": 10.645276069641113,
    "atypical_vascular_pattern": 8.421828269958496,
    "irregular_streaks": 7.591283798217773,
    "irregular_pigmentation": 4.139430046081543,
    "irregular_dots_globules": 7.649376392364502,
    "regression_structures": 6.50102424621582,
    "symmetric_uniform": 6.675501346588135,
    "reticular_network": 9.688098907470703,
    "arborizing_vessels": 8.50430965423584,
    "blue_grey_ovoid_nests": 7.369516372680664,
    "ulceration": 7.966527938842773,
    "scaly_surface": 8.843236923217773,
    "strawberry_pattern": 8.306656837463379,
    "milia_like_cysts": 8.843693733215332,
    "comedo_like_openings": 8.889983177185059,
    "cerebriform_surface": 8.848642349243164,
    "central_white_patch": 8.704000473022461,
    "red_lacunae": 9.023577690124512,
    "healthy_skin": 8.57681941986084
  },
  "just_eliminated": [],
  "issue4_fix": "best_within_step_checkpoint_restored"
}