{
  "lambda": 0.011200075620783526,
  "n_active": 24,
  "val_balacc": 0.5467156298587622,
  "val_auc": 0.8365507290165699,
  "val_loss": 1.551288403570652,
  "actual_epochs": 13,
  "norms": {
    "asymmetry": 8.27598762512207,
    "border_irregularity": 7.057074069976807,
    "colour_variation": 8.453763008117676,
    "diameter_large": 8.205462455749512,
    "atypical_pigment_network": 9.102792739868164,
    "blue_white_veil": 10.927849769592285,
    "atypical_vascular_pattern": 8.507084846496582,
    "irregular_streaks": 7.755223274230957,
    "irregular_pigmentation": 4.368256092071533,
    "irregular_dots_globules": 7.817028522491455,
    "regression_structures": 6.509382247924805,
    "symmetric_uniform": 6.808797836303711,
    "reticular_network": 10.054925918579102,
    "arborizing_vessels": 8.760769844055176,
    "blue_grey_ovoid_nests": 7.436318397521973,
    "ulceration": 8.236080169677734,
    "scaly_surface": 8.941943168640137,
    "strawberry_pattern": 8.51632308959961,
    "milia_like_cysts": 8.958395004272461,
    "comedo_like_openings": 9.062039375305176,
    "cerebriform_surface": 8.954977989196777,
    "central_white_patch": 8.779807090759277,
    "red_lacunae": 9.138304710388184,
    "healthy_skin": 8.675923347473145
  },
  "just_eliminated": [],
  "issue4_fix": "best_within_step_checkpoint_restored"
}