{
  "lambda": 0.010347138633411933,
  "n_active": 24,
  "val_balacc": 0.5686619254593187,
  "val_auc": 0.834602018713981,
  "val_loss": 1.5330125018954277,
  "actual_epochs": 24,
  "norms": {
    "asymmetry": 8.2536039352417,
    "border_irregularity": 6.984162330627441,
    "colour_variation": 8.455294609069824,
    "diameter_large": 8.2237548828125,
    "atypical_pigment_network": 9.069825172424316,
    "blue_white_veil": 10.925004959106445,
    "atypical_vascular_pattern": 8.523722648620605,
    "irregular_streaks": 7.747363090515137,
    "irregular_pigmentation": 4.344517230987549,
    "irregular_dots_globules": 7.81538200378418,
    "regression_structures": 6.499701499938965,
    "symmetric_uniform": 6.81506872177124,
    "reticular_network": 10.060297012329102,
    "arborizing_vessels": 8.774767875671387,
    "blue_grey_ovoid_nests": 7.418713569641113,
    "ulceration": 8.21165657043457,
    "scaly_surface": 8.96358871459961,
    "strawberry_pattern": 8.518563270568848,
    "milia_like_cysts": 9.003761291503906,
    "comedo_like_openings": 9.058978080749512,
    "cerebriform_surface": 8.98324966430664,
    "central_white_patch": 8.790022850036621,
    "red_lacunae": 9.138120651245117,
    "healthy_skin": 8.706559181213379
  },
  "just_eliminated": [],
  "issue4_fix": "best_within_step_checkpoint_restored"
}