{
  "lambda": 0.011424077133199196,
  "n_active": 24,
  "val_balacc": 0.5235914177192759,
  "val_auc": 0.8358177755670783,
  "val_loss": 1.5424295105040073,
  "actual_epochs": 18,
  "norms": {
    "asymmetry": 8.279729843139648,
    "border_irregularity": 7.057858943939209,
    "colour_variation": 8.460325241088867,
    "diameter_large": 8.252213478088379,
    "atypical_pigment_network": 9.082660675048828,
    "blue_white_veil": 10.934625625610352,
    "atypical_vascular_pattern": 8.51082706451416,
    "irregular_streaks": 7.7557573318481445,
    "irregular_pigmentation": 4.365925312042236,
    "irregular_dots_globules": 7.797091484069824,
    "regression_structures": 6.550624370574951,
    "symmetric_uniform": 6.77280855178833,
    "reticular_network": 10.068218231201172,
    "arborizing_vessels": 8.770999908447266,
    "blue_grey_ovoid_nests": 7.438802242279053,
    "ulceration": 8.241654396057129,
    "scaly_surface": 8.925180435180664,
    "strawberry_pattern": 8.520881652832031,
    "milia_like_cysts": 8.924245834350586,
    "comedo_like_openings": 9.05709171295166,
    "cerebriform_surface": 8.961931228637695,
    "central_white_patch": 8.792011260986328,
    "red_lacunae": 9.138862609863281,
    "healthy_skin": 8.665569305419922
  },
  "just_eliminated": [],
  "issue4_fix": "best_within_step_checkpoint_restored"
}