{
  "lambda": 0.0034135844322153775,
  "n_active": 24,
  "val_balacc": 0.5367786247537963,
  "val_auc": 0.8348057040744129,
  "val_loss": 1.5391038320958614,
  "actual_epochs": 17,
  "norms": {
    "asymmetry": 7.706241607666016,
    "border_irregularity": 6.468462944030762,
    "colour_variation": 8.0761137008667,
    "diameter_large": 7.8501996994018555,
    "atypical_pigment_network": 8.28425121307373,
    "blue_white_veil": 10.182229995727539,
    "atypical_vascular_pattern": 8.324726104736328,
    "irregular_streaks": 7.253966808319092,
    "irregular_pigmentation": 3.3529598712921143,
    "irregular_dots_globules": 7.271879196166992,
    "regression_structures": 6.269562244415283,
    "symmetric_uniform": 6.481053829193115,
    "reticular_network": 9.308610916137695,
    "arborizing_vessels": 8.262959480285645,
    "blue_grey_ovoid_nests": 7.407578468322754,
    "ulceration": 7.494362831115723,
    "scaly_surface": 8.652995109558105,
    "strawberry_pattern": 7.956766605377197,
    "milia_like_cysts": 9.00717830657959,
    "comedo_like_openings": 8.703519821166992,
    "cerebriform_surface": 8.76186752319336,
    "central_white_patch": 8.549089431762695,
    "red_lacunae": 8.854580879211426,
    "healthy_skin": 8.367464065551758
  },
  "just_eliminated": [],
  "issue4_fix": "best_within_step_checkpoint_restored"
}