{
  "lambda": 0.00208068509059002,
  "n_active": 24,
  "val_balacc": 0.5706750669686288,
  "val_auc": 0.8371462374109607,
  "val_loss": 1.498272106051445,
  "actual_epochs": 15,
  "norms": {
    "asymmetry": 7.180207252502441,
    "border_irregularity": 6.3128180503845215,
    "colour_variation": 7.6785783767700195,
    "diameter_large": 7.4547553062438965,
    "atypical_pigment_network": 7.473937034606934,
    "blue_white_veil": 9.239949226379395,
    "atypical_vascular_pattern": 7.925144195556641,
    "irregular_streaks": 6.8706889152526855,
    "irregular_pigmentation": 3.395047903060913,
    "irregular_dots_globules": 6.622291564941406,
    "regression_structures": 5.881462574005127,
    "symmetric_uniform": 6.295928001403809,
    "reticular_network": 8.806060791015625,
    "arborizing_vessels": 7.714162826538086,
    "blue_grey_ovoid_nests": 7.180360794067383,
    "ulceration": 7.123584747314453,
    "scaly_surface": 8.324551582336426,
    "strawberry_pattern": 7.514626502990723,
    "milia_like_cysts": 8.563129425048828,
    "comedo_like_openings": 8.234745979309082,
    "cerebriform_surface": 8.53623104095459,
    "central_white_patch": 8.39490032196045,
    "red_lacunae": 8.51950454711914,
    "healthy_skin": 8.005086898803711
  },
  "just_eliminated": [],
  "issue4_fix": "best_within_step_checkpoint_restored"
}