{
  "lambda": 0.15597097941077837,
  "n_active": 24,
  "val_balacc": 0.5162523278458764,
  "val_auc": 0.8444526137137713,
  "val_loss": 1.5763302221894264,
  "actual_epochs": 23,
  "norms": {
    "asymmetry": 8.488415718078613,
    "border_irregularity": 7.065206527709961,
    "colour_variation": 8.962044715881348,
    "diameter_large": 8.07150650024414,
    "atypical_pigment_network": 9.89133071899414,
    "blue_white_veil": 11.747735977172852,
    "atypical_vascular_pattern": 8.878716468811035,
    "irregular_streaks": 7.6004109382629395,
    "irregular_pigmentation": 5.859691619873047,
    "irregular_dots_globules": 8.405640602111816,
    "regression_structures": 6.446746826171875,
    "symmetric_uniform": 7.065956115722656,
    "reticular_network": 10.04666805267334,
    "arborizing_vessels": 8.673896789550781,
    "blue_grey_ovoid_nests": 7.349271774291992,
    "ulceration": 8.800528526306152,
    "scaly_surface": 9.17601203918457,
    "strawberry_pattern": 9.390436172485352,
    "milia_like_cysts": 8.647344589233398,
    "comedo_like_openings": 9.8308687210083,
    "cerebriform_surface": 9.196052551269531,
    "central_white_patch": 9.260089874267578,
    "red_lacunae": 9.182211875915527,
    "healthy_skin": 8.813859939575195
  },
  "just_eliminated": [],
  "issue4_fix": "best_within_step_checkpoint_restored"
}