{
  "lambda": 0.17564865550821773,
  "n_active": 24,
  "val_balacc": 0.5217391034116401,
  "val_auc": 0.8407672486800981,
  "val_loss": 1.5747036561369896,
  "actual_epochs": 12,
  "norms": {
    "asymmetry": 8.45435905456543,
    "border_irregularity": 7.030439853668213,
    "colour_variation": 8.905492782592773,
    "diameter_large": 8.02539348602295,
    "atypical_pigment_network": 9.884740829467773,
    "blue_white_veil": 11.729228019714355,
    "atypical_vascular_pattern": 8.840271949768066,
    "irregular_streaks": 7.538977146148682,
    "irregular_pigmentation": 5.804722785949707,
    "irregular_dots_globules": 8.388202667236328,
    "regression_structures": 6.433684825897217,
    "symmetric_uniform": 7.075565338134766,
    "reticular_network": 10.008118629455566,
    "arborizing_vessels": 8.590209007263184,
    "blue_grey_ovoid_nests": 7.372310638427734,
    "ulceration": 8.796984672546387,
    "scaly_surface": 9.10303020477295,
    "strawberry_pattern": 9.346869468688965,
    "milia_like_cysts": 8.570157051086426,
    "comedo_like_openings": 9.871039390563965,
    "cerebriform_surface": 9.152876853942871,
    "central_white_patch": 9.190040588378906,
    "red_lacunae": 9.135154724121094,
    "healthy_skin": 8.799056053161621
  },
  "just_eliminated": [],
  "issue4_fix": "best_within_step_checkpoint_restored"
}