{
  "lambda": 0.001847588815785422,
  "n_active": 24,
  "val_balacc": 0.5533738313259012,
  "val_auc": 0.833734561509297,
  "val_loss": 1.4706066958606243,
  "actual_epochs": 36,
  "norms": {
    "asymmetry": 7.15489387512207,
    "border_irregularity": 6.249905586242676,
    "colour_variation": 7.626164436340332,
    "diameter_large": 7.465915203094482,
    "atypical_pigment_network": 7.3878278732299805,
    "blue_white_veil": 9.027088165283203,
    "atypical_vascular_pattern": 7.838979244232178,
    "irregular_streaks": 6.765636920928955,
    "irregular_pigmentation": 3.471691370010376,
    "irregular_dots_globules": 6.593754291534424,
    "regression_structures": 5.812314510345459,
    "symmetric_uniform": 6.322978496551514,
    "reticular_network": 8.727585792541504,
    "arborizing_vessels": 7.653219699859619,
    "blue_grey_ovoid_nests": 7.196493148803711,
    "ulceration": 7.054115295410156,
    "scaly_surface": 8.299184799194336,
    "strawberry_pattern": 7.444161415100098,
    "milia_like_cysts": 8.393468856811523,
    "comedo_like_openings": 8.19565200805664,
    "cerebriform_surface": 8.520486831665039,
    "central_white_patch": 8.350624084472656,
    "red_lacunae": 8.561665534973145,
    "healthy_skin": 7.957243919372559
  },
  "just_eliminated": [],
  "issue4_fix": "best_within_step_checkpoint_restored"
}