{
  "lambda": 0.03462826603626398,
  "n_active": 24,
  "val_balacc": 0.5296863704454412,
  "val_auc": 0.8399681027207555,
  "val_loss": 1.5817499421536922,
  "actual_epochs": 24,
  "norms": {
    "asymmetry": 8.731653213500977,
    "border_irregularity": 7.34689474105835,
    "colour_variation": 8.661428451538086,
    "diameter_large": 8.32702922821045,
    "atypical_pigment_network": 9.607393264770508,
    "blue_white_veil": 11.710246086120605,
    "atypical_vascular_pattern": 8.745954513549805,
    "irregular_streaks": 7.862497806549072,
    "irregular_pigmentation": 5.147407054901123,
    "irregular_dots_globules": 8.321056365966797,
    "regression_structures": 6.68768310546875,
    "symmetric_uniform": 7.0044779777526855,
    "reticular_network": 10.46504020690918,
    "arborizing_vessels": 8.864927291870117,
    "blue_grey_ovoid_nests": 7.538574695587158,
    "ulceration": 8.699320793151855,
    "scaly_surface": 9.205249786376953,
    "strawberry_pattern": 9.276128768920898,
    "milia_like_cysts": 8.961556434631348,
    "comedo_like_openings": 9.357681274414062,
    "cerebriform_surface": 9.293702125549316,
    "central_white_patch": 9.239274024963379,
    "red_lacunae": 9.28402042388916,
    "healthy_skin": 8.867855072021484
  },
  "just_eliminated": [],
  "issue4_fix": "best_within_step_checkpoint_restored"
}