{
  "lambda": 0.02239891422303445,
  "n_active": 24,
  "val_balacc": 0.5339827094463655,
  "val_auc": 0.8387659108828446,
  "val_loss": 1.565169595181942,
  "actual_epochs": 15,
  "norms": {
    "asymmetry": 8.597238540649414,
    "border_irregularity": 7.242814064025879,
    "colour_variation": 8.7072172164917,
    "diameter_large": 8.297956466674805,
    "atypical_pigment_network": 9.417314529418945,
    "blue_white_veil": 11.475924491882324,
    "atypical_vascular_pattern": 8.674320220947266,
    "irregular_streaks": 7.845247745513916,
    "irregular_pigmentation": 4.826173782348633,
    "irregular_dots_globules": 8.199204444885254,
    "regression_structures": 6.65634298324585,
    "symmetric_uniform": 6.913599014282227,
    "reticular_network": 10.43095588684082,
    "arborizing_vessels": 8.807002067565918,
    "blue_grey_ovoid_nests": 7.539660453796387,
    "ulceration": 8.55838394165039,
    "scaly_surface": 9.091704368591309,
    "strawberry_pattern": 9.026252746582031,
    "milia_like_cysts": 9.00184440612793,
    "comedo_like_openings": 9.230347633361816,
    "cerebriform_surface": 9.16558837890625,
    "central_white_patch": 9.14181137084961,
    "red_lacunae": 9.257842063903809,
    "healthy_skin": 8.773557662963867
  },
  "just_eliminated": [],
  "issue4_fix": "best_within_step_checkpoint_restored"
}