{
  "lambda": 0.010554081406080171,
  "n_active": 24,
  "val_balacc": 0.543684588156157,
  "val_auc": 0.8372735754061128,
  "val_loss": 1.5384868308901787,
  "actual_epochs": 14,
  "norms": {
    "asymmetry": 8.254548072814941,
    "border_irregularity": 6.9950103759765625,
    "colour_variation": 8.453588485717773,
    "diameter_large": 8.229305267333984,
    "atypical_pigment_network": 9.090230941772461,
    "blue_white_veil": 10.938343048095703,
    "atypical_vascular_pattern": 8.506316184997559,
    "irregular_streaks": 7.744678974151611,
    "irregular_pigmentation": 4.341312408447266,
    "irregular_dots_globules": 7.8117218017578125,
    "regression_structures": 6.50974178314209,
    "symmetric_uniform": 6.789644718170166,
    "reticular_network": 10.054630279541016,
    "arborizing_vessels": 8.7601957321167,
    "blue_grey_ovoid_nests": 7.412387847900391,
    "ulceration": 8.202847480773926,
    "scaly_surface": 8.944700241088867,
    "strawberry_pattern": 8.50890827178955,
    "milia_like_cysts": 9.015277862548828,
    "comedo_like_openings": 9.058467864990234,
    "cerebriform_surface": 8.984396934509277,
    "central_white_patch": 8.790873527526855,
    "red_lacunae": 9.106258392333984,
    "healthy_skin": 8.696081161499023
  },
  "just_eliminated": [],
  "issue4_fix": "best_within_step_checkpoint_restored"
}