{
  "lambda": 0.0026388117932094196,
  "n_active": 24,
  "val_balacc": 0.5552279304861695,
  "val_auc": 0.8368147821692785,
  "val_loss": 1.4954590387642384,
  "actual_epochs": 20,
  "norms": {
    "asymmetry": 7.317507266998291,
    "border_irregularity": 6.393772602081299,
    "colour_variation": 7.766983509063721,
    "diameter_large": 7.650582313537598,
    "atypical_pigment_network": 7.8770856857299805,
    "blue_white_veil": 9.736519813537598,
    "atypical_vascular_pattern": 8.165013313293457,
    "irregular_streaks": 7.04047966003418,
    "irregular_pigmentation": 3.154059886932373,
    "irregular_dots_globules": 6.943891525268555,
    "regression_structures": 6.036663055419922,
    "symmetric_uniform": 6.3581037521362305,
    "reticular_network": 8.992692947387695,
    "arborizing_vessels": 8.011292457580566,
    "blue_grey_ovoid_nests": 7.326248645782471,
    "ulceration": 7.3045501708984375,
    "scaly_surface": 8.489646911621094,
    "strawberry_pattern": 7.76803731918335,
    "milia_like_cysts": 8.882084846496582,
    "comedo_like_openings": 8.519659996032715,
    "cerebriform_surface": 8.692158699035645,
    "central_white_patch": 8.415112495422363,
    "red_lacunae": 8.71419620513916,
    "healthy_skin": 8.141369819641113
  },
  "just_eliminated": [],
  "issue4_fix": "best_within_step_checkpoint_restored"
}