{
  "lambda": 0.06397879703864351,
  "n_active": 24,
  "val_balacc": 0.5480417062698474,
  "val_auc": 0.8417588470670575,
  "val_loss": 1.5892154946923256,
  "actual_epochs": 14,
  "norms": {
    "asymmetry": 8.763711929321289,
    "border_irregularity": 7.337449073791504,
    "colour_variation": 8.842073440551758,
    "diameter_large": 8.291702270507812,
    "atypical_pigment_network": 9.950310707092285,
    "blue_white_veil": 11.94171142578125,
    "atypical_vascular_pattern": 8.915343284606934,
    "irregular_streaks": 7.8626532554626465,
    "irregular_pigmentation": 5.724750995635986,
    "irregular_dots_globules": 8.406312942504883,
    "regression_structures": 6.6553955078125,
    "symmetric_uniform": 7.117775917053223,
    "reticular_network": 10.36637020111084,
    "arborizing_vessels": 8.850275039672852,
    "blue_grey_ovoid_nests": 7.437296390533447,
    "ulceration": 8.946569442749023,
    "scaly_surface": 9.35098934173584,
    "strawberry_pattern": 9.425569534301758,
    "milia_like_cysts": 8.899833679199219,
    "comedo_like_openings": 9.4450101852417,
    "cerebriform_surface": 9.253979682922363,
    "central_white_patch": 9.334551811218262,
    "red_lacunae": 9.398303985595703,
    "healthy_skin": 8.945645332336426
  },
  "just_eliminated": [],
  "issue4_fix": "best_within_step_checkpoint_restored"
}