{
  "lambda": 0.0215291370848082,
  "n_active": 24,
  "val_balacc": 0.5276334189397215,
  "val_auc": 0.8393021892853466,
  "val_loss": 1.5589860267937183,
  "actual_epochs": 24,
  "norms": {
    "asymmetry": 8.572152137756348,
    "border_irregularity": 7.210197925567627,
    "colour_variation": 8.649881362915039,
    "diameter_large": 8.256675720214844,
    "atypical_pigment_network": 9.402531623840332,
    "blue_white_veil": 11.434935569763184,
    "atypical_vascular_pattern": 8.645350456237793,
    "irregular_streaks": 7.822457313537598,
    "irregular_pigmentation": 4.7521185874938965,
    "irregular_dots_globules": 8.144161224365234,
    "regression_structures": 6.656439781188965,
    "symmetric_uniform": 6.9067792892456055,
    "reticular_network": 10.405471801757812,
    "arborizing_vessels": 8.84310531616211,
    "blue_grey_ovoid_nests": 7.485193729400635,
    "ulceration": 8.535224914550781,
    "scaly_surface": 9.073357582092285,
    "strawberry_pattern": 9.002795219421387,
    "milia_like_cysts": 8.946565628051758,
    "comedo_like_openings": 9.213994026184082,
    "cerebriform_surface": 9.148873329162598,
    "central_white_patch": 9.093761444091797,
    "red_lacunae": 9.259427070617676,
    "healthy_skin": 8.795831680297852
  },
  "just_eliminated": [],
  "issue4_fix": "best_within_step_checkpoint_restored"
}