{
  "lambda": 0.002587070385499431,
  "n_active": 24,
  "val_balacc": 0.5550916915871514,
  "val_auc": 0.8364173296022834,
  "val_loss": 1.5147957690060139,
  "actual_epochs": 11,
  "norms": {
    "asymmetry": 7.344001293182373,
    "border_irregularity": 6.38777494430542,
    "colour_variation": 7.765390396118164,
    "diameter_large": 7.629795551300049,
    "atypical_pigment_network": 7.8664679527282715,
    "blue_white_veil": 9.700523376464844,
    "atypical_vascular_pattern": 8.164543151855469,
    "irregular_streaks": 7.053123950958252,
    "irregular_pigmentation": 3.1692402362823486,
    "irregular_dots_globules": 6.928037643432617,
    "regression_structures": 6.038265705108643,
    "symmetric_uniform": 6.345812797546387,
    "reticular_network": 8.979291915893555,
    "arborizing_vessels": 7.972324848175049,
    "blue_grey_ovoid_nests": 7.322674751281738,
    "ulceration": 7.2749810218811035,
    "scaly_surface": 8.499358177185059,
    "strawberry_pattern": 7.76094913482666,
    "milia_like_cysts": 8.860551834106445,
    "comedo_like_openings": 8.509488105773926,
    "cerebriform_surface": 8.70093822479248,
    "central_white_patch": 8.40209674835205,
    "red_lacunae": 8.695273399353027,
    "healthy_skin": 8.117762565612793
  },
  "just_eliminated": [],
  "issue4_fix": "best_within_step_checkpoint_restored"
}