{
  "lambda": 0.002856334749157145,
  "n_active": 24,
  "val_balacc": 0.5539648048328412,
  "val_auc": 0.8378774310054246,
  "val_loss": 1.500765286386013,
  "actual_epochs": 25,
  "norms": {
    "asymmetry": 7.451992988586426,
    "border_irregularity": 6.422452926635742,
    "colour_variation": 7.844089984893799,
    "diameter_large": 7.711727619171143,
    "atypical_pigment_network": 8.020492553710938,
    "blue_white_veil": 9.937569618225098,
    "atypical_vascular_pattern": 8.174875259399414,
    "irregular_streaks": 7.115025043487549,
    "irregular_pigmentation": 3.1803433895111084,
    "irregular_dots_globules": 6.965611457824707,
    "regression_structures": 6.165491580963135,
    "symmetric_uniform": 6.35888147354126,
    "reticular_network": 9.088705062866211,
    "arborizing_vessels": 8.106839179992676,
    "blue_grey_ovoid_nests": 7.331760883331299,
    "ulceration": 7.3390212059021,
    "scaly_surface": 8.499161720275879,
    "strawberry_pattern": 7.850751876831055,
    "milia_like_cysts": 8.920178413391113,
    "comedo_like_openings": 8.591450691223145,
    "cerebriform_surface": 8.689417839050293,
    "central_white_patch": 8.451824188232422,
    "red_lacunae": 8.741690635681152,
    "healthy_skin": 8.189759254455566
  },
  "just_eliminated": [],
  "issue4_fix": "best_within_step_checkpoint_restored"
}