{
  "lambda": 0.11588873515294434,
  "n_active": 24,
  "val_balacc": 0.5511676824816975,
  "val_auc": 0.8417609039450642,
  "val_loss": 1.5703424215316772,
  "actual_epochs": 12,
  "norms": {
    "asymmetry": 8.63179874420166,
    "border_irregularity": 7.17537260055542,
    "colour_variation": 8.986366271972656,
    "diameter_large": 8.139242172241211,
    "atypical_pigment_network": 9.97017765045166,
    "blue_white_veil": 11.86635684967041,
    "atypical_vascular_pattern": 8.973912239074707,
    "irregular_streaks": 7.771003246307373,
    "irregular_pigmentation": 5.805438041687012,
    "irregular_dots_globules": 8.468873977661133,
    "regression_structures": 6.5342936515808105,
    "symmetric_uniform": 7.1129302978515625,
    "reticular_network": 10.163235664367676,
    "arborizing_vessels": 8.781417846679688,
    "blue_grey_ovoid_nests": 7.471112251281738,
    "ulceration": 8.945074081420898,
    "scaly_surface": 9.323829650878906,
    "strawberry_pattern": 9.45378303527832,
    "milia_like_cysts": 8.72571849822998,
    "comedo_like_openings": 9.746522903442383,
    "cerebriform_surface": 9.306791305541992,
    "central_white_patch": 9.28829288482666,
    "red_lacunae": 9.268326759338379,
    "healthy_skin": 8.867982864379883
  },
  "just_eliminated": [],
  "issue4_fix": "best_within_step_checkpoint_restored"
}