{
  "lambda": 0.0010404,
  "n_active": 24,
  "val_balacc": 0.5802763291220485,
  "val_auc": 0.8392034050667753,
  "val_loss": 1.4129524417221546,
  "actual_epochs": 40,
  "norms": {
    "asymmetry": 6.680256366729736,
    "border_irregularity": 5.966705799102783,
    "colour_variation": 6.841466903686523,
    "diameter_large": 6.6265549659729,
    "atypical_pigment_network": 6.685553550720215,
    "blue_white_veil": 6.733236312866211,
    "atypical_vascular_pattern": 6.535865306854248,
    "irregular_streaks": 6.146092891693115,
    "irregular_pigmentation": 5.149011611938477,
    "irregular_dots_globules": 6.3834547996521,
    "regression_structures": 6.004071235656738,
    "symmetric_uniform": 6.241457462310791,
    "reticular_network": 7.197755813598633,
    "arborizing_vessels": 6.755146503448486,
    "blue_grey_ovoid_nests": 7.0891642570495605,
    "ulceration": 7.065549373626709,
    "scaly_surface": 7.165050983428955,
    "strawberry_pattern": 6.428448677062988,
    "milia_like_cysts": 7.177378177642822,
    "comedo_like_openings": 7.268061637878418,
    "cerebriform_surface": 7.270909786224365,
    "central_white_patch": 7.41400146484375,
    "red_lacunae": 7.367432117462158,
    "healthy_skin": 7.027982711791992
  },
  "just_eliminated": [],
  "issue4_fix": "best_within_step_checkpoint_restored"
}