{
  "lambda": 0.001922231403943153,
  "n_active": 24,
  "val_balacc": 0.5688582506633858,
  "val_auc": 0.8373559189825529,
  "val_loss": 1.4776287078857422,
  "actual_epochs": 11,
  "norms": {
    "asymmetry": 7.138477802276611,
    "border_irregularity": 6.273711204528809,
    "colour_variation": 7.642457485198975,
    "diameter_large": 7.458950519561768,
    "atypical_pigment_network": 7.38322114944458,
    "blue_white_veil": 9.030842781066895,
    "atypical_vascular_pattern": 7.836915969848633,
    "irregular_streaks": 6.774966239929199,
    "irregular_pigmentation": 3.47206449508667,
    "irregular_dots_globules": 6.577645778656006,
    "regression_structures": 5.816410064697266,
    "symmetric_uniform": 6.312320709228516,
    "reticular_network": 8.722857475280762,
    "arborizing_vessels": 7.6569976806640625,
    "blue_grey_ovoid_nests": 7.1795220375061035,
    "ulceration": 7.054664611816406,
    "scaly_surface": 8.274247169494629,
    "strawberry_pattern": 7.451329231262207,
    "milia_like_cysts": 8.389439582824707,
    "comedo_like_openings": 8.188575744628906,
    "cerebriform_surface": 8.527202606201172,
    "central_white_patch": 8.335636138916016,
    "red_lacunae": 8.544194221496582,
    "healthy_skin": 7.953144550323486
  },
  "just_eliminated": [],
  "issue4_fix": "best_within_step_checkpoint_restored"
}