{
  "lambda": 0.01911725761447314,
  "n_active": 24,
  "val_balacc": 0.5239142752509474,
  "val_auc": 0.8353913313732411,
  "val_loss": 1.5366719029843807,
  "actual_epochs": 16,
  "norms": {
    "asymmetry": 8.572159767150879,
    "border_irregularity": 7.15816593170166,
    "colour_variation": 8.552230834960938,
    "diameter_large": 8.165445327758789,
    "atypical_pigment_network": 9.325827598571777,
    "blue_white_veil": 11.244820594787598,
    "atypical_vascular_pattern": 8.510140419006348,
    "irregular_streaks": 7.775500774383545,
    "irregular_pigmentation": 4.631525039672852,
    "irregular_dots_globules": 8.045454025268555,
    "regression_structures": 6.621087074279785,
    "symmetric_uniform": 6.911733627319336,
    "reticular_network": 10.321100234985352,
    "arborizing_vessels": 8.824542045593262,
    "blue_grey_ovoid_nests": 7.523580551147461,
    "ulceration": 8.452313423156738,
    "scaly_surface": 9.02148723602295,
    "strawberry_pattern": 8.864755630493164,
    "milia_like_cysts": 8.96826171875,
    "comedo_like_openings": 9.20876693725586,
    "cerebriform_surface": 9.14465045928955,
    "central_white_patch": 9.00643253326416,
    "red_lacunae": 9.243160247802734,
    "healthy_skin": 8.796209335327148
  },
  "just_eliminated": [],
  "issue4_fix": "best_within_step_checkpoint_restored"
}