{
  "lambda": 0.037482748802687864,
  "n_active": 24,
  "val_balacc": 0.5484103332623256,
  "val_auc": 0.8401889018946056,
  "val_loss": 1.5798922702670097,
  "actual_epochs": 25,
  "norms": {
    "asymmetry": 8.723421096801758,
    "border_irregularity": 7.380216121673584,
    "colour_variation": 8.726405143737793,
    "diameter_large": 8.274145126342773,
    "atypical_pigment_network": 9.632843971252441,
    "blue_white_veil": 11.780584335327148,
    "atypical_vascular_pattern": 8.74517822265625,
    "irregular_streaks": 7.906346797943115,
    "irregular_pigmentation": 5.306469917297363,
    "irregular_dots_globules": 8.364703178405762,
    "regression_structures": 6.676121711730957,
    "symmetric_uniform": 7.0457634925842285,
    "reticular_network": 10.491573333740234,
    "arborizing_vessels": 8.85390853881836,
    "blue_grey_ovoid_nests": 7.562438011169434,
    "ulceration": 8.7900390625,
    "scaly_surface": 9.224867820739746,
    "strawberry_pattern": 9.30890941619873,
    "milia_like_cysts": 8.954879760742188,
    "comedo_like_openings": 9.420002937316895,
    "cerebriform_surface": 9.28846549987793,
    "central_white_patch": 9.251619338989258,
    "red_lacunae": 9.252985000610352,
    "healthy_skin": 8.87414836883545
  },
  "just_eliminated": [],
  "issue4_fix": "best_within_step_checkpoint_restored"
}