{
  "lambda": 0.0018845405921011304,
  "n_active": 24,
  "val_balacc": 0.5464925723738807,
  "val_auc": 0.8394885458205558,
  "val_loss": 1.4906746856868267,
  "actual_epochs": 11,
  "norms": {
    "asymmetry": 7.133971691131592,
    "border_irregularity": 6.2763190269470215,
    "colour_variation": 7.640564918518066,
    "diameter_large": 7.468442440032959,
    "atypical_pigment_network": 7.3936076164245605,
    "blue_white_veil": 9.031792640686035,
    "atypical_vascular_pattern": 7.838347434997559,
    "irregular_streaks": 6.764987468719482,
    "irregular_pigmentation": 3.4718120098114014,
    "irregular_dots_globules": 6.589103698730469,
    "regression_structures": 5.8114213943481445,
    "symmetric_uniform": 6.310017108917236,
    "reticular_network": 8.728163719177246,
    "arborizing_vessels": 7.652195930480957,
    "blue_grey_ovoid_nests": 7.181430816650391,
    "ulceration": 7.051112651824951,
    "scaly_surface": 8.275079727172852,
    "strawberry_pattern": 7.4568772315979,
    "milia_like_cysts": 8.381711959838867,
    "comedo_like_openings": 8.177437782287598,
    "cerebriform_surface": 8.529070854187012,
    "central_white_patch": 8.3440523147583,
    "red_lacunae": 8.56654167175293,
    "healthy_skin": 7.951691150665283
  },
  "just_eliminated": [],
  "issue4_fix": "best_within_step_checkpoint_restored"
}