{
  "lambda": 0.004594235207514829,
  "n_active": 24,
  "val_balacc": 0.5563922835554775,
  "val_auc": 0.8393877709155747,
  "val_loss": 1.5274044312536716,
  "actual_epochs": 29,
  "norms": {
    "asymmetry": 7.938648700714111,
    "border_irregularity": 6.580263137817383,
    "colour_variation": 8.182844161987305,
    "diameter_large": 7.992189884185791,
    "atypical_pigment_network": 8.496757507324219,
    "blue_white_veil": 10.469910621643066,
    "atypical_vascular_pattern": 8.387160301208496,
    "irregular_streaks": 7.3824005126953125,
    "irregular_pigmentation": 3.7958083152770996,
    "irregular_dots_globules": 7.48682975769043,
    "regression_structures": 6.361593246459961,
    "symmetric_uniform": 6.568796157836914,
    "reticular_network": 9.405810356140137,
    "arborizing_vessels": 8.412915229797363,
    "blue_grey_ovoid_nests": 7.333716869354248,
    "ulceration": 7.693201065063477,
    "scaly_surface": 8.773097038269043,
    "strawberry_pattern": 8.130603790283203,
    "milia_like_cysts": 8.867422103881836,
    "comedo_like_openings": 8.745594024658203,
    "cerebriform_surface": 8.810457229614258,
    "central_white_patch": 8.594536781311035,
    "red_lacunae": 8.944868087768555,
    "healthy_skin": 8.444941520690918
  },
  "just_eliminated": [],
  "issue4_fix": "best_within_step_checkpoint_restored"
}