{
  "lambda": 0.0030311652864835562,
  "n_active": 24,
  "val_balacc": 0.5579571977245343,
  "val_auc": 0.8364737055588959,
  "val_loss": 1.4999950043857098,
  "actual_epochs": 26,
  "norms": {
    "asymmetry": 7.494326114654541,
    "border_irregularity": 6.441558837890625,
    "colour_variation": 7.918689727783203,
    "diameter_large": 7.717780113220215,
    "atypical_pigment_network": 8.036796569824219,
    "blue_white_veil": 10.012899398803711,
    "atypical_vascular_pattern": 8.229655265808105,
    "irregular_streaks": 7.136744022369385,
    "irregular_pigmentation": 3.181340217590332,
    "irregular_dots_globules": 7.01458215713501,
    "regression_structures": 6.204761505126953,
    "symmetric_uniform": 6.376429080963135,
    "reticular_network": 9.157082557678223,
    "arborizing_vessels": 8.154465675354004,
    "blue_grey_ovoid_nests": 7.3459272384643555,
    "ulceration": 7.355843544006348,
    "scaly_surface": 8.56994342803955,
    "strawberry_pattern": 7.928363800048828,
    "milia_like_cysts": 8.964434623718262,
    "comedo_like_openings": 8.635525703430176,
    "cerebriform_surface": 8.689545631408691,
    "central_white_patch": 8.52698802947998,
    "red_lacunae": 8.797160148620605,
    "healthy_skin": 8.24240493774414
  },
  "just_eliminated": [],
  "issue4_fix": "best_within_step_checkpoint_restored"
}