{
  "lambda": 0.001485947395978355,
  "n_active": 24,
  "val_balacc": 0.552118473532485,
  "val_auc": 0.837283545400014,
  "val_loss": 1.4741055555641651,
  "actual_epochs": 25,
  "norms": {
    "asymmetry": 7.066844463348389,
    "border_irregularity": 6.157339572906494,
    "colour_variation": 7.431443214416504,
    "diameter_large": 7.096209526062012,
    "atypical_pigment_network": 7.131115913391113,
    "blue_white_veil": 8.315650939941406,
    "atypical_vascular_pattern": 7.491027355194092,
    "irregular_streaks": 6.629480361938477,
    "irregular_pigmentation": 3.8295254707336426,
    "irregular_dots_globules": 6.519977569580078,
    "regression_structures": 5.540616035461426,
    "symmetric_uniform": 6.296735763549805,
    "reticular_network": 8.541518211364746,
    "arborizing_vessels": 7.496261119842529,
    "blue_grey_ovoid_nests": 7.226365566253662,
    "ulceration": 6.9895830154418945,
    "scaly_surface": 8.103899002075195,
    "strawberry_pattern": 7.177368640899658,
    "milia_like_cysts": 8.029969215393066,
    "comedo_like_openings": 7.981988430023193,
    "cerebriform_surface": 8.268359184265137,
    "central_white_patch": 8.256450653076172,
    "red_lacunae": 8.312125205993652,
    "healthy_skin": 7.731039524078369
  },
  "just_eliminated": [],
  "issue4_fix": "best_within_step_checkpoint_restored"
}