{
  "lambda": 0.012865366342182149,
  "n_active": 24,
  "val_balacc": 0.5451503068407659,
  "val_auc": 0.8383317410304436,
  "val_loss": 1.5402501933276653,
  "actual_epochs": 13,
  "norms": {
    "asymmetry": 8.282136917114258,
    "border_irregularity": 7.03672456741333,
    "colour_variation": 8.461006164550781,
    "diameter_large": 8.186635971069336,
    "atypical_pigment_network": 9.055743217468262,
    "blue_white_veil": 10.996602058410645,
    "atypical_vascular_pattern": 8.51099967956543,
    "irregular_streaks": 7.767621994018555,
    "irregular_pigmentation": 4.372955799102783,
    "irregular_dots_globules": 7.836612224578857,
    "regression_structures": 6.586907386779785,
    "symmetric_uniform": 6.796982765197754,
    "reticular_network": 10.105413436889648,
    "arborizing_vessels": 8.723932266235352,
    "blue_grey_ovoid_nests": 7.467402935028076,
    "ulceration": 8.271214485168457,
    "scaly_surface": 8.937365531921387,
    "strawberry_pattern": 8.573627471923828,
    "milia_like_cysts": 8.883931159973145,
    "comedo_like_openings": 9.101247787475586,
    "cerebriform_surface": 8.993914604187012,
    "central_white_patch": 8.780834197998047,
    "red_lacunae": 9.11397647857666,
    "healthy_skin": 8.6944580078125
  },
  "just_eliminated": [],
  "issue4_fix": "best_within_step_checkpoint_restored"
}