{
  "lambda": 0.06525837297941639,
  "n_active": 24,
  "val_balacc": 0.5290612051655412,
  "val_auc": 0.8414261199117936,
  "val_loss": 1.574567586183548,
  "actual_epochs": 26,
  "norms": {
    "asymmetry": 8.781615257263184,
    "border_irregularity": 7.306642532348633,
    "colour_variation": 8.86832332611084,
    "diameter_large": 8.320749282836914,
    "atypical_pigment_network": 9.992857933044434,
    "blue_white_veil": 11.949468612670898,
    "atypical_vascular_pattern": 8.90895938873291,
    "irregular_streaks": 7.86113977432251,
    "irregular_pigmentation": 5.708672523498535,
    "irregular_dots_globules": 8.40932846069336,
    "regression_structures": 6.652703762054443,
    "symmetric_uniform": 7.097369194030762,
    "reticular_network": 10.394675254821777,
    "arborizing_vessels": 8.846505165100098,
    "blue_grey_ovoid_nests": 7.462979316711426,
    "ulceration": 8.94727897644043,
    "scaly_surface": 9.32431411743164,
    "strawberry_pattern": 9.400507926940918,
    "milia_like_cysts": 8.894253730773926,
    "comedo_like_openings": 9.449000358581543,
    "cerebriform_surface": 9.242423057556152,
    "central_white_patch": 9.337506294250488,
    "red_lacunae": 9.389997482299805,
    "healthy_skin": 8.948772430419922
  },
  "just_eliminated": [],
  "issue4_fix": "best_within_step_checkpoint_restored"
}