{
  "lambda": 0.004504152164230224,
  "n_active": 24,
  "val_balacc": 0.5406971753380968,
  "val_auc": 0.8400111798160582,
  "val_loss": 1.5431304387748241,
  "actual_epochs": 18,
  "norms": {
    "asymmetry": 7.874020099639893,
    "border_irregularity": 6.569226264953613,
    "colour_variation": 8.187886238098145,
    "diameter_large": 7.9931254386901855,
    "atypical_pigment_network": 8.428114891052246,
    "blue_white_veil": 10.463041305541992,
    "atypical_vascular_pattern": 8.383684158325195,
    "irregular_streaks": 7.414963245391846,
    "irregular_pigmentation": 3.7423999309539795,
    "irregular_dots_globules": 7.439805507659912,
    "regression_structures": 6.356630802154541,
    "symmetric_uniform": 6.524857521057129,
    "reticular_network": 9.414750099182129,
    "arborizing_vessels": 8.421710968017578,
    "blue_grey_ovoid_nests": 7.3348846435546875,
    "ulceration": 7.632433891296387,
    "scaly_surface": 8.711726188659668,
    "strawberry_pattern": 8.09168529510498,
    "milia_like_cysts": 8.900435447692871,
    "comedo_like_openings": 8.751646041870117,
    "cerebriform_surface": 8.770332336425781,
    "central_white_patch": 8.561995506286621,
    "red_lacunae": 8.921004295349121,
    "healthy_skin": 8.437921524047852
  },
  "just_eliminated": [],
  "issue4_fix": "best_within_step_checkpoint_restored"
}