{
  "lambda": 0.004875439156096397,
  "n_active": 24,
  "val_balacc": 0.5347733716065586,
  "val_auc": 0.8375740816949931,
  "val_loss": 1.526259582489729,
  "actual_epochs": 17,
  "norms": {
    "asymmetry": 7.987911224365234,
    "border_irregularity": 6.575168132781982,
    "colour_variation": 8.22396469116211,
    "diameter_large": 7.9750518798828125,
    "atypical_pigment_network": 8.492426872253418,
    "blue_white_veil": 10.527115821838379,
    "atypical_vascular_pattern": 8.400338172912598,
    "irregular_streaks": 7.4188151359558105,
    "irregular_pigmentation": 3.942077159881592,
    "irregular_dots_globules": 7.505916595458984,
    "regression_structures": 6.384872913360596,
    "symmetric_uniform": 6.61793327331543,
    "reticular_network": 9.444056510925293,
    "arborizing_vessels": 8.4341459274292,
    "blue_grey_ovoid_nests": 7.343009948730469,
    "ulceration": 7.734450340270996,
    "scaly_surface": 8.775016784667969,
    "strawberry_pattern": 8.185894966125488,
    "milia_like_cysts": 8.845096588134766,
    "comedo_like_openings": 8.747190475463867,
    "cerebriform_surface": 8.807884216308594,
    "central_white_patch": 8.624639511108398,
    "red_lacunae": 8.940145492553711,
    "healthy_skin": 8.479626655578613
  },
  "just_eliminated": [],
  "issue4_fix": "best_within_step_checkpoint_restored"
}