{
  "lambda": 0.19012775358285602,
  "n_active": 24,
  "val_balacc": 0.5307072185426673,
  "val_auc": 0.8397509497456292,
  "val_loss": 1.55171300470829,
  "actual_epochs": 13,
  "norms": {
    "asymmetry": 8.40239429473877,
    "border_irregularity": 7.002105236053467,
    "colour_variation": 8.857914924621582,
    "diameter_large": 8.009228706359863,
    "atypical_pigment_network": 9.855559349060059,
    "blue_white_veil": 11.700823783874512,
    "atypical_vascular_pattern": 8.854612350463867,
    "irregular_streaks": 7.554880619049072,
    "irregular_pigmentation": 5.79538631439209,
    "irregular_dots_globules": 8.365894317626953,
    "regression_structures": 6.431972026824951,
    "symmetric_uniform": 7.017117977142334,
    "reticular_network": 9.958613395690918,
    "arborizing_vessels": 8.578070640563965,
    "blue_grey_ovoid_nests": 7.320645809173584,
    "ulceration": 8.740269660949707,
    "scaly_surface": 9.13188362121582,
    "strawberry_pattern": 9.309724807739258,
    "milia_like_cysts": 8.541017532348633,
    "comedo_like_openings": 9.788622856140137,
    "cerebriform_surface": 9.092375755310059,
    "central_white_patch": 9.131412506103516,
    "red_lacunae": 9.097408294677734,
    "healthy_skin": 8.759581565856934
  },
  "just_eliminated": [],
  "issue4_fix": "best_within_step_checkpoint_restored"
}