{
  "lambda": 0.3376373616782886,
  "n_active": 24,
  "val_balacc": 0.5293019509596196,
  "val_auc": 0.8421834447806823,
  "val_loss": 1.527303785085678,
  "actual_epochs": 32,
  "norms": {
    "asymmetry": 8.082310676574707,
    "border_irregularity": 6.523106575012207,
    "colour_variation": 8.536480903625488,
    "diameter_large": 7.518002033233643,
    "atypical_pigment_network": 9.323448181152344,
    "blue_white_veil": 11.155052185058594,
    "atypical_vascular_pattern": 8.41411018371582,
    "irregular_streaks": 6.974300861358643,
    "irregular_pigmentation": 5.3343000411987305,
    "irregular_dots_globules": 8.037055015563965,
    "regression_structures": 5.7901716232299805,
    "symmetric_uniform": 6.571629524230957,
    "reticular_network": 9.391353607177734,
    "arborizing_vessels": 8.029609680175781,
    "blue_grey_ovoid_nests": 6.900461673736572,
    "ulceration": 8.347087860107422,
    "scaly_surface": 8.859139442443848,
    "strawberry_pattern": 8.856003761291504,
    "milia_like_cysts": 8.245475769042969,
    "comedo_like_openings": 9.411505699157715,
    "cerebriform_surface": 8.681967735290527,
    "central_white_patch": 8.609740257263184,
    "red_lacunae": 8.62721061706543,
    "healthy_skin": 8.28675651550293
  },
  "just_eliminated": [],
  "issue4_fix": "best_within_step_checkpoint_restored"
}