{
  "lambda": 0.24112796340006679,
  "n_active": 24,
  "val_balacc": 0.5201906122587622,
  "val_auc": 0.8428795348016753,
  "val_loss": 1.552566073834896,
  "actual_epochs": 26,
  "norms": {
    "asymmetry": 8.357388496398926,
    "border_irregularity": 6.8084540367126465,
    "colour_variation": 8.810774803161621,
    "diameter_large": 7.850006103515625,
    "atypical_pigment_network": 9.678182601928711,
    "blue_white_veil": 11.5281400680542,
    "atypical_vascular_pattern": 8.724103927612305,
    "irregular_streaks": 7.356512546539307,
    "irregular_pigmentation": 5.664505481719971,
    "irregular_dots_globules": 8.22852897644043,
    "regression_structures": 6.139625549316406,
    "symmetric_uniform": 6.826618194580078,
    "reticular_network": 9.817095756530762,
    "arborizing_vessels": 8.383401870727539,
    "blue_grey_ovoid_nests": 7.189617156982422,
    "ulceration": 8.620951652526855,
    "scaly_surface": 9.054036140441895,
    "strawberry_pattern": 9.239097595214844,
    "milia_like_cysts": 8.409192085266113,
    "comedo_like_openings": 9.66133975982666,
    "cerebriform_surface": 9.018510818481445,
    "central_white_patch": 8.978821754455566,
    "red_lacunae": 9.027688026428223,
    "healthy_skin": 8.607504844665527
  },
  "just_eliminated": [],
  "issue4_fix": "best_within_step_checkpoint_restored"
}