{
  "lambda": 0.01165255867586318,
  "n_active": 24,
  "val_balacc": 0.5323826701330828,
  "val_auc": 0.8405045110344586,
  "val_loss": 1.5387840457260609,
  "actual_epochs": 16,
  "norms": {
    "asymmetry": 8.281949043273926,
    "border_irregularity": 7.056937217712402,
    "colour_variation": 8.49542236328125,
    "diameter_large": 8.2319974899292,
    "atypical_pigment_network": 9.078316688537598,
    "blue_white_veil": 10.967622756958008,
    "atypical_vascular_pattern": 8.501802444458008,
    "irregular_streaks": 7.763405799865723,
    "irregular_pigmentation": 4.359622478485107,
    "irregular_dots_globules": 7.805415630340576,
    "regression_structures": 6.555744647979736,
    "symmetric_uniform": 6.794834136962891,
    "reticular_network": 10.075132369995117,
    "arborizing_vessels": 8.76688289642334,
    "blue_grey_ovoid_nests": 7.462198257446289,
    "ulceration": 8.238134384155273,
    "scaly_surface": 8.911077499389648,
    "strawberry_pattern": 8.538067817687988,
    "milia_like_cysts": 8.920218467712402,
    "comedo_like_openings": 9.083611488342285,
    "cerebriform_surface": 8.959209442138672,
    "central_white_patch": 8.784646034240723,
    "red_lacunae": 9.148435592651367,
    "healthy_skin": 8.667433738708496
  },
  "just_eliminated": [],
  "issue4_fix": "best_within_step_checkpoint_restored"
}