{
  "lambda": 0.008158648199242611,
  "n_active": 24,
  "val_balacc": 0.5438057987205978,
  "val_auc": 0.8354099699744725,
  "val_loss": 1.5402660481631756,
  "actual_epochs": 11,
  "norms": {
    "asymmetry": 8.083259582519531,
    "border_irregularity": 6.771661758422852,
    "colour_variation": 8.312634468078613,
    "diameter_large": 8.132689476013184,
    "atypical_pigment_network": 8.832674026489258,
    "blue_white_veil": 10.695967674255371,
    "atypical_vascular_pattern": 8.441628456115723,
    "irregular_streaks": 7.631757736206055,
    "irregular_pigmentation": 4.166418552398682,
    "irregular_dots_globules": 7.6670098304748535,
    "regression_structures": 6.493441104888916,
    "symmetric_uniform": 6.677523136138916,
    "reticular_network": 9.724946022033691,
    "arborizing_vessels": 8.5678129196167,
    "blue_grey_ovoid_nests": 7.360910892486572,
    "ulceration": 8.082083702087402,
    "scaly_surface": 8.824049949645996,
    "strawberry_pattern": 8.333056449890137,
    "milia_like_cysts": 8.880573272705078,
    "comedo_like_openings": 8.93240737915039,
    "cerebriform_surface": 8.865592956542969,
    "central_white_patch": 8.7218656539917,
    "red_lacunae": 8.982873916625977,
    "healthy_skin": 8.61805534362793
  },
  "just_eliminated": [],
  "issue4_fix": "best_within_step_checkpoint_restored"
}