{
  "lambda": 0.20991640288637137,
  "n_active": 24,
  "val_balacc": 0.5304589779655707,
  "val_auc": 0.8443684913706935,
  "val_loss": 1.5634779408574104,
  "actual_epochs": 21,
  "norms": {
    "asymmetry": 8.389697074890137,
    "border_irregularity": 6.90955924987793,
    "colour_variation": 8.835909843444824,
    "diameter_large": 7.9461236000061035,
    "atypical_pigment_network": 9.793793678283691,
    "blue_white_veil": 11.671821594238281,
    "atypical_vascular_pattern": 8.785520553588867,
    "irregular_streaks": 7.461679458618164,
    "irregular_pigmentation": 5.744438171386719,
    "irregular_dots_globules": 8.323274612426758,
    "regression_structures": 6.31945276260376,
    "symmetric_uniform": 6.94010591506958,
    "reticular_network": 9.881526947021484,
    "arborizing_vessels": 8.48997688293457,
    "blue_grey_ovoid_nests": 7.248145580291748,
    "ulceration": 8.70239543914795,
    "scaly_surface": 9.13229751586914,
    "strawberry_pattern": 9.296627044677734,
    "milia_like_cysts": 8.530439376831055,
    "comedo_like_openings": 9.782926559448242,
    "cerebriform_surface": 9.094416618347168,
    "central_white_patch": 9.094722747802734,
    "red_lacunae": 9.047087669372559,
    "healthy_skin": 8.727968215942383
  },
  "just_eliminated": [],
  "issue4_fix": "best_within_step_checkpoint_restored"
}