{
  "lambda": 0.059106519006829505,
  "n_active": 24,
  "val_balacc": 0.5415401584952437,
  "val_auc": 0.8395193625670214,
  "val_loss": 1.5727774426341057,
  "actual_epochs": 28,
  "norms": {
    "asymmetry": 8.772961616516113,
    "border_irregularity": 7.340431213378906,
    "colour_variation": 8.801885604858398,
    "diameter_large": 8.248601913452148,
    "atypical_pigment_network": 9.967631340026855,
    "blue_white_veil": 11.888419151306152,
    "atypical_vascular_pattern": 8.847042083740234,
    "irregular_streaks": 7.86525297164917,
    "irregular_pigmentation": 5.6779465675354,
    "irregular_dots_globules": 8.434596061706543,
    "regression_structures": 6.67940092086792,
    "symmetric_uniform": 7.10995626449585,
    "reticular_network": 10.36150074005127,
    "arborizing_vessels": 8.861797332763672,
    "blue_grey_ovoid_nests": 7.489573955535889,
    "ulceration": 8.919723510742188,
    "scaly_surface": 9.289167404174805,
    "strawberry_pattern": 9.413618087768555,
    "milia_like_cysts": 8.902295112609863,
    "comedo_like_openings": 9.485798835754395,
    "cerebriform_surface": 9.249885559082031,
    "central_white_patch": 9.357240676879883,
    "red_lacunae": 9.400089263916016,
    "healthy_skin": 8.898519515991211
  },
  "just_eliminated": [],
  "issue4_fix": "best_within_step_checkpoint_restored"
}