{
  "lambda": 0.0016406059944647307,
  "n_active": 24,
  "val_balacc": 0.5856246417975364,
  "val_auc": 0.8367929490787023,
  "val_loss": 1.4641278125345707,
  "actual_epochs": 11,
  "norms": {
    "asymmetry": 7.081145286560059,
    "border_irregularity": 6.202640533447266,
    "colour_variation": 7.445357799530029,
    "diameter_large": 7.153900623321533,
    "atypical_pigment_network": 7.205208778381348,
    "blue_white_veil": 8.45793342590332,
    "atypical_vascular_pattern": 7.5510687828063965,
    "irregular_streaks": 6.687490940093994,
    "irregular_pigmentation": 3.739394187927246,
    "irregular_dots_globules": 6.492222309112549,
    "regression_structures": 5.574884414672852,
    "symmetric_uniform": 6.2732720375061035,
    "reticular_network": 8.584016799926758,
    "arborizing_vessels": 7.542286396026611,
    "blue_grey_ovoid_nests": 7.2258172035217285,
    "ulceration": 6.986961364746094,
    "scaly_surface": 8.086687088012695,
    "strawberry_pattern": 7.269033432006836,
    "milia_like_cysts": 8.042625427246094,
    "comedo_like_openings": 8.034006118774414,
    "cerebriform_surface": 8.323575019836426,
    "central_white_patch": 8.256911277770996,
    "red_lacunae": 8.382711410522461,
    "healthy_skin": 7.756412982940674
  },
  "just_eliminated": [],
  "issue4_fix": "best_within_step_checkpoint_restored"
}