{
  "lambda": 0.03977699289140278,
  "n_active": 24,
  "val_balacc": 0.5159323487915917,
  "val_auc": 0.8404032431825617,
  "val_loss": 1.570090088993311,
  "actual_epochs": 26,
  "norms": {
    "asymmetry": 8.75816822052002,
    "border_irregularity": 7.347956657409668,
    "colour_variation": 8.726980209350586,
    "diameter_large": 8.288846969604492,
    "atypical_pigment_network": 9.670331954956055,
    "blue_white_veil": 11.820367813110352,
    "atypical_vascular_pattern": 8.733085632324219,
    "irregular_streaks": 7.906239032745361,
    "irregular_pigmentation": 5.325621128082275,
    "irregular_dots_globules": 8.441376686096191,
    "regression_structures": 6.70261812210083,
    "symmetric_uniform": 7.059462070465088,
    "reticular_network": 10.507659912109375,
    "arborizing_vessels": 8.889410972595215,
    "blue_grey_ovoid_nests": 7.564436912536621,
    "ulceration": 8.831467628479004,
    "scaly_surface": 9.296590805053711,
    "strawberry_pattern": 9.350373268127441,
    "milia_like_cysts": 8.965462684631348,
    "comedo_like_openings": 9.368451118469238,
    "cerebriform_surface": 9.277640342712402,
    "central_white_patch": 9.294898986816406,
    "red_lacunae": 9.313066482543945,
    "healthy_skin": 8.868339538574219
  },
  "just_eliminated": [],
  "issue4_fix": "best_within_step_checkpoint_restored"
}