{
  "lambda": 0.0024866112894073727,
  "n_active": 24,
  "val_balacc": 0.5704533524607621,
  "val_auc": 0.8350276102145974,
  "val_loss": 1.494646143168211,
  "actual_epochs": 17,
  "norms": {
    "asymmetry": 7.324206352233887,
    "border_irregularity": 6.385828495025635,
    "colour_variation": 7.761320114135742,
    "diameter_large": 7.594458103179932,
    "atypical_pigment_network": 7.794741153717041,
    "blue_white_veil": 9.677421569824219,
    "atypical_vascular_pattern": 8.135974884033203,
    "irregular_streaks": 7.005969524383545,
    "irregular_pigmentation": 3.1918981075286865,
    "irregular_dots_globules": 6.893205642700195,
    "regression_structures": 6.006491184234619,
    "symmetric_uniform": 6.327168941497803,
    "reticular_network": 8.944998741149902,
    "arborizing_vessels": 7.9348297119140625,
    "blue_grey_ovoid_nests": 7.34158992767334,
    "ulceration": 7.256658554077148,
    "scaly_surface": 8.43510913848877,
    "strawberry_pattern": 7.745008945465088,
    "milia_like_cysts": 8.78249454498291,
    "comedo_like_openings": 8.499391555786133,
    "cerebriform_surface": 8.669549942016602,
    "central_white_patch": 8.414032936096191,
    "red_lacunae": 8.682870864868164,
    "healthy_skin": 8.090213775634766
  },
  "just_eliminated": [],
  "issue4_fix": "best_within_step_checkpoint_restored"
}