{
  "lambda": 0.2183970255629808,
  "n_active": 24,
  "val_balacc": 0.5145030453798602,
  "val_auc": 0.8378400710694437,
  "val_loss": 1.5467805489897728,
  "actual_epochs": 26,
  "norms": {
    "asymmetry": 8.335149765014648,
    "border_irregularity": 6.861207485198975,
    "colour_variation": 8.837658882141113,
    "diameter_large": 7.935025691986084,
    "atypical_pigment_network": 9.781645774841309,
    "blue_white_veil": 11.601053237915039,
    "atypical_vascular_pattern": 8.81174087524414,
    "irregular_streaks": 7.426852703094482,
    "irregular_pigmentation": 5.730083465576172,
    "irregular_dots_globules": 8.30153751373291,
    "regression_structures": 6.230157852172852,
    "symmetric_uniform": 6.901442527770996,
    "reticular_network": 9.84815502166748,
    "arborizing_vessels": 8.449187278747559,
    "blue_grey_ovoid_nests": 7.210974216461182,
    "ulceration": 8.682914733886719,
    "scaly_surface": 9.116153717041016,
    "strawberry_pattern": 9.283398628234863,
    "milia_like_cysts": 8.453378677368164,
    "comedo_like_openings": 9.77408218383789,
    "cerebriform_surface": 9.04038143157959,
    "central_white_patch": 9.037758827209473,
    "red_lacunae": 9.039251327514648,
    "healthy_skin": 8.684203147888184
  },
  "just_eliminated": [],
  "issue4_fix": "best_within_step_checkpoint_restored"
}