{
  "lambda": 0.2058003949866386,
  "n_active": 24,
  "val_balacc": 0.5330778537270812,
  "val_auc": 0.8421267898784247,
  "val_loss": 1.565721035003662,
  "actual_epochs": 32,
  "norms": {
    "asymmetry": 8.409211158752441,
    "border_irregularity": 6.948128700256348,
    "colour_variation": 8.830099105834961,
    "diameter_large": 7.953790664672852,
    "atypical_pigment_network": 9.778523445129395,
    "blue_white_veil": 11.689860343933105,
    "atypical_vascular_pattern": 8.779480934143066,
    "irregular_streaks": 7.48790168762207,
    "irregular_pigmentation": 5.764861106872559,
    "irregular_dots_globules": 8.310822486877441,
    "regression_structures": 6.352996349334717,
    "symmetric_uniform": 6.958386421203613,
    "reticular_network": 9.905741691589355,
    "arborizing_vessels": 8.508774757385254,
    "blue_grey_ovoid_nests": 7.247817516326904,
    "ulceration": 8.695033073425293,
    "scaly_surface": 9.117582321166992,
    "strawberry_pattern": 9.300946235656738,
    "milia_like_cysts": 8.520929336547852,
    "comedo_like_openings": 9.79784107208252,
    "cerebriform_surface": 9.078754425048828,
    "central_white_patch": 9.084049224853516,
    "red_lacunae": 9.050562858581543,
    "healthy_skin": 8.723118782043457
  },
  "just_eliminated": [],
  "issue4_fix": "best_within_step_checkpoint_restored"
}