{
  "lambda": 0.09320502633078433,
  "n_active": 24,
  "val_balacc": 0.49388152688640696,
  "val_auc": 0.8401510822773823,
  "val_loss": 1.5799497291445732,
  "actual_epochs": 11,
  "norms": {
    "asymmetry": 8.691625595092773,
    "border_irregularity": 7.2591352462768555,
    "colour_variation": 8.898005485534668,
    "diameter_large": 8.233481407165527,
    "atypical_pigment_network": 10.058908462524414,
    "blue_white_veil": 11.966168403625488,
    "atypical_vascular_pattern": 9.007986068725586,
    "irregular_streaks": 7.802634239196777,
    "irregular_pigmentation": 5.757329940795898,
    "irregular_dots_globules": 8.464290618896484,
    "regression_structures": 6.5834760665893555,
    "symmetric_uniform": 7.142282962799072,
    "reticular_network": 10.227291107177734,
    "arborizing_vessels": 8.85650634765625,
    "blue_grey_ovoid_nests": 7.473820686340332,
    "ulceration": 8.919567108154297,
    "scaly_surface": 9.352463722229004,
    "strawberry_pattern": 9.481600761413574,
    "milia_like_cysts": 8.778039932250977,
    "comedo_like_openings": 9.537454605102539,
    "cerebriform_surface": 9.255804061889648,
    "central_white_patch": 9.314144134521484,
    "red_lacunae": 9.341246604919434,
    "healthy_skin": 8.961592674255371
  },
  "just_eliminated": [],
  "issue4_fix": "best_within_step_checkpoint_restored"
}