{
  "lambda": 0.006826791843118737,
  "n_active": 24,
  "val_balacc": 0.5308025376057083,
  "val_auc": 0.838084909026539,
  "val_loss": 1.5529102236032486,
  "actual_epochs": 14,
  "norms": {
    "asymmetry": 8.06071662902832,
    "border_irregularity": 6.701286315917969,
    "colour_variation": 8.242657661437988,
    "diameter_large": 8.090849876403809,
    "atypical_pigment_network": 8.739495277404785,
    "blue_white_veil": 10.642924308776855,
    "atypical_vascular_pattern": 8.408310890197754,
    "irregular_streaks": 7.581840515136719,
    "irregular_pigmentation": 4.135583877563477,
    "irregular_dots_globules": 7.575563907623291,
    "regression_structures": 6.476119518280029,
    "symmetric_uniform": 6.6824846267700195,
    "reticular_network": 9.64354419708252,
    "arborizing_vessels": 8.512203216552734,
    "blue_grey_ovoid_nests": 7.396884441375732,
    "ulceration": 7.939504146575928,
    "scaly_surface": 8.817797660827637,
    "strawberry_pattern": 8.319931030273438,
    "milia_like_cysts": 8.847979545593262,
    "comedo_like_openings": 8.849946022033691,
    "cerebriform_surface": 8.843878746032715,
    "central_white_patch": 8.695603370666504,
    "red_lacunae": 9.038603782653809,
    "healthy_skin": 8.563824653625488
  },
  "just_eliminated": [],
  "issue4_fix": "best_within_step_checkpoint_restored"
}