{
  "lambda": 0.02624389797368339,
  "n_active": 24,
  "val_balacc": 0.5363777927513955,
  "val_auc": 0.8371385208314827,
  "val_loss": 1.585500780493021,
  "actual_epochs": 20,
  "norms": {
    "asymmetry": 8.678101539611816,
    "border_irregularity": 7.294344425201416,
    "colour_variation": 8.677260398864746,
    "diameter_large": 8.285699844360352,
    "atypical_pigment_network": 9.438989639282227,
    "blue_white_veil": 11.598109245300293,
    "atypical_vascular_pattern": 8.658151626586914,
    "irregular_streaks": 7.893073081970215,
    "irregular_pigmentation": 4.953446388244629,
    "irregular_dots_globules": 8.216339111328125,
    "regression_structures": 6.641428470611572,
    "symmetric_uniform": 6.93681001663208,
    "reticular_network": 10.403643608093262,
    "arborizing_vessels": 8.821879386901855,
    "blue_grey_ovoid_nests": 7.546466827392578,
    "ulceration": 8.620774269104004,
    "scaly_surface": 9.131695747375488,
    "strawberry_pattern": 9.141875267028809,
    "milia_like_cysts": 8.949214935302734,
    "comedo_like_openings": 9.268292427062988,
    "cerebriform_surface": 9.157914161682129,
    "central_white_patch": 9.155573844909668,
    "red_lacunae": 9.255879402160645,
    "healthy_skin": 8.823442459106445
  },
  "just_eliminated": [],
  "issue4_fix": "best_within_step_checkpoint_restored"
}