{
  "lambda": 0.0039995582228484405,
  "n_active": 24,
  "val_balacc": 0.5401041706998957,
  "val_auc": 0.8379286626106963,
  "val_loss": 1.5109652690589428,
  "actual_epochs": 17,
  "norms": {
    "asymmetry": 7.821810722351074,
    "border_irregularity": 6.52978515625,
    "colour_variation": 8.157615661621094,
    "diameter_large": 7.951813697814941,
    "atypical_pigment_network": 8.426118850708008,
    "blue_white_veil": 10.36485767364502,
    "atypical_vascular_pattern": 8.331219673156738,
    "irregular_streaks": 7.334607124328613,
    "irregular_pigmentation": 3.597870349884033,
    "irregular_dots_globules": 7.396650314331055,
    "regression_structures": 6.352633953094482,
    "symmetric_uniform": 6.502297401428223,
    "reticular_network": 9.38804817199707,
    "arborizing_vessels": 8.377944946289062,
    "blue_grey_ovoid_nests": 7.3769145011901855,
    "ulceration": 7.583156108856201,
    "scaly_surface": 8.699792861938477,
    "strawberry_pattern": 8.033241271972656,
    "milia_like_cysts": 8.934886932373047,
    "comedo_like_openings": 8.711339950561523,
    "cerebriform_surface": 8.785505294799805,
    "central_white_patch": 8.56745719909668,
    "red_lacunae": 8.884257316589355,
    "healthy_skin": 8.45888900756836
  },
  "just_eliminated": [],
  "issue4_fix": "best_within_step_checkpoint_restored"
}