{
  "lambda": 0.038997051854316456,
  "n_active": 24,
  "val_balacc": 0.5055645227398774,
  "val_auc": 0.8354170316656027,
  "val_loss": 1.5909942910075188,
  "actual_epochs": 18,
  "norms": {
    "asymmetry": 8.749614715576172,
    "border_irregularity": 7.365238189697266,
    "colour_variation": 8.760784149169922,
    "diameter_large": 8.314627647399902,
    "atypical_pigment_network": 9.648159980773926,
    "blue_white_veil": 11.795968055725098,
    "atypical_vascular_pattern": 8.748730659484863,
    "irregular_streaks": 7.924540996551514,
    "irregular_pigmentation": 5.35281229019165,
    "irregular_dots_globules": 8.424957275390625,
    "regression_structures": 6.707972049713135,
    "symmetric_uniform": 7.04254150390625,
    "reticular_network": 10.480972290039062,
    "arborizing_vessels": 8.882278442382812,
    "blue_grey_ovoid_nests": 7.565530776977539,
    "ulceration": 8.801206588745117,
    "scaly_surface": 9.271570205688477,
    "strawberry_pattern": 9.33548355102539,
    "milia_like_cysts": 8.9356107711792,
    "comedo_like_openings": 9.397618293762207,
    "cerebriform_surface": 9.27380084991455,
    "central_white_patch": 9.273015022277832,
    "red_lacunae": 9.271488189697266,
    "healthy_skin": 8.852913856506348
  },
  "just_eliminated": [],
  "issue4_fix": "best_within_step_checkpoint_restored"
}