{
  "lambda": 0.0013458683383241298,
  "n_active": 24,
  "val_balacc": 0.5674294746894066,
  "val_auc": 0.8389377171008072,
  "val_loss": 1.4592145383358002,
  "actual_epochs": 24,
  "norms": {
    "asymmetry": 7.025971412658691,
    "border_irregularity": 6.014308452606201,
    "colour_variation": 7.356050968170166,
    "diameter_large": 6.9841485023498535,
    "atypical_pigment_network": 7.044746398925781,
    "blue_white_veil": 7.893780708312988,
    "atypical_vascular_pattern": 7.268058776855469,
    "irregular_streaks": 6.459421634674072,
    "irregular_pigmentation": 4.048096656799316,
    "irregular_dots_globules": 6.414422512054443,
    "regression_structures": 5.482583522796631,
    "symmetric_uniform": 6.279197692871094,
    "reticular_network": 8.369044303894043,
    "arborizing_vessels": 7.347188472747803,
    "blue_grey_ovoid_nests": 7.167037010192871,
    "ulceration": 6.977145671844482,
    "scaly_surface": 7.903464317321777,
    "strawberry_pattern": 7.027642726898193,
    "milia_like_cysts": 7.753169536590576,
    "comedo_like_openings": 7.820108890533447,
    "cerebriform_surface": 8.143030166625977,
    "central_white_patch": 8.176352500915527,
    "red_lacunae": 8.138041496276855,
    "healthy_skin": 7.547544479370117
  },
  "just_eliminated": [],
  "issue4_fix": "best_within_step_checkpoint_restored"
}