{
  "lambda": 0.0011716593810022658,
  "n_active": 24,
  "val_balacc": 0.5742153316928571,
  "val_auc": 0.8385443953733693,
  "val_loss": 1.4309246614575386,
  "actual_epochs": 29,
  "norms": {
    "asymmetry": 6.787951469421387,
    "border_irregularity": 5.738899230957031,
    "colour_variation": 7.068620204925537,
    "diameter_large": 6.652884006500244,
    "atypical_pigment_network": 6.805254936218262,
    "blue_white_veil": 7.097655296325684,
    "atypical_vascular_pattern": 6.776055335998535,
    "irregular_streaks": 6.092855930328369,
    "irregular_pigmentation": 4.481563568115234,
    "irregular_dots_globules": 6.2352495193481445,
    "regression_structures": 5.528796672821045,
    "symmetric_uniform": 6.159751892089844,
    "reticular_network": 7.6820268630981445,
    "arborizing_vessels": 7.012540340423584,
    "blue_grey_ovoid_nests": 7.120498180389404,
    "ulceration": 6.969822883605957,
    "scaly_surface": 7.51852560043335,
    "strawberry_pattern": 6.555668354034424,
    "milia_like_cysts": 7.336510181427002,
    "comedo_like_openings": 7.558323860168457,
    "cerebriform_surface": 7.682096004486084,
    "central_white_patch": 7.843142509460449,
    "red_lacunae": 7.703085899353027,
    "healthy_skin": 7.237086296081543
  },
  "just_eliminated": [],
  "issue4_fix": "best_within_step_checkpoint_restored"
}