{
  "lambda": 0.00392113551259651,
  "n_active": 24,
  "val_balacc": 0.5496450430410057,
  "val_auc": 0.8388416718266909,
  "val_loss": 1.5268053486943245,
  "actual_epochs": 17,
  "norms": {
    "asymmetry": 7.786118030548096,
    "border_irregularity": 6.551180839538574,
    "colour_variation": 8.147560119628906,
    "diameter_large": 7.954928874969482,
    "atypical_pigment_network": 8.434337615966797,
    "blue_white_veil": 10.364182472229004,
    "atypical_vascular_pattern": 8.336016654968262,
    "irregular_streaks": 7.319287300109863,
    "irregular_pigmentation": 3.5696473121643066,
    "irregular_dots_globules": 7.365185737609863,
    "regression_structures": 6.309495449066162,
    "symmetric_uniform": 6.511169910430908,
    "reticular_network": 9.390437126159668,
    "arborizing_vessels": 8.368905067443848,
    "blue_grey_ovoid_nests": 7.3859429359436035,
    "ulceration": 7.555027008056641,
    "scaly_surface": 8.691225051879883,
    "strawberry_pattern": 8.033819198608398,
    "milia_like_cysts": 8.959488868713379,
    "comedo_like_openings": 8.731894493103027,
    "cerebriform_surface": 8.788084030151367,
    "central_white_patch": 8.57321548461914,
    "red_lacunae": 8.900993347167969,
    "healthy_skin": 8.464485168457031
  },
  "just_eliminated": [],
  "issue4_fix": "best_within_step_checkpoint_restored"
}