{
  "lambda": 0.002343189355345392,
  "n_active": 24,
  "val_balacc": 0.5499286750038577,
  "val_auc": 0.8373913799714809,
  "val_loss": 1.4824185967445374,
  "actual_epochs": 13,
  "norms": {
    "asymmetry": 7.276251316070557,
    "border_irregularity": 6.374399185180664,
    "colour_variation": 7.71430778503418,
    "diameter_large": 7.583976745605469,
    "atypical_pigment_network": 7.60324764251709,
    "blue_white_veil": 9.503318786621094,
    "atypical_vascular_pattern": 8.046658515930176,
    "irregular_streaks": 6.915485382080078,
    "irregular_pigmentation": 3.254053831100464,
    "irregular_dots_globules": 6.725950717926025,
    "regression_structures": 5.995724201202393,
    "symmetric_uniform": 6.310440540313721,
    "reticular_network": 8.908583641052246,
    "arborizing_vessels": 7.863462448120117,
    "blue_grey_ovoid_nests": 7.326592445373535,
    "ulceration": 7.197149753570557,
    "scaly_surface": 8.404607772827148,
    "strawberry_pattern": 7.652078151702881,
    "milia_like_cysts": 8.663283348083496,
    "comedo_like_openings": 8.374418258666992,
    "cerebriform_surface": 8.62818431854248,
    "central_white_patch": 8.399636268615723,
    "red_lacunae": 8.661460876464844,
    "healthy_skin": 8.085989952087402
  },
  "just_eliminated": [],
  "issue4_fix": "best_within_step_checkpoint_restored"
}