{
  "lambda": 0.013652829685254435,
  "n_active": 24,
  "val_balacc": 0.5524571634099907,
  "val_auc": 0.835610283853125,
  "val_loss": 1.5546595863997936,
  "actual_epochs": 17,
  "norms": {
    "asymmetry": 8.357220649719238,
    "border_irregularity": 7.037299156188965,
    "colour_variation": 8.49358081817627,
    "diameter_large": 8.22291088104248,
    "atypical_pigment_network": 9.074332237243652,
    "blue_white_veil": 11.01914119720459,
    "atypical_vascular_pattern": 8.496103286743164,
    "irregular_streaks": 7.781949043273926,
    "irregular_pigmentation": 4.415647983551025,
    "irregular_dots_globules": 7.871528148651123,
    "regression_structures": 6.570382595062256,
    "symmetric_uniform": 6.84138822555542,
    "reticular_network": 10.09598445892334,
    "arborizing_vessels": 8.752912521362305,
    "blue_grey_ovoid_nests": 7.4497270584106445,
    "ulceration": 8.288256645202637,
    "scaly_surface": 8.952101707458496,
    "strawberry_pattern": 8.587536811828613,
    "milia_like_cysts": 8.903180122375488,
    "comedo_like_openings": 9.10322093963623,
    "cerebriform_surface": 9.046813011169434,
    "central_white_patch": 8.836243629455566,
    "red_lacunae": 9.17110538482666,
    "healthy_skin": 8.726271629333496
  },
  "just_eliminated": [],
  "issue4_fix": "best_within_step_checkpoint_restored"
}