{
  "lambda": 0.13050953834528478,
  "n_active": 24,
  "val_balacc": 0.5365113734502263,
  "val_auc": 0.8373283573980169,
  "val_loss": 1.5628977566957474,
  "actual_epochs": 21,
  "norms": {
    "asymmetry": 8.539348602294922,
    "border_irregularity": 7.167990684509277,
    "colour_variation": 8.960168838500977,
    "diameter_large": 8.151317596435547,
    "atypical_pigment_network": 9.950125694274902,
    "blue_white_veil": 11.830891609191895,
    "atypical_vascular_pattern": 8.941644668579102,
    "irregular_streaks": 7.70888614654541,
    "irregular_pigmentation": 5.810678958892822,
    "irregular_dots_globules": 8.47409725189209,
    "regression_structures": 6.500193119049072,
    "symmetric_uniform": 7.109618186950684,
    "reticular_network": 10.102033615112305,
    "arborizing_vessels": 8.755997657775879,
    "blue_grey_ovoid_nests": 7.4253058433532715,
    "ulceration": 8.863035202026367,
    "scaly_surface": 9.28462028503418,
    "strawberry_pattern": 9.428887367248535,
    "milia_like_cysts": 8.717944145202637,
    "comedo_like_openings": 9.753560066223145,
    "cerebriform_surface": 9.25388240814209,
    "central_white_patch": 9.274332046508789,
    "red_lacunae": 9.192118644714355,
    "healthy_skin": 8.839411735534668
  },
  "just_eliminated": [],
  "issue4_fix": "best_within_step_checkpoint_restored"
}