{
  "lambda": 0.04479535454562909,
  "n_active": 24,
  "val_balacc": 0.5434201763672137,
  "val_auc": 0.8388492078940012,
  "val_loss": 1.559416763484478,
  "actual_epochs": 19,
  "norms": {
    "asymmetry": 8.752742767333984,
    "border_irregularity": 7.335439205169678,
    "colour_variation": 8.717988014221191,
    "diameter_large": 8.258880615234375,
    "atypical_pigment_network": 9.770343780517578,
    "blue_white_veil": 11.829652786254883,
    "atypical_vascular_pattern": 8.723419189453125,
    "irregular_streaks": 7.9254608154296875,
    "irregular_pigmentation": 5.432433128356934,
    "irregular_dots_globules": 8.412299156188965,
    "regression_structures": 6.684623718261719,
    "symmetric_uniform": 7.037600994110107,
    "reticular_network": 10.409255981445312,
    "arborizing_vessels": 8.882112503051758,
    "blue_grey_ovoid_nests": 7.549151420593262,
    "ulceration": 8.8286771774292,
    "scaly_surface": 9.287810325622559,
    "strawberry_pattern": 9.338034629821777,
    "milia_like_cysts": 8.926660537719727,
    "comedo_like_openings": 9.440208435058594,
    "cerebriform_surface": 9.26031494140625,
    "central_white_patch": 9.30794620513916,
    "red_lacunae": 9.347079277038574,
    "healthy_skin": 8.896490097045898
  },
  "just_eliminated": [],
  "issue4_fix": "best_within_step_checkpoint_restored"
}