{
  "lambda": 0.020693134452910607,
  "n_active": 24,
  "val_balacc": 0.5516606473798665,
  "val_auc": 0.8399291121978033,
  "val_loss": 1.5575625337660313,
  "actual_epochs": 19,
  "norms": {
    "asymmetry": 8.577699661254883,
    "border_irregularity": 7.2010369300842285,
    "colour_variation": 8.60400104522705,
    "diameter_large": 8.260509490966797,
    "atypical_pigment_network": 9.370745658874512,
    "blue_white_veil": 11.370515823364258,
    "atypical_vascular_pattern": 8.612699508666992,
    "irregular_streaks": 7.793071269989014,
    "irregular_pigmentation": 4.787229537963867,
    "irregular_dots_globules": 8.107367515563965,
    "regression_structures": 6.6631693840026855,
    "symmetric_uniform": 6.933963298797607,
    "reticular_network": 10.385367393493652,
    "arborizing_vessels": 8.829965591430664,
    "blue_grey_ovoid_nests": 7.511479377746582,
    "ulceration": 8.501220703125,
    "scaly_surface": 9.036023139953613,
    "strawberry_pattern": 8.917348861694336,
    "milia_like_cysts": 8.923177719116211,
    "comedo_like_openings": 9.230121612548828,
    "cerebriform_surface": 9.108592987060547,
    "central_white_patch": 9.09327507019043,
    "red_lacunae": 9.230912208557129,
    "healthy_skin": 8.814652442932129
  },
  "just_eliminated": [],
  "issue4_fix": "best_within_step_checkpoint_restored"
}