{
  "lambda": 0.026768775933157057,
  "n_active": 24,
  "val_balacc": 0.5296743629902848,
  "val_auc": 0.8345150145414687,
  "val_loss": 1.5605070888996124,
  "actual_epochs": 22,
  "norms": {
    "asymmetry": 8.643280029296875,
    "border_irregularity": 7.303103446960449,
    "colour_variation": 8.687135696411133,
    "diameter_large": 8.276541709899902,
    "atypical_pigment_network": 9.463284492492676,
    "blue_white_veil": 11.593583106994629,
    "atypical_vascular_pattern": 8.670844078063965,
    "irregular_streaks": 7.856605529785156,
    "irregular_pigmentation": 4.941007614135742,
    "irregular_dots_globules": 8.240599632263184,
    "regression_structures": 6.664978981018066,
    "symmetric_uniform": 6.93864631652832,
    "reticular_network": 10.412474632263184,
    "arborizing_vessels": 8.856216430664062,
    "blue_grey_ovoid_nests": 7.559394359588623,
    "ulceration": 8.624913215637207,
    "scaly_surface": 9.137866020202637,
    "strawberry_pattern": 9.150005340576172,
    "milia_like_cysts": 8.956759452819824,
    "comedo_like_openings": 9.262529373168945,
    "cerebriform_surface": 9.140327453613281,
    "central_white_patch": 9.14832592010498,
    "red_lacunae": 9.264708518981934,
    "healthy_skin": 8.824621200561523
  },
  "just_eliminated": [],
  "issue4_fix": "best_within_step_checkpoint_restored"
}