{
  "lambda": 0.0028003281854481815,
  "n_active": 24,
  "val_balacc": 0.5461295944856229,
  "val_auc": 0.8323045725399463,
  "val_loss": 1.5043396316468716,
  "actual_epochs": 15,
  "norms": {
    "asymmetry": 7.4449543952941895,
    "border_irregularity": 6.379883289337158,
    "colour_variation": 7.817951202392578,
    "diameter_large": 7.704349994659424,
    "atypical_pigment_network": 7.956352710723877,
    "blue_white_veil": 9.867840766906738,
    "atypical_vascular_pattern": 8.176424980163574,
    "irregular_streaks": 7.1286444664001465,
    "irregular_pigmentation": 3.1538174152374268,
    "irregular_dots_globules": 6.929374694824219,
    "regression_structures": 6.115849018096924,
    "symmetric_uniform": 6.3314337730407715,
    "reticular_network": 9.01867389678955,
    "arborizing_vessels": 8.041190147399902,
    "blue_grey_ovoid_nests": 7.308953285217285,
    "ulceration": 7.3238205909729,
    "scaly_surface": 8.53597354888916,
    "strawberry_pattern": 7.837051868438721,
    "milia_like_cysts": 8.907365798950195,
    "comedo_like_openings": 8.581727027893066,
    "cerebriform_surface": 8.715492248535156,
    "central_white_patch": 8.42699909210205,
    "red_lacunae": 8.763320922851562,
    "healthy_skin": 8.187442779541016
  },
  "just_eliminated": [],
  "issue4_fix": "best_within_step_checkpoint_restored"
}