{
  "lambda": 0.06925270747274051,
  "n_active": 24,
  "val_balacc": 0.5361152555375034,
  "val_auc": 0.8404042164354669,
  "val_loss": 1.5657678470015526,
  "actual_epochs": 29,
  "norms": {
    "asymmetry": 8.810134887695312,
    "border_irregularity": 7.291534423828125,
    "colour_variation": 8.877908706665039,
    "diameter_large": 8.255359649658203,
    "atypical_pigment_network": 10.018060684204102,
    "blue_white_veil": 11.939447402954102,
    "atypical_vascular_pattern": 8.950724601745605,
    "irregular_streaks": 7.809683799743652,
    "irregular_pigmentation": 5.732810974121094,
    "irregular_dots_globules": 8.433520317077637,
    "regression_structures": 6.634786605834961,
    "symmetric_uniform": 7.123284816741943,
    "reticular_network": 10.348478317260742,
    "arborizing_vessels": 8.817389488220215,
    "blue_grey_ovoid_nests": 7.500494480133057,
    "ulceration": 8.936372756958008,
    "scaly_surface": 9.350977897644043,
    "strawberry_pattern": 9.43376350402832,
    "milia_like_cysts": 8.900028228759766,
    "comedo_like_openings": 9.438457489013672,
    "cerebriform_surface": 9.265932083129883,
    "central_white_patch": 9.337695121765137,
    "red_lacunae": 9.4224853515625,
    "healthy_skin": 8.91552734375
  },
  "just_eliminated": [],
  "issue4_fix": "best_within_step_checkpoint_restored"
}