{
  "lambda": 0.013122673669025794,
  "n_active": 24,
  "val_balacc": 0.537613549091165,
  "val_auc": 0.8370666878980108,
  "val_loss": 1.5622042417526245,
  "actual_epochs": 27,
  "norms": {
    "asymmetry": 8.328222274780273,
    "border_irregularity": 7.030999660491943,
    "colour_variation": 8.511149406433105,
    "diameter_large": 8.227970123291016,
    "atypical_pigment_network": 9.07197093963623,
    "blue_white_veil": 10.999783515930176,
    "atypical_vascular_pattern": 8.491984367370605,
    "irregular_streaks": 7.780031681060791,
    "irregular_pigmentation": 4.400887489318848,
    "irregular_dots_globules": 7.843352317810059,
    "regression_structures": 6.566795349121094,
    "symmetric_uniform": 6.840765476226807,
    "reticular_network": 10.113164901733398,
    "arborizing_vessels": 8.746723175048828,
    "blue_grey_ovoid_nests": 7.447698593139648,
    "ulceration": 8.253761291503906,
    "scaly_surface": 8.913867950439453,
    "strawberry_pattern": 8.608402252197266,
    "milia_like_cysts": 8.90792465209961,
    "comedo_like_openings": 9.121455192565918,
    "cerebriform_surface": 9.025242805480957,
    "central_white_patch": 8.822473526000977,
    "red_lacunae": 9.15554141998291,
    "healthy_skin": 8.703157424926758
  },
  "just_eliminated": [],
  "issue4_fix": "best_within_step_checkpoint_restored"
}