{
  "lambda": 0.01631639529751366,
  "n_active": 24,
  "val_balacc": 0.5417210447572546,
  "val_auc": 0.8386739503996052,
  "val_loss": 1.548227209597826,
  "actual_epochs": 38,
  "norms": {
    "asymmetry": 8.46945571899414,
    "border_irregularity": 7.043630123138428,
    "colour_variation": 8.563370704650879,
    "diameter_large": 8.227356910705566,
    "atypical_pigment_network": 9.24801254272461,
    "blue_white_veil": 11.185759544372559,
    "atypical_vascular_pattern": 8.500626564025879,
    "irregular_streaks": 7.8627166748046875,
    "irregular_pigmentation": 4.50693416595459,
    "irregular_dots_globules": 8.003230094909668,
    "regression_structures": 6.619922161102295,
    "symmetric_uniform": 6.901150226593018,
    "reticular_network": 10.283616065979004,
    "arborizing_vessels": 8.814512252807617,
    "blue_grey_ovoid_nests": 7.433089256286621,
    "ulceration": 8.445383071899414,
    "scaly_surface": 9.061056137084961,
    "strawberry_pattern": 8.750150680541992,
    "milia_like_cysts": 8.916006088256836,
    "comedo_like_openings": 9.18519401550293,
    "cerebriform_surface": 9.118502616882324,
    "central_white_patch": 8.988656997680664,
    "red_lacunae": 9.202649116516113,
    "healthy_skin": 8.752434730529785
  },
  "just_eliminated": [],
  "issue4_fix": "best_within_step_checkpoint_restored"
}