{
  "lambda": 0.07954959251984522,
  "n_active": 24,
  "val_balacc": 0.5444593643698916,
  "val_auc": 0.8350575001258818,
  "val_loss": 1.5685942471027374,
  "actual_epochs": 16,
  "norms": {
    "asymmetry": 8.701859474182129,
    "border_irregularity": 7.332834720611572,
    "colour_variation": 8.883285522460938,
    "diameter_large": 8.229278564453125,
    "atypical_pigment_network": 10.022355079650879,
    "blue_white_veil": 11.958671569824219,
    "atypical_vascular_pattern": 8.956062316894531,
    "irregular_streaks": 7.817074298858643,
    "irregular_pigmentation": 5.74437141418457,
    "irregular_dots_globules": 8.396139144897461,
    "regression_structures": 6.635733604431152,
    "symmetric_uniform": 7.085179805755615,
    "reticular_network": 10.296096801757812,
    "arborizing_vessels": 8.816322326660156,
    "blue_grey_ovoid_nests": 7.444144248962402,
    "ulceration": 8.918990135192871,
    "scaly_surface": 9.36469554901123,
    "strawberry_pattern": 9.472408294677734,
    "milia_like_cysts": 8.812908172607422,
    "comedo_like_openings": 9.474835395812988,
    "cerebriform_surface": 9.262514114379883,
    "central_white_patch": 9.31149959564209,
    "red_lacunae": 9.340462684631348,
    "healthy_skin": 8.964149475097656
  },
  "just_eliminated": [],
  "issue4_fix": "best_within_step_checkpoint_restored"
}