{
  "lambda": 0.00955915669893985,
  "n_active": 24,
  "val_balacc": 0.5411679943424977,
  "val_auc": 0.8362383580964501,
  "val_loss": 1.5535977073013783,
  "actual_epochs": 24,
  "norms": {
    "asymmetry": 8.202250480651855,
    "border_irregularity": 6.899123191833496,
    "colour_variation": 8.373397827148438,
    "diameter_large": 8.178488731384277,
    "atypical_pigment_network": 9.007036209106445,
    "blue_white_veil": 10.811504364013672,
    "atypical_vascular_pattern": 8.499910354614258,
    "irregular_streaks": 7.705096244812012,
    "irregular_pigmentation": 4.258144378662109,
    "irregular_dots_globules": 7.803525924682617,
    "regression_structures": 6.56663703918457,
    "symmetric_uniform": 6.747701644897461,
    "reticular_network": 9.99617862701416,
    "arborizing_vessels": 8.718725204467773,
    "blue_grey_ovoid_nests": 7.440720558166504,
    "ulceration": 8.1722993850708,
    "scaly_surface": 8.96255111694336,
    "strawberry_pattern": 8.434219360351562,
    "milia_like_cysts": 8.94982624053955,
    "comedo_like_openings": 9.023286819458008,
    "cerebriform_surface": 8.946405410766602,
    "central_white_patch": 8.749995231628418,
    "red_lacunae": 9.071704864501953,
    "healthy_skin": 8.6996431350708
  },
  "just_eliminated": [],
  "issue4_fix": "best_within_step_checkpoint_restored"
}