{
  "lambda": 0.013385127142406309,
  "n_active": 24,
  "val_balacc": 0.5558430085057621,
  "val_auc": 0.8385568693112517,
  "val_loss": 1.543965857475996,
  "actual_epochs": 12,
  "norms": {
    "asymmetry": 8.326996803283691,
    "border_irregularity": 7.032741546630859,
    "colour_variation": 8.500898361206055,
    "diameter_large": 8.218603134155273,
    "atypical_pigment_network": 9.090519905090332,
    "blue_white_veil": 10.988579750061035,
    "atypical_vascular_pattern": 8.489547729492188,
    "irregular_streaks": 7.771327972412109,
    "irregular_pigmentation": 4.4106268882751465,
    "irregular_dots_globules": 7.847154140472412,
    "regression_structures": 6.570354461669922,
    "symmetric_uniform": 6.839741230010986,
    "reticular_network": 10.106966972351074,
    "arborizing_vessels": 8.733222007751465,
    "blue_grey_ovoid_nests": 7.449934005737305,
    "ulceration": 8.252934455871582,
    "scaly_surface": 8.929919242858887,
    "strawberry_pattern": 8.604950904846191,
    "milia_like_cysts": 8.901494979858398,
    "comedo_like_openings": 9.126260757446289,
    "cerebriform_surface": 9.030561447143555,
    "central_white_patch": 8.817554473876953,
    "red_lacunae": 9.183769226074219,
    "healthy_skin": 8.691865921020508
  },
  "just_eliminated": [],
  "issue4_fix": "best_within_step_checkpoint_restored"
}