{
  "lambda": 0.2610046622595353,
  "n_active": 24,
  "val_balacc": 0.5433743072817079,
  "val_auc": 0.8471253608298724,
  "val_loss": 1.5590629056096077,
  "actual_epochs": 11,
  "norms": {
    "asymmetry": 8.25717544555664,
    "border_irregularity": 6.721664905548096,
    "colour_variation": 8.829545021057129,
    "diameter_large": 7.828434944152832,
    "atypical_pigment_network": 9.659184455871582,
    "blue_white_veil": 11.485982894897461,
    "atypical_vascular_pattern": 8.691306114196777,
    "irregular_streaks": 7.282078742980957,
    "irregular_pigmentation": 5.5639872550964355,
    "irregular_dots_globules": 8.237011909484863,
    "regression_structures": 6.138088703155518,
    "symmetric_uniform": 6.807424068450928,
    "reticular_network": 9.754168510437012,
    "arborizing_vessels": 8.307389259338379,
    "blue_grey_ovoid_nests": 7.162121772766113,
    "ulceration": 8.593087196350098,
    "scaly_surface": 9.028075218200684,
    "strawberry_pattern": 9.173524856567383,
    "milia_like_cysts": 8.349804878234863,
    "comedo_like_openings": 9.596697807312012,
    "cerebriform_surface": 8.997318267822266,
    "central_white_patch": 8.918234825134277,
    "red_lacunae": 8.969253540039062,
    "healthy_skin": 8.58219051361084
  },
  "just_eliminated": [],
  "issue4_fix": "best_within_step_checkpoint_restored"
}