{
  "lambda": 0.05460528723280866,
  "n_active": 24,
  "val_balacc": 0.5311439158800579,
  "val_auc": 0.8365712780551748,
  "val_loss": 1.5677686780691147,
  "actual_epochs": 16,
  "norms": {
    "asymmetry": 8.791783332824707,
    "border_irregularity": 7.296903133392334,
    "colour_variation": 8.802963256835938,
    "diameter_large": 8.243818283081055,
    "atypical_pigment_network": 9.875551223754883,
    "blue_white_veil": 11.906740188598633,
    "atypical_vascular_pattern": 8.804361343383789,
    "irregular_streaks": 7.830740451812744,
    "irregular_pigmentation": 5.594442367553711,
    "irregular_dots_globules": 8.431053161621094,
    "regression_structures": 6.6811842918396,
    "symmetric_uniform": 7.086047649383545,
    "reticular_network": 10.346090316772461,
    "arborizing_vessels": 8.837343215942383,
    "blue_grey_ovoid_nests": 7.538365364074707,
    "ulceration": 8.863896369934082,
    "scaly_surface": 9.292601585388184,
    "strawberry_pattern": 9.389579772949219,
    "milia_like_cysts": 8.930899620056152,
    "comedo_like_openings": 9.44233512878418,
    "cerebriform_surface": 9.301836967468262,
    "central_white_patch": 9.322768211364746,
    "red_lacunae": 9.357154846191406,
    "healthy_skin": 8.886634826660156
  },
  "just_eliminated": [],
  "issue4_fix": "best_within_step_checkpoint_restored"
}