{
  "lambda": 0.03199116518883177,
  "n_active": 24,
  "val_balacc": 0.5174492495334827,
  "val_auc": 0.8413476594524633,
  "val_loss": 1.5736458487808704,
  "actual_epochs": 20,
  "norms": {
    "asymmetry": 8.691590309143066,
    "border_irregularity": 7.3258376121521,
    "colour_variation": 8.66821575164795,
    "diameter_large": 8.278273582458496,
    "atypical_pigment_network": 9.558173179626465,
    "blue_white_veil": 11.673152923583984,
    "atypical_vascular_pattern": 8.731600761413574,
    "irregular_streaks": 7.857813358306885,
    "irregular_pigmentation": 5.086548328399658,
    "irregular_dots_globules": 8.282812118530273,
    "regression_structures": 6.681654453277588,
    "symmetric_uniform": 6.99671745300293,
    "reticular_network": 10.42507553100586,
    "arborizing_vessels": 8.892135620117188,
    "blue_grey_ovoid_nests": 7.543932914733887,
    "ulceration": 8.683979034423828,
    "scaly_surface": 9.205145835876465,
    "strawberry_pattern": 9.228501319885254,
    "milia_like_cysts": 8.9357328414917,
    "comedo_like_openings": 9.324423789978027,
    "cerebriform_surface": 9.214211463928223,
    "central_white_patch": 9.200840950012207,
    "red_lacunae": 9.278609275817871,
    "healthy_skin": 8.868965148925781
  },
  "just_eliminated": [],
  "issue4_fix": "best_within_step_checkpoint_restored"
}