{
  "lambda": 0.09506912685740002,
  "n_active": 24,
  "val_balacc": 0.5026573173949356,
  "val_auc": 0.8380590984259324,
  "val_loss": 1.5740804374217987,
  "actual_epochs": 33,
  "norms": {
    "asymmetry": 8.697375297546387,
    "border_irregularity": 7.196686744689941,
    "colour_variation": 8.931668281555176,
    "diameter_large": 8.202388763427734,
    "atypical_pigment_network": 10.042569160461426,
    "blue_white_veil": 11.967984199523926,
    "atypical_vascular_pattern": 9.050928115844727,
    "irregular_streaks": 7.793936252593994,
    "irregular_pigmentation": 5.768551826477051,
    "irregular_dots_globules": 8.484124183654785,
    "regression_structures": 6.610037326812744,
    "symmetric_uniform": 7.156087875366211,
    "reticular_network": 10.214666366577148,
    "arborizing_vessels": 8.850401878356934,
    "blue_grey_ovoid_nests": 7.477362632751465,
    "ulceration": 8.939189910888672,
    "scaly_surface": 9.350034713745117,
    "strawberry_pattern": 9.481252670288086,
    "milia_like_cysts": 8.75203800201416,
    "comedo_like_openings": 9.591617584228516,
    "cerebriform_surface": 9.302422523498535,
    "central_white_patch": 9.323285102844238,
    "red_lacunae": 9.303447723388672,
    "healthy_skin": 8.94605541229248
  },
  "just_eliminated": [],
  "issue4_fix": "best_within_step_checkpoint_restored"
}