{
  "lambda": 0.14991443618875278,
  "n_active": 24,
  "val_balacc": 0.5359836155932601,
  "val_auc": 0.8419177924477809,
  "val_loss": 1.5651178434491158,
  "actual_epochs": 27,
  "norms": {
    "asymmetry": 8.492766380310059,
    "border_irregularity": 7.094860076904297,
    "colour_variation": 8.951483726501465,
    "diameter_large": 8.080460548400879,
    "atypical_pigment_network": 9.865946769714355,
    "blue_white_veil": 11.778375625610352,
    "atypical_vascular_pattern": 8.884446144104004,
    "irregular_streaks": 7.616039752960205,
    "irregular_pigmentation": 5.862377166748047,
    "irregular_dots_globules": 8.396373748779297,
    "regression_structures": 6.46668815612793,
    "symmetric_uniform": 7.066410064697266,
    "reticular_network": 10.080988883972168,
    "arborizing_vessels": 8.676349639892578,
    "blue_grey_ovoid_nests": 7.379211902618408,
    "ulceration": 8.83366870880127,
    "scaly_surface": 9.204920768737793,
    "strawberry_pattern": 9.4113130569458,
    "milia_like_cysts": 8.656702041625977,
    "comedo_like_openings": 9.79985523223877,
    "cerebriform_surface": 9.183372497558594,
    "central_white_patch": 9.256850242614746,
    "red_lacunae": 9.194114685058594,
    "healthy_skin": 8.795639991760254
  },
  "just_eliminated": [],
  "issue4_fix": "best_within_step_checkpoint_restored"
}