{
  "lambda": 0.0029717306730230944,
  "n_active": 24,
  "val_balacc": 0.547885248775687,
  "val_auc": 0.8365907659667015,
  "val_loss": 1.5146749690175056,
  "actual_epochs": 24,
  "norms": {
    "asymmetry": 7.487909317016602,
    "border_irregularity": 6.434019565582275,
    "colour_variation": 7.874900817871094,
    "diameter_large": 7.718084812164307,
    "atypical_pigment_network": 8.015778541564941,
    "blue_white_veil": 9.9476900100708,
    "atypical_vascular_pattern": 8.196962356567383,
    "irregular_streaks": 7.1490478515625,
    "irregular_pigmentation": 3.1819350719451904,
    "irregular_dots_globules": 6.978544235229492,
    "regression_structures": 6.220102310180664,
    "symmetric_uniform": 6.364220142364502,
    "reticular_network": 9.133995056152344,
    "arborizing_vessels": 8.151580810546875,
    "blue_grey_ovoid_nests": 7.337152481079102,
    "ulceration": 7.327965259552002,
    "scaly_surface": 8.551023483276367,
    "strawberry_pattern": 7.891196250915527,
    "milia_like_cysts": 8.927846908569336,
    "comedo_like_openings": 8.629179954528809,
    "cerebriform_surface": 8.706926345825195,
    "central_white_patch": 8.472867012023926,
    "red_lacunae": 8.79034423828125,
    "healthy_skin": 8.21135425567627
  },
  "just_eliminated": [],
  "issue4_fix": "best_within_step_checkpoint_restored"
}