{
  "lambda": 0.030145989465620096,
  "n_active": 24,
  "val_balacc": 0.5412918153512131,
  "val_auc": 0.8384783244346088,
  "val_loss": 1.5824421048164368,
  "actual_epochs": 14,
  "norms": {
    "asymmetry": 8.710426330566406,
    "border_irregularity": 7.356048583984375,
    "colour_variation": 8.670052528381348,
    "diameter_large": 8.266526222229004,
    "atypical_pigment_network": 9.554460525512695,
    "blue_white_veil": 11.679765701293945,
    "atypical_vascular_pattern": 8.702048301696777,
    "irregular_streaks": 7.835837364196777,
    "irregular_pigmentation": 5.020155906677246,
    "irregular_dots_globules": 8.315288543701172,
    "regression_structures": 6.7012939453125,
    "symmetric_uniform": 7.015750408172607,
    "reticular_network": 10.419910430908203,
    "arborizing_vessels": 8.911458969116211,
    "blue_grey_ovoid_nests": 7.536357402801514,
    "ulceration": 8.689290046691895,
    "scaly_surface": 9.19094467163086,
    "strawberry_pattern": 9.214200019836426,
    "milia_like_cysts": 8.980669021606445,
    "comedo_like_openings": 9.30367374420166,
    "cerebriform_surface": 9.234641075134277,
    "central_white_patch": 9.176447868347168,
    "red_lacunae": 9.31226921081543,
    "healthy_skin": 8.82553482055664
  },
  "just_eliminated": [],
  "issue4_fix": "best_within_step_checkpoint_restored"
}