{
  "lambda": 0.06789481124778482,
  "n_active": 24,
  "val_balacc": 0.5331464033493146,
  "val_auc": 0.8412967261709333,
  "val_loss": 1.580794170498848,
  "actual_epochs": 24,
  "norms": {
    "asymmetry": 8.792168617248535,
    "border_irregularity": 7.2965312004089355,
    "colour_variation": 8.881994247436523,
    "diameter_large": 8.286317825317383,
    "atypical_pigment_network": 10.020303726196289,
    "blue_white_veil": 11.951581954956055,
    "atypical_vascular_pattern": 8.957871437072754,
    "irregular_streaks": 7.841858386993408,
    "irregular_pigmentation": 5.728121757507324,
    "irregular_dots_globules": 8.40549087524414,
    "regression_structures": 6.6310625076293945,
    "symmetric_uniform": 7.145926475524902,
    "reticular_network": 10.35346508026123,
    "arborizing_vessels": 8.824682235717773,
    "blue_grey_ovoid_nests": 7.477741241455078,
    "ulceration": 8.95366096496582,
    "scaly_surface": 9.346890449523926,
    "strawberry_pattern": 9.433953285217285,
    "milia_like_cysts": 8.860522270202637,
    "comedo_like_openings": 9.41102123260498,
    "cerebriform_surface": 9.26318645477295,
    "central_white_patch": 9.339709281921387,
    "red_lacunae": 9.402290344238281,
    "healthy_skin": 8.930181503295898
  },
  "just_eliminated": [],
  "issue4_fix": "best_within_step_checkpoint_restored"
}