{
  "lambda": 0.0014282462475762735,
  "n_active": 24,
  "val_balacc": 0.5542007156193792,
  "val_auc": 0.8357417199157651,
  "val_loss": 1.4678667709231377,
  "actual_epochs": 11,
  "norms": {
    "asymmetry": 7.008288383483887,
    "border_irregularity": 6.065097332000732,
    "colour_variation": 7.380085468292236,
    "diameter_large": 7.0176496505737305,
    "atypical_pigment_network": 7.084712028503418,
    "blue_white_veil": 8.074753761291504,
    "atypical_vascular_pattern": 7.375019073486328,
    "irregular_streaks": 6.568325042724609,
    "irregular_pigmentation": 3.9391753673553467,
    "irregular_dots_globules": 6.465647220611572,
    "regression_structures": 5.531881332397461,
    "symmetric_uniform": 6.314065933227539,
    "reticular_network": 8.424572944641113,
    "arborizing_vessels": 7.419738292694092,
    "blue_grey_ovoid_nests": 7.205738544464111,
    "ulceration": 7.024784564971924,
    "scaly_surface": 8.007420539855957,
    "strawberry_pattern": 7.126155376434326,
    "milia_like_cysts": 7.87505578994751,
    "comedo_like_openings": 7.931734085083008,
    "cerebriform_surface": 8.226722717285156,
    "central_white_patch": 8.19136905670166,
    "red_lacunae": 8.2590970993042,
    "healthy_skin": 7.66162633895874
  },
  "just_eliminated": [],
  "issue4_fix": "best_within_step_checkpoint_restored"
}