{
  "lambda": 0.008488257586492014,
  "n_active": 24,
  "val_balacc": 0.5544201706003287,
  "val_auc": 0.8391178283576995,
  "val_loss": 1.5520092509686947,
  "actual_epochs": 29,
  "norms": {
    "asymmetry": 8.145606994628906,
    "border_irregularity": 6.783496379852295,
    "colour_variation": 8.304950714111328,
    "diameter_large": 8.142313003540039,
    "atypical_pigment_network": 8.901042938232422,
    "blue_white_veil": 10.712388038635254,
    "atypical_vascular_pattern": 8.434982299804688,
    "irregular_streaks": 7.6461100578308105,
    "irregular_pigmentation": 4.180587291717529,
    "irregular_dots_globules": 7.696225643157959,
    "regression_structures": 6.506056785583496,
    "symmetric_uniform": 6.718214988708496,
    "reticular_network": 9.793828964233398,
    "arborizing_vessels": 8.61415958404541,
    "blue_grey_ovoid_nests": 7.41959285736084,
    "ulceration": 8.136215209960938,
    "scaly_surface": 8.83128833770752,
    "strawberry_pattern": 8.385684967041016,
    "milia_like_cysts": 8.892472267150879,
    "comedo_like_openings": 8.965532302856445,
    "cerebriform_surface": 8.910741806030273,
    "central_white_patch": 8.763480186462402,
    "red_lacunae": 9.01943588256836,
    "healthy_skin": 8.610132217407227
  },
  "just_eliminated": [],
  "issue4_fix": "best_within_step_checkpoint_restored"
}