{
  "lambda": 0.05044684484689429,
  "n_active": 24,
  "val_balacc": 0.5311844701057509,
  "val_auc": 0.8388330393334595,
  "val_loss": 1.578909806907177,
  "actual_epochs": 19,
  "norms": {
    "asymmetry": 8.760998725891113,
    "border_irregularity": 7.313253879547119,
    "colour_variation": 8.766640663146973,
    "diameter_large": 8.251869201660156,
    "atypical_pigment_network": 9.828272819519043,
    "blue_white_veil": 11.878488540649414,
    "atypical_vascular_pattern": 8.774880409240723,
    "irregular_streaks": 7.8605122566223145,
    "irregular_pigmentation": 5.5411176681518555,
    "irregular_dots_globules": 8.427083969116211,
    "regression_structures": 6.69661808013916,
    "symmetric_uniform": 7.083954811096191,
    "reticular_network": 10.378498077392578,
    "arborizing_vessels": 8.859387397766113,
    "blue_grey_ovoid_nests": 7.485340595245361,
    "ulceration": 8.854991912841797,
    "scaly_surface": 9.326546669006348,
    "strawberry_pattern": 9.348060607910156,
    "milia_like_cysts": 8.909215927124023,
    "comedo_like_openings": 9.388452529907227,
    "cerebriform_surface": 9.297334671020508,
    "central_white_patch": 9.301909446716309,
    "red_lacunae": 9.355565071105957,
    "healthy_skin": 8.85575008392334
  },
  "just_eliminated": [],
  "issue4_fix": "best_within_step_checkpoint_restored"
}