{
  "lambda": 0.09890991958243897,
  "n_active": 24,
  "val_balacc": 0.5420701758650003,
  "val_auc": 0.8384348784066963,
  "val_loss": 1.5572257041931152,
  "actual_epochs": 19,
  "norms": {
    "asymmetry": 8.693229675292969,
    "border_irregularity": 7.169272422790527,
    "colour_variation": 8.967019081115723,
    "diameter_large": 8.203839302062988,
    "atypical_pigment_network": 10.00976276397705,
    "blue_white_veil": 11.95124340057373,
    "atypical_vascular_pattern": 9.011839866638184,
    "irregular_streaks": 7.775570392608643,
    "irregular_pigmentation": 5.808528900146484,
    "irregular_dots_globules": 8.484264373779297,
    "regression_structures": 6.5903706550598145,
    "symmetric_uniform": 7.16204833984375,
    "reticular_network": 10.2156400680542,
    "arborizing_vessels": 8.810734748840332,
    "blue_grey_ovoid_nests": 7.465223789215088,
    "ulceration": 8.972211837768555,
    "scaly_surface": 9.335895538330078,
    "strawberry_pattern": 9.48480224609375,
    "milia_like_cysts": 8.749181747436523,
    "comedo_like_openings": 9.629995346069336,
    "cerebriform_surface": 9.317941665649414,
    "central_white_patch": 9.32271671295166,
    "red_lacunae": 9.323233604431152,
    "healthy_skin": 8.939775466918945
  },
  "just_eliminated": [],
  "issue4_fix": "best_within_step_checkpoint_restored"
}