{
  "lambda": 0.04945769102636695,
  "n_active": 24,
  "val_balacc": 0.5365280091878987,
  "val_auc": 0.8400050740152462,
  "val_loss": 1.5727935060858727,
  "actual_epochs": 18,
  "norms": {
    "asymmetry": 8.731276512145996,
    "border_irregularity": 7.306884288787842,
    "colour_variation": 8.77231216430664,
    "diameter_large": 8.264547348022461,
    "atypical_pigment_network": 9.806498527526855,
    "blue_white_veil": 11.86566162109375,
    "atypical_vascular_pattern": 8.771394729614258,
    "irregular_streaks": 7.866390228271484,
    "irregular_pigmentation": 5.513616561889648,
    "irregular_dots_globules": 8.449499130249023,
    "regression_structures": 6.700258255004883,
    "symmetric_uniform": 7.075954437255859,
    "reticular_network": 10.398660659790039,
    "arborizing_vessels": 8.862530708312988,
    "blue_grey_ovoid_nests": 7.480456352233887,
    "ulceration": 8.862627983093262,
    "scaly_surface": 9.304455757141113,
    "strawberry_pattern": 9.34185791015625,
    "milia_like_cysts": 8.9059419631958,
    "comedo_like_openings": 9.395238876342773,
    "cerebriform_surface": 9.302191734313965,
    "central_white_patch": 9.295672416687012,
    "red_lacunae": 9.361949920654297,
    "healthy_skin": 8.874286651611328
  },
  "just_eliminated": [],
  "issue4_fix": "best_within_step_checkpoint_restored"
}