{
  "lambda": 0.002691588029073608,
  "n_active": 24,
  "val_balacc": 0.5669615657622205,
  "val_auc": 0.8368773247203022,
  "val_loss": 1.5017383098602295,
  "actual_epochs": 25,
  "norms": {
    "asymmetry": 7.369489669799805,
    "border_irregularity": 6.364395618438721,
    "colour_variation": 7.806985855102539,
    "diameter_large": 7.660231590270996,
    "atypical_pigment_network": 7.898464202880859,
    "blue_white_veil": 9.788139343261719,
    "atypical_vascular_pattern": 8.180947303771973,
    "irregular_streaks": 7.073859691619873,
    "irregular_pigmentation": 3.1551995277404785,
    "irregular_dots_globules": 6.9444379806518555,
    "regression_structures": 6.060902118682861,
    "symmetric_uniform": 6.368844032287598,
    "reticular_network": 9.00419807434082,
    "arborizing_vessels": 8.006209373474121,
    "blue_grey_ovoid_nests": 7.313309192657471,
    "ulceration": 7.332533359527588,
    "scaly_surface": 8.508277893066406,
    "strawberry_pattern": 7.819047451019287,
    "milia_like_cysts": 8.909220695495605,
    "comedo_like_openings": 8.528460502624512,
    "cerebriform_surface": 8.706048965454102,
    "central_white_patch": 8.432659149169922,
    "red_lacunae": 8.741264343261719,
    "healthy_skin": 8.1917085647583
  },
  "just_eliminated": [],
  "issue4_fix": "best_within_step_checkpoint_restored"
}