{
  "lambda": 0.002252200456887151,
  "n_active": 24,
  "val_balacc": 0.561948290310408,
  "val_auc": 0.8340981792463054,
  "val_loss": 1.5092798545956612,
  "actual_epochs": 11,
  "norms": {
    "asymmetry": 7.216656684875488,
    "border_irregularity": 6.366788387298584,
    "colour_variation": 7.734307765960693,
    "diameter_large": 7.529496192932129,
    "atypical_pigment_network": 7.608417510986328,
    "blue_white_veil": 9.424421310424805,
    "atypical_vascular_pattern": 7.990600109100342,
    "irregular_streaks": 6.914212703704834,
    "irregular_pigmentation": 3.2894322872161865,
    "irregular_dots_globules": 6.697055816650391,
    "regression_structures": 5.951424598693848,
    "symmetric_uniform": 6.28654146194458,
    "reticular_network": 8.881933212280273,
    "arborizing_vessels": 7.835429668426514,
    "blue_grey_ovoid_nests": 7.299400329589844,
    "ulceration": 7.138916492462158,
    "scaly_surface": 8.402615547180176,
    "strawberry_pattern": 7.625535011291504,
    "milia_like_cysts": 8.69241714477539,
    "comedo_like_openings": 8.369654655456543,
    "cerebriform_surface": 8.612540245056152,
    "central_white_patch": 8.340359687805176,
    "red_lacunae": 8.641197204589844,
    "healthy_skin": 8.095882415771484
  },
  "just_eliminated": [],
  "issue4_fix": "best_within_step_checkpoint_restored"
}