{
  "lambda": 0.08782917800354344,
  "n_active": 24,
  "val_balacc": 0.5438056760505635,
  "val_auc": 0.8416957409059328,
  "val_loss": 1.557866320014,
  "actual_epochs": 20,
  "norms": {
    "asymmetry": 8.701957702636719,
    "border_irregularity": 7.260855197906494,
    "colour_variation": 8.878864288330078,
    "diameter_large": 8.194645881652832,
    "atypical_pigment_network": 10.074597358703613,
    "blue_white_veil": 11.95898723602295,
    "atypical_vascular_pattern": 8.980127334594727,
    "irregular_streaks": 7.830811500549316,
    "irregular_pigmentation": 5.784728527069092,
    "irregular_dots_globules": 8.435277938842773,
    "regression_structures": 6.589021682739258,
    "symmetric_uniform": 7.125046730041504,
    "reticular_network": 10.253641128540039,
    "arborizing_vessels": 8.821513175964355,
    "blue_grey_ovoid_nests": 7.430238246917725,
    "ulceration": 8.923028945922852,
    "scaly_surface": 9.319012641906738,
    "strawberry_pattern": 9.481263160705566,
    "milia_like_cysts": 8.773021697998047,
    "comedo_like_openings": 9.520986557006836,
    "cerebriform_surface": 9.238192558288574,
    "central_white_patch": 9.295347213745117,
    "red_lacunae": 9.358078002929688,
    "healthy_skin": 8.970513343811035
  },
  "just_eliminated": [],
  "issue4_fix": "best_within_step_checkpoint_restored"
}