{
  "lambda": 0.0013727857050906125,
  "n_active": 24,
  "val_balacc": 0.5572399000354972,
  "val_auc": 0.8383432106975789,
  "val_loss": 1.4645337834954262,
  "actual_epochs": 27,
  "norms": {
    "asymmetry": 7.061652183532715,
    "border_irregularity": 6.006030082702637,
    "colour_variation": 7.380352973937988,
    "diameter_large": 7.001827716827393,
    "atypical_pigment_network": 7.077573299407959,
    "blue_white_veil": 7.980950355529785,
    "atypical_vascular_pattern": 7.305862903594971,
    "irregular_streaks": 6.526292324066162,
    "irregular_pigmentation": 3.988490343093872,
    "irregular_dots_globules": 6.446971416473389,
    "regression_structures": 5.504570007324219,
    "symmetric_uniform": 6.284387588500977,
    "reticular_network": 8.377466201782227,
    "arborizing_vessels": 7.379040718078613,
    "blue_grey_ovoid_nests": 7.196629524230957,
    "ulceration": 7.002248764038086,
    "scaly_surface": 7.9588470458984375,
    "strawberry_pattern": 7.069913387298584,
    "milia_like_cysts": 7.814979076385498,
    "comedo_like_openings": 7.8807783126831055,
    "cerebriform_surface": 8.199347496032715,
    "central_white_patch": 8.207334518432617,
    "red_lacunae": 8.203537940979004,
    "healthy_skin": 7.624330520629883
  },
  "just_eliminated": [],
  "issue4_fix": "best_within_step_checkpoint_restored"
}