{
  "lambda": 0.0015768992641913982,
  "n_active": 24,
  "val_balacc": 0.574760917025203,
  "val_auc": 0.8419159896200412,
  "val_loss": 1.4807059839367867,
  "actual_epochs": 11,
  "norms": {
    "asymmetry": 7.095311641693115,
    "border_irregularity": 6.213977813720703,
    "colour_variation": 7.464444160461426,
    "diameter_large": 7.136018753051758,
    "atypical_pigment_network": 7.2180657386779785,
    "blue_white_veil": 8.441473007202148,
    "atypical_vascular_pattern": 7.54771614074707,
    "irregular_streaks": 6.66253662109375,
    "irregular_pigmentation": 3.761263132095337,
    "irregular_dots_globules": 6.508199214935303,
    "regression_structures": 5.577378273010254,
    "symmetric_uniform": 6.27903938293457,
    "reticular_network": 8.569266319274902,
    "arborizing_vessels": 7.544499397277832,
    "blue_grey_ovoid_nests": 7.246951103210449,
    "ulceration": 6.9988112449646,
    "scaly_surface": 8.100391387939453,
    "strawberry_pattern": 7.251743793487549,
    "milia_like_cysts": 8.04763412475586,
    "comedo_like_openings": 8.012447357177734,
    "cerebriform_surface": 8.308985710144043,
    "central_white_patch": 8.2605562210083,
    "red_lacunae": 8.36368179321289,
    "healthy_skin": 7.748480319976807
  },
  "just_eliminated": [],
  "issue4_fix": "best_within_step_checkpoint_restored"
}