{
  "lambda": 0.003694973570305265,
  "n_active": 24,
  "val_balacc": 0.5354660072291223,
  "val_auc": 0.8400277797181536,
  "val_loss": 1.5259822458028793,
  "actual_epochs": 24,
  "norms": {
    "asymmetry": 7.776423454284668,
    "border_irregularity": 6.476530075073242,
    "colour_variation": 8.110736846923828,
    "diameter_large": 7.886890411376953,
    "atypical_pigment_network": 8.366291999816895,
    "blue_white_veil": 10.256613731384277,
    "atypical_vascular_pattern": 8.32952880859375,
    "irregular_streaks": 7.292809009552002,
    "irregular_pigmentation": 3.4378814697265625,
    "irregular_dots_globules": 7.2978596687316895,
    "regression_structures": 6.3033061027526855,
    "symmetric_uniform": 6.5059099197387695,
    "reticular_network": 9.300183296203613,
    "arborizing_vessels": 8.298385620117188,
    "blue_grey_ovoid_nests": 7.434544563293457,
    "ulceration": 7.486439228057861,
    "scaly_surface": 8.662071228027344,
    "strawberry_pattern": 7.998775482177734,
    "milia_like_cysts": 8.939986228942871,
    "comedo_like_openings": 8.743731498718262,
    "cerebriform_surface": 8.830368041992188,
    "central_white_patch": 8.559090614318848,
    "red_lacunae": 8.849620819091797,
    "healthy_skin": 8.439053535461426
  },
  "just_eliminated": [],
  "issue4_fix": "best_within_step_checkpoint_restored"
}