{
  "lambda": 0.12298205285418576,
  "n_active": 24,
  "val_balacc": 0.5448516421191082,
  "val_auc": 0.8414275428035406,
  "val_loss": 1.5792715474963188,
  "actual_epochs": 12,
  "norms": {
    "asymmetry": 8.592485427856445,
    "border_irregularity": 7.16718864440918,
    "colour_variation": 8.969734191894531,
    "diameter_large": 8.148378372192383,
    "atypical_pigment_network": 9.979143142700195,
    "blue_white_veil": 11.836183547973633,
    "atypical_vascular_pattern": 8.965542793273926,
    "irregular_streaks": 7.7454833984375,
    "irregular_pigmentation": 5.828553676605225,
    "irregular_dots_globules": 8.449851989746094,
    "regression_structures": 6.511126518249512,
    "symmetric_uniform": 7.113925457000732,
    "reticular_network": 10.13516902923584,
    "arborizing_vessels": 8.756637573242188,
    "blue_grey_ovoid_nests": 7.457563400268555,
    "ulceration": 8.919944763183594,
    "scaly_surface": 9.2713041305542,
    "strawberry_pattern": 9.44484806060791,
    "milia_like_cysts": 8.71988582611084,
    "comedo_like_openings": 9.772648811340332,
    "cerebriform_surface": 9.260024070739746,
    "central_white_patch": 9.291064262390137,
    "red_lacunae": 9.238106727600098,
    "healthy_skin": 8.888989448547363
  },
  "just_eliminated": [],
  "issue4_fix": "best_within_step_checkpoint_restored"
}