{
  "lambda": 0.1688280041409244,
  "n_active": 24,
  "val_balacc": 0.5125057020900236,
  "val_auc": 0.839672840130563,
  "val_loss": 1.56101842969656,
  "actual_epochs": 18,
  "norms": {
    "asymmetry": 8.434793472290039,
    "border_irregularity": 7.032376766204834,
    "colour_variation": 8.926044464111328,
    "diameter_large": 8.03685474395752,
    "atypical_pigment_network": 9.903852462768555,
    "blue_white_veil": 11.738920211791992,
    "atypical_vascular_pattern": 8.848634719848633,
    "irregular_streaks": 7.545571804046631,
    "irregular_pigmentation": 5.827337741851807,
    "irregular_dots_globules": 8.426209449768066,
    "regression_structures": 6.435939788818359,
    "symmetric_uniform": 7.044660568237305,
    "reticular_network": 10.020415306091309,
    "arborizing_vessels": 8.613163948059082,
    "blue_grey_ovoid_nests": 7.356663227081299,
    "ulceration": 8.808428764343262,
    "scaly_surface": 9.12738037109375,
    "strawberry_pattern": 9.348445892333984,
    "milia_like_cysts": 8.58807373046875,
    "comedo_like_openings": 9.848633766174316,
    "cerebriform_surface": 9.178540229797363,
    "central_white_patch": 9.189323425292969,
    "red_lacunae": 9.14979362487793,
    "healthy_skin": 8.793790817260742
  },
  "just_eliminated": [],
  "issue4_fix": "best_within_step_checkpoint_restored"
}