{
  "lambda": 0.004779842309898428,
  "n_active": 24,
  "val_balacc": 0.5370958620254075,
  "val_auc": 0.8369429422210233,
  "val_loss": 1.5306312702596188,
  "actual_epochs": 21,
  "norms": {
    "asymmetry": 7.984501361846924,
    "border_irregularity": 6.563997745513916,
    "colour_variation": 8.20459270477295,
    "diameter_large": 7.990198612213135,
    "atypical_pigment_network": 8.519501686096191,
    "blue_white_veil": 10.504064559936523,
    "atypical_vascular_pattern": 8.402130126953125,
    "irregular_streaks": 7.4111008644104,
    "irregular_pigmentation": 3.911384344100952,
    "irregular_dots_globules": 7.481587886810303,
    "regression_structures": 6.396188735961914,
    "symmetric_uniform": 6.623165130615234,
    "reticular_network": 9.477275848388672,
    "arborizing_vessels": 8.444401741027832,
    "blue_grey_ovoid_nests": 7.350225925445557,
    "ulceration": 7.697276592254639,
    "scaly_surface": 8.774757385253906,
    "strawberry_pattern": 8.181402206420898,
    "milia_like_cysts": 8.848910331726074,
    "comedo_like_openings": 8.764657020568848,
    "cerebriform_surface": 8.803354263305664,
    "central_white_patch": 8.600642204284668,
    "red_lacunae": 8.93735408782959,
    "healthy_skin": 8.469764709472656
  },
  "just_eliminated": [],
  "issue4_fix": "best_within_step_checkpoint_restored"
}