{
  "lambda": 0.001126162419264,
  "n_active": 24,
  "val_balacc": 0.5631327760206472,
  "val_auc": 0.8404339188755108,
  "val_loss": 1.4204870127141476,
  "actual_epochs": 19,
  "norms": {
    "asymmetry": 6.758315563201904,
    "border_irregularity": 5.689183712005615,
    "colour_variation": 6.994495868682861,
    "diameter_large": 6.650561332702637,
    "atypical_pigment_network": 6.748165130615234,
    "blue_white_veil": 6.944746017456055,
    "atypical_vascular_pattern": 6.692802906036377,
    "irregular_streaks": 6.053686141967773,
    "irregular_pigmentation": 4.642480850219727,
    "irregular_dots_globules": 6.232661247253418,
    "regression_structures": 5.603010654449463,
    "symmetric_uniform": 6.165754795074463,
    "reticular_network": 7.552463531494141,
    "arborizing_vessels": 6.892245769500732,
    "blue_grey_ovoid_nests": 7.095432758331299,
    "ulceration": 6.998647689819336,
    "scaly_surface": 7.400550842285156,
    "strawberry_pattern": 6.488353252410889,
    "milia_like_cysts": 7.246518135070801,
    "comedo_like_openings": 7.497216701507568,
    "cerebriform_surface": 7.573626518249512,
    "central_white_patch": 7.699564456939697,
    "red_lacunae": 7.623932361602783,
    "healthy_skin": 7.173039436340332
  },
  "just_eliminated": [],
  "issue4_fix": "best_within_step_checkpoint_restored"
}