{
  "lambda": 0.18639975841456474,
  "n_active": 24,
  "val_balacc": 0.5164874798270189,
  "val_auc": 0.8401452287212174,
  "val_loss": 1.5612703561782837,
  "actual_epochs": 17,
  "norms": {
    "asymmetry": 8.408679962158203,
    "border_irregularity": 7.0027642250061035,
    "colour_variation": 8.883405685424805,
    "diameter_large": 8.017810821533203,
    "atypical_pigment_network": 9.870429992675781,
    "blue_white_veil": 11.715478897094727,
    "atypical_vascular_pattern": 8.844475746154785,
    "irregular_streaks": 7.558644771575928,
    "irregular_pigmentation": 5.785770893096924,
    "irregular_dots_globules": 8.369301795959473,
    "regression_structures": 6.425591468811035,
    "symmetric_uniform": 7.05141544342041,
    "reticular_network": 9.956968307495117,
    "arborizing_vessels": 8.594596862792969,
    "blue_grey_ovoid_nests": 7.288723468780518,
    "ulceration": 8.737759590148926,
    "scaly_surface": 9.125114440917969,
    "strawberry_pattern": 9.307793617248535,
    "milia_like_cysts": 8.54924201965332,
    "comedo_like_openings": 9.793612480163574,
    "cerebriform_surface": 9.10803508758545,
    "central_white_patch": 9.174779891967773,
    "red_lacunae": 9.11974048614502,
    "healthy_skin": 8.748265266418457
  },
  "just_eliminated": [],
  "issue4_fix": "best_within_step_checkpoint_restored"
}