{
  "lambda": 0.029554891632960874,
  "n_active": 24,
  "val_balacc": 0.525033302119188,
  "val_auc": 0.838842367281632,
  "val_loss": 1.5518647842109203,
  "actual_epochs": 14,
  "norms": {
    "asymmetry": 8.680590629577637,
    "border_irregularity": 7.357168197631836,
    "colour_variation": 8.684713363647461,
    "diameter_large": 8.285490989685059,
    "atypical_pigment_network": 9.54485034942627,
    "blue_white_veil": 11.689112663269043,
    "atypical_vascular_pattern": 8.706631660461426,
    "irregular_streaks": 7.830945014953613,
    "irregular_pigmentation": 5.020137310028076,
    "irregular_dots_globules": 8.31567668914795,
    "regression_structures": 6.699120044708252,
    "symmetric_uniform": 7.00034236907959,
    "reticular_network": 10.418498992919922,
    "arborizing_vessels": 8.922965049743652,
    "blue_grey_ovoid_nests": 7.528918743133545,
    "ulceration": 8.686235427856445,
    "scaly_surface": 9.213140487670898,
    "strawberry_pattern": 9.21363639831543,
    "milia_like_cysts": 8.980796813964844,
    "comedo_like_openings": 9.30505084991455,
    "cerebriform_surface": 9.226475715637207,
    "central_white_patch": 9.171757698059082,
    "red_lacunae": 9.29478645324707,
    "healthy_skin": 8.829262733459473
  },
  "just_eliminated": [],
  "issue4_fix": "best_within_step_checkpoint_restored"
}