{
  "lambda": 0.04848793237879112,
  "n_active": 24,
  "val_balacc": 0.5166680310814452,
  "val_auc": 0.8416335639304592,
  "val_loss": 1.588232547044754,
  "actual_epochs": 14,
  "norms": {
    "asymmetry": 8.722431182861328,
    "border_irregularity": 7.324443817138672,
    "colour_variation": 8.762046813964844,
    "diameter_large": 8.26829719543457,
    "atypical_pigment_network": 9.805255889892578,
    "blue_white_veil": 11.851432800292969,
    "atypical_vascular_pattern": 8.743419647216797,
    "irregular_streaks": 7.8804707527160645,
    "irregular_pigmentation": 5.507944583892822,
    "irregular_dots_globules": 8.4387845993042,
    "regression_structures": 6.691420555114746,
    "symmetric_uniform": 7.076589584350586,
    "reticular_network": 10.418113708496094,
    "arborizing_vessels": 8.863444328308105,
    "blue_grey_ovoid_nests": 7.4881815910339355,
    "ulceration": 8.847051620483398,
    "scaly_surface": 9.278617858886719,
    "strawberry_pattern": 9.343157768249512,
    "milia_like_cysts": 8.884880065917969,
    "comedo_like_openings": 9.401350975036621,
    "cerebriform_surface": 9.297666549682617,
    "central_white_patch": 9.303983688354492,
    "red_lacunae": 9.334808349609375,
    "healthy_skin": 8.875046730041504
  },
  "just_eliminated": [],
  "issue4_fix": "best_within_step_checkpoint_restored"
}