{
  "lambda": 0.12795052778949487,
  "n_active": 24,
  "val_balacc": 0.5182280984384102,
  "val_auc": 0.8403280730693381,
  "val_loss": 1.5731274858117104,
  "actual_epochs": 16,
  "norms": {
    "asymmetry": 8.577706336975098,
    "border_irregularity": 7.155928134918213,
    "colour_variation": 8.96041488647461,
    "diameter_large": 8.172457695007324,
    "atypical_pigment_network": 9.947965621948242,
    "blue_white_veil": 11.838203430175781,
    "atypical_vascular_pattern": 8.93460750579834,
    "irregular_streaks": 7.723501682281494,
    "irregular_pigmentation": 5.820161819458008,
    "irregular_dots_globules": 8.44576358795166,
    "regression_structures": 6.507256984710693,
    "symmetric_uniform": 7.1400370597839355,
    "reticular_network": 10.114383697509766,
    "arborizing_vessels": 8.765155792236328,
    "blue_grey_ovoid_nests": 7.456051826477051,
    "ulceration": 8.880072593688965,
    "scaly_surface": 9.295352935791016,
    "strawberry_pattern": 9.44297981262207,
    "milia_like_cysts": 8.709541320800781,
    "comedo_like_openings": 9.756515502929688,
    "cerebriform_surface": 9.256781578063965,
    "central_white_patch": 9.26077938079834,
    "red_lacunae": 9.235158920288086,
    "healthy_skin": 8.845598220825195
  },
  "just_eliminated": [],
  "issue4_fix": "best_within_step_checkpoint_restored"
}