{
  "lambda": 0.003346651404132723,
  "n_active": 24,
  "val_balacc": 0.5539634883709369,
  "val_auc": 0.8388633231149348,
  "val_loss": 1.5184411592781544,
  "actual_epochs": 33,
  "norms": {
    "asymmetry": 7.635765075683594,
    "border_irregularity": 6.461453437805176,
    "colour_variation": 8.073262214660645,
    "diameter_large": 7.846956253051758,
    "atypical_pigment_network": 8.271759986877441,
    "blue_white_veil": 10.163050651550293,
    "atypical_vascular_pattern": 8.340202331542969,
    "irregular_streaks": 7.22934103012085,
    "irregular_pigmentation": 3.330796241760254,
    "irregular_dots_globules": 7.270506381988525,
    "regression_structures": 6.273832321166992,
    "symmetric_uniform": 6.465785503387451,
    "reticular_network": 9.3027982711792,
    "arborizing_vessels": 8.229945182800293,
    "blue_grey_ovoid_nests": 7.380860328674316,
    "ulceration": 7.445392608642578,
    "scaly_surface": 8.664420127868652,
    "strawberry_pattern": 7.958441257476807,
    "milia_like_cysts": 9.03736400604248,
    "comedo_like_openings": 8.717514038085938,
    "cerebriform_surface": 8.755321502685547,
    "central_white_patch": 8.547618865966797,
    "red_lacunae": 8.85499095916748,
    "healthy_skin": 8.375597953796387
  },
  "just_eliminated": [],
  "issue4_fix": "best_within_step_checkpoint_restored"
}