{
  "lambda": 0.005072406898002691,
  "n_active": 24,
  "val_balacc": 0.5472671668798148,
  "val_auc": 0.8373237861377949,
  "val_loss": 1.5202766507863998,
  "actual_epochs": 15,
  "norms": {
    "asymmetry": 7.99893856048584,
    "border_irregularity": 6.58050537109375,
    "colour_variation": 8.216304779052734,
    "diameter_large": 7.99824333190918,
    "atypical_pigment_network": 8.485137939453125,
    "blue_white_veil": 10.502410888671875,
    "atypical_vascular_pattern": 8.390913009643555,
    "irregular_streaks": 7.441308975219727,
    "irregular_pigmentation": 3.9341862201690674,
    "irregular_dots_globules": 7.495883941650391,
    "regression_structures": 6.391275882720947,
    "symmetric_uniform": 6.604267120361328,
    "reticular_network": 9.422332763671875,
    "arborizing_vessels": 8.408360481262207,
    "blue_grey_ovoid_nests": 7.346494197845459,
    "ulceration": 7.7263994216918945,
    "scaly_surface": 8.772156715393066,
    "strawberry_pattern": 8.179877281188965,
    "milia_like_cysts": 8.832778930664062,
    "comedo_like_openings": 8.755254745483398,
    "cerebriform_surface": 8.799307823181152,
    "central_white_patch": 8.59249496459961,
    "red_lacunae": 8.94903564453125,
    "healthy_skin": 8.468047142028809
  },
  "just_eliminated": [],
  "issue4_fix": "best_within_step_checkpoint_restored"
}