{
  "lambda": 0.06149442237470542,
  "n_active": 24,
  "val_balacc": 0.5398051277731752,
  "val_auc": 0.8380796337644076,
  "val_loss": 1.5742061659693718,
  "actual_epochs": 18,
  "norms": {
    "asymmetry": 8.76234245300293,
    "border_irregularity": 7.330333232879639,
    "colour_variation": 8.853346824645996,
    "diameter_large": 8.291956901550293,
    "atypical_pigment_network": 9.954279899597168,
    "blue_white_veil": 11.922343254089355,
    "atypical_vascular_pattern": 8.908876419067383,
    "irregular_streaks": 7.86773157119751,
    "irregular_pigmentation": 5.674482822418213,
    "irregular_dots_globules": 8.41931438446045,
    "regression_structures": 6.659406661987305,
    "symmetric_uniform": 7.115039348602295,
    "reticular_network": 10.38905143737793,
    "arborizing_vessels": 8.85379695892334,
    "blue_grey_ovoid_nests": 7.495214939117432,
    "ulceration": 8.949652671813965,
    "scaly_surface": 9.289613723754883,
    "strawberry_pattern": 9.432862281799316,
    "milia_like_cysts": 8.879007339477539,
    "comedo_like_openings": 9.471061706542969,
    "cerebriform_surface": 9.240091323852539,
    "central_white_patch": 9.355398178100586,
    "red_lacunae": 9.387266159057617,
    "healthy_skin": 8.935541152954102
  },
  "just_eliminated": [],
  "issue4_fix": "best_within_step_checkpoint_restored"
}