{
  "lambda": 0.03823240377874162,
  "n_active": 24,
  "val_balacc": 0.534727426050477,
  "val_auc": 0.8414277016077717,
  "val_loss": 1.5786466412246227,
  "actual_epochs": 27,
  "norms": {
    "asymmetry": 8.79372501373291,
    "border_irregularity": 7.366134166717529,
    "colour_variation": 8.74271297454834,
    "diameter_large": 8.30846881866455,
    "atypical_pigment_network": 9.639575958251953,
    "blue_white_veil": 11.795613288879395,
    "atypical_vascular_pattern": 8.744607925415039,
    "irregular_streaks": 7.914204120635986,
    "irregular_pigmentation": 5.3414716720581055,
    "irregular_dots_globules": 8.394634246826172,
    "regression_structures": 6.690167427062988,
    "symmetric_uniform": 7.034832954406738,
    "reticular_network": 10.501350402832031,
    "arborizing_vessels": 8.85874080657959,
    "blue_grey_ovoid_nests": 7.566673278808594,
    "ulceration": 8.804566383361816,
    "scaly_surface": 9.27092456817627,
    "strawberry_pattern": 9.331716537475586,
    "milia_like_cysts": 8.95180606842041,
    "comedo_like_openings": 9.39301586151123,
    "cerebriform_surface": 9.300048828125,
    "central_white_patch": 9.274803161621094,
    "red_lacunae": 9.3023099899292,
    "healthy_skin": 8.879434585571289
  },
  "just_eliminated": [],
  "issue4_fix": "best_within_step_checkpoint_restored"
}