{
  "lambda": 0.08610703725837592,
  "n_active": 24,
  "val_balacc": 0.5513495678425812,
  "val_auc": 0.8351511866835781,
  "val_loss": 1.5813715606927872,
  "actual_epochs": 11,
  "norms": {
    "asymmetry": 8.71154499053955,
    "border_irregularity": 7.271867752075195,
    "colour_variation": 8.883893966674805,
    "diameter_large": 8.201019287109375,
    "atypical_pigment_network": 10.064640998840332,
    "blue_white_veil": 11.966829299926758,
    "atypical_vascular_pattern": 8.973556518554688,
    "irregular_streaks": 7.837044715881348,
    "irregular_pigmentation": 5.80350923538208,
    "irregular_dots_globules": 8.432902336120605,
    "regression_structures": 6.604288101196289,
    "symmetric_uniform": 7.0987420082092285,
    "reticular_network": 10.2708101272583,
    "arborizing_vessels": 8.834807395935059,
    "blue_grey_ovoid_nests": 7.411283016204834,
    "ulceration": 8.89478588104248,
    "scaly_surface": 9.348069190979004,
    "strawberry_pattern": 9.477141380310059,
    "milia_like_cysts": 8.771536827087402,
    "comedo_like_openings": 9.491129875183105,
    "cerebriform_surface": 9.262882232666016,
    "central_white_patch": 9.300532341003418,
    "red_lacunae": 9.364477157592773,
    "healthy_skin": 8.956603050231934
  },
  "just_eliminated": [],
  "issue4_fix": "best_within_step_checkpoint_restored"
}