{
  "lambda": 0.26622475550472596,
  "n_active": 24,
  "val_balacc": 0.5320939488586341,
  "val_auc": 0.8426304984192071,
  "val_loss": 1.5516202747821808,
  "actual_epochs": 14,
  "norms": {
    "asymmetry": 8.23448371887207,
    "border_irregularity": 6.715882301330566,
    "colour_variation": 8.821502685546875,
    "diameter_large": 7.827713489532471,
    "atypical_pigment_network": 9.64503288269043,
    "blue_white_veil": 11.468446731567383,
    "atypical_vascular_pattern": 8.683611869812012,
    "irregular_streaks": 7.279894828796387,
    "irregular_pigmentation": 5.576132774353027,
    "irregular_dots_globules": 8.207497596740723,
    "regression_structures": 6.118104934692383,
    "symmetric_uniform": 6.796771049499512,
    "reticular_network": 9.733932495117188,
    "arborizing_vessels": 8.269876480102539,
    "blue_grey_ovoid_nests": 7.147421360015869,
    "ulceration": 8.566926002502441,
    "scaly_surface": 9.029133796691895,
    "strawberry_pattern": 9.168305397033691,
    "milia_like_cysts": 8.33107852935791,
    "comedo_like_openings": 9.613909721374512,
    "cerebriform_surface": 8.981877326965332,
    "central_white_patch": 8.94674015045166,
    "red_lacunae": 8.920899391174316,
    "healthy_skin": 8.564350128173828
  },
  "just_eliminated": [],
  "issue4_fix": "best_within_step_checkpoint_restored"
}