{
  "lambda": 0.005826601104221035,
  "n_active": 24,
  "val_balacc": 0.5414808337244489,
  "val_auc": 0.8351698429980996,
  "val_loss": 1.5450816676020622,
  "actual_epochs": 14,
  "norms": {
    "asymmetry": 7.978896617889404,
    "border_irregularity": 6.613443851470947,
    "colour_variation": 8.183128356933594,
    "diameter_large": 8.022419929504395,
    "atypical_pigment_network": 8.522509574890137,
    "blue_white_veil": 10.525460243225098,
    "atypical_vascular_pattern": 8.365625381469727,
    "irregular_streaks": 7.463493347167969,
    "irregular_pigmentation": 4.014237880706787,
    "irregular_dots_globules": 7.5068182945251465,
    "regression_structures": 6.385026931762695,
    "symmetric_uniform": 6.589709281921387,
    "reticular_network": 9.415783882141113,
    "arborizing_vessels": 8.424970626831055,
    "blue_grey_ovoid_nests": 7.340128421783447,
    "ulceration": 7.766847133636475,
    "scaly_surface": 8.734512329101562,
    "strawberry_pattern": 8.172235488891602,
    "milia_like_cysts": 8.826711654663086,
    "comedo_like_openings": 8.753293991088867,
    "cerebriform_surface": 8.83404541015625,
    "central_white_patch": 8.632003784179688,
    "red_lacunae": 8.946085929870605,
    "healthy_skin": 8.506917953491211
  },
  "just_eliminated": [],
  "issue4_fix": "best_within_step_checkpoint_restored"
}