{
  "lambda": 0.002208039663614854,
  "n_active": 24,
  "val_balacc": 0.5599829180951678,
  "val_auc": 0.8358259607991149,
  "val_loss": 1.4896051920950413,
  "actual_epochs": 33,
  "norms": {
    "asymmetry": 7.235655307769775,
    "border_irregularity": 6.358150005340576,
    "colour_variation": 7.72623348236084,
    "diameter_large": 7.537808895111084,
    "atypical_pigment_network": 7.6188201904296875,
    "blue_white_veil": 9.416268348693848,
    "atypical_vascular_pattern": 8.010422706604004,
    "irregular_streaks": 6.917349815368652,
    "irregular_pigmentation": 3.287280321121216,
    "irregular_dots_globules": 6.700718879699707,
    "regression_structures": 5.9511566162109375,
    "symmetric_uniform": 6.290167331695557,
    "reticular_network": 8.884039878845215,
    "arborizing_vessels": 7.832065582275391,
    "blue_grey_ovoid_nests": 7.311350345611572,
    "ulceration": 7.142367362976074,
    "scaly_surface": 8.401127815246582,
    "strawberry_pattern": 7.610913276672363,
    "milia_like_cysts": 8.67668342590332,
    "comedo_like_openings": 8.344016075134277,
    "cerebriform_surface": 8.608148574829102,
    "central_white_patch": 8.362470626831055,
    "red_lacunae": 8.63376522064209,
    "healthy_skin": 8.080968856811523
  },
  "just_eliminated": [],
  "issue4_fix": "best_within_step_checkpoint_restored"
}