{
  "lambda": 0.016975577667533215,
  "n_active": 24,
  "val_balacc": 0.5530779356084026,
  "val_auc": 0.8371942322236952,
  "val_loss": 1.5679911151528358,
  "actual_epochs": 15,
  "norms": {
    "asymmetry": 8.493046760559082,
    "border_irregularity": 7.049088478088379,
    "colour_variation": 8.56229019165039,
    "diameter_large": 8.235291481018066,
    "atypical_pigment_network": 9.229690551757812,
    "blue_white_veil": 11.224143028259277,
    "atypical_vascular_pattern": 8.519450187683105,
    "irregular_streaks": 7.8074212074279785,
    "irregular_pigmentation": 4.495165824890137,
    "irregular_dots_globules": 7.9806132316589355,
    "regression_structures": 6.634437561035156,
    "symmetric_uniform": 6.898682594299316,
    "reticular_network": 10.290718078613281,
    "arborizing_vessels": 8.788780212402344,
    "blue_grey_ovoid_nests": 7.437206268310547,
    "ulceration": 8.424751281738281,
    "scaly_surface": 9.040552139282227,
    "strawberry_pattern": 8.769091606140137,
    "milia_like_cysts": 8.918428421020508,
    "comedo_like_openings": 9.19986343383789,
    "cerebriform_surface": 9.108287811279297,
    "central_white_patch": 8.982399940490723,
    "red_lacunae": 9.222238540649414,
    "healthy_skin": 8.770546913146973
  },
  "just_eliminated": [],
  "issue4_fix": "best_within_step_checkpoint_restored"
}