{
  "lambda": 0.0029134614441402884,
  "n_active": 24,
  "val_balacc": 0.5435712975995024,
  "val_auc": 0.832631883242881,
  "val_loss": 1.490857221186161,
  "actual_epochs": 17,
  "norms": {
    "asymmetry": 7.459366321563721,
    "border_irregularity": 6.410831928253174,
    "colour_variation": 7.8535308837890625,
    "diameter_large": 7.731049537658691,
    "atypical_pigment_network": 8.016651153564453,
    "blue_white_veil": 9.942831993103027,
    "atypical_vascular_pattern": 8.179770469665527,
    "irregular_streaks": 7.126772403717041,
    "irregular_pigmentation": 3.1713640689849854,
    "irregular_dots_globules": 6.944790363311768,
    "regression_structures": 6.166199207305908,
    "symmetric_uniform": 6.3570475578308105,
    "reticular_network": 9.113471984863281,
    "arborizing_vessels": 8.129926681518555,
    "blue_grey_ovoid_nests": 7.327905654907227,
    "ulceration": 7.331020832061768,
    "scaly_surface": 8.547673225402832,
    "strawberry_pattern": 7.860176086425781,
    "milia_like_cysts": 8.92350959777832,
    "comedo_like_openings": 8.618738174438477,
    "cerebriform_surface": 8.695671081542969,
    "central_white_patch": 8.464982986450195,
    "red_lacunae": 8.790528297424316,
    "healthy_skin": 8.18186092376709
  },
  "just_eliminated": [],
  "issue4_fix": "best_within_step_checkpoint_restored"
}