{
  "lambda": 0.0023900531424522996,
  "n_active": 24,
  "val_balacc": 0.557546095927571,
  "val_auc": 0.8359827740174247,
  "val_loss": 1.4974009208381176,
  "actual_epochs": 29,
  "norms": {
    "asymmetry": 7.3082685470581055,
    "border_irregularity": 6.4000043869018555,
    "colour_variation": 7.776234149932861,
    "diameter_large": 7.572090148925781,
    "atypical_pigment_network": 7.704547882080078,
    "blue_white_veil": 9.592970848083496,
    "atypical_vascular_pattern": 8.108488082885742,
    "irregular_streaks": 6.965717792510986,
    "irregular_pigmentation": 3.2164759635925293,
    "irregular_dots_globules": 6.817136764526367,
    "regression_structures": 5.991883754730225,
    "symmetric_uniform": 6.337374687194824,
    "reticular_network": 8.940786361694336,
    "arborizing_vessels": 7.908980846405029,
    "blue_grey_ovoid_nests": 7.340616703033447,
    "ulceration": 7.262720108032227,
    "scaly_surface": 8.427861213684082,
    "strawberry_pattern": 7.704288482666016,
    "milia_like_cysts": 8.696268081665039,
    "comedo_like_openings": 8.40947151184082,
    "cerebriform_surface": 8.675332069396973,
    "central_white_patch": 8.446321487426758,
    "red_lacunae": 8.685761451721191,
    "healthy_skin": 8.088788032531738
  },
  "just_eliminated": [],
  "issue4_fix": "best_within_step_checkpoint_restored"
}