{
  "lambda": 0.001960676032022016,
  "n_active": 24,
  "val_balacc": 0.553332624149932,
  "val_auc": 0.8368837216613908,
  "val_loss": 1.4876632131636143,
  "actual_epochs": 23,
  "norms": {
    "asymmetry": 7.183565139770508,
    "border_irregularity": 6.307631492614746,
    "colour_variation": 7.649689674377441,
    "diameter_large": 7.445493698120117,
    "atypical_pigment_network": 7.40683650970459,
    "blue_white_veil": 9.111006736755371,
    "atypical_vascular_pattern": 7.8943657875061035,
    "irregular_streaks": 6.830726623535156,
    "irregular_pigmentation": 3.441398859024048,
    "irregular_dots_globules": 6.589137077331543,
    "regression_structures": 5.82858943939209,
    "symmetric_uniform": 6.304075717926025,
    "reticular_network": 8.793192863464355,
    "arborizing_vessels": 7.678913116455078,
    "blue_grey_ovoid_nests": 7.191789150238037,
    "ulceration": 7.067760467529297,
    "scaly_surface": 8.296721458435059,
    "strawberry_pattern": 7.471872806549072,
    "milia_like_cysts": 8.43856430053711,
    "comedo_like_openings": 8.203686714172363,
    "cerebriform_surface": 8.52862548828125,
    "central_white_patch": 8.318099975585938,
    "red_lacunae": 8.502179145812988,
    "healthy_skin": 7.9682416915893555
  },
  "just_eliminated": [],
  "issue4_fix": "best_within_step_checkpoint_restored"
}