{
  "lambda": 0.02897538395388321,
  "n_active": 24,
  "val_balacc": 0.5268548285465188,
  "val_auc": 0.8411472495698614,
  "val_loss": 1.5684425123035908,
  "actual_epochs": 36,
  "norms": {
    "asymmetry": 8.692255020141602,
    "border_irregularity": 7.355013847351074,
    "colour_variation": 8.678318977355957,
    "diameter_large": 8.258543968200684,
    "atypical_pigment_network": 9.577954292297363,
    "blue_white_veil": 11.675379753112793,
    "atypical_vascular_pattern": 8.709451675415039,
    "irregular_streaks": 7.844395637512207,
    "irregular_pigmentation": 5.016258716583252,
    "irregular_dots_globules": 8.332854270935059,
    "regression_structures": 6.701868534088135,
    "symmetric_uniform": 6.987282752990723,
    "reticular_network": 10.444316864013672,
    "arborizing_vessels": 8.92988395690918,
    "blue_grey_ovoid_nests": 7.5235066413879395,
    "ulceration": 8.666619300842285,
    "scaly_surface": 9.20398998260498,
    "strawberry_pattern": 9.219904899597168,
    "milia_like_cysts": 8.987643241882324,
    "comedo_like_openings": 9.285901069641113,
    "cerebriform_surface": 9.25767707824707,
    "central_white_patch": 9.182918548583984,
    "red_lacunae": 9.30926513671875,
    "healthy_skin": 8.797029495239258
  },
  "just_eliminated": [],
  "issue4_fix": "best_within_step_checkpoint_restored"
}