{
  "lambda": 0.24595052266806813,
  "n_active": 24,
  "val_balacc": 0.5279976294008583,
  "val_auc": 0.8387863555770232,
  "val_loss": 1.5623155683279037,
  "actual_epochs": 15,
  "norms": {
    "asymmetry": 8.339303970336914,
    "border_irregularity": 6.793436050415039,
    "colour_variation": 8.800468444824219,
    "diameter_large": 7.823945045471191,
    "atypical_pigment_network": 9.668763160705566,
    "blue_white_veil": 11.517148971557617,
    "atypical_vascular_pattern": 8.750364303588867,
    "irregular_streaks": 7.345782279968262,
    "irregular_pigmentation": 5.649504661560059,
    "irregular_dots_globules": 8.260095596313477,
    "regression_structures": 6.154901027679443,
    "symmetric_uniform": 6.821438312530518,
    "reticular_network": 9.786528587341309,
    "arborizing_vessels": 8.336467742919922,
    "blue_grey_ovoid_nests": 7.184153079986572,
    "ulceration": 8.6312894821167,
    "scaly_surface": 9.055157661437988,
    "strawberry_pattern": 9.222826957702637,
    "milia_like_cysts": 8.380036354064941,
    "comedo_like_openings": 9.649147987365723,
    "cerebriform_surface": 9.00007438659668,
    "central_white_patch": 8.953946113586426,
    "red_lacunae": 9.005167007446289,
    "healthy_skin": 8.617765426635742
  },
  "just_eliminated": [],
  "issue4_fix": "best_within_step_checkpoint_restored"
}