{
  "lambda": 0.0027454197896550803,
  "n_active": 24,
  "val_balacc": 0.5631312195495439,
  "val_auc": 0.8350267502291621,
  "val_loss": 1.4961798340082169,
  "actual_epochs": 22,
  "norms": {
    "asymmetry": 7.404172897338867,
    "border_irregularity": 6.391165256500244,
    "colour_variation": 7.8128180503845215,
    "diameter_large": 7.717128276824951,
    "atypical_pigment_network": 7.932126522064209,
    "blue_white_veil": 9.861614227294922,
    "atypical_vascular_pattern": 8.181000709533691,
    "irregular_streaks": 7.1097869873046875,
    "irregular_pigmentation": 3.146038293838501,
    "irregular_dots_globules": 6.944693565368652,
    "regression_structures": 6.1181640625,
    "symmetric_uniform": 6.345740795135498,
    "reticular_network": 8.986653327941895,
    "arborizing_vessels": 8.042556762695312,
    "blue_grey_ovoid_nests": 7.321351528167725,
    "ulceration": 7.334443092346191,
    "scaly_surface": 8.546177864074707,
    "strawberry_pattern": 7.831358432769775,
    "milia_like_cysts": 8.901688575744629,
    "comedo_like_openings": 8.583861351013184,
    "cerebriform_surface": 8.72810173034668,
    "central_white_patch": 8.414185523986816,
    "red_lacunae": 8.773378372192383,
    "healthy_skin": 8.191690444946289
  },
  "just_eliminated": [],
  "issue4_fix": "best_within_step_checkpoint_restored"
}