{
  "lambda": 0.007998674705139815,
  "n_active": 24,
  "val_balacc": 0.5501927210530193,
  "val_auc": 0.8392332475838943,
  "val_loss": 1.5519942492246628,
  "actual_epochs": 20,
  "norms": {
    "asymmetry": 8.100975036621094,
    "border_irregularity": 6.777554035186768,
    "colour_variation": 8.30023193359375,
    "diameter_large": 8.132912635803223,
    "atypical_pigment_network": 8.853029251098633,
    "blue_white_veil": 10.708563804626465,
    "atypical_vascular_pattern": 8.45263671875,
    "irregular_streaks": 7.636368751525879,
    "irregular_pigmentation": 4.1714019775390625,
    "irregular_dots_globules": 7.676501274108887,
    "regression_structures": 6.509067535400391,
    "symmetric_uniform": 6.682897567749023,
    "reticular_network": 9.737299919128418,
    "arborizing_vessels": 8.563873291015625,
    "blue_grey_ovoid_nests": 7.364862442016602,
    "ulceration": 8.081792831420898,
    "scaly_surface": 8.817351341247559,
    "strawberry_pattern": 8.346784591674805,
    "milia_like_cysts": 8.877555847167969,
    "comedo_like_openings": 8.940128326416016,
    "cerebriform_surface": 8.871225357055664,
    "central_white_patch": 8.735477447509766,
    "red_lacunae": 8.992292404174805,
    "healthy_skin": 8.609443664550781
  },
  "just_eliminated": [],
  "issue4_fix": "best_within_step_checkpoint_restored"
}