{
  "lambda": 0.007841837946215504,
  "n_active": 24,
  "val_balacc": 0.555459986128571,
  "val_auc": 0.837787130144192,
  "val_loss": 1.543891929090023,
  "actual_epochs": 11,
  "norms": {
    "asymmetry": 8.091597557067871,
    "border_irregularity": 6.7553839683532715,
    "colour_variation": 8.312047004699707,
    "diameter_large": 8.109867095947266,
    "atypical_pigment_network": 8.81339168548584,
    "blue_white_veil": 10.710872650146484,
    "atypical_vascular_pattern": 8.469330787658691,
    "irregular_streaks": 7.627537727355957,
    "irregular_pigmentation": 4.159093379974365,
    "irregular_dots_globules": 7.6622724533081055,
    "regression_structures": 6.525149345397949,
    "symmetric_uniform": 6.704200267791748,
    "reticular_network": 9.742663383483887,
    "arborizing_vessels": 8.563411712646484,
    "blue_grey_ovoid_nests": 7.395728588104248,
    "ulceration": 8.06441593170166,
    "scaly_surface": 8.810501098632812,
    "strawberry_pattern": 8.349583625793457,
    "milia_like_cysts": 8.887187957763672,
    "comedo_like_openings": 8.960917472839355,
    "cerebriform_surface": 8.852572441101074,
    "central_white_patch": 8.721453666687012,
    "red_lacunae": 9.01180648803711,
    "healthy_skin": 8.613667488098145
  },
  "just_eliminated": [],
  "issue4_fix": "best_within_step_checkpoint_restored"
}