{
  "lambda": 0.07205051685463923,
  "n_active": 24,
  "val_balacc": 0.5202193618279096,
  "val_auc": 0.8395581481148633,
  "val_loss": 1.574728086590767,
  "actual_epochs": 20,
  "norms": {
    "asymmetry": 8.786336898803711,
    "border_irregularity": 7.307559967041016,
    "colour_variation": 8.866839408874512,
    "diameter_large": 8.241670608520508,
    "atypical_pigment_network": 10.03732681274414,
    "blue_white_veil": 11.951372146606445,
    "atypical_vascular_pattern": 8.927255630493164,
    "irregular_streaks": 7.827869415283203,
    "irregular_pigmentation": 5.742159366607666,
    "irregular_dots_globules": 8.39460277557373,
    "regression_structures": 6.6500773429870605,
    "symmetric_uniform": 7.115463733673096,
    "reticular_network": 10.319908142089844,
    "arborizing_vessels": 8.815764427185059,
    "blue_grey_ovoid_nests": 7.484156131744385,
    "ulceration": 8.928499221801758,
    "scaly_surface": 9.351824760437012,
    "strawberry_pattern": 9.442742347717285,
    "milia_like_cysts": 8.867156028747559,
    "comedo_like_openings": 9.414329528808594,
    "cerebriform_surface": 9.273913383483887,
    "central_white_patch": 9.331985473632812,
    "red_lacunae": 9.40809440612793,
    "healthy_skin": 8.933390617370605
  },
  "just_eliminated": [],
  "issue4_fix": "best_within_step_checkpoint_restored"
}