{
  "lambda": 0.004415835455127671,
  "n_active": 24,
  "val_balacc": 0.5372332140127671,
  "val_auc": 0.8360801109716884,
  "val_loss": 1.5313205793499947,
  "actual_epochs": 13,
  "norms": {
    "asymmetry": 7.845330238342285,
    "border_irregularity": 6.575318336486816,
    "colour_variation": 8.185521125793457,
    "diameter_large": 7.983007431030273,
    "atypical_pigment_network": 8.457878112792969,
    "blue_white_veil": 10.436164855957031,
    "atypical_vascular_pattern": 8.357470512390137,
    "irregular_streaks": 7.396089553833008,
    "irregular_pigmentation": 3.73329758644104,
    "irregular_dots_globules": 7.453355312347412,
    "regression_structures": 6.3629045486450195,
    "symmetric_uniform": 6.521116733551025,
    "reticular_network": 9.404794692993164,
    "arborizing_vessels": 8.36994743347168,
    "blue_grey_ovoid_nests": 7.348674297332764,
    "ulceration": 7.619291305541992,
    "scaly_surface": 8.70759391784668,
    "strawberry_pattern": 8.060931205749512,
    "milia_like_cysts": 8.90795612335205,
    "comedo_like_openings": 8.728342056274414,
    "cerebriform_surface": 8.789588928222656,
    "central_white_patch": 8.56075668334961,
    "red_lacunae": 8.876466751098633,
    "healthy_skin": 8.406071662902832
  },
  "just_eliminated": [],
  "issue4_fix": "best_within_step_checkpoint_restored"
}