{
  "lambda": 0.003091788592213227,
  "n_active": 24,
  "val_balacc": 0.5563941240468696,
  "val_auc": 0.836626652904845,
  "val_loss": 1.5090842843055725,
  "actual_epochs": 37,
  "norms": {
    "asymmetry": 7.551605701446533,
    "border_irregularity": 6.463366985321045,
    "colour_variation": 7.969636917114258,
    "diameter_large": 7.780099868774414,
    "atypical_pigment_network": 8.164952278137207,
    "blue_white_veil": 10.067144393920898,
    "atypical_vascular_pattern": 8.243589401245117,
    "irregular_streaks": 7.170989036560059,
    "irregular_pigmentation": 3.206940174102783,
    "irregular_dots_globules": 7.136404514312744,
    "regression_structures": 6.230469226837158,
    "symmetric_uniform": 6.40475606918335,
    "reticular_network": 9.232378005981445,
    "arborizing_vessels": 8.223104476928711,
    "blue_grey_ovoid_nests": 7.375698566436768,
    "ulceration": 7.460106372833252,
    "scaly_surface": 8.634193420410156,
    "strawberry_pattern": 7.977457523345947,
    "milia_like_cysts": 8.993841171264648,
    "comedo_like_openings": 8.687360763549805,
    "cerebriform_surface": 8.76274585723877,
    "central_white_patch": 8.505834579467773,
    "red_lacunae": 8.851969718933105,
    "healthy_skin": 8.313863754272461
  },
  "just_eliminated": [],
  "issue4_fix": "best_within_step_checkpoint_restored"
}