{
  "lambda": 0.032630988492608405,
  "n_active": 24,
  "val_balacc": 0.5229614998688602,
  "val_auc": 0.841534347984826,
  "val_loss": 1.5591474398970604,
  "actual_epochs": 36,
  "norms": {
    "asymmetry": 8.752942085266113,
    "border_irregularity": 7.3510847091674805,
    "colour_variation": 8.66710090637207,
    "diameter_large": 8.318502426147461,
    "atypical_pigment_network": 9.583386421203613,
    "blue_white_veil": 11.704364776611328,
    "atypical_vascular_pattern": 8.727989196777344,
    "irregular_streaks": 7.8546833992004395,
    "irregular_pigmentation": 5.097064971923828,
    "irregular_dots_globules": 8.314104080200195,
    "regression_structures": 6.686593532562256,
    "symmetric_uniform": 6.989914417266846,
    "reticular_network": 10.479573249816895,
    "arborizing_vessels": 8.89036750793457,
    "blue_grey_ovoid_nests": 7.5280632972717285,
    "ulceration": 8.693621635437012,
    "scaly_surface": 9.219841957092285,
    "strawberry_pattern": 9.2307767868042,
    "milia_like_cysts": 8.961488723754883,
    "comedo_like_openings": 9.350208282470703,
    "cerebriform_surface": 9.231293678283691,
    "central_white_patch": 9.217071533203125,
    "red_lacunae": 9.301660537719727,
    "healthy_skin": 8.876261711120605
  },
  "just_eliminated": [],
  "issue4_fix": "best_within_step_checkpoint_restored"
}