{
  "lambda": 0.004244363182552547,
  "n_active": 24,
  "val_balacc": 0.567508092219182,
  "val_auc": 0.8379439157033008,
  "val_loss": 1.5570247434079647,
  "actual_epochs": 12,
  "norms": {
    "asymmetry": 7.828986167907715,
    "border_irregularity": 6.595292091369629,
    "colour_variation": 8.165163040161133,
    "diameter_large": 7.963466167449951,
    "atypical_pigment_network": 8.458091735839844,
    "blue_white_veil": 10.414305686950684,
    "atypical_vascular_pattern": 8.367636680603027,
    "irregular_streaks": 7.381006240844727,
    "irregular_pigmentation": 3.7170891761779785,
    "irregular_dots_globules": 7.44948673248291,
    "regression_structures": 6.375636577606201,
    "symmetric_uniform": 6.5147223472595215,
    "reticular_network": 9.421538352966309,
    "arborizing_vessels": 8.38301944732666,
    "blue_grey_ovoid_nests": 7.334012985229492,
    "ulceration": 7.6125969886779785,
    "scaly_surface": 8.705052375793457,
    "strawberry_pattern": 8.056689262390137,
    "milia_like_cysts": 8.913419723510742,
    "comedo_like_openings": 8.737683296203613,
    "cerebriform_surface": 8.797698974609375,
    "central_white_patch": 8.560820579528809,
    "red_lacunae": 8.90493106842041,
    "healthy_skin": 8.423154830932617
  },
  "just_eliminated": [],
  "issue4_fix": "best_within_step_checkpoint_restored"
}