{
  "lambda": 0.021106997141968818,
  "n_active": 24,
  "val_balacc": 0.5495972769939439,
  "val_auc": 0.8391170321881114,
  "val_loss": 1.554965801537037,
  "actual_epochs": 25,
  "norms": {
    "asymmetry": 8.562241554260254,
    "border_irregularity": 7.205409526824951,
    "colour_variation": 8.613961219787598,
    "diameter_large": 8.262335777282715,
    "atypical_pigment_network": 9.42236042022705,
    "blue_white_veil": 11.393698692321777,
    "atypical_vascular_pattern": 8.59939193725586,
    "irregular_streaks": 7.808646202087402,
    "irregular_pigmentation": 4.745565891265869,
    "irregular_dots_globules": 8.118012428283691,
    "regression_structures": 6.645228385925293,
    "symmetric_uniform": 6.92095947265625,
    "reticular_network": 10.386675834655762,
    "arborizing_vessels": 8.849278450012207,
    "blue_grey_ovoid_nests": 7.462378025054932,
    "ulceration": 8.511037826538086,
    "scaly_surface": 9.052873611450195,
    "strawberry_pattern": 8.961333274841309,
    "milia_like_cysts": 8.954449653625488,
    "comedo_like_openings": 9.208992958068848,
    "cerebriform_surface": 9.137397766113281,
    "central_white_patch": 9.067224502563477,
    "red_lacunae": 9.247617721557617,
    "healthy_skin": 8.787280082702637
  },
  "just_eliminated": [],
  "issue4_fix": "best_within_step_checkpoint_restored"
}