{
  "lambda": 0.0011040808032000001,
  "n_active": 24,
  "val_balacc": 0.5674823640272701,
  "val_auc": 0.8392587202220494,
  "val_loss": 1.426409985870123,
  "actual_epochs": 25,
  "norms": {
    "asymmetry": 6.754539966583252,
    "border_irregularity": 5.706506729125977,
    "colour_variation": 6.968006134033203,
    "diameter_large": 6.627381801605225,
    "atypical_pigment_network": 6.754661560058594,
    "blue_white_veil": 6.87282133102417,
    "atypical_vascular_pattern": 6.681088447570801,
    "irregular_streaks": 6.040277481079102,
    "irregular_pigmentation": 4.705728530883789,
    "irregular_dots_globules": 6.2465739250183105,
    "regression_structures": 5.659810543060303,
    "symmetric_uniform": 6.1850175857543945,
    "reticular_network": 7.497278690338135,
    "arborizing_vessels": 6.884188175201416,
    "blue_grey_ovoid_nests": 7.094174385070801,
    "ulceration": 6.99251651763916,
    "scaly_surface": 7.330975532531738,
    "strawberry_pattern": 6.475923538208008,
    "milia_like_cysts": 7.224371910095215,
    "comedo_like_openings": 7.440123081207275,
    "cerebriform_surface": 7.524433612823486,
    "central_white_patch": 7.639594554901123,
    "red_lacunae": 7.542000770568848,
    "healthy_skin": 7.149371147155762
  },
  "just_eliminated": [],
  "issue4_fix": "best_within_step_checkpoint_restored"
}