{
  "lambda": 0.11138863432616718,
  "n_active": 24,
  "val_balacc": 0.5035133026930675,
  "val_auc": 0.839870110600859,
  "val_loss": 1.57080689817667,
  "actual_epochs": 19,
  "norms": {
    "asymmetry": 8.630646705627441,
    "border_irregularity": 7.189385890960693,
    "colour_variation": 9.01187515258789,
    "diameter_large": 8.153557777404785,
    "atypical_pigment_network": 9.972021102905273,
    "blue_white_veil": 11.8790922164917,
    "atypical_vascular_pattern": 8.984793663024902,
    "irregular_streaks": 7.760105609893799,
    "irregular_pigmentation": 5.80638313293457,
    "irregular_dots_globules": 8.486882209777832,
    "regression_structures": 6.5550971031188965,
    "symmetric_uniform": 7.101381301879883,
    "reticular_network": 10.18514633178711,
    "arborizing_vessels": 8.781752586364746,
    "blue_grey_ovoid_nests": 7.451330661773682,
    "ulceration": 8.952764511108398,
    "scaly_surface": 9.317255020141602,
    "strawberry_pattern": 9.446829795837402,
    "milia_like_cysts": 8.751555442810059,
    "comedo_like_openings": 9.72584342956543,
    "cerebriform_surface": 9.295572280883789,
    "central_white_patch": 9.28205394744873,
    "red_lacunae": 9.269853591918945,
    "healthy_skin": 8.888506889343262
  },
  "just_eliminated": [],
  "issue4_fix": "best_within_step_checkpoint_restored"
}