{
  "lambda": 0.012613104257041324,
  "n_active": 24,
  "val_balacc": 0.5323163154761961,
  "val_auc": 0.835231802164747,
  "val_loss": 1.5699568577110767,
  "actual_epochs": 13,
  "norms": {
    "asymmetry": 8.287002563476562,
    "border_irregularity": 7.048271656036377,
    "colour_variation": 8.459455490112305,
    "diameter_large": 8.223299026489258,
    "atypical_pigment_network": 9.070034980773926,
    "blue_white_veil": 10.98071002960205,
    "atypical_vascular_pattern": 8.508000373840332,
    "irregular_streaks": 7.776535987854004,
    "irregular_pigmentation": 4.378116130828857,
    "irregular_dots_globules": 7.858827590942383,
    "regression_structures": 6.581636905670166,
    "symmetric_uniform": 6.791390895843506,
    "reticular_network": 10.099287986755371,
    "arborizing_vessels": 8.734136581420898,
    "blue_grey_ovoid_nests": 7.438745975494385,
    "ulceration": 8.255513191223145,
    "scaly_surface": 8.929216384887695,
    "strawberry_pattern": 8.551982879638672,
    "milia_like_cysts": 8.892855644226074,
    "comedo_like_openings": 9.11084270477295,
    "cerebriform_surface": 8.982562065124512,
    "central_white_patch": 8.803629875183105,
    "red_lacunae": 9.130690574645996,
    "healthy_skin": 8.703311920166016
  },
  "just_eliminated": [],
  "issue4_fix": "best_within_step_checkpoint_restored"
}