{
  "lambda": 0.02195971982650436,
  "n_active": 24,
  "val_balacc": 0.5237670390563373,
  "val_auc": 0.8374005804435344,
  "val_loss": 1.56301449239254,
  "actual_epochs": 34,
  "norms": {
    "asymmetry": 8.587823867797852,
    "border_irregularity": 7.229985237121582,
    "colour_variation": 8.678190231323242,
    "diameter_large": 8.287854194641113,
    "atypical_pigment_network": 9.41667366027832,
    "blue_white_veil": 11.477262496948242,
    "atypical_vascular_pattern": 8.654373168945312,
    "irregular_streaks": 7.840868949890137,
    "irregular_pigmentation": 4.839582920074463,
    "irregular_dots_globules": 8.20833683013916,
    "regression_structures": 6.665104389190674,
    "symmetric_uniform": 6.9024128913879395,
    "reticular_network": 10.440491676330566,
    "arborizing_vessels": 8.822750091552734,
    "blue_grey_ovoid_nests": 7.525095462799072,
    "ulceration": 8.555418968200684,
    "scaly_surface": 9.1142578125,
    "strawberry_pattern": 9.018854141235352,
    "milia_like_cysts": 8.993313789367676,
    "comedo_like_openings": 9.231099128723145,
    "cerebriform_surface": 9.16836929321289,
    "central_white_patch": 9.110692977905273,
    "red_lacunae": 9.257957458496094,
    "healthy_skin": 8.801273345947266
  },
  "just_eliminated": [],
  "issue4_fix": "best_within_step_checkpoint_restored"
}