{
  "lambda": 0.004972947939218325,
  "n_active": 24,
  "val_balacc": 0.5427957022770651,
  "val_auc": 0.8417937783492875,
  "val_loss": 1.5191552974283695,
  "actual_epochs": 12,
  "norms": {
    "asymmetry": 7.997184753417969,
    "border_irregularity": 6.556387901306152,
    "colour_variation": 8.232254028320312,
    "diameter_large": 7.98261833190918,
    "atypical_pigment_network": 8.483981132507324,
    "blue_white_veil": 10.51918888092041,
    "atypical_vascular_pattern": 8.384413719177246,
    "irregular_streaks": 7.421319007873535,
    "irregular_pigmentation": 3.9485602378845215,
    "irregular_dots_globules": 7.514798641204834,
    "regression_structures": 6.394068241119385,
    "symmetric_uniform": 6.6066083908081055,
    "reticular_network": 9.438443183898926,
    "arborizing_vessels": 8.428091049194336,
    "blue_grey_ovoid_nests": 7.3497314453125,
    "ulceration": 7.74069881439209,
    "scaly_surface": 8.770095825195312,
    "strawberry_pattern": 8.174898147583008,
    "milia_like_cysts": 8.839544296264648,
    "comedo_like_openings": 8.748370170593262,
    "cerebriform_surface": 8.792840003967285,
    "central_white_patch": 8.587695121765137,
    "red_lacunae": 8.91528606414795,
    "healthy_skin": 8.464486122131348
  },
  "just_eliminated": [],
  "issue4_fix": "best_within_step_checkpoint_restored"
}