{
  "lambda": 0.008831183192986291,
  "n_active": 24,
  "val_balacc": 0.5474914064497532,
  "val_auc": 0.840126467206893,
  "val_loss": 1.5453344099223614,
  "actual_epochs": 20,
  "norms": {
    "asymmetry": 8.186291694641113,
    "border_irregularity": 6.8577728271484375,
    "colour_variation": 8.35262393951416,
    "diameter_large": 8.188203811645508,
    "atypical_pigment_network": 8.970858573913574,
    "blue_white_veil": 10.756107330322266,
    "atypical_vascular_pattern": 8.447257995605469,
    "irregular_streaks": 7.686646938323975,
    "irregular_pigmentation": 4.20703649520874,
    "irregular_dots_globules": 7.78408670425415,
    "regression_structures": 6.500574111938477,
    "symmetric_uniform": 6.724365234375,
    "reticular_network": 9.865269660949707,
    "arborizing_vessels": 8.66176986694336,
    "blue_grey_ovoid_nests": 7.454226970672607,
    "ulceration": 8.140033721923828,
    "scaly_surface": 8.877461433410645,
    "strawberry_pattern": 8.43615436553955,
    "milia_like_cysts": 8.90962028503418,
    "comedo_like_openings": 9.022565841674805,
    "cerebriform_surface": 8.903688430786133,
    "central_white_patch": 8.741690635681152,
    "red_lacunae": 9.041614532470703,
    "healthy_skin": 8.675103187561035
  },
  "just_eliminated": [],
  "issue4_fix": "best_within_step_checkpoint_restored"
}