{
  "lambda": 0.0016734181143540252,
  "n_active": 24,
  "val_balacc": 0.5631634238232589,
  "val_auc": 0.835665755960811,
  "val_loss": 1.4773405753076077,
  "actual_epochs": 19,
  "norms": {
    "asymmetry": 7.067534923553467,
    "border_irregularity": 6.222881317138672,
    "colour_variation": 7.483757972717285,
    "diameter_large": 7.22255802154541,
    "atypical_pigment_network": 7.201858997344971,
    "blue_white_veil": 8.553730964660645,
    "atypical_vascular_pattern": 7.586289405822754,
    "irregular_streaks": 6.697654724121094,
    "irregular_pigmentation": 3.7069685459136963,
    "irregular_dots_globules": 6.521906852722168,
    "regression_structures": 5.6057257652282715,
    "symmetric_uniform": 6.284729957580566,
    "reticular_network": 8.648638725280762,
    "arborizing_vessels": 7.575948238372803,
    "blue_grey_ovoid_nests": 7.210547924041748,
    "ulceration": 6.977187633514404,
    "scaly_surface": 8.155893325805664,
    "strawberry_pattern": 7.263919830322266,
    "milia_like_cysts": 8.070316314697266,
    "comedo_like_openings": 8.023489952087402,
    "cerebriform_surface": 8.35219669342041,
    "central_white_patch": 8.248383522033691,
    "red_lacunae": 8.389265060424805,
    "healthy_skin": 7.802190780639648
  },
  "just_eliminated": [],
  "issue4_fix": "best_within_step_checkpoint_restored"
}