{
  "lambda": 0.036747792943811634,
  "n_active": 24,
  "val_balacc": 0.5328890503409508,
  "val_auc": 0.8394613405105764,
  "val_loss": 1.5794654339551926,
  "actual_epochs": 19,
  "norms": {
    "asymmetry": 8.730158805847168,
    "border_irregularity": 7.360096454620361,
    "colour_variation": 8.693066596984863,
    "diameter_large": 8.291295051574707,
    "atypical_pigment_network": 9.602737426757812,
    "blue_white_veil": 11.770944595336914,
    "atypical_vascular_pattern": 8.753921508789062,
    "irregular_streaks": 7.87420129776001,
    "irregular_pigmentation": 5.286844253540039,
    "irregular_dots_globules": 8.35202407836914,
    "regression_structures": 6.680456638336182,
    "symmetric_uniform": 7.026826858520508,
    "reticular_network": 10.477954864501953,
    "arborizing_vessels": 8.863091468811035,
    "blue_grey_ovoid_nests": 7.548262119293213,
    "ulceration": 8.752634048461914,
    "scaly_surface": 9.214728355407715,
    "strawberry_pattern": 9.325485229492188,
    "milia_like_cysts": 8.964046478271484,
    "comedo_like_openings": 9.423148155212402,
    "cerebriform_surface": 9.296140670776367,
    "central_white_patch": 9.245538711547852,
    "red_lacunae": 9.258893966674805,
    "healthy_skin": 8.868803977966309
  },
  "just_eliminated": [],
  "issue4_fix": "best_within_step_checkpoint_restored"
}