{
  "lambda": 0.0032166968513386417,
  "n_active": 24,
  "val_balacc": 0.5702838795325971,
  "val_auc": 0.8345943491830338,
  "val_loss": 1.5218609012663364,
  "actual_epochs": 12,
  "norms": {
    "asymmetry": 7.58828067779541,
    "border_irregularity": 6.4630632400512695,
    "colour_variation": 7.998457908630371,
    "diameter_large": 7.793773174285889,
    "atypical_pigment_network": 8.188697814941406,
    "blue_white_veil": 10.090176582336426,
    "atypical_vascular_pattern": 8.27580738067627,
    "irregular_streaks": 7.201631546020508,
    "irregular_pigmentation": 3.2527575492858887,
    "irregular_dots_globules": 7.1766133308410645,
    "regression_structures": 6.276928901672363,
    "symmetric_uniform": 6.445159435272217,
    "reticular_network": 9.257384300231934,
    "arborizing_vessels": 8.215473175048828,
    "blue_grey_ovoid_nests": 7.362186908721924,
    "ulceration": 7.441805839538574,
    "scaly_surface": 8.60925006866455,
    "strawberry_pattern": 7.962024688720703,
    "milia_like_cysts": 9.001343727111816,
    "comedo_like_openings": 8.691150665283203,
    "cerebriform_surface": 8.763593673706055,
    "central_white_patch": 8.513951301574707,
    "red_lacunae": 8.866952896118164,
    "healthy_skin": 8.301199913024902
  },
  "just_eliminated": [],
  "issue4_fix": "best_within_step_checkpoint_restored"
}