{
  "lambda": 0.2017650931241555,
  "n_active": 24,
  "val_balacc": 0.5216498391447301,
  "val_auc": 0.8432940296829481,
  "val_loss": 1.573872685432434,
  "actual_epochs": 35,
  "norms": {
    "asymmetry": 8.398819923400879,
    "border_irregularity": 6.988821029663086,
    "colour_variation": 8.809300422668457,
    "diameter_large": 7.964865207672119,
    "atypical_pigment_network": 9.78762435913086,
    "blue_white_veil": 11.712590217590332,
    "atypical_vascular_pattern": 8.778688430786133,
    "irregular_streaks": 7.509763717651367,
    "irregular_pigmentation": 5.759921550750732,
    "irregular_dots_globules": 8.31885814666748,
    "regression_structures": 6.367884635925293,
    "symmetric_uniform": 6.976635932922363,
    "reticular_network": 9.91337776184082,
    "arborizing_vessels": 8.506865501403809,
    "blue_grey_ovoid_nests": 7.284814834594727,
    "ulceration": 8.698992729187012,
    "scaly_surface": 9.105299949645996,
    "strawberry_pattern": 9.294075965881348,
    "milia_like_cysts": 8.525842666625977,
    "comedo_like_openings": 9.785621643066406,
    "cerebriform_surface": 9.12186050415039,
    "central_white_patch": 9.109270095825195,
    "red_lacunae": 9.044397354125977,
    "healthy_skin": 8.72653865814209
  },
  "just_eliminated": [],
  "issue4_fix": "best_within_step_checkpoint_restored"
}