{
  "lambda": 0.01874240942595406,
  "n_active": 24,
  "val_balacc": 0.565719580482359,
  "val_auc": 0.8427464555079264,
  "val_loss": 1.5539534389972687,
  "actual_epochs": 19,
  "norms": {
    "asymmetry": 8.564482688903809,
    "border_irregularity": 7.141645431518555,
    "colour_variation": 8.564400672912598,
    "diameter_large": 8.166671752929688,
    "atypical_pigment_network": 9.30652141571045,
    "blue_white_veil": 11.232190132141113,
    "atypical_vascular_pattern": 8.518781661987305,
    "irregular_streaks": 7.787896156311035,
    "irregular_pigmentation": 4.633005619049072,
    "irregular_dots_globules": 8.025625228881836,
    "regression_structures": 6.618319511413574,
    "symmetric_uniform": 6.916361331939697,
    "reticular_network": 10.3331937789917,
    "arborizing_vessels": 8.83242416381836,
    "blue_grey_ovoid_nests": 7.499643325805664,
    "ulceration": 8.445112228393555,
    "scaly_surface": 9.052284240722656,
    "strawberry_pattern": 8.825790405273438,
    "milia_like_cysts": 8.97251033782959,
    "comedo_like_openings": 9.179362297058105,
    "cerebriform_surface": 9.163403511047363,
    "central_white_patch": 9.008081436157227,
    "red_lacunae": 9.24012565612793,
    "healthy_skin": 8.794804573059082
  },
  "just_eliminated": [],
  "issue4_fix": "best_within_step_checkpoint_restored"
}