{
  "lambda": 0.35830346931189333,
  "n_active": 24,
  "val_balacc": 0.527584457098881,
  "val_auc": 0.8416788214900238,
  "val_loss": 1.5312649831175804,
  "actual_epochs": 18,
  "norms": {
    "asymmetry": 8.015793800354004,
    "border_irregularity": 6.501643180847168,
    "colour_variation": 8.507928848266602,
    "diameter_large": 7.50739860534668,
    "atypical_pigment_network": 9.2396879196167,
    "blue_white_veil": 11.058629035949707,
    "atypical_vascular_pattern": 8.368962287902832,
    "irregular_streaks": 6.9162516593933105,
    "irregular_pigmentation": 5.275721549987793,
    "irregular_dots_globules": 8.02181339263916,
    "regression_structures": 5.72318172454834,
    "symmetric_uniform": 6.572322368621826,
    "reticular_network": 9.357419967651367,
    "arborizing_vessels": 7.963042736053467,
    "blue_grey_ovoid_nests": 6.87678861618042,
    "ulceration": 8.301753997802734,
    "scaly_surface": 8.818863868713379,
    "strawberry_pattern": 8.802617073059082,
    "milia_like_cysts": 8.201781272888184,
    "comedo_like_openings": 9.358085632324219,
    "cerebriform_surface": 8.611359596252441,
    "central_white_patch": 8.5672607421875,
    "red_lacunae": 8.571186065673828,
    "healthy_skin": 8.23121166229248
  },
  "just_eliminated": [],
  "issue4_fix": "best_within_step_checkpoint_restored"
}