{
  "lambda": 0.0273041514518202,
  "n_active": 24,
  "val_balacc": 0.5337015741424379,
  "val_auc": 0.8376273138276243,
  "val_loss": 1.5757175087928772,
  "actual_epochs": 14,
  "norms": {
    "asymmetry": 8.649949073791504,
    "border_irregularity": 7.284205436706543,
    "colour_variation": 8.688037872314453,
    "diameter_large": 8.29304027557373,
    "atypical_pigment_network": 9.482467651367188,
    "blue_white_veil": 11.598043441772461,
    "atypical_vascular_pattern": 8.674280166625977,
    "irregular_streaks": 7.851993560791016,
    "irregular_pigmentation": 4.967895984649658,
    "irregular_dots_globules": 8.231573104858398,
    "regression_structures": 6.644365310668945,
    "symmetric_uniform": 6.940268516540527,
    "reticular_network": 10.386157989501953,
    "arborizing_vessels": 8.851656913757324,
    "blue_grey_ovoid_nests": 7.550870895385742,
    "ulceration": 8.629928588867188,
    "scaly_surface": 9.131107330322266,
    "strawberry_pattern": 9.145953178405762,
    "milia_like_cysts": 8.922994613647461,
    "comedo_like_openings": 9.265643119812012,
    "cerebriform_surface": 9.146638870239258,
    "central_white_patch": 9.157720565795898,
    "red_lacunae": 9.264720916748047,
    "healthy_skin": 8.822587013244629
  },
  "just_eliminated": [],
  "issue4_fix": "best_within_step_checkpoint_restored"
}