{
  "lambda": 0.14409307592152323,
  "n_active": 24,
  "val_balacc": 0.5439058949196096,
  "val_auc": 0.8400817452247763,
  "val_loss": 1.5715948939323425,
  "actual_epochs": 15,
  "norms": {
    "asymmetry": 8.485010147094727,
    "border_irregularity": 7.12523078918457,
    "colour_variation": 8.957659721374512,
    "diameter_large": 8.10313606262207,
    "atypical_pigment_network": 9.902201652526855,
    "blue_white_veil": 11.7872896194458,
    "atypical_vascular_pattern": 8.891037940979004,
    "irregular_streaks": 7.644296169281006,
    "irregular_pigmentation": 5.834383010864258,
    "irregular_dots_globules": 8.395844459533691,
    "regression_structures": 6.513124465942383,
    "symmetric_uniform": 7.103391170501709,
    "reticular_network": 10.084715843200684,
    "arborizing_vessels": 8.66695499420166,
    "blue_grey_ovoid_nests": 7.396392822265625,
    "ulceration": 8.837502479553223,
    "scaly_surface": 9.201615333557129,
    "strawberry_pattern": 9.389636993408203,
    "milia_like_cysts": 8.671516418457031,
    "comedo_like_openings": 9.766231536865234,
    "cerebriform_surface": 9.251420974731445,
    "central_white_patch": 9.25984001159668,
    "red_lacunae": 9.21284294128418,
    "healthy_skin": 8.79823112487793
  },
  "just_eliminated": [],
  "issue4_fix": "best_within_step_checkpoint_restored"
}