{
  "lambda": 0.0021647447682498567,
  "n_active": 24,
  "val_balacc": 0.5728585850264352,
  "val_auc": 0.8377432766952488,
  "val_loss": 1.481992680579424,
  "actual_epochs": 18,
  "norms": {
    "asymmetry": 7.188014984130859,
    "border_irregularity": 6.354331016540527,
    "colour_variation": 7.68495512008667,
    "diameter_large": 7.498504638671875,
    "atypical_pigment_network": 7.577757835388184,
    "blue_white_veil": 9.34809398651123,
    "atypical_vascular_pattern": 7.95669412612915,
    "irregular_streaks": 6.913719177246094,
    "irregular_pigmentation": 3.3396668434143066,
    "irregular_dots_globules": 6.670077800750732,
    "regression_structures": 5.905273914337158,
    "symmetric_uniform": 6.278294563293457,
    "reticular_network": 8.85659408569336,
    "arborizing_vessels": 7.760608196258545,
    "blue_grey_ovoid_nests": 7.270293712615967,
    "ulceration": 7.1491217613220215,
    "scaly_surface": 8.365662574768066,
    "strawberry_pattern": 7.5608391761779785,
    "milia_like_cysts": 8.624395370483398,
    "comedo_like_openings": 8.264586448669434,
    "cerebriform_surface": 8.581672668457031,
    "central_white_patch": 8.370936393737793,
    "red_lacunae": 8.573223114013672,
    "healthy_skin": 8.034639358520508
  },
  "just_eliminated": [],
  "issue4_fix": "best_within_step_checkpoint_restored"
}