{
  "lambda": 0.012365788487295415,
  "n_active": 24,
  "val_balacc": 0.5428798830991896,
  "val_auc": 0.8387114578167466,
  "val_loss": 1.5504091195762157,
  "actual_epochs": 11,
  "norms": {
    "asymmetry": 8.290242195129395,
    "border_irregularity": 7.072064399719238,
    "colour_variation": 8.443333625793457,
    "diameter_large": 8.249679565429688,
    "atypical_pigment_network": 9.083199501037598,
    "blue_white_veil": 10.95473861694336,
    "atypical_vascular_pattern": 8.507266998291016,
    "irregular_streaks": 7.761972904205322,
    "irregular_pigmentation": 4.379476070404053,
    "irregular_dots_globules": 7.839826583862305,
    "regression_structures": 6.570491790771484,
    "symmetric_uniform": 6.808072566986084,
    "reticular_network": 10.104827880859375,
    "arborizing_vessels": 8.750123977661133,
    "blue_grey_ovoid_nests": 7.444045543670654,
    "ulceration": 8.247961044311523,
    "scaly_surface": 8.923397064208984,
    "strawberry_pattern": 8.558286666870117,
    "milia_like_cysts": 8.90424919128418,
    "comedo_like_openings": 9.090673446655273,
    "cerebriform_surface": 8.988835334777832,
    "central_white_patch": 8.806798934936523,
    "red_lacunae": 9.121326446533203,
    "healthy_skin": 8.700157165527344
  },
  "just_eliminated": [],
  "issue4_fix": "best_within_step_checkpoint_restored"
}