{
  "lambda": 0.01664272320346394,
  "n_active": 24,
  "val_balacc": 0.5353114840634121,
  "val_auc": 0.8366649854583389,
  "val_loss": 1.555819172412157,
  "actual_epochs": 15,
  "norms": {
    "asymmetry": 8.49134635925293,
    "border_irregularity": 7.044763565063477,
    "colour_variation": 8.567876815795898,
    "diameter_large": 8.25745677947998,
    "atypical_pigment_network": 9.239322662353516,
    "blue_white_veil": 11.203906059265137,
    "atypical_vascular_pattern": 8.530094146728516,
    "irregular_streaks": 7.850797653198242,
    "irregular_pigmentation": 4.506441593170166,
    "irregular_dots_globules": 7.985748767852783,
    "regression_structures": 6.6122331619262695,
    "symmetric_uniform": 6.891385078430176,
    "reticular_network": 10.291463851928711,
    "arborizing_vessels": 8.795523643493652,
    "blue_grey_ovoid_nests": 7.43184232711792,
    "ulceration": 8.448291778564453,
    "scaly_surface": 9.044572830200195,
    "strawberry_pattern": 8.763802528381348,
    "milia_like_cysts": 8.910848617553711,
    "comedo_like_openings": 9.215569496154785,
    "cerebriform_surface": 9.105530738830566,
    "central_white_patch": 8.984643936157227,
    "red_lacunae": 9.21674919128418,
    "healthy_skin": 8.758591651916504
  },
  "just_eliminated": [],
  "issue4_fix": "best_within_step_checkpoint_restored"
}