{
  "lambda": 0.0011950925686223112,
  "n_active": 24,
  "val_balacc": 0.5768021172269232,
  "val_auc": 0.8436954161125286,
  "val_loss": 1.441600240767002,
  "actual_epochs": 24,
  "norms": {
    "asymmetry": 6.806554794311523,
    "border_irregularity": 5.780109405517578,
    "colour_variation": 7.091243267059326,
    "diameter_large": 6.715810298919678,
    "atypical_pigment_network": 6.851807117462158,
    "blue_white_veil": 7.181039810180664,
    "atypical_vascular_pattern": 6.861154556274414,
    "irregular_streaks": 6.137346267700195,
    "irregular_pigmentation": 4.431553840637207,
    "irregular_dots_globules": 6.258305072784424,
    "regression_structures": 5.483968734741211,
    "symmetric_uniform": 6.169343948364258,
    "reticular_network": 7.807217121124268,
    "arborizing_vessels": 7.044173717498779,
    "blue_grey_ovoid_nests": 7.126496315002441,
    "ulceration": 6.964421272277832,
    "scaly_surface": 7.618234157562256,
    "strawberry_pattern": 6.636282920837402,
    "milia_like_cysts": 7.381404876708984,
    "comedo_like_openings": 7.593466758728027,
    "cerebriform_surface": 7.757176399230957,
    "central_white_patch": 7.945873737335205,
    "red_lacunae": 7.8064961433410645,
    "healthy_skin": 7.246543884277344
  },
  "just_eliminated": [],
  "issue4_fix": "best_within_step_checkpoint_restored"
}