{
  "lambda": 0.0020398873437157054,
  "n_active": 24,
  "val_balacc": 0.5672298014037771,
  "val_auc": 0.8379357930132005,
  "val_loss": 1.4932217076420784,
  "actual_epochs": 19,
  "norms": {
    "asymmetry": 7.174931526184082,
    "border_irregularity": 6.320347309112549,
    "colour_variation": 7.694972038269043,
    "diameter_large": 7.443281650543213,
    "atypical_pigment_network": 7.469241619110107,
    "blue_white_veil": 9.202725410461426,
    "atypical_vascular_pattern": 7.920931339263916,
    "irregular_streaks": 6.861028671264648,
    "irregular_pigmentation": 3.4061827659606934,
    "irregular_dots_globules": 6.588796615600586,
    "regression_structures": 5.869682312011719,
    "symmetric_uniform": 6.302125930786133,
    "reticular_network": 8.821564674377441,
    "arborizing_vessels": 7.710083484649658,
    "blue_grey_ovoid_nests": 7.167757511138916,
    "ulceration": 7.121093273162842,
    "scaly_surface": 8.313204765319824,
    "strawberry_pattern": 7.516861438751221,
    "milia_like_cysts": 8.536840438842773,
    "comedo_like_openings": 8.233269691467285,
    "cerebriform_surface": 8.5498685836792,
    "central_white_patch": 8.354452133178711,
    "red_lacunae": 8.540677070617676,
    "healthy_skin": 7.9986891746521
  },
  "just_eliminated": [],
  "issue4_fix": "best_within_step_checkpoint_restored"
}