{
  "lambda": 0.3119247322421468,
  "n_active": 24,
  "val_balacc": 0.526944862350609,
  "val_auc": 0.8420331491047095,
  "val_loss": 1.523794025182724,
  "actual_epochs": 28,
  "norms": {
    "asymmetry": 8.135811805725098,
    "border_irregularity": 6.5694661140441895,
    "colour_variation": 8.55308723449707,
    "diameter_large": 7.623597145080566,
    "atypical_pigment_network": 9.412420272827148,
    "blue_white_veil": 11.224770545959473,
    "atypical_vascular_pattern": 8.488995552062988,
    "irregular_streaks": 7.0810418128967285,
    "irregular_pigmentation": 5.453737258911133,
    "irregular_dots_globules": 8.099449157714844,
    "regression_structures": 5.868992328643799,
    "symmetric_uniform": 6.631125450134277,
    "reticular_network": 9.53420352935791,
    "arborizing_vessels": 8.072193145751953,
    "blue_grey_ovoid_nests": 6.99165678024292,
    "ulceration": 8.427445411682129,
    "scaly_surface": 8.950209617614746,
    "strawberry_pattern": 8.921855926513672,
    "milia_like_cysts": 8.25633716583252,
    "comedo_like_openings": 9.497468948364258,
    "cerebriform_surface": 8.836243629455566,
    "central_white_patch": 8.70571517944336,
    "red_lacunae": 8.689444541931152,
    "healthy_skin": 8.347668647766113
  },
  "just_eliminated": [],
  "issue4_fix": "best_within_step_checkpoint_restored"
}