{
  "lambda": 0.003844250502545598,
  "n_active": 24,
  "val_balacc": 0.529725884360799,
  "val_auc": 0.8384846672434546,
  "val_loss": 1.5099393464624882,
  "actual_epochs": 30,
  "norms": {
    "asymmetry": 7.794652938842773,
    "border_irregularity": 6.517333030700684,
    "colour_variation": 8.148625373840332,
    "diameter_large": 7.954593658447266,
    "atypical_pigment_network": 8.419307708740234,
    "blue_white_veil": 10.350051879882812,
    "atypical_vascular_pattern": 8.329598426818848,
    "irregular_streaks": 7.308769226074219,
    "irregular_pigmentation": 3.5326898097991943,
    "irregular_dots_globules": 7.336101055145264,
    "regression_structures": 6.32032585144043,
    "symmetric_uniform": 6.516994953155518,
    "reticular_network": 9.389127731323242,
    "arborizing_vessels": 8.37801742553711,
    "blue_grey_ovoid_nests": 7.388577461242676,
    "ulceration": 7.53859806060791,
    "scaly_surface": 8.694674491882324,
    "strawberry_pattern": 8.023272514343262,
    "milia_like_cysts": 8.965313911437988,
    "comedo_like_openings": 8.728814125061035,
    "cerebriform_surface": 8.80700397491455,
    "central_white_patch": 8.565129280090332,
    "red_lacunae": 8.887775421142578,
    "healthy_skin": 8.467391967773438
  },
  "just_eliminated": [],
  "issue4_fix": "best_within_step_checkpoint_restored"
}