{
  "lambda": 0.0032810307883654145,
  "n_active": 24,
  "val_balacc": 0.5456630528322537,
  "val_auc": 0.8377085507635713,
  "val_loss": 1.515325766056776,
  "actual_epochs": 26,
  "norms": {
    "asymmetry": 7.613208293914795,
    "border_irregularity": 6.448070049285889,
    "colour_variation": 8.043564796447754,
    "diameter_large": 7.804593086242676,
    "atypical_pigment_network": 8.224534034729004,
    "blue_white_veil": 10.121786117553711,
    "atypical_vascular_pattern": 8.31032943725586,
    "irregular_streaks": 7.226138591766357,
    "irregular_pigmentation": 3.274395227432251,
    "irregular_dots_globules": 7.230616569519043,
    "regression_structures": 6.27992582321167,
    "symmetric_uniform": 6.461902618408203,
    "reticular_network": 9.29306411743164,
    "arborizing_vessels": 8.232157707214355,
    "blue_grey_ovoid_nests": 7.37899923324585,
    "ulceration": 7.444577693939209,
    "scaly_surface": 8.597692489624023,
    "strawberry_pattern": 7.959110260009766,
    "milia_like_cysts": 9.019339561462402,
    "comedo_like_openings": 8.694534301757812,
    "cerebriform_surface": 8.765880584716797,
    "central_white_patch": 8.507608413696289,
    "red_lacunae": 8.84101390838623,
    "healthy_skin": 8.339155197143555
  },
  "just_eliminated": [],
  "issue4_fix": "best_within_step_checkpoint_restored"
}