{
  "lambda": 0.00108243216,
  "n_active": 24,
  "val_balacc": 0.5784248939719765,
  "val_auc": 0.8384899347638277,
  "val_loss": 1.41408871114254,
  "actual_epochs": 17,
  "norms": {
    "asymmetry": 6.725338459014893,
    "border_irregularity": 5.771597862243652,
    "colour_variation": 6.904961109161377,
    "diameter_large": 6.604423522949219,
    "atypical_pigment_network": 6.718350410461426,
    "blue_white_veil": 6.81564998626709,
    "atypical_vascular_pattern": 6.609260559082031,
    "irregular_streaks": 6.053714275360107,
    "irregular_pigmentation": 4.829623222351074,
    "irregular_dots_globules": 6.2688164710998535,
    "regression_structures": 5.745609760284424,
    "symmetric_uniform": 6.201815128326416,
    "reticular_network": 7.4073100090026855,
    "arborizing_vessels": 6.815776348114014,
    "blue_grey_ovoid_nests": 7.073391437530518,
    "ulceration": 7.0193562507629395,
    "scaly_surface": 7.292089462280273,
    "strawberry_pattern": 6.476180076599121,
    "milia_like_cysts": 7.1741156578063965,
    "comedo_like_openings": 7.407133102416992,
    "cerebriform_surface": 7.433071613311768,
    "central_white_patch": 7.600396633148193,
    "red_lacunae": 7.486703872680664,
    "healthy_skin": 7.083474636077881
  },
  "just_eliminated": [],
  "issue4_fix": "best_within_step_checkpoint_restored"
}