{
  "lambda": 0.005600347082104032,
  "n_active": 24,
  "val_balacc": 0.5379110203686687,
  "val_auc": 0.8348977805794934,
  "val_loss": 1.5282524041831493,
  "actual_epochs": 16,
  "norms": {
    "asymmetry": 7.983107089996338,
    "border_irregularity": 6.595827102661133,
    "colour_variation": 8.197026252746582,
    "diameter_large": 8.002970695495605,
    "atypical_pigment_network": 8.502551078796387,
    "blue_white_veil": 10.53978443145752,
    "atypical_vascular_pattern": 8.349827766418457,
    "irregular_streaks": 7.431968688964844,
    "irregular_pigmentation": 3.983626365661621,
    "irregular_dots_globules": 7.500116348266602,
    "regression_structures": 6.376516819000244,
    "symmetric_uniform": 6.569735527038574,
    "reticular_network": 9.405704498291016,
    "arborizing_vessels": 8.43753433227539,
    "blue_grey_ovoid_nests": 7.33683967590332,
    "ulceration": 7.739046096801758,
    "scaly_surface": 8.781930923461914,
    "strawberry_pattern": 8.158353805541992,
    "milia_like_cysts": 8.845287322998047,
    "comedo_like_openings": 8.782989501953125,
    "cerebriform_surface": 8.821009635925293,
    "central_white_patch": 8.59237289428711,
    "red_lacunae": 8.941739082336426,
    "healthy_skin": 8.515277862548828
  },
  "just_eliminated": [],
  "issue4_fix": "best_within_step_checkpoint_restored"
}