{
  "lambda": 0.16227220697897382,
  "n_active": 24,
  "val_balacc": 0.5404949614504392,
  "val_auc": 0.8379268015996847,
  "val_loss": 1.5655554682016373,
  "actual_epochs": 24,
  "norms": {
    "asymmetry": 8.486066818237305,
    "border_irregularity": 7.055890083312988,
    "colour_variation": 8.942261695861816,
    "diameter_large": 8.04555606842041,
    "atypical_pigment_network": 9.885337829589844,
    "blue_white_veil": 11.730077743530273,
    "atypical_vascular_pattern": 8.891369819641113,
    "irregular_streaks": 7.572612285614014,
    "irregular_pigmentation": 5.875504016876221,
    "irregular_dots_globules": 8.446515083312988,
    "regression_structures": 6.449882507324219,
    "symmetric_uniform": 7.039434909820557,
    "reticular_network": 10.018698692321777,
    "arborizing_vessels": 8.646505355834961,
    "blue_grey_ovoid_nests": 7.333927631378174,
    "ulceration": 8.800508499145508,
    "scaly_surface": 9.161090850830078,
    "strawberry_pattern": 9.377796173095703,
    "milia_like_cysts": 8.597792625427246,
    "comedo_like_openings": 9.851302146911621,
    "cerebriform_surface": 9.184366226196289,
    "central_white_patch": 9.236157417297363,
    "red_lacunae": 9.16478443145752,
    "healthy_skin": 8.79767894744873
  },
  "just_eliminated": [],
  "issue4_fix": "best_within_step_checkpoint_restored"
}