{
  "lambda": 0.005173855035962746,
  "n_active": 24,
  "val_balacc": 0.5263176218034092,
  "val_auc": 0.8378960387245656,
  "val_loss": 1.5335125662386417,
  "actual_epochs": 16,
  "norms": {
    "asymmetry": 7.9682297706604,
    "border_irregularity": 6.602700233459473,
    "colour_variation": 8.211919784545898,
    "diameter_large": 7.978093147277832,
    "atypical_pigment_network": 8.502333641052246,
    "blue_white_veil": 10.529536247253418,
    "atypical_vascular_pattern": 8.376967430114746,
    "irregular_streaks": 7.440835952758789,
    "irregular_pigmentation": 3.9710376262664795,
    "irregular_dots_globules": 7.512974739074707,
    "regression_structures": 6.400608062744141,
    "symmetric_uniform": 6.603568077087402,
    "reticular_network": 9.411432266235352,
    "arborizing_vessels": 8.436643600463867,
    "blue_grey_ovoid_nests": 7.361887454986572,
    "ulceration": 7.705909252166748,
    "scaly_surface": 8.798121452331543,
    "strawberry_pattern": 8.178298950195312,
    "milia_like_cysts": 8.83806324005127,
    "comedo_like_openings": 8.775792121887207,
    "cerebriform_surface": 8.827655792236328,
    "central_white_patch": 8.60927677154541,
    "red_lacunae": 8.946136474609375,
    "healthy_skin": 8.469293594360352
  },
  "just_eliminated": [],
  "issue4_fix": "best_within_step_checkpoint_restored"
}