{
  "step": 30,
  "lambda_s": 3.118651451949559,
  "n_active": 19,
  "val_balacc": 0.5510897639025079,
  "val_auc": 0.8454480949380774,
  "val_loss": 1.4239899590611458,
  "train_loss": 1.152020686027156,
  "epochs_used": 11,
  "time_sec": 12.404973030090332,
  "just_eliminated": [],
  "issue4_fix": "best_within_step_checkpoint_restored",
  "norms": {
    "asymmetry": 3.1341965198516846,
    "border_irregularity": 0.0,
    "colour_variation": 2.7046377658843994,
    "diameter_large": 3.399298667907715,
    "atypical_pigment_network": 0.0,
    "blue_white_veil": 1.1656290292739868,
    "atypical_vascular_pattern": 0.0,
    "irregular_streaks": 0.0,
    "irregular_pigmentation": 1.676692008972168,
    "irregular_dots_globules": 2.771278142929077,
    "regression_structures": 0.0,
    "symmetric_uniform": 2.256021499633789,
    "reticular_network": 4.668023109436035,
    "arborizing_vessels": 3.283684015274048,
    "blue_grey_ovoid_nests": 3.978443145751953,
    "ulceration": 3.746141195297241,
    "scaly_surface": 4.22084903717041,
    "strawberry_pattern": 2.7644872665405273,
    "milia_like_cysts": 3.8666887283325195,
    "comedo_like_openings": 1.2460178136825562,
    "cerebriform_surface": 2.1182167530059814,
    "central_white_patch": 4.117846488952637,
    "red_lacunae": 4.549379825592041,
    "healthy_skin": 3.451646327972412
  }
}