{
  "step": 11,
  "lambda_s": 1.4802442849183444,
  "n_active": 24,
  "val_balacc": 0.5276494654037547,
  "val_auc": 0.845857318135168,
  "val_loss": 1.490002579987049,
  "train_loss": 1.1133315547228082,
  "epochs_used": 12,
  "time_sec": 13.610106229782104,
  "just_eliminated": [],
  "issue4_fix": "best_within_step_checkpoint_restored",
  "norms": {
    "asymmetry": 4.825613021850586,
    "border_irregularity": 3.3036067485809326,
    "colour_variation": 5.177457809448242,
    "diameter_large": 4.9345598220825195,
    "atypical_pigment_network": 3.6788086891174316,
    "blue_white_veil": 4.863889217376709,
    "atypical_vascular_pattern": 3.360116958618164,
    "irregular_streaks": 3.644026517868042,
    "irregular_pigmentation": 4.484410285949707,
    "irregular_dots_globules": 3.677981376647949,
    "regression_structures": 2.6308836936950684,
    "symmetric_uniform": 4.814836502075195,
    "reticular_network": 5.521759986877441,
    "arborizing_vessels": 4.873978137969971,
    "blue_grey_ovoid_nests": 5.199394226074219,
    "ulceration": 5.034158706665039,
    "scaly_surface": 5.296235084533691,
    "strawberry_pattern": 4.448805332183838,
    "milia_like_cysts": 4.902624130249023,
    "comedo_like_openings": 4.607418537139893,
    "cerebriform_surface": 4.955317974090576,
    "central_white_patch": 5.427504539489746,
    "red_lacunae": 5.637529373168945,
    "healthy_skin": 5.509702682495117
  }
}