{
  "step": 5,
  "lambda_s": 1.1698585600000002,
  "n_active": 24,
  "val_balacc": 0.537538655512725,
  "val_auc": 0.843414926828524,
  "val_loss": 1.4986538738012314,
  "train_loss": 1.0959652961693511,
  "epochs_used": 16,
  "time_sec": 19.743613243103027,
  "just_eliminated": [],
  "issue4_fix": "best_within_step_checkpoint_restored",
  "norms": {
    "asymmetry": 5.971277236938477,
    "border_irregularity": 5.251551151275635,
    "colour_variation": 5.872442245483398,
    "diameter_large": 5.824070453643799,
    "atypical_pigment_network": 5.329643249511719,
    "blue_white_veil": 5.895108699798584,
    "atypical_vascular_pattern": 5.100841999053955,
    "irregular_streaks": 4.877460956573486,
    "irregular_pigmentation": 5.545053482055664,
    "irregular_dots_globules": 5.2494611740112305,
    "regression_structures": 4.585309028625488,
    "symmetric_uniform": 6.055562973022461,
    "reticular_network": 6.173585891723633,
    "arborizing_vessels": 5.768461227416992,
    "blue_grey_ovoid_nests": 5.715765953063965,
    "ulceration": 5.910930633544922,
    "scaly_surface": 6.094494819641113,
    "strawberry_pattern": 5.7289628982543945,
    "milia_like_cysts": 5.572369575500488,
    "comedo_like_openings": 5.729594707489014,
    "cerebriform_surface": 5.9163618087768555,
    "central_white_patch": 6.253681659698486,
    "red_lacunae": 6.258474349975586,
    "healthy_skin": 6.316609859466553
  }
}