{
  "step": 37,
  "lambda_s": 4.10393255398042,
  "n_active": 16,
  "val_balacc": 0.5403533788912461,
  "val_auc": 0.8397984946304315,
  "val_loss": 1.402582809329033,
  "train_loss": 1.1701418742393548,
  "epochs_used": 12,
  "time_sec": 13.880199432373047,
  "just_eliminated": [],
  "issue4_fix": "best_within_step_checkpoint_restored",
  "norms": {
    "asymmetry": 2.7751126289367676,
    "border_irregularity": 0.0,
    "colour_variation": 0.8695634603500366,
    "diameter_large": 3.2218711376190186,
    "atypical_pigment_network": 0.0,
    "blue_white_veil": 0.0,
    "atypical_vascular_pattern": 0.0,
    "irregular_streaks": 0.0,
    "irregular_pigmentation": 0.0,
    "irregular_dots_globules": 2.567080020904541,
    "regression_structures": 0.0,
    "symmetric_uniform": 1.6016007661819458,
    "reticular_network": 4.575371742248535,
    "arborizing_vessels": 2.9893345832824707,
    "blue_grey_ovoid_nests": 3.6385724544525146,
    "ulceration": 3.4366002082824707,
    "scaly_surface": 4.1968183517456055,
    "strawberry_pattern": 2.379241704940796,
    "milia_like_cysts": 3.654442548751831,
    "comedo_like_openings": 0.0,
    "cerebriform_surface": 1.5930464267730713,
    "central_white_patch": 4.249706268310547,
    "red_lacunae": 4.1965155601501465,
    "healthy_skin": 2.33284068107605
  }
}