{
  "step": 69,
  "lambda_s": 14.39683649245619,
  "n_active": 7,
  "val_balacc": 0.510724270649443,
  "val_auc": 0.8117460913780544,
  "val_loss": 1.3726386222988367,
  "train_loss": 1.2993757761538902,
  "epochs_used": 7,
  "time_sec": 8.753166913986206,
  "just_eliminated": [],
  "issue4_fix": "best_within_step_checkpoint_restored",
  "norms": {
    "asymmetry": 0.0,
    "border_irregularity": 0.0,
    "colour_variation": 0.0,
    "diameter_large": 3.209782838821411,
    "atypical_pigment_network": 0.0,
    "blue_white_veil": 0.0,
    "atypical_vascular_pattern": 0.0,
    "irregular_streaks": 0.0,
    "irregular_pigmentation": 0.0,
    "irregular_dots_globules": 0.0,
    "regression_structures": 0.0,
    "symmetric_uniform": 0.0,
    "reticular_network": 3.8678410053253174,
    "arborizing_vessels": 0.0,
    "blue_grey_ovoid_nests": 2.860081672668457,
    "ulceration": 0.0,
    "scaly_surface": 3.8894169330596924,
    "strawberry_pattern": 0.0,
    "milia_like_cysts": 3.2519710063934326,
    "comedo_like_openings": 0.0,
    "cerebriform_surface": 0.0,
    "central_white_patch": 3.6049036979675293,
    "red_lacunae": 3.2973577976226807,
    "healthy_skin": 0.0
  }
}