{
  "step": 52,
  "lambda_s": 7.390950680129451,
  "n_active": 11,
  "val_balacc": 0.5195836498477123,
  "val_auc": 0.82626412310579,
  "val_loss": 1.3699932657182217,
  "train_loss": 1.2226425785259059,
  "epochs_used": 9,
  "time_sec": 9.631653547286987,
  "just_eliminated": [],
  "issue4_fix": "best_within_step_checkpoint_restored",
  "norms": {
    "asymmetry": 1.0174560546875,
    "border_irregularity": 0.0,
    "colour_variation": 0.0,
    "diameter_large": 3.024540662765503,
    "atypical_pigment_network": 0.0,
    "blue_white_veil": 0.0,
    "atypical_vascular_pattern": 0.0,
    "irregular_streaks": 0.0,
    "irregular_pigmentation": 0.0,
    "irregular_dots_globules": 2.091017246246338,
    "regression_structures": 0.0,
    "symmetric_uniform": 0.0,
    "reticular_network": 4.315861701965332,
    "arborizing_vessels": 2.071072578430176,
    "blue_grey_ovoid_nests": 3.237089157104492,
    "ulceration": 2.563554525375366,
    "scaly_surface": 4.252246856689453,
    "strawberry_pattern": 0.0,
    "milia_like_cysts": 3.62854266166687,
    "comedo_like_openings": 0.0,
    "cerebriform_surface": 0.0,
    "central_white_patch": 3.939162492752075,
    "red_lacunae": 3.97898006439209,
    "healthy_skin": 0.0
  }
}