{
  "step": 86,
  "lambda_s": 28.043604938098163,
  "n_active": 7,
  "val_balacc": 0.4874773830900387,
  "val_auc": 0.7565295518161274,
  "val_loss": 1.545980610884726,
  "train_loss": 1.485355266940746,
  "epochs_used": 7,
  "time_sec": 8.674613237380981,
  "just_eliminated": [],
  "issue4_fix": "best_within_step_checkpoint_restored",
  "norms": {
    "asymmetry": 0.0,
    "border_irregularity": 0.0,
    "colour_variation": 0.0,
    "diameter_large": 2.6266019344329834,
    "atypical_pigment_network": 0.0,
    "blue_white_veil": 0.0,
    "atypical_vascular_pattern": 0.0,
    "irregular_streaks": 0.0,
    "irregular_pigmentation": 0.0,
    "irregular_dots_globules": 0.0,
    "regression_structures": 0.0,
    "symmetric_uniform": 0.0,
    "reticular_network": 3.2988498210906982,
    "arborizing_vessels": 0.0,
    "blue_grey_ovoid_nests": 1.142342209815979,
    "ulceration": 0.0,
    "scaly_surface": 2.927306890487671,
    "strawberry_pattern": 0.0,
    "milia_like_cysts": 2.542114496231079,
    "comedo_like_openings": 0.0,
    "cerebriform_surface": 0.0,
    "central_white_patch": 2.4829628467559814,
    "red_lacunae": 2.325923204421997,
    "healthy_skin": 0.0
  }
}