{
  "step": 27,
  "lambda_s": 2.772469784746919,
  "n_active": 21,
  "val_balacc": 0.5477417154530041,
  "val_auc": 0.8440823274878265,
  "val_loss": 1.485729306936264,
  "train_loss": 1.12322683960673,
  "epochs_used": 10,
  "time_sec": 12.49480128288269,
  "just_eliminated": [],
  "issue4_fix": "best_within_step_checkpoint_restored",
  "norms": {
    "asymmetry": 3.4365015029907227,
    "border_irregularity": 0.0,
    "colour_variation": 3.549771547317505,
    "diameter_large": 3.8017404079437256,
    "atypical_pigment_network": 0.9811142086982727,
    "blue_white_veil": 2.6877479553222656,
    "atypical_vascular_pattern": 0.0,
    "irregular_streaks": 1.4515734910964966,
    "irregular_pigmentation": 2.523548126220703,
    "irregular_dots_globules": 2.4573311805725098,
    "regression_structures": 0.0,
    "symmetric_uniform": 2.789318323135376,
    "reticular_network": 4.777997016906738,
    "arborizing_vessels": 3.5686168670654297,
    "blue_grey_ovoid_nests": 4.335669040679932,
    "ulceration": 3.9445979595184326,
    "scaly_surface": 4.238443374633789,
    "strawberry_pattern": 3.015657663345337,
    "milia_like_cysts": 3.9410219192504883,
    "comedo_like_openings": 2.5192458629608154,
    "cerebriform_surface": 2.9661152362823486,
    "central_white_patch": 4.268270969390869,
    "red_lacunae": 4.719954967498779,
    "healthy_skin": 4.020810604095459
  }
}