{
  "step": 74,
  "lambda_s": 17.51595290392506,
  "n_active": 7,
  "val_balacc": 0.493186627088456,
  "val_auc": 0.8074759744088369,
  "val_loss": 1.407786849886179,
  "train_loss": 1.3025563732787953,
  "epochs_used": 7,
  "time_sec": 8.999028205871582,
  "just_eliminated": [],
  "issue4_fix": "best_within_step_checkpoint_restored",
  "norms": {
    "asymmetry": 0.0,
    "border_irregularity": 0.0,
    "colour_variation": 0.0,
    "diameter_large": 3.005044937133789,
    "atypical_pigment_network": 0.0,
    "blue_white_veil": 0.0,
    "atypical_vascular_pattern": 0.0,
    "irregular_streaks": 0.0,
    "irregular_pigmentation": 0.0,
    "irregular_dots_globules": 0.0,
    "regression_structures": 0.0,
    "symmetric_uniform": 0.0,
    "reticular_network": 3.799616813659668,
    "arborizing_vessels": 0.0,
    "blue_grey_ovoid_nests": 2.5517594814300537,
    "ulceration": 0.0,
    "scaly_surface": 3.7120606899261475,
    "strawberry_pattern": 0.0,
    "milia_like_cysts": 3.094877243041992,
    "comedo_like_openings": 0.0,
    "cerebriform_surface": 0.0,
    "central_white_patch": 3.2937140464782715,
    "red_lacunae": 3.1583640575408936,
    "healthy_skin": 0.0
  }
}