{
  "step": 65,
  "lambda_s": 12.306476171321247,
  "n_active": 7,
  "val_balacc": 0.5015223859560828,
  "val_auc": 0.8168513856250847,
  "val_loss": 1.3692472148686647,
  "train_loss": 1.300368761674531,
  "epochs_used": 8,
  "time_sec": 9.85364842414856,
  "just_eliminated": [],
  "issue4_fix": "best_within_step_checkpoint_restored",
  "norms": {
    "asymmetry": 0.0,
    "border_irregularity": 0.0,
    "colour_variation": 0.0,
    "diameter_large": 3.2301058769226074,
    "atypical_pigment_network": 0.0,
    "blue_white_veil": 0.0,
    "atypical_vascular_pattern": 0.0,
    "irregular_streaks": 0.0,
    "irregular_pigmentation": 0.0,
    "irregular_dots_globules": 0.0,
    "regression_structures": 0.0,
    "symmetric_uniform": 0.0,
    "reticular_network": 4.018739223480225,
    "arborizing_vessels": 0.0,
    "blue_grey_ovoid_nests": 2.972249984741211,
    "ulceration": 0.0,
    "scaly_surface": 3.936349391937256,
    "strawberry_pattern": 0.0,
    "milia_like_cysts": 3.247316598892212,
    "comedo_like_openings": 0.0,
    "cerebriform_surface": 0.0,
    "central_white_patch": 3.64168381690979,
    "red_lacunae": 3.3103954792022705,
    "healthy_skin": 0.0
  }
}