{
  "step": 80,
  "lambda_s": 22.163268336416625,
  "n_active": 7,
  "val_balacc": 0.5088495333202874,
  "val_auc": 0.7913881272647215,
  "val_loss": 1.4579581776633859,
  "train_loss": 1.4226251934576941,
  "epochs_used": 7,
  "time_sec": 8.56210470199585,
  "just_eliminated": [],
  "issue4_fix": "best_within_step_checkpoint_restored",
  "norms": {
    "asymmetry": 0.0,
    "border_irregularity": 0.0,
    "colour_variation": 0.0,
    "diameter_large": 2.9057421684265137,
    "atypical_pigment_network": 0.0,
    "blue_white_veil": 0.0,
    "atypical_vascular_pattern": 0.0,
    "irregular_streaks": 0.0,
    "irregular_pigmentation": 0.0,
    "irregular_dots_globules": 0.0,
    "regression_structures": 0.0,
    "symmetric_uniform": 0.0,
    "reticular_network": 3.5412158966064453,
    "arborizing_vessels": 0.0,
    "blue_grey_ovoid_nests": 2.134115219116211,
    "ulceration": 0.0,
    "scaly_surface": 3.433274269104004,
    "strawberry_pattern": 0.0,
    "milia_like_cysts": 2.8395180702209473,
    "comedo_like_openings": 0.0,
    "cerebriform_surface": 0.0,
    "central_white_patch": 3.0013465881347656,
    "red_lacunae": 2.750678300857544,
    "healthy_skin": 0.0
  }
}