{
  "step": 79,
  "lambda_s": 21.31083493886214,
  "n_active": 7,
  "val_balacc": 0.49652909244473253,
  "val_auc": 0.7940422985854251,
  "val_loss": 1.4520437270402908,
  "train_loss": 1.418107291291755,
  "epochs_used": 7,
  "time_sec": 8.75566577911377,
  "just_eliminated": [],
  "issue4_fix": "best_within_step_checkpoint_restored",
  "norms": {
    "asymmetry": 0.0,
    "border_irregularity": 0.0,
    "colour_variation": 0.0,
    "diameter_large": 2.912677049636841,
    "atypical_pigment_network": 0.0,
    "blue_white_veil": 0.0,
    "atypical_vascular_pattern": 0.0,
    "irregular_streaks": 0.0,
    "irregular_pigmentation": 0.0,
    "irregular_dots_globules": 0.0,
    "regression_structures": 0.0,
    "symmetric_uniform": 0.0,
    "reticular_network": 3.591951608657837,
    "arborizing_vessels": 0.0,
    "blue_grey_ovoid_nests": 2.1713171005249023,
    "ulceration": 0.0,
    "scaly_surface": 3.526669502258301,
    "strawberry_pattern": 0.0,
    "milia_like_cysts": 2.9694979190826416,
    "comedo_like_openings": 0.0,
    "cerebriform_surface": 0.0,
    "central_white_patch": 3.0476226806640625,
    "red_lacunae": 2.8810031414031982,
    "healthy_skin": 0.0
  }
}