{
  "step": 64,
  "lambda_s": 11.833150164731968,
  "n_active": 7,
  "val_balacc": 0.5020842443844649,
  "val_auc": 0.8156177482489487,
  "val_loss": 1.3652662616223097,
  "train_loss": 1.3131586329592986,
  "epochs_used": 9,
  "time_sec": 11.036598205566406,
  "just_eliminated": [],
  "issue4_fix": "best_within_step_checkpoint_restored",
  "norms": {
    "asymmetry": 0.0,
    "border_irregularity": 0.0,
    "colour_variation": 0.0,
    "diameter_large": 3.2537918090820312,
    "atypical_pigment_network": 0.0,
    "blue_white_veil": 0.0,
    "atypical_vascular_pattern": 0.0,
    "irregular_streaks": 0.0,
    "irregular_pigmentation": 0.0,
    "irregular_dots_globules": 0.0,
    "regression_structures": 0.0,
    "symmetric_uniform": 0.0,
    "reticular_network": 3.995065927505493,
    "arborizing_vessels": 0.0,
    "blue_grey_ovoid_nests": 3.0189359188079834,
    "ulceration": 0.0,
    "scaly_surface": 3.878988027572632,
    "strawberry_pattern": 0.0,
    "milia_like_cysts": 3.256779909133911,
    "comedo_like_openings": 0.0,
    "cerebriform_surface": 0.0,
    "central_white_patch": 3.646451473236084,
    "red_lacunae": 3.435584306716919,
    "healthy_skin": 0.0
  }
}