{
  "step": 12,
  "lambda_s": 1.5394540563150783,
  "n_active": 24,
  "val_balacc": 0.5250979723752941,
  "val_auc": 0.8419593842041349,
  "val_loss": 1.5040626227855682,
  "train_loss": 1.1404265742243989,
  "epochs_used": 13,
  "time_sec": 14.084192276000977,
  "just_eliminated": [],
  "issue4_fix": "best_within_step_checkpoint_restored",
  "norms": {
    "asymmetry": 4.7062602043151855,
    "border_irregularity": 3.01574969291687,
    "colour_variation": 5.07278299331665,
    "diameter_large": 4.865260601043701,
    "atypical_pigment_network": 3.474738836288452,
    "blue_white_veil": 4.749351501464844,
    "atypical_vascular_pattern": 3.0981225967407227,
    "irregular_streaks": 3.442687749862671,
    "irregular_pigmentation": 4.349294662475586,
    "irregular_dots_globules": 3.5074126720428467,
    "regression_structures": 2.340296983718872,
    "symmetric_uniform": 4.663558006286621,
    "reticular_network": 5.459249019622803,
    "arborizing_vessels": 4.775645732879639,
    "blue_grey_ovoid_nests": 5.155091762542725,
    "ulceration": 4.92072868347168,
    "scaly_surface": 5.212187767028809,
    "strawberry_pattern": 4.303628444671631,
    "milia_like_cysts": 4.8190388679504395,
    "comedo_like_openings": 4.479856014251709,
    "cerebriform_surface": 4.840939044952393,
    "central_white_patch": 5.314581394195557,
    "red_lacunae": 5.550687313079834,
    "healthy_skin": 5.367186546325684
  }
}