{
  "step": 21,
  "lambda_s": 2.191123143033421,
  "n_active": 24,
  "val_balacc": 0.5317515802465635,
  "val_auc": 0.8441300058499297,
  "val_loss": 1.530925713479519,
  "train_loss": 1.1179750479430415,
  "epochs_used": 11,
  "time_sec": 12.99930191040039,
  "just_eliminated": [],
  "issue4_fix": "best_within_step_checkpoint_restored",
  "norms": {
    "asymmetry": 4.050169944763184,
    "border_irregularity": 1.052289605140686,
    "colour_variation": 4.398019790649414,
    "diameter_large": 4.315610408782959,
    "atypical_pigment_network": 2.432302951812744,
    "blue_white_veil": 3.9187164306640625,
    "atypical_vascular_pattern": 1.4430173635482788,
    "irregular_streaks": 2.3687379360198975,
    "irregular_pigmentation": 3.483278274536133,
    "irregular_dots_globules": 2.5791966915130615,
    "regression_structures": 0.41054829955101013,
    "symmetric_uniform": 3.7462317943573,
    "reticular_network": 5.017821311950684,
    "arborizing_vessels": 4.1809401512146,
    "blue_grey_ovoid_nests": 4.7699480056762695,
    "ulceration": 4.393187522888184,
    "scaly_surface": 4.6762285232543945,
    "strawberry_pattern": 3.5148000717163086,
    "milia_like_cysts": 4.448248863220215,
    "comedo_like_openings": 3.55857515335083,
    "cerebriform_surface": 3.945655107498169,
    "central_white_patch": 4.723074913024902,
    "red_lacunae": 5.021533966064453,
    "healthy_skin": 4.753012657165527
  }
}