{
  "step": 78,
  "lambda_s": 20.491187441213594,
  "n_active": 7,
  "val_balacc": 0.4899542335596176,
  "val_auc": 0.7981033111808723,
  "val_loss": 1.4424196314066648,
  "train_loss": 1.4027771139189475,
  "epochs_used": 7,
  "time_sec": 8.821273803710938,
  "just_eliminated": [],
  "issue4_fix": "best_within_step_checkpoint_restored",
  "norms": {
    "asymmetry": 0.0,
    "border_irregularity": 0.0,
    "colour_variation": 0.0,
    "diameter_large": 3.007713794708252,
    "atypical_pigment_network": 0.0,
    "blue_white_veil": 0.0,
    "atypical_vascular_pattern": 0.0,
    "irregular_streaks": 0.0,
    "irregular_pigmentation": 0.0,
    "irregular_dots_globules": 0.0,
    "regression_structures": 0.0,
    "symmetric_uniform": 0.0,
    "reticular_network": 3.6377739906311035,
    "arborizing_vessels": 0.0,
    "blue_grey_ovoid_nests": 2.2852983474731445,
    "ulceration": 0.0,
    "scaly_surface": 3.598665237426758,
    "strawberry_pattern": 0.0,
    "milia_like_cysts": 2.9671359062194824,
    "comedo_like_openings": 0.0,
    "cerebriform_surface": 0.0,
    "central_white_patch": 3.148820161819458,
    "red_lacunae": 2.9320452213287354,
    "healthy_skin": 0.0
  }
}