{
  "step": 58,
  "lambda_s": 9.351910460333741,
  "n_active": 10,
  "val_balacc": 0.5131125588282429,
  "val_auc": 0.8214918649507421,
  "val_loss": 1.3652327246963978,
  "train_loss": 1.2551539589883978,
  "epochs_used": 8,
  "time_sec": 9.007662773132324,
  "just_eliminated": [],
  "issue4_fix": "best_within_step_checkpoint_restored",
  "norms": {
    "asymmetry": 0.0,
    "border_irregularity": 0.0,
    "colour_variation": 0.0,
    "diameter_large": 3.13151216506958,
    "atypical_pigment_network": 0.0,
    "blue_white_veil": 0.0,
    "atypical_vascular_pattern": 0.0,
    "irregular_streaks": 0.0,
    "irregular_pigmentation": 0.0,
    "irregular_dots_globules": 1.8587067127227783,
    "regression_structures": 0.0,
    "symmetric_uniform": 0.0,
    "reticular_network": 4.171278953552246,
    "arborizing_vessels": 1.0237101316452026,
    "blue_grey_ovoid_nests": 3.0906920433044434,
    "ulceration": 2.213979959487915,
    "scaly_surface": 4.179902076721191,
    "strawberry_pattern": 0.0,
    "milia_like_cysts": 3.5566110610961914,
    "comedo_like_openings": 0.0,
    "cerebriform_surface": 0.0,
    "central_white_patch": 3.8362483978271484,
    "red_lacunae": 3.8088858127593994,
    "healthy_skin": 0.0
  }
}