{
  "step": 17,
  "lambda_s": 1.8729812457271933,
  "n_active": 24,
  "val_balacc": 0.5354063207163416,
  "val_auc": 0.8477489327197162,
  "val_loss": 1.5226519331336021,
  "train_loss": 1.099286840800817,
  "epochs_used": 8,
  "time_sec": 9.334314584732056,
  "just_eliminated": [],
  "issue4_fix": "best_within_step_checkpoint_restored",
  "norms": {
    "asymmetry": 4.31115198135376,
    "border_irregularity": 1.778701663017273,
    "colour_variation": 4.638696193695068,
    "diameter_large": 4.500261306762695,
    "atypical_pigment_network": 2.830703020095825,
    "blue_white_veil": 4.239262104034424,
    "atypical_vascular_pattern": 2.125540018081665,
    "irregular_streaks": 2.773834466934204,
    "irregular_pigmentation": 3.7977752685546875,
    "irregular_dots_globules": 2.8791518211364746,
    "regression_structures": 1.115351676940918,
    "symmetric_uniform": 4.084402561187744,
    "reticular_network": 5.207552433013916,
    "arborizing_vessels": 4.389798641204834,
    "blue_grey_ovoid_nests": 4.903373718261719,
    "ulceration": 4.5626091957092285,
    "scaly_surface": 4.87487268447876,
    "strawberry_pattern": 3.800581455230713,
    "milia_like_cysts": 4.579263210296631,
    "comedo_like_openings": 3.9147331714630127,
    "cerebriform_surface": 4.33319091796875,
    "central_white_patch": 4.936287879943848,
    "red_lacunae": 5.1909403800964355,
    "healthy_skin": 4.971981525421143
  }
}