{
  "step": 82,
  "lambda_s": 23.97179103266822,
  "n_active": 7,
  "val_balacc": 0.49923682802277913,
  "val_auc": 0.7780174891371106,
  "val_loss": 1.486044317483902,
  "train_loss": 1.4328626448508548,
  "epochs_used": 7,
  "time_sec": 8.475926876068115,
  "just_eliminated": [],
  "issue4_fix": "best_within_step_checkpoint_restored",
  "norms": {
    "asymmetry": 0.0,
    "border_irregularity": 0.0,
    "colour_variation": 0.0,
    "diameter_large": 2.78113055229187,
    "atypical_pigment_network": 0.0,
    "blue_white_veil": 0.0,
    "atypical_vascular_pattern": 0.0,
    "irregular_streaks": 0.0,
    "irregular_pigmentation": 0.0,
    "irregular_dots_globules": 0.0,
    "regression_structures": 0.0,
    "symmetric_uniform": 0.0,
    "reticular_network": 3.43839955329895,
    "arborizing_vessels": 0.0,
    "blue_grey_ovoid_nests": 1.8327163457870483,
    "ulceration": 0.0,
    "scaly_surface": 3.297799587249756,
    "strawberry_pattern": 0.0,
    "milia_like_cysts": 2.7103254795074463,
    "comedo_like_openings": 0.0,
    "cerebriform_surface": 0.0,
    "central_white_patch": 2.831963539123535,
    "red_lacunae": 2.5894031524658203,
    "healthy_skin": 0.0
  }
}