{
  "step": 45,
  "lambda_s": 5.616515078328274,
  "n_active": 13,
  "val_balacc": 0.5271521634036638,
  "val_auc": 0.8281250692476932,
  "val_loss": 1.383187297731638,
  "train_loss": 1.1685669336336801,
  "epochs_used": 7,
  "time_sec": 8.47954797744751,
  "just_eliminated": [],
  "issue4_fix": "best_within_step_checkpoint_restored",
  "norms": {
    "asymmetry": 2.56459379196167,
    "border_irregularity": 0.0,
    "colour_variation": 0.0,
    "diameter_large": 3.097276210784912,
    "atypical_pigment_network": 0.0,
    "blue_white_veil": 0.0,
    "atypical_vascular_pattern": 0.0,
    "irregular_streaks": 0.0,
    "irregular_pigmentation": 0.0,
    "irregular_dots_globules": 2.2708494663238525,
    "regression_structures": 0.0,
    "symmetric_uniform": 0.0,
    "reticular_network": 4.503968238830566,
    "arborizing_vessels": 2.661651134490967,
    "blue_grey_ovoid_nests": 3.3935937881469727,
    "ulceration": 3.0404646396636963,
    "scaly_surface": 4.268199920654297,
    "strawberry_pattern": 0.7268418073654175,
    "milia_like_cysts": 3.5904648303985596,
    "comedo_like_openings": 0.0,
    "cerebriform_surface": 1.553472638130188,
    "central_white_patch": 4.344637870788574,
    "red_lacunae": 4.1131672859191895,
    "healthy_skin": 0.0
  }
}