{
  "step": 61,
  "lambda_s": 10.519627408052855,
  "n_active": 9,
  "val_balacc": 0.5052807698293676,
  "val_auc": 0.8245369026360678,
  "val_loss": 1.375096745789051,
  "train_loss": 1.241883389115445,
  "epochs_used": 8,
  "time_sec": 9.113065958023071,
  "just_eliminated": [],
  "issue4_fix": "best_within_step_checkpoint_restored",
  "norms": {
    "asymmetry": 0.0,
    "border_irregularity": 0.0,
    "colour_variation": 0.0,
    "diameter_large": 3.133267641067505,
    "atypical_pigment_network": 0.0,
    "blue_white_veil": 0.0,
    "atypical_vascular_pattern": 0.0,
    "irregular_streaks": 0.0,
    "irregular_pigmentation": 0.0,
    "irregular_dots_globules": 1.27371084690094,
    "regression_structures": 0.0,
    "symmetric_uniform": 0.0,
    "reticular_network": 4.042869567871094,
    "arborizing_vessels": 0.0,
    "blue_grey_ovoid_nests": 3.0887413024902344,
    "ulceration": 2.0447068214416504,
    "scaly_surface": 4.107365131378174,
    "strawberry_pattern": 0.0,
    "milia_like_cysts": 3.360102415084839,
    "comedo_like_openings": 0.0,
    "cerebriform_surface": 0.0,
    "central_white_patch": 3.8351027965545654,
    "red_lacunae": 3.7922754287719727,
    "healthy_skin": 0.0
  }
}