{
  "step": 43,
  "lambda_s": 5.192783911176289,
  "n_active": 13,
  "val_balacc": 0.5265449806067195,
  "val_auc": 0.8272487449769638,
  "val_loss": 1.378167513757944,
  "train_loss": 1.2214052193482072,
  "epochs_used": 9,
  "time_sec": 13.887749671936035,
  "just_eliminated": [],
  "issue4_fix": "best_within_step_checkpoint_restored",
  "norms": {
    "asymmetry": 2.5919747352600098,
    "border_irregularity": 0.0,
    "colour_variation": 0.0,
    "diameter_large": 3.1105148792266846,
    "atypical_pigment_network": 0.0,
    "blue_white_veil": 0.0,
    "atypical_vascular_pattern": 0.0,
    "irregular_streaks": 0.0,
    "irregular_pigmentation": 0.0,
    "irregular_dots_globules": 2.375504493713379,
    "regression_structures": 0.0,
    "symmetric_uniform": 0.0,
    "reticular_network": 4.536846160888672,
    "arborizing_vessels": 2.778374433517456,
    "blue_grey_ovoid_nests": 3.402055501937866,
    "ulceration": 3.117419719696045,
    "scaly_surface": 4.253269195556641,
    "strawberry_pattern": 1.1441619396209717,
    "milia_like_cysts": 3.56121826171875,
    "comedo_like_openings": 0.0,
    "cerebriform_surface": 1.622353196144104,
    "central_white_patch": 4.322840213775635,
    "red_lacunae": 4.150174140930176,
    "healthy_skin": 0.0
  }
}