{
  "step": 84,
  "lambda_s": 25.927889180933953,
  "n_active": 7,
  "val_balacc": 0.4879990137026812,
  "val_auc": 0.7638316644410904,
  "val_loss": 1.5142345018684864,
  "train_loss": 1.4730486141331436,
  "epochs_used": 7,
  "time_sec": 8.46126651763916,
  "just_eliminated": [],
  "issue4_fix": "best_within_step_checkpoint_restored",
  "norms": {
    "asymmetry": 0.0,
    "border_irregularity": 0.0,
    "colour_variation": 0.0,
    "diameter_large": 2.7574667930603027,
    "atypical_pigment_network": 0.0,
    "blue_white_veil": 0.0,
    "atypical_vascular_pattern": 0.0,
    "irregular_streaks": 0.0,
    "irregular_pigmentation": 0.0,
    "irregular_dots_globules": 0.0,
    "regression_structures": 0.0,
    "symmetric_uniform": 0.0,
    "reticular_network": 3.3910396099090576,
    "arborizing_vessels": 0.0,
    "blue_grey_ovoid_nests": 1.6659778356552124,
    "ulceration": 0.0,
    "scaly_surface": 3.0965332984924316,
    "strawberry_pattern": 0.0,
    "milia_like_cysts": 2.605428457260132,
    "comedo_like_openings": 0.0,
    "cerebriform_surface": 0.0,
    "central_white_patch": 2.6337850093841553,
    "red_lacunae": 2.4328420162200928,
    "healthy_skin": 0.0
  }
}