{
  "step": 18,
  "lambda_s": 1.947900495556281,
  "n_active": 24,
  "val_balacc": 0.5326805830908802,
  "val_auc": 0.8432610692494172,
  "val_loss": 1.5244520381093025,
  "train_loss": 1.1035382718674376,
  "epochs_used": 9,
  "time_sec": 10.380046129226685,
  "just_eliminated": [],
  "issue4_fix": "best_within_step_checkpoint_restored",
  "norms": {
    "asymmetry": 4.258471965789795,
    "border_irregularity": 1.6270644664764404,
    "colour_variation": 4.605494976043701,
    "diameter_large": 4.478794574737549,
    "atypical_pigment_network": 2.738464593887329,
    "blue_white_veil": 4.173985481262207,
    "atypical_vascular_pattern": 1.9900370836257935,
    "irregular_streaks": 2.712475299835205,
    "irregular_pigmentation": 3.733435869216919,
    "irregular_dots_globules": 2.817591667175293,
    "regression_structures": 0.9447595477104187,
    "symmetric_uniform": 3.9961509704589844,
    "reticular_network": 5.183141231536865,
    "arborizing_vessels": 4.35393762588501,
    "blue_grey_ovoid_nests": 4.869309425354004,
    "ulceration": 4.539785861968994,
    "scaly_surface": 4.833034992218018,
    "strawberry_pattern": 3.722588300704956,
    "milia_like_cysts": 4.547542572021484,
    "comedo_like_openings": 3.8309473991394043,
    "cerebriform_surface": 4.25294303894043,
    "central_white_patch": 4.903814792633057,
    "red_lacunae": 5.127143383026123,
    "healthy_skin": 4.960707664489746
  }
}