{
  "step": 50,
  "lambda_s": 6.833349371421459,
  "n_active": 12,
  "val_balacc": 0.5266934727843914,
  "val_auc": 0.8238969512956078,
  "val_loss": 1.3856251090765,
  "train_loss": 1.2860927748212045,
  "epochs_used": 12,
  "time_sec": 16.30922508239746,
  "just_eliminated": [],
  "issue4_fix": "best_within_step_checkpoint_restored",
  "norms": {
    "asymmetry": 1.9960105419158936,
    "border_irregularity": 0.0,
    "colour_variation": 0.0,
    "diameter_large": 3.0442652702331543,
    "atypical_pigment_network": 0.0,
    "blue_white_veil": 0.0,
    "atypical_vascular_pattern": 0.0,
    "irregular_streaks": 0.0,
    "irregular_pigmentation": 0.0,
    "irregular_dots_globules": 2.138810396194458,
    "regression_structures": 0.0,
    "symmetric_uniform": 0.0,
    "reticular_network": 4.305582523345947,
    "arborizing_vessels": 2.377556562423706,
    "blue_grey_ovoid_nests": 3.296149969100952,
    "ulceration": 2.755676031112671,
    "scaly_surface": 4.173372268676758,
    "strawberry_pattern": 0.0,
    "milia_like_cysts": 3.5259974002838135,
    "comedo_like_openings": 0.0,
    "cerebriform_surface": 0.9839643836021423,
    "central_white_patch": 4.086318492889404,
    "red_lacunae": 3.999455213546753,
    "healthy_skin": 0.0
  }
}