{
  "step": 56,
  "lambda_s": 8.64636691968726,
  "n_active": 10,
  "val_balacc": 0.5274588990814971,
  "val_auc": 0.828230036650309,
  "val_loss": 1.3687104191631079,
  "train_loss": 1.2490032832174518,
  "epochs_used": 8,
  "time_sec": 8.852274179458618,
  "just_eliminated": [],
  "issue4_fix": "best_within_step_checkpoint_restored",
  "norms": {
    "asymmetry": 0.0,
    "border_irregularity": 0.0,
    "colour_variation": 0.0,
    "diameter_large": 3.139158248901367,
    "atypical_pigment_network": 0.0,
    "blue_white_veil": 0.0,
    "atypical_vascular_pattern": 0.0,
    "irregular_streaks": 0.0,
    "irregular_pigmentation": 0.0,
    "irregular_dots_globules": 1.987683653831482,
    "regression_structures": 0.0,
    "symmetric_uniform": 0.0,
    "reticular_network": 4.190465450286865,
    "arborizing_vessels": 1.4167810678482056,
    "blue_grey_ovoid_nests": 3.084195852279663,
    "ulceration": 2.377305269241333,
    "scaly_surface": 4.233583450317383,
    "strawberry_pattern": 0.0,
    "milia_like_cysts": 3.5655343532562256,
    "comedo_like_openings": 0.0,
    "cerebriform_surface": 0.0,
    "central_white_patch": 3.9260213375091553,
    "red_lacunae": 3.8982160091400146,
    "healthy_skin": 0.0
  }
}