{
  "step": 13,
  "lambda_s": 1.6010322185676815,
  "n_active": 24,
  "val_balacc": 0.5199059366500061,
  "val_auc": 0.8474904306424317,
  "val_loss": 1.5102794766426086,
  "train_loss": 1.0851185215934855,
  "epochs_used": 10,
  "time_sec": 10.896914005279541,
  "just_eliminated": [],
  "issue4_fix": "best_within_step_checkpoint_restored",
  "norms": {
    "asymmetry": 4.672077655792236,
    "border_irregularity": 2.852736234664917,
    "colour_variation": 5.01187801361084,
    "diameter_large": 4.770274639129639,
    "atypical_pigment_network": 3.3495099544525146,
    "blue_white_veil": 4.665511608123779,
    "atypical_vascular_pattern": 2.953814744949341,
    "irregular_streaks": 3.338017702102661,
    "irregular_pigmentation": 4.28485107421875,
    "irregular_dots_globules": 3.375708818435669,
    "regression_structures": 2.1627495288848877,
    "symmetric_uniform": 4.551784515380859,
    "reticular_network": 5.421286106109619,
    "arborizing_vessels": 4.727847576141357,
    "blue_grey_ovoid_nests": 5.08832311630249,
    "ulceration": 4.871789455413818,
    "scaly_surface": 5.142721652984619,
    "strawberry_pattern": 4.24075174331665,
    "milia_like_cysts": 4.7640533447265625,
    "comedo_like_openings": 4.39637565612793,
    "cerebriform_surface": 4.788830757141113,
    "central_white_patch": 5.251307964324951,
    "red_lacunae": 5.489138126373291,
    "healthy_skin": 5.282063961029053
  }
}