{
  "step": 32,
  "lambda_s": 3.3731334104286432,
  "n_active": 19,
  "val_balacc": 0.5380094223229879,
  "val_auc": 0.8433996046440125,
  "val_loss": 1.4183079227805138,
  "train_loss": 1.187149811585992,
  "epochs_used": 8,
  "time_sec": 9.210187435150146,
  "just_eliminated": [],
  "issue4_fix": "best_within_step_checkpoint_restored",
  "norms": {
    "asymmetry": 3.1230978965759277,
    "border_irregularity": 0.0,
    "colour_variation": 2.623312473297119,
    "diameter_large": 3.3325586318969727,
    "atypical_pigment_network": 0.0,
    "blue_white_veil": 0.8755496740341187,
    "atypical_vascular_pattern": 0.0,
    "irregular_streaks": 0.0,
    "irregular_pigmentation": 1.5525293350219727,
    "irregular_dots_globules": 2.7025222778320312,
    "regression_structures": 0.0,
    "symmetric_uniform": 2.2407162189483643,
    "reticular_network": 4.688004970550537,
    "arborizing_vessels": 3.256960153579712,
    "blue_grey_ovoid_nests": 3.947815418243408,
    "ulceration": 3.679582357406616,
    "scaly_surface": 4.281375408172607,
    "strawberry_pattern": 2.7256217002868652,
    "milia_like_cysts": 3.845366954803467,
    "comedo_like_openings": 0.9952361583709717,
    "cerebriform_surface": 2.0986335277557373,
    "central_white_patch": 4.097132205963135,
    "red_lacunae": 4.590688705444336,
    "healthy_skin": 3.381340980529785
  }
}