{
  "step": 44,
  "lambda_s": 5.40049526762334,
  "n_active": 13,
  "val_balacc": 0.522396603630799,
  "val_auc": 0.8337237039521412,
  "val_loss": 1.391780186444521,
  "train_loss": 1.2657811417688125,
  "epochs_used": 9,
  "time_sec": 10.777606964111328,
  "just_eliminated": [],
  "issue4_fix": "best_within_step_checkpoint_restored",
  "norms": {
    "asymmetry": 2.547734022140503,
    "border_irregularity": 0.0,
    "colour_variation": 0.0,
    "diameter_large": 3.0136141777038574,
    "atypical_pigment_network": 0.0,
    "blue_white_veil": 0.0,
    "atypical_vascular_pattern": 0.0,
    "irregular_streaks": 0.0,
    "irregular_pigmentation": 0.0,
    "irregular_dots_globules": 2.290243148803711,
    "regression_structures": 0.0,
    "symmetric_uniform": 0.0,
    "reticular_network": 4.518067836761475,
    "arborizing_vessels": 2.681579113006592,
    "blue_grey_ovoid_nests": 3.4379217624664307,
    "ulceration": 3.0540802478790283,
    "scaly_surface": 4.245650768280029,
    "strawberry_pattern": 0.850612998008728,
    "milia_like_cysts": 3.5401906967163086,
    "comedo_like_openings": 0.0,
    "cerebriform_surface": 1.6338952779769897,
    "central_white_patch": 4.356748104095459,
    "red_lacunae": 4.118268013000488,
    "healthy_skin": 0.0
  }
}