{
  "step": 16,
  "lambda_s": 1.8009435055069165,
  "n_active": 24,
  "val_balacc": 0.5367375927228027,
  "val_auc": 0.8456883100620304,
  "val_loss": 1.5069234371185303,
  "train_loss": 1.1069214110732561,
  "epochs_used": 11,
  "time_sec": 12.433219909667969,
  "just_eliminated": [],
  "issue4_fix": "best_within_step_checkpoint_restored",
  "norms": {
    "asymmetry": 4.3413872718811035,
    "border_irregularity": 1.9104762077331543,
    "colour_variation": 4.682072639465332,
    "diameter_large": 4.5571513175964355,
    "atypical_pigment_network": 2.884539842605591,
    "blue_white_veil": 4.295961380004883,
    "atypical_vascular_pattern": 2.2146739959716797,
    "irregular_streaks": 2.815617084503174,
    "irregular_pigmentation": 3.824904441833496,
    "irregular_dots_globules": 2.8999221324920654,
    "regression_structures": 1.2290606498718262,
    "symmetric_uniform": 4.1270856857299805,
    "reticular_network": 5.20786714553833,
    "arborizing_vessels": 4.416417598724365,
    "blue_grey_ovoid_nests": 4.9354658126831055,
    "ulceration": 4.610082626342773,
    "scaly_surface": 4.883660316467285,
    "strawberry_pattern": 3.8267922401428223,
    "milia_like_cysts": 4.589216232299805,
    "comedo_like_openings": 3.969202756881714,
    "cerebriform_surface": 4.367904186248779,
    "central_white_patch": 4.950281143188477,
    "red_lacunae": 5.217267036437988,
    "healthy_skin": 5.027002811431885
  }
}