{
  "step": 10,
  "lambda_s": 1.423311812421485,
  "n_active": 24,
  "val_balacc": 0.5349268969240165,
  "val_auc": 0.845078645851478,
  "val_loss": 1.4946743920445442,
  "train_loss": 1.069685927615726,
  "epochs_used": 10,
  "time_sec": 11.204724788665771,
  "just_eliminated": [],
  "issue4_fix": "best_within_step_checkpoint_restored",
  "norms": {
    "asymmetry": 4.960084438323975,
    "border_irregularity": 3.5599026679992676,
    "colour_variation": 5.2168474197387695,
    "diameter_large": 5.026356220245361,
    "atypical_pigment_network": 3.8697516918182373,
    "blue_white_veil": 5.009677886962891,
    "atypical_vascular_pattern": 3.5685131549835205,
    "irregular_streaks": 3.8082053661346436,
    "irregular_pigmentation": 4.5831685066223145,
    "irregular_dots_globules": 3.8510501384735107,
    "regression_structures": 2.890683174133301,
    "symmetric_uniform": 4.952393054962158,
    "reticular_network": 5.5809125900268555,
    "arborizing_vessels": 4.964297294616699,
    "blue_grey_ovoid_nests": 5.271412372589111,
    "ulceration": 5.096502780914307,
    "scaly_surface": 5.386566638946533,
    "strawberry_pattern": 4.606065273284912,
    "milia_like_cysts": 4.942897319793701,
    "comedo_like_openings": 4.738934516906738,
    "cerebriform_surface": 5.0548248291015625,
    "central_white_patch": 5.508566856384277,
    "red_lacunae": 5.70665168762207,
    "healthy_skin": 5.6018147468566895
  }
}