{
  "step": 42,
  "lambda_s": 4.993061453054123,
  "n_active": 13,
  "val_balacc": 0.5313433472249736,
  "val_auc": 0.8288933666238206,
  "val_loss": 1.3686048090457916,
  "train_loss": 1.2190910137565234,
  "epochs_used": 8,
  "time_sec": 9.591720581054688,
  "just_eliminated": [],
  "issue4_fix": "best_within_step_checkpoint_restored",
  "norms": {
    "asymmetry": 2.6222596168518066,
    "border_irregularity": 0.0,
    "colour_variation": 0.0,
    "diameter_large": 3.0995471477508545,
    "atypical_pigment_network": 0.0,
    "blue_white_veil": 0.0,
    "atypical_vascular_pattern": 0.0,
    "irregular_streaks": 0.0,
    "irregular_pigmentation": 0.0,
    "irregular_dots_globules": 2.399620294570923,
    "regression_structures": 0.0,
    "symmetric_uniform": 0.0,
    "reticular_network": 4.554548263549805,
    "arborizing_vessels": 2.7098116874694824,
    "blue_grey_ovoid_nests": 3.4220046997070312,
    "ulceration": 3.115518093109131,
    "scaly_surface": 4.291235446929932,
    "strawberry_pattern": 1.401649832725525,
    "milia_like_cysts": 3.6391184329986572,
    "comedo_like_openings": 0.0,
    "cerebriform_surface": 1.5490589141845703,
    "central_white_patch": 4.255441665649414,
    "red_lacunae": 4.1823320388793945,
    "healthy_skin": 0.0
  }
}