{
  "step": 67,
  "lambda_s": 13.310684626901063,
  "n_active": 7,
  "val_balacc": 0.5001765122889991,
  "val_auc": 0.8157748363152155,
  "val_loss": 1.3712078463286161,
  "train_loss": 1.2832457776677388,
  "epochs_used": 7,
  "time_sec": 8.881919145584106,
  "just_eliminated": [],
  "issue4_fix": "best_within_step_checkpoint_restored",
  "norms": {
    "asymmetry": 0.0,
    "border_irregularity": 0.0,
    "colour_variation": 0.0,
    "diameter_large": 3.2844526767730713,
    "atypical_pigment_network": 0.0,
    "blue_white_veil": 0.0,
    "atypical_vascular_pattern": 0.0,
    "irregular_streaks": 0.0,
    "irregular_pigmentation": 0.0,
    "irregular_dots_globules": 0.0,
    "regression_structures": 0.0,
    "symmetric_uniform": 0.0,
    "reticular_network": 3.9699134826660156,
    "arborizing_vessels": 0.0,
    "blue_grey_ovoid_nests": 3.012662172317505,
    "ulceration": 0.0,
    "scaly_surface": 4.00797700881958,
    "strawberry_pattern": 0.0,
    "milia_like_cysts": 3.197941541671753,
    "comedo_like_openings": 0.0,
    "cerebriform_surface": 0.0,
    "central_white_patch": 3.637030601501465,
    "red_lacunae": 3.4007816314697266,
    "healthy_skin": 0.0
  }
}