{
  "step": 39,
  "lambda_s": 4.438813450385222,
  "n_active": 16,
  "val_balacc": 0.545794175015272,
  "val_auc": 0.8403984425723916,
  "val_loss": 1.4091112539172173,
  "train_loss": 1.1761812672283687,
  "epochs_used": 10,
  "time_sec": 11.859429836273193,
  "just_eliminated": [],
  "issue4_fix": "best_within_step_checkpoint_restored",
  "norms": {
    "asymmetry": 2.8474297523498535,
    "border_irregularity": 0.0,
    "colour_variation": 0.5569837093353271,
    "diameter_large": 3.3076372146606445,
    "atypical_pigment_network": 0.0,
    "blue_white_veil": 0.0,
    "atypical_vascular_pattern": 0.0,
    "irregular_streaks": 0.0,
    "irregular_pigmentation": 0.0,
    "irregular_dots_globules": 2.511178493499756,
    "regression_structures": 0.0,
    "symmetric_uniform": 1.3526540994644165,
    "reticular_network": 4.626480579376221,
    "arborizing_vessels": 2.928593635559082,
    "blue_grey_ovoid_nests": 3.658879518508911,
    "ulceration": 3.440851926803589,
    "scaly_surface": 4.261328220367432,
    "strawberry_pattern": 2.2460880279541016,
    "milia_like_cysts": 3.6770176887512207,
    "comedo_like_openings": 0.0,
    "cerebriform_surface": 1.5794304609298706,
    "central_white_patch": 4.203065395355225,
    "red_lacunae": 4.227413177490234,
    "healthy_skin": 2.0698366165161133
  }
}