{
  "step": 71,
  "lambda_s": 15.571618350240616,
  "n_active": 7,
  "val_balacc": 0.5217182031896448,
  "val_auc": 0.8128200005258608,
  "val_loss": 1.383341884240508,
  "train_loss": 1.3368535724597097,
  "epochs_used": 7,
  "time_sec": 8.711158990859985,
  "just_eliminated": [],
  "issue4_fix": "best_within_step_checkpoint_restored",
  "norms": {
    "asymmetry": 0.0,
    "border_irregularity": 0.0,
    "colour_variation": 0.0,
    "diameter_large": 3.175088882446289,
    "atypical_pigment_network": 0.0,
    "blue_white_veil": 0.0,
    "atypical_vascular_pattern": 0.0,
    "irregular_streaks": 0.0,
    "irregular_pigmentation": 0.0,
    "irregular_dots_globules": 0.0,
    "regression_structures": 0.0,
    "symmetric_uniform": 0.0,
    "reticular_network": 3.8428213596343994,
    "arborizing_vessels": 0.0,
    "blue_grey_ovoid_nests": 2.7596356868743896,
    "ulceration": 0.0,
    "scaly_surface": 3.8668055534362793,
    "strawberry_pattern": 0.0,
    "milia_like_cysts": 3.1514875888824463,
    "comedo_like_openings": 0.0,
    "cerebriform_surface": 0.0,
    "central_white_patch": 3.504974842071533,
    "red_lacunae": 3.220935821533203,
    "healthy_skin": 0.0
  }
}