{
  "step": 7,
  "lambda_s": 1.2653190184960004,
  "n_active": 24,
  "val_balacc": 0.5271183656044788,
  "val_auc": 0.8417995945615835,
  "val_loss": 1.5028872042894363,
  "train_loss": 1.1248375647310975,
  "epochs_used": 16,
  "time_sec": 19.687101125717163,
  "just_eliminated": [],
  "issue4_fix": "best_within_step_checkpoint_restored",
  "norms": {
    "asymmetry": 5.541133880615234,
    "border_irregularity": 4.564666748046875,
    "colour_variation": 5.593680381774902,
    "diameter_large": 5.484747886657715,
    "atypical_pigment_network": 4.692119598388672,
    "blue_white_veil": 5.543675422668457,
    "atypical_vascular_pattern": 4.436744213104248,
    "irregular_streaks": 4.420022487640381,
    "irregular_pigmentation": 5.127541542053223,
    "irregular_dots_globules": 4.639333248138428,
    "regression_structures": 3.887889862060547,
    "symmetric_uniform": 5.591701030731201,
    "reticular_network": 5.930535793304443,
    "arborizing_vessels": 5.416072368621826,
    "blue_grey_ovoid_nests": 5.489926815032959,
    "ulceration": 5.554991245269775,
    "scaly_surface": 5.788171768188477,
    "strawberry_pattern": 5.2306647300720215,
    "milia_like_cysts": 5.258666515350342,
    "comedo_like_openings": 5.289392948150635,
    "cerebriform_surface": 5.5249505043029785,
    "central_white_patch": 5.942802429199219,
    "red_lacunae": 5.995633125305176,
    "healthy_skin": 6.018089771270752
  }
}