{
  "step": 25,
  "lambda_s": 2.5633041648917523,
  "n_active": 21,
  "val_balacc": 0.5553572912469583,
  "val_auc": 0.8441268221638342,
  "val_loss": 1.4782477617263794,
  "train_loss": 1.1820712832135551,
  "epochs_used": 9,
  "time_sec": 11.3308846950531,
  "just_eliminated": [],
  "issue4_fix": "best_within_step_checkpoint_restored",
  "norms": {
    "asymmetry": 3.4905598163604736,
    "border_irregularity": 0.0,
    "colour_variation": 3.6545634269714355,
    "diameter_large": 3.8380253314971924,
    "atypical_pigment_network": 1.2729274034500122,
    "blue_white_veil": 2.8387503623962402,
    "atypical_vascular_pattern": 0.0,
    "irregular_streaks": 1.5539400577545166,
    "irregular_pigmentation": 2.6224875450134277,
    "irregular_dots_globules": 2.364478349685669,
    "regression_structures": 0.0,
    "symmetric_uniform": 2.8872172832489014,
    "reticular_network": 4.752765655517578,
    "arborizing_vessels": 3.6952784061431885,
    "blue_grey_ovoid_nests": 4.406181335449219,
    "ulceration": 3.999837636947632,
    "scaly_surface": 4.191562175750732,
    "strawberry_pattern": 2.9780993461608887,
    "milia_like_cysts": 4.000507354736328,
    "comedo_like_openings": 2.6577508449554443,
    "cerebriform_surface": 3.0599706172943115,
    "central_white_patch": 4.319231986999512,
    "red_lacunae": 4.752114772796631,
    "healthy_skin": 4.152663230895996
  }
}