{
  "step": 57,
  "lambda_s": 8.992221596474751,
  "n_active": 10,
  "val_balacc": 0.5258224597381698,
  "val_auc": 0.8272772934951519,
  "val_loss": 1.3703884482383728,
  "train_loss": 1.292264146981636,
  "epochs_used": 8,
  "time_sec": 9.419011354446411,
  "just_eliminated": [],
  "issue4_fix": "best_within_step_checkpoint_restored",
  "norms": {
    "asymmetry": 0.0,
    "border_irregularity": 0.0,
    "colour_variation": 0.0,
    "diameter_large": 3.12382173538208,
    "atypical_pigment_network": 0.0,
    "blue_white_veil": 0.0,
    "atypical_vascular_pattern": 0.0,
    "irregular_streaks": 0.0,
    "irregular_pigmentation": 0.0,
    "irregular_dots_globules": 1.928898811340332,
    "regression_structures": 0.0,
    "symmetric_uniform": 0.0,
    "reticular_network": 4.204129695892334,
    "arborizing_vessels": 1.3035773038864136,
    "blue_grey_ovoid_nests": 3.1278021335601807,
    "ulceration": 2.2759320735931396,
    "scaly_surface": 4.253846168518066,
    "strawberry_pattern": 0.0,
    "milia_like_cysts": 3.5176138877868652,
    "comedo_like_openings": 0.0,
    "cerebriform_surface": 0.0,
    "central_white_patch": 3.8727333545684814,
    "red_lacunae": 3.892498016357422,
    "healthy_skin": 0.0
  }
}