{
  "step": 15,
  "lambda_s": 1.7316764476028044,
  "n_active": 24,
  "val_balacc": 0.5376686680173195,
  "val_auc": 0.8451266805718192,
  "val_loss": 1.4984822198748589,
  "train_loss": 1.0831120999738337,
  "epochs_used": 8,
  "time_sec": 9.055898666381836,
  "just_eliminated": [],
  "issue4_fix": "best_within_step_checkpoint_restored",
  "norms": {
    "asymmetry": 4.444060802459717,
    "border_irregularity": 2.157395124435425,
    "colour_variation": 4.770878314971924,
    "diameter_large": 4.620732307434082,
    "atypical_pigment_network": 3.0048227310180664,
    "blue_white_veil": 4.3948073387146,
    "atypical_vascular_pattern": 2.427790641784668,
    "irregular_streaks": 2.9273359775543213,
    "irregular_pigmentation": 3.923874855041504,
    "irregular_dots_globules": 3.0128066539764404,
    "regression_structures": 1.4893826246261597,
    "symmetric_uniform": 4.2138166427612305,
    "reticular_network": 5.255548477172852,
    "arborizing_vessels": 4.487366199493408,
    "blue_grey_ovoid_nests": 4.995046138763428,
    "ulceration": 4.651905536651611,
    "scaly_surface": 4.948187351226807,
    "strawberry_pattern": 3.9088876247406006,
    "milia_like_cysts": 4.625216007232666,
    "comedo_like_openings": 4.076123237609863,
    "cerebriform_surface": 4.475318908691406,
    "central_white_patch": 5.050662994384766,
    "red_lacunae": 5.263821125030518,
    "healthy_skin": 5.082488536834717
  }
}