{
  "step": 59,
  "lambda_s": 9.725986878747092,
  "n_active": 10,
  "val_balacc": 0.5208243079912737,
  "val_auc": 0.8247625870304427,
  "val_loss": 1.3666136376559734,
  "train_loss": 1.267067246995785,
  "epochs_used": 7,
  "time_sec": 7.830633163452148,
  "just_eliminated": [],
  "issue4_fix": "best_within_step_checkpoint_restored",
  "norms": {
    "asymmetry": 0.0,
    "border_irregularity": 0.0,
    "colour_variation": 0.0,
    "diameter_large": 3.1161224842071533,
    "atypical_pigment_network": 0.0,
    "blue_white_veil": 0.0,
    "atypical_vascular_pattern": 0.0,
    "irregular_streaks": 0.0,
    "irregular_pigmentation": 0.0,
    "irregular_dots_globules": 1.7606126070022583,
    "regression_structures": 0.0,
    "symmetric_uniform": 0.0,
    "reticular_network": 4.125752925872803,
    "arborizing_vessels": 0.9082854390144348,
    "blue_grey_ovoid_nests": 3.1071743965148926,
    "ulceration": 2.178098440170288,
    "scaly_surface": 4.195576190948486,
    "strawberry_pattern": 0.0,
    "milia_like_cysts": 3.51684308052063,
    "comedo_like_openings": 0.0,
    "cerebriform_surface": 0.0,
    "central_white_patch": 3.830487012863159,
    "red_lacunae": 3.844876527786255,
    "healthy_skin": 0.0
  }
}