{
  "step": 28,
  "lambda_s": 2.883368576136796,
  "n_active": 21,
  "val_balacc": 0.5307943966108676,
  "val_auc": 0.8398515532099908,
  "val_loss": 1.4762973487377167,
  "train_loss": 1.1919616922926553,
  "epochs_used": 13,
  "time_sec": 15.976670265197754,
  "just_eliminated": [],
  "issue4_fix": "best_within_step_checkpoint_restored",
  "norms": {
    "asymmetry": 3.388575792312622,
    "border_irregularity": 0.0,
    "colour_variation": 3.3673131465911865,
    "diameter_large": 3.684345006942749,
    "atypical_pigment_network": 0.4036879241466522,
    "blue_white_veil": 2.443425178527832,
    "atypical_vascular_pattern": 0.0,
    "irregular_streaks": 1.320387363433838,
    "irregular_pigmentation": 2.4328744411468506,
    "irregular_dots_globules": 2.5371055603027344,
    "regression_structures": 0.0,
    "symmetric_uniform": 2.6263136863708496,
    "reticular_network": 4.710895538330078,
    "arborizing_vessels": 3.5114402770996094,
    "blue_grey_ovoid_nests": 4.186737060546875,
    "ulceration": 3.9304347038269043,
    "scaly_surface": 4.192989349365234,
    "strawberry_pattern": 2.896245241165161,
    "milia_like_cysts": 3.8911325931549072,
    "comedo_like_openings": 2.388636350631714,
    "cerebriform_surface": 2.7248358726501465,
    "central_white_patch": 4.207677841186523,
    "red_lacunae": 4.636683464050293,
    "healthy_skin": 3.864046573638916
  }
}