{
  "step": 38,
  "lambda_s": 4.268089856139636,
  "n_active": 16,
  "val_balacc": 0.5437990169039078,
  "val_auc": 0.837893670601266,
  "val_loss": 1.4091321155428886,
  "train_loss": 1.2179978855973503,
  "epochs_used": 8,
  "time_sec": 9.299959897994995,
  "just_eliminated": [],
  "issue4_fix": "best_within_step_checkpoint_restored",
  "norms": {
    "asymmetry": 2.892286539077759,
    "border_irregularity": 0.0,
    "colour_variation": 0.7937688231468201,
    "diameter_large": 3.2624623775482178,
    "atypical_pigment_network": 0.0,
    "blue_white_veil": 0.0,
    "atypical_vascular_pattern": 0.0,
    "irregular_streaks": 0.0,
    "irregular_pigmentation": 0.0,
    "irregular_dots_globules": 2.5208256244659424,
    "regression_structures": 0.0,
    "symmetric_uniform": 1.5436002016067505,
    "reticular_network": 4.641355514526367,
    "arborizing_vessels": 2.966986894607544,
    "blue_grey_ovoid_nests": 3.6404507160186768,
    "ulceration": 3.4242615699768066,
    "scaly_surface": 4.230511665344238,
    "strawberry_pattern": 2.3541698455810547,
    "milia_like_cysts": 3.6813056468963623,
    "comedo_like_openings": 0.0,
    "cerebriform_surface": 1.5768721103668213,
    "central_white_patch": 4.259821891784668,
    "red_lacunae": 4.212587356567383,
    "healthy_skin": 2.2651054859161377
  }
}