{
  "step": 33,
  "lambda_s": 3.508058746845789,
  "n_active": 19,
  "val_balacc": 0.550427137473492,
  "val_auc": 0.8421076016390268,
  "val_loss": 1.4237141236662865,
  "train_loss": 1.1753403075427122,
  "epochs_used": 7,
  "time_sec": 8.112862348556519,
  "just_eliminated": [],
  "issue4_fix": "best_within_step_checkpoint_restored",
  "norms": {
    "asymmetry": 3.116624116897583,
    "border_irregularity": 0.0,
    "colour_variation": 2.600550889968872,
    "diameter_large": 3.342710494995117,
    "atypical_pigment_network": 0.0,
    "blue_white_veil": 0.7880473136901855,
    "atypical_vascular_pattern": 0.0,
    "irregular_streaks": 0.0,
    "irregular_pigmentation": 1.5183582305908203,
    "irregular_dots_globules": 2.7223894596099854,
    "regression_structures": 0.0,
    "symmetric_uniform": 2.2282629013061523,
    "reticular_network": 4.738389015197754,
    "arborizing_vessels": 3.2633376121520996,
    "blue_grey_ovoid_nests": 3.91599702835083,
    "ulceration": 3.7236437797546387,
    "scaly_surface": 4.319013595581055,
    "strawberry_pattern": 2.7167272567749023,
    "milia_like_cysts": 3.8669674396514893,
    "comedo_like_openings": 0.9381496906280518,
    "cerebriform_surface": 2.082071304321289,
    "central_white_patch": 4.126492500305176,
    "red_lacunae": 4.534653663635254,
    "healthy_skin": 3.3648879528045654
  }
}