{
  "step": 75,
  "lambda_s": 18.216591020082063,
  "n_active": 7,
  "val_balacc": 0.5001862446597956,
  "val_auc": 0.8060740480908577,
  "val_loss": 1.4103106632828712,
  "train_loss": 1.3707913394730646,
  "epochs_used": 7,
  "time_sec": 8.659937620162964,
  "just_eliminated": [],
  "issue4_fix": "best_within_step_checkpoint_restored",
  "norms": {
    "asymmetry": 0.0,
    "border_irregularity": 0.0,
    "colour_variation": 0.0,
    "diameter_large": 2.9733424186706543,
    "atypical_pigment_network": 0.0,
    "blue_white_veil": 0.0,
    "atypical_vascular_pattern": 0.0,
    "irregular_streaks": 0.0,
    "irregular_pigmentation": 0.0,
    "irregular_dots_globules": 0.0,
    "regression_structures": 0.0,
    "symmetric_uniform": 0.0,
    "reticular_network": 3.7197494506835938,
    "arborizing_vessels": 0.0,
    "blue_grey_ovoid_nests": 2.4746477603912354,
    "ulceration": 0.0,
    "scaly_surface": 3.6871602535247803,
    "strawberry_pattern": 0.0,
    "milia_like_cysts": 3.089707374572754,
    "comedo_like_openings": 0.0,
    "cerebriform_surface": 0.0,
    "central_white_patch": 3.311222791671753,
    "red_lacunae": 3.02583384513855,
    "healthy_skin": 0.0
  }
}