{
  "step": 70,
  "lambda_s": 14.972709952154437,
  "n_active": 7,
  "val_balacc": 0.4940881230675181,
  "val_auc": 0.813443636075545,
  "val_loss": 1.377919627353549,
  "train_loss": 1.2878467864282928,
  "epochs_used": 7,
  "time_sec": 8.64652681350708,
  "just_eliminated": [],
  "issue4_fix": "best_within_step_checkpoint_restored",
  "norms": {
    "asymmetry": 0.0,
    "border_irregularity": 0.0,
    "colour_variation": 0.0,
    "diameter_large": 3.1814992427825928,
    "atypical_pigment_network": 0.0,
    "blue_white_veil": 0.0,
    "atypical_vascular_pattern": 0.0,
    "irregular_streaks": 0.0,
    "irregular_pigmentation": 0.0,
    "irregular_dots_globules": 0.0,
    "regression_structures": 0.0,
    "symmetric_uniform": 0.0,
    "reticular_network": 3.9269192218780518,
    "arborizing_vessels": 0.0,
    "blue_grey_ovoid_nests": 2.799588441848755,
    "ulceration": 0.0,
    "scaly_surface": 3.8644320964813232,
    "strawberry_pattern": 0.0,
    "milia_like_cysts": 3.1979405879974365,
    "comedo_like_openings": 0.0,
    "cerebriform_surface": 0.0,
    "central_white_patch": 3.5415737628936768,
    "red_lacunae": 3.2424871921539307,
    "healthy_skin": 0.0
  }
}