{
  "step": 26,
  "lambda_s": 2.665836331487422,
  "n_active": 21,
  "val_balacc": 0.5557548893797482,
  "val_auc": 0.844420996978895,
  "val_loss": 1.4770819172263145,
  "train_loss": 1.1364424585293074,
  "epochs_used": 8,
  "time_sec": 10.051058769226074,
  "just_eliminated": [],
  "issue4_fix": "best_within_step_checkpoint_restored",
  "norms": {
    "asymmetry": 3.4786713123321533,
    "border_irregularity": 0.0,
    "colour_variation": 3.621565580368042,
    "diameter_large": 3.8193466663360596,
    "atypical_pigment_network": 1.200149416923523,
    "blue_white_veil": 2.769444465637207,
    "atypical_vascular_pattern": 0.0,
    "irregular_streaks": 1.5395759344100952,
    "irregular_pigmentation": 2.570838212966919,
    "irregular_dots_globules": 2.420088768005371,
    "regression_structures": 0.0,
    "symmetric_uniform": 2.851672887802124,
    "reticular_network": 4.766855239868164,
    "arborizing_vessels": 3.6242432594299316,
    "blue_grey_ovoid_nests": 4.372231483459473,
    "ulceration": 3.9769365787506104,
    "scaly_surface": 4.203073024749756,
    "strawberry_pattern": 2.9582173824310303,
    "milia_like_cysts": 3.9665558338165283,
    "comedo_like_openings": 2.6184210777282715,
    "cerebriform_surface": 3.041940689086914,
    "central_white_patch": 4.3505120277404785,
    "red_lacunae": 4.715634822845459,
    "healthy_skin": 4.102389335632324
  }
}