{
  "step": 87,
  "lambda_s": 29.16534913562209,
  "n_active": 7,
  "val_balacc": 0.46513716524506055,
  "val_auc": 0.7531293393250366,
  "val_loss": 1.563513569533825,
  "train_loss": 1.5329987623120216,
  "epochs_used": 7,
  "time_sec": 8.503392696380615,
  "just_eliminated": [],
  "issue4_fix": "best_within_step_checkpoint_restored",
  "norms": {
    "asymmetry": 0.0,
    "border_irregularity": 0.0,
    "colour_variation": 0.0,
    "diameter_large": 2.606710195541382,
    "atypical_pigment_network": 0.0,
    "blue_white_veil": 0.0,
    "atypical_vascular_pattern": 0.0,
    "irregular_streaks": 0.0,
    "irregular_pigmentation": 0.0,
    "irregular_dots_globules": 0.0,
    "regression_structures": 0.0,
    "symmetric_uniform": 0.0,
    "reticular_network": 3.2691519260406494,
    "arborizing_vessels": 0.0,
    "blue_grey_ovoid_nests": 0.37523964047431946,
    "ulceration": 0.0,
    "scaly_surface": 2.8130393028259277,
    "strawberry_pattern": 0.0,
    "milia_like_cysts": 2.533623218536377,
    "comedo_like_openings": 0.0,
    "cerebriform_surface": 0.0,
    "central_white_patch": 2.3854212760925293,
    "red_lacunae": 2.2223939895629883,
    "healthy_skin": 0.0
  }
}