{
  "step": 31,
  "lambda_s": 3.2433975100275414,
  "n_active": 19,
  "val_balacc": 0.5525186029002468,
  "val_auc": 0.8419544920035816,
  "val_loss": 1.408751655369997,
  "train_loss": 1.1676923044376486,
  "epochs_used": 8,
  "time_sec": 9.220631837844849,
  "just_eliminated": [],
  "issue4_fix": "best_within_step_checkpoint_restored",
  "norms": {
    "asymmetry": 3.1485888957977295,
    "border_irregularity": 0.0,
    "colour_variation": 2.6517598628997803,
    "diameter_large": 3.381962776184082,
    "atypical_pigment_network": 0.0,
    "blue_white_veil": 1.022148847579956,
    "atypical_vascular_pattern": 0.0,
    "irregular_streaks": 0.0,
    "irregular_pigmentation": 1.6183358430862427,
    "irregular_dots_globules": 2.7050323486328125,
    "regression_structures": 0.0,
    "symmetric_uniform": 2.284742593765259,
    "reticular_network": 4.7053303718566895,
    "arborizing_vessels": 3.281454563140869,
    "blue_grey_ovoid_nests": 3.9591290950775146,
    "ulceration": 3.7511401176452637,
    "scaly_surface": 4.242122173309326,
    "strawberry_pattern": 2.7426435947418213,
    "milia_like_cysts": 3.8421764373779297,
    "comedo_like_openings": 1.1470593214035034,
    "cerebriform_surface": 2.0980441570281982,
    "central_white_patch": 4.136173248291016,
    "red_lacunae": 4.528667449951172,
    "healthy_skin": 3.426780939102173
  }
}