{
  "step": 66,
  "lambda_s": 12.798735218174098,
  "n_active": 7,
  "val_balacc": 0.5112060731361866,
  "val_auc": 0.8176251590587081,
  "val_loss": 1.363726407289505,
  "train_loss": 1.3154789458260279,
  "epochs_used": 7,
  "time_sec": 8.948748111724854,
  "just_eliminated": [],
  "issue4_fix": "best_within_step_checkpoint_restored",
  "norms": {
    "asymmetry": 0.0,
    "border_irregularity": 0.0,
    "colour_variation": 0.0,
    "diameter_large": 3.2344303131103516,
    "atypical_pigment_network": 0.0,
    "blue_white_veil": 0.0,
    "atypical_vascular_pattern": 0.0,
    "irregular_streaks": 0.0,
    "irregular_pigmentation": 0.0,
    "irregular_dots_globules": 0.0,
    "regression_structures": 0.0,
    "symmetric_uniform": 0.0,
    "reticular_network": 3.9983296394348145,
    "arborizing_vessels": 0.0,
    "blue_grey_ovoid_nests": 3.0405499935150146,
    "ulceration": 0.0,
    "scaly_surface": 3.9885542392730713,
    "strawberry_pattern": 0.0,
    "milia_like_cysts": 3.227816104888916,
    "comedo_like_openings": 0.0,
    "cerebriform_surface": 0.0,
    "central_white_patch": 3.64205002784729,
    "red_lacunae": 3.3960251808166504,
    "healthy_skin": 0.0
  }
}