{
  "step": 49,
  "lambda_s": 6.570528241751402,
  "n_active": 12,
  "val_balacc": 0.5380633678607178,
  "val_auc": 0.832172598825496,
  "val_loss": 1.386883981525898,
  "train_loss": 1.2550173637539326,
  "epochs_used": 11,
  "time_sec": 12.802469491958618,
  "just_eliminated": [],
  "issue4_fix": "best_within_step_checkpoint_restored",
  "norms": {
    "asymmetry": 2.1631574630737305,
    "border_irregularity": 0.0,
    "colour_variation": 0.0,
    "diameter_large": 3.137619733810425,
    "atypical_pigment_network": 0.0,
    "blue_white_veil": 0.0,
    "atypical_vascular_pattern": 0.0,
    "irregular_streaks": 0.0,
    "irregular_pigmentation": 0.0,
    "irregular_dots_globules": 2.1034629344940186,
    "regression_structures": 0.0,
    "symmetric_uniform": 0.0,
    "reticular_network": 4.214195728302002,
    "arborizing_vessels": 2.443815231323242,
    "blue_grey_ovoid_nests": 3.307431697845459,
    "ulceration": 2.7745625972747803,
    "scaly_surface": 4.2206878662109375,
    "strawberry_pattern": 0.0,
    "milia_like_cysts": 3.43342661857605,
    "comedo_like_openings": 0.0,
    "cerebriform_surface": 1.3751628398895264,
    "central_white_patch": 4.165452003479004,
    "red_lacunae": 4.1109724044799805,
    "healthy_skin": 0.0
  }
}