{
  "step": 22,
  "lambda_s": 2.278768068754758,
  "n_active": 24,
  "val_balacc": 0.5282180828776333,
  "val_auc": 0.8425877099667032,
  "val_loss": 1.529724657535553,
  "train_loss": 1.2113573694570892,
  "epochs_used": 7,
  "time_sec": 8.422639608383179,
  "just_eliminated": [],
  "issue4_fix": "best_within_step_checkpoint_restored",
  "norms": {
    "asymmetry": 4.053612232208252,
    "border_irregularity": 0.990578830242157,
    "colour_variation": 4.387090682983398,
    "diameter_large": 4.2887091636657715,
    "atypical_pigment_network": 2.3932886123657227,
    "blue_white_veil": 3.8874685764312744,
    "atypical_vascular_pattern": 1.378343939781189,
    "irregular_streaks": 2.346708297729492,
    "irregular_pigmentation": 3.4342000484466553,
    "irregular_dots_globules": 2.5744309425354004,
    "regression_structures": 0.38122135400772095,
    "symmetric_uniform": 3.731590747833252,
    "reticular_network": 5.007779121398926,
    "arborizing_vessels": 4.160830020904541,
    "blue_grey_ovoid_nests": 4.74940824508667,
    "ulceration": 4.37012243270874,
    "scaly_surface": 4.6634674072265625,
    "strawberry_pattern": 3.5070722103118896,
    "milia_like_cysts": 4.436437129974365,
    "comedo_like_openings": 3.5165326595306396,
    "cerebriform_surface": 3.9396140575408936,
    "central_white_patch": 4.685187816619873,
    "red_lacunae": 5.025928974151611,
    "healthy_skin": 4.708871841430664
  }
}