{
  "step": 83,
  "lambda_s": 24.930662673974954,
  "n_active": 7,
  "val_balacc": 0.4857421666350246,
  "val_auc": 0.7679107930354849,
  "val_loss": 1.508139405399561,
  "train_loss": 1.4583595203588076,
  "epochs_used": 7,
  "time_sec": 8.864322900772095,
  "just_eliminated": [],
  "issue4_fix": "best_within_step_checkpoint_restored",
  "norms": {
    "asymmetry": 0.0,
    "border_irregularity": 0.0,
    "colour_variation": 0.0,
    "diameter_large": 2.7757558822631836,
    "atypical_pigment_network": 0.0,
    "blue_white_veil": 0.0,
    "atypical_vascular_pattern": 0.0,
    "irregular_streaks": 0.0,
    "irregular_pigmentation": 0.0,
    "irregular_dots_globules": 0.0,
    "regression_structures": 0.0,
    "symmetric_uniform": 0.0,
    "reticular_network": 3.409714460372925,
    "arborizing_vessels": 0.0,
    "blue_grey_ovoid_nests": 1.7044670581817627,
    "ulceration": 0.0,
    "scaly_surface": 3.186004638671875,
    "strawberry_pattern": 0.0,
    "milia_like_cysts": 2.639760732650757,
    "comedo_like_openings": 0.0,
    "cerebriform_surface": 0.0,
    "central_white_patch": 2.7013280391693115,
    "red_lacunae": 2.497891664505005,
    "healthy_skin": 0.0
  }
}