seed,balanced_accuracy,macro_f1,weighted_f1,top1_accuracy,auc_ovr_weighted,r_perp_val_at_best,r_perp_train_at_best,r_sparse_train_at_best,n_selected
42,0.5181080665130262,0.39129427146418877,0.6000981156980787,0.555889724310777,0.8328862781108071,0.1213771253824234,0.08996824232431558,170.37254685621994,24.0
43,0.490813306045672,0.37558802457183216,0.5883713387468871,0.5353383458646617,0.825545192354398,0.13932780921459198,0.09037001316363995,172.61360344519983,24.0
44,0.5018698623178092,0.38264802479984306,0.6028178440204891,0.5543859649122806,0.8302594579554814,0.10293219238519669,0.08012107817026284,170.63933915358322,24.0
45,0.5140012209769643,0.37885624436573384,0.5793298974544036,0.5268170426065163,0.8338497578068781,0.11346393823623657,0.0861765117599414,171.51384382981522,24.0
46,0.519519021094413,0.40618627950017155,0.5990701656098479,0.5513784461152882,0.8428854421692752,0.1316715031862259,0.09128596203831527,170.68316826453577,24.0
mean,0.5088622953895768,0.38691456894035386,0.5939374723059412,0.5447619047619048,0.8330852256793679,0.1217545136809349,0.087584361491295,171.1645003098708,
std,0.012248660939135046,0.012267958502575086,0.009842791209637927,0.012952326636912108,0.006354238713825144,0.014407664963947074,0.004605084919723278,0.9160521058374369,
