,precision,recall,f1-score,support,auc
nv,0.9120494035485107,0.5857890800299177,0.7131551554593136,1337,0.847480522787259
mel,0.2620944653067706,0.4541284403669724,0.3309815043767189,218,0.7408894487668631
bkl,0.37767541905411706,0.43027522935779816,0.3984939674446563,218,0.7930789961433815
bcc,0.29021114937056874,0.44000000000000006,0.3484232117177717,100,0.8554290237467018
akiec,0.20639694904671863,0.5161290322580645,0.2933562710920679,62,0.8701316689751849
vasc,0.34561866087506926,0.75,0.4722447837327051,32,0.9738697147223638
df,0.09552649758458157,0.38571428571428573,0.15174708875924345,28,0.8522695911104655
