balanced_accuracy,macro_f1,weighted_f1,top1_accuracy,auc_ovr_weighted
0.5495255986810169,0.43270246188529765,0.6351045186823453,0.5899749373433584,0.8574648486232119
