{
  "dense_val_balacc": 0.5603019547686815,
  "dense_val_auc": 0.8595904034468064,
  "hidden_dims": [
    64,
    32
  ],
  "dropout": 0.1,
  "weight_decay": 0.0001,
  "concurvity_lambda": 0.0,
  "warmup_dense": 0,
  "seed": 45,
  "timestamp": "2026-06-06T07:50:19.124344+00:00"
}