{
  "step": 50,
  "lambda_s": 6.833349371421459,
  "n_active": 23,
  "val_balacc": 0.5604075902161758,
  "val_auc": 0.8254374761891188,
  "val_loss": 1.1853023767471313,
  "train_loss": 1.1269895484617112,
  "epochs_used": 7,
  "time_sec": 8.553558349609375,
  "just_eliminated": [],
  "issue4_fix": "best_within_step_checkpoint_restored",
  "norms": {
    "asymmetry": 2.7330002784729004,
    "border_irregularity": 0.0,
    "colour_variation": 3.1070408821105957,
    "diameter_large": 3.4418838024139404,
    "atypical_pigment_network": 2.81028413772583,
    "blue_white_veil": 2.9029576778411865,
    "atypical_vascular_pattern": 1.6713197231292725,
    "irregular_streaks": 2.1911375522613525,
    "irregular_pigmentation": 3.0475192070007324,
    "irregular_dots_globules": 2.282115936279297,
    "regression_structures": 1.6275930404663086,
    "symmetric_uniform": 2.172708511352539,
    "reticular_network": 3.6098947525024414,
    "arborizing_vessels": 2.707412004470825,
    "blue_grey_ovoid_nests": 2.986427068710327,
    "ulceration": 2.2706496715545654,
    "scaly_surface": 4.183934688568115,
    "strawberry_pattern": 1.9444825649261475,
    "milia_like_cysts": 2.2606801986694336,
    "comedo_like_openings": 2.9981329441070557,
    "cerebriform_surface": 2.6518476009368896,
    "central_white_patch": 3.6852304935455322,
    "red_lacunae": 3.9451258182525635,
    "healthy_skin": 1.8052220344543457
  }
}