{
  "step": 15,
  "lambda_s": 1.7316764476028044,
  "n_active": 24,
  "val_balacc": 0.5400405777412881,
  "val_auc": 0.8393364433298712,
  "val_loss": 1.1373813152313232,
  "train_loss": 0.9978548534965963,
  "epochs_used": 7,
  "time_sec": 7.724299669265747,
  "just_eliminated": [],
  "issue4_fix": "best_within_step_checkpoint_restored",
  "norms": {
    "asymmetry": 4.908603191375732,
    "border_irregularity": 4.080979347229004,
    "colour_variation": 5.358843803405762,
    "diameter_large": 4.5346999168396,
    "atypical_pigment_network": 5.047657489776611,
    "blue_white_veil": 5.087018013000488,
    "atypical_vascular_pattern": 5.0616984367370605,
    "irregular_streaks": 4.427570343017578,
    "irregular_pigmentation": 4.956619739532471,
    "irregular_dots_globules": 4.730250835418701,
    "regression_structures": 4.441948413848877,
    "symmetric_uniform": 4.652182102203369,
    "reticular_network": 5.308854103088379,
    "arborizing_vessels": 4.803364276885986,
    "blue_grey_ovoid_nests": 5.092852592468262,
    "ulceration": 4.417884826660156,
    "scaly_surface": 5.704961776733398,
    "strawberry_pattern": 4.492918968200684,
    "milia_like_cysts": 4.389930248260498,
    "comedo_like_openings": 4.600640773773193,
    "cerebriform_surface": 5.079617023468018,
    "central_white_patch": 5.180357933044434,
    "red_lacunae": 5.514403343200684,
    "healthy_skin": 5.031339168548584
  }
}