{
  "step": 75,
  "lambda_s": 18.216591020082063,
  "n_active": 15,
  "val_balacc": 0.4730709788068238,
  "val_auc": 0.7986836645077517,
  "val_loss": 1.3451354503631592,
  "train_loss": 1.3341892144566312,
  "epochs_used": 8,
  "time_sec": 9.762784719467163,
  "just_eliminated": [],
  "issue4_fix": "best_within_step_checkpoint_restored",
  "norms": {
    "asymmetry": 2.834388017654419,
    "border_irregularity": 0.0,
    "colour_variation": 2.565927505493164,
    "diameter_large": 2.5494577884674072,
    "atypical_pigment_network": 2.779367685317993,
    "blue_white_veil": 0.6273537874221802,
    "atypical_vascular_pattern": 0.0,
    "irregular_streaks": 0.0,
    "irregular_pigmentation": 0.0,
    "irregular_dots_globules": 0.0,
    "regression_structures": 0.0,
    "symmetric_uniform": 0.0,
    "reticular_network": 3.4477124214172363,
    "arborizing_vessels": 1.9211628437042236,
    "blue_grey_ovoid_nests": 2.230926990509033,
    "ulceration": 1.8315178155899048,
    "scaly_surface": 3.421602249145508,
    "strawberry_pattern": 0.0,
    "milia_like_cysts": 2.554365634918213,
    "comedo_like_openings": 1.2157970666885376,
    "cerebriform_surface": 1.619550108909607,
    "central_white_patch": 2.9320554733276367,
    "red_lacunae": 2.8310511112213135,
    "healthy_skin": 0.0
  }
}