{
  "step": 62,
  "lambda_s": 10.94041250437497,
  "n_active": 20,
  "val_balacc": 0.5135679363319857,
  "val_auc": 0.8166715453987914,
  "val_loss": 1.2388877868652344,
  "train_loss": 1.1240159512125392,
  "epochs_used": 9,
  "time_sec": 9.338029623031616,
  "just_eliminated": [],
  "issue4_fix": "best_within_step_checkpoint_restored",
  "norms": {
    "asymmetry": 2.325655221939087,
    "border_irregularity": 0.0,
    "colour_variation": 2.7672855854034424,
    "diameter_large": 3.276819944381714,
    "atypical_pigment_network": 2.9793691635131836,
    "blue_white_veil": 2.30849027633667,
    "atypical_vascular_pattern": 1.007925271987915,
    "irregular_streaks": 1.2791656255722046,
    "irregular_pigmentation": 2.1807684898376465,
    "irregular_dots_globules": 0.0,
    "regression_structures": 0.0,
    "symmetric_uniform": 1.520053505897522,
    "reticular_network": 3.5886502265930176,
    "arborizing_vessels": 2.5780489444732666,
    "blue_grey_ovoid_nests": 2.7588083744049072,
    "ulceration": 2.0804827213287354,
    "scaly_surface": 3.7436063289642334,
    "strawberry_pattern": 0.0,
    "milia_like_cysts": 2.5618736743927,
    "comedo_like_openings": 2.3588361740112305,
    "cerebriform_surface": 2.118635416030884,
    "central_white_patch": 3.3893277645111084,
    "red_lacunae": 3.4797563552856445,
    "healthy_skin": 1.4228229522705078
  }
}