{
  "step": 3,
  "lambda_s": 1.0816000000000001,
  "n_active": 24,
  "val_balacc": 0.5294241760155368,
  "val_auc": 0.8363147994586274,
  "val_loss": 1.1616425514221191,
  "train_loss": 0.9784168861544253,
  "epochs_used": 17,
  "time_sec": 21.851766109466553,
  "just_eliminated": [],
  "issue4_fix": "best_within_step_checkpoint_restored",
  "norms": {
    "asymmetry": 6.339565753936768,
    "border_irregularity": 6.078219890594482,
    "colour_variation": 6.722118854522705,
    "diameter_large": 5.679956436157227,
    "atypical_pigment_network": 6.039159297943115,
    "blue_white_veil": 6.61742639541626,
    "atypical_vascular_pattern": 6.333192348480225,
    "irregular_streaks": 5.962766170501709,
    "irregular_pigmentation": 6.589641094207764,
    "irregular_dots_globules": 6.461147785186768,
    "regression_structures": 6.078075408935547,
    "symmetric_uniform": 6.314694404602051,
    "reticular_network": 6.541699409484863,
    "arborizing_vessels": 6.252769947052002,
    "blue_grey_ovoid_nests": 6.541426658630371,
    "ulceration": 5.9743781089782715,
    "scaly_surface": 6.852182388305664,
    "strawberry_pattern": 6.08927059173584,
    "milia_like_cysts": 6.1634521484375,
    "comedo_like_openings": 6.1410627365112305,
    "cerebriform_surface": 6.00265645980835,
    "central_white_patch": 6.752587795257568,
    "red_lacunae": 6.641873836517334,
    "healthy_skin": 6.421878337860107
  }
}