{
  "step": 26,
  "lambda_s": 2.665836331487422,
  "n_active": 24,
  "val_balacc": 0.5528554052314469,
  "val_auc": 0.838545957231909,
  "val_loss": 1.1387379169464111,
  "train_loss": 1.005271185814542,
  "epochs_used": 9,
  "time_sec": 9.469963788986206,
  "just_eliminated": [],
  "issue4_fix": "best_within_step_checkpoint_restored",
  "norms": {
    "asymmetry": 3.6013433933258057,
    "border_irregularity": 2.0843846797943115,
    "colour_variation": 4.0973734855651855,
    "diameter_large": 3.7302887439727783,
    "atypical_pigment_network": 4.248050212860107,
    "blue_white_veil": 3.780751943588257,
    "atypical_vascular_pattern": 3.6531131267547607,
    "irregular_streaks": 3.2239487171173096,
    "irregular_pigmentation": 3.612455129623413,
    "irregular_dots_globules": 3.1853175163269043,
    "regression_structures": 2.768432140350342,
    "symmetric_uniform": 3.127624988555908,
    "reticular_network": 4.477927207946777,
    "arborizing_vessels": 3.344270944595337,
    "blue_grey_ovoid_nests": 3.9690210819244385,
    "ulceration": 3.350545644760132,
    "scaly_surface": 4.641249179840088,
    "strawberry_pattern": 3.1586334705352783,
    "milia_like_cysts": 2.657365322113037,
    "comedo_like_openings": 3.582031488418579,
    "cerebriform_surface": 4.169337272644043,
    "central_white_patch": 3.995241641998291,
    "red_lacunae": 4.670534133911133,
    "healthy_skin": 4.065199851989746
  }
}