{
  "step": 99,
  "lambda_s": 46.694663631906046,
  "n_active": 9,
  "val_balacc": 0.21363060980868176,
  "val_auc": 0.6248128254804578,
  "val_loss": 1.8874764442443848,
  "train_loss": 1.8344538004720836,
  "epochs_used": 7,
  "time_sec": 7.275434494018555,
  "just_eliminated": [],
  "issue4_fix": "best_within_step_checkpoint_restored",
  "norms": {
    "asymmetry": 1.0657674074172974,
    "border_irregularity": 0.0,
    "colour_variation": 0.7311612963676453,
    "diameter_large": 0.35966989398002625,
    "atypical_pigment_network": 1.0998573303222656,
    "blue_white_veil": 0.0,
    "atypical_vascular_pattern": 0.0,
    "irregular_streaks": 0.0,
    "irregular_pigmentation": 0.0,
    "irregular_dots_globules": 0.0,
    "regression_structures": 0.0,
    "symmetric_uniform": 0.0,
    "reticular_network": 1.8694251775741577,
    "arborizing_vessels": 0.0,
    "blue_grey_ovoid_nests": 0.0,
    "ulceration": 0.0,
    "scaly_surface": 0.7243399024009705,
    "strawberry_pattern": 0.0,
    "milia_like_cysts": 0.501034140586853,
    "comedo_like_openings": 0.0,
    "cerebriform_surface": 0.0,
    "central_white_patch": 0.48659083247184753,
    "red_lacunae": 0.40706390142440796,
    "healthy_skin": 0.0
  }
}