{
  "step": 51,
  "lambda_s": 7.106683346278317,
  "n_active": 23,
  "val_balacc": 0.5541630653105069,
  "val_auc": 0.8219791431077225,
  "val_loss": 1.1941273212432861,
  "train_loss": 1.2000895777747815,
  "epochs_used": 9,
  "time_sec": 10.550945043563843,
  "just_eliminated": [],
  "issue4_fix": "best_within_step_checkpoint_restored",
  "norms": {
    "asymmetry": 2.5893783569335938,
    "border_irregularity": 0.0,
    "colour_variation": 3.027461051940918,
    "diameter_large": 3.385892152786255,
    "atypical_pigment_network": 2.7820775508880615,
    "blue_white_veil": 2.8308019638061523,
    "atypical_vascular_pattern": 1.5111403465270996,
    "irregular_streaks": 2.12374210357666,
    "irregular_pigmentation": 3.004209518432617,
    "irregular_dots_globules": 2.1687448024749756,
    "regression_structures": 1.5641722679138184,
    "symmetric_uniform": 2.1769371032714844,
    "reticular_network": 3.5375375747680664,
    "arborizing_vessels": 2.6537234783172607,
    "blue_grey_ovoid_nests": 3.0686347484588623,
    "ulceration": 2.2184205055236816,
    "scaly_surface": 4.103775501251221,
    "strawberry_pattern": 1.8487035036087036,
    "milia_like_cysts": 2.2342123985290527,
    "comedo_like_openings": 2.93776535987854,
    "cerebriform_surface": 2.513587474822998,
    "central_white_patch": 3.6091866493225098,
    "red_lacunae": 3.8699986934661865,
    "healthy_skin": 1.7714952230453491
  }
}