{
  "step": 32,
  "lambda_s": 3.3731334104286432,
  "n_active": 23,
  "val_balacc": 0.5685880014219205,
  "val_auc": 0.8356518596809939,
  "val_loss": 1.1430772542953491,
  "train_loss": 1.1161191435322526,
  "epochs_used": 9,
  "time_sec": 9.768330097198486,
  "just_eliminated": [],
  "issue4_fix": "best_within_step_checkpoint_restored",
  "norms": {
    "asymmetry": 3.2554380893707275,
    "border_irregularity": 0.0,
    "colour_variation": 3.683011770248413,
    "diameter_large": 3.442976236343384,
    "atypical_pigment_network": 3.7018651962280273,
    "blue_white_veil": 3.481566905975342,
    "atypical_vascular_pattern": 2.88128662109375,
    "irregular_streaks": 2.9143426418304443,
    "irregular_pigmentation": 3.47554612159729,
    "irregular_dots_globules": 2.8720901012420654,
    "regression_structures": 2.4370174407958984,
    "symmetric_uniform": 2.629301071166992,
    "reticular_network": 4.264953136444092,
    "arborizing_vessels": 2.846794843673706,
    "blue_grey_ovoid_nests": 3.552079677581787,
    "ulceration": 2.9936258792877197,
    "scaly_surface": 4.4480743408203125,
    "strawberry_pattern": 2.7645113468170166,
    "milia_like_cysts": 2.203890562057495,
    "comedo_like_openings": 3.2933661937713623,
    "cerebriform_surface": 3.794161796569824,
    "central_white_patch": 3.885605812072754,
    "red_lacunae": 4.389275550842285,
    "healthy_skin": 3.6709110736846924
  }
}