{
  "step": 61,
  "lambda_s": 10.519627408052855,
  "n_active": 20,
  "val_balacc": 0.527636038891374,
  "val_auc": 0.8094610623255329,
  "val_loss": 1.239510178565979,
  "train_loss": 1.2460239602962073,
  "epochs_used": 7,
  "time_sec": 7.263104438781738,
  "just_eliminated": [],
  "issue4_fix": "best_within_step_checkpoint_restored",
  "norms": {
    "asymmetry": 2.2288641929626465,
    "border_irregularity": 0.0,
    "colour_variation": 2.7632007598876953,
    "diameter_large": 3.2877626419067383,
    "atypical_pigment_network": 2.9997358322143555,
    "blue_white_veil": 2.4520134925842285,
    "atypical_vascular_pattern": 1.0831807851791382,
    "irregular_streaks": 1.3441089391708374,
    "irregular_pigmentation": 2.225543975830078,
    "irregular_dots_globules": 0.0,
    "regression_structures": 0.0,
    "symmetric_uniform": 1.5503528118133545,
    "reticular_network": 3.5968852043151855,
    "arborizing_vessels": 2.65071177482605,
    "blue_grey_ovoid_nests": 2.7563273906707764,
    "ulceration": 2.095862627029419,
    "scaly_surface": 3.754711866378784,
    "strawberry_pattern": 0.0,
    "milia_like_cysts": 2.5997307300567627,
    "comedo_like_openings": 2.363691568374634,
    "cerebriform_surface": 2.1799774169921875,
    "central_white_patch": 3.46700119972229,
    "red_lacunae": 3.4868650436401367,
    "healthy_skin": 1.4861345291137695
  }
}