{
  "step": 76,
  "lambda_s": 18.945254660885347,
  "n_active": 15,
  "val_balacc": 0.4763615667722207,
  "val_auc": 0.798756308761697,
  "val_loss": 1.3416329622268677,
  "train_loss": 1.3091339726108793,
  "epochs_used": 7,
  "time_sec": 8.286208868026733,
  "just_eliminated": [],
  "issue4_fix": "best_within_step_checkpoint_restored",
  "norms": {
    "asymmetry": 2.8660008907318115,
    "border_irregularity": 0.0,
    "colour_variation": 2.5319342613220215,
    "diameter_large": 2.59592604637146,
    "atypical_pigment_network": 2.8207807540893555,
    "blue_white_veil": 0.4628854990005493,
    "atypical_vascular_pattern": 0.0,
    "irregular_streaks": 0.0,
    "irregular_pigmentation": 0.0,
    "irregular_dots_globules": 0.0,
    "regression_structures": 0.0,
    "symmetric_uniform": 0.0,
    "reticular_network": 3.45196795463562,
    "arborizing_vessels": 1.942975401878357,
    "blue_grey_ovoid_nests": 2.188774585723877,
    "ulceration": 1.8297163248062134,
    "scaly_surface": 3.373307466506958,
    "strawberry_pattern": 0.0,
    "milia_like_cysts": 2.572800397872925,
    "comedo_like_openings": 1.144957423210144,
    "cerebriform_surface": 1.5938446521759033,
    "central_white_patch": 2.8850271701812744,
    "red_lacunae": 2.8533451557159424,
    "healthy_skin": 0.0
  }
}