{
  "step": 97,
  "lambda_s": 43.171841375652775,
  "n_active": 9,
  "val_balacc": 0.2706586152477,
  "val_auc": 0.6587183815082054,
  "val_loss": 1.8000214099884033,
  "train_loss": 1.7387235605875153,
  "epochs_used": 7,
  "time_sec": 7.181518077850342,
  "just_eliminated": [],
  "issue4_fix": "best_within_step_checkpoint_restored",
  "norms": {
    "asymmetry": 1.5550575256347656,
    "border_irregularity": 0.0,
    "colour_variation": 1.0775082111358643,
    "diameter_large": 0.765558660030365,
    "atypical_pigment_network": 1.4360806941986084,
    "blue_white_veil": 0.0,
    "atypical_vascular_pattern": 0.0,
    "irregular_streaks": 0.0,
    "irregular_pigmentation": 0.0,
    "irregular_dots_globules": 0.0,
    "regression_structures": 0.0,
    "symmetric_uniform": 0.0,
    "reticular_network": 2.265685796737671,
    "arborizing_vessels": 0.0,
    "blue_grey_ovoid_nests": 0.0,
    "ulceration": 0.0,
    "scaly_surface": 1.2321126461029053,
    "strawberry_pattern": 0.0,
    "milia_like_cysts": 0.9809563755989075,
    "comedo_like_openings": 0.0,
    "cerebriform_surface": 0.0,
    "central_white_patch": 0.9519717693328857,
    "red_lacunae": 0.8456521034240723,
    "healthy_skin": 0.0
  }
}