{
  "step": 48,
  "lambda_s": 6.317815617068656,
  "n_active": 23,
  "val_balacc": 0.5682019813777069,
  "val_auc": 0.8294984032221498,
  "val_loss": 1.1821229457855225,
  "train_loss": 1.1386865032940194,
  "epochs_used": 12,
  "time_sec": 14.3906409740448,
  "just_eliminated": [],
  "issue4_fix": "best_within_step_checkpoint_restored",
  "norms": {
    "asymmetry": 2.706224203109741,
    "border_irregularity": 0.0,
    "colour_variation": 3.1587042808532715,
    "diameter_large": 3.400399684906006,
    "atypical_pigment_network": 2.815990686416626,
    "blue_white_veil": 2.9467039108276367,
    "atypical_vascular_pattern": 1.6880286931991577,
    "irregular_streaks": 2.2780601978302,
    "irregular_pigmentation": 3.060267448425293,
    "irregular_dots_globules": 2.2759358882904053,
    "regression_structures": 1.7026406526565552,
    "symmetric_uniform": 2.1954007148742676,
    "reticular_network": 3.6062052249908447,
    "arborizing_vessels": 2.6920528411865234,
    "blue_grey_ovoid_nests": 2.9999656677246094,
    "ulceration": 2.350170850753784,
    "scaly_surface": 4.081808567047119,
    "strawberry_pattern": 1.895707368850708,
    "milia_like_cysts": 2.268125295639038,
    "comedo_like_openings": 3.029336929321289,
    "cerebriform_surface": 2.678830623626709,
    "central_white_patch": 3.66573429107666,
    "red_lacunae": 3.939927577972412,
    "healthy_skin": 1.957754373550415
  }
}