{
  "step": 25,
  "lambda_s": 2.5633041648917523,
  "n_active": 24,
  "val_balacc": 0.5580622655480293,
  "val_auc": 0.8353117004012074,
  "val_loss": 1.1480382680892944,
  "train_loss": 0.9930914589909485,
  "epochs_used": 14,
  "time_sec": 15.151347637176514,
  "just_eliminated": [],
  "issue4_fix": "best_within_step_checkpoint_restored",
  "norms": {
    "asymmetry": 3.6879830360412598,
    "border_irregularity": 2.176055669784546,
    "colour_variation": 4.14376163482666,
    "diameter_large": 3.7634804248809814,
    "atypical_pigment_network": 4.250338554382324,
    "blue_white_veil": 3.853174924850464,
    "atypical_vascular_pattern": 3.717654228210449,
    "irregular_streaks": 3.270876407623291,
    "irregular_pigmentation": 3.6526808738708496,
    "irregular_dots_globules": 3.224543571472168,
    "regression_structures": 2.8582398891448975,
    "symmetric_uniform": 3.1344783306121826,
    "reticular_network": 4.52868127822876,
    "arborizing_vessels": 3.3839597702026367,
    "blue_grey_ovoid_nests": 3.971708059310913,
    "ulceration": 3.3587305545806885,
    "scaly_surface": 4.673656940460205,
    "strawberry_pattern": 3.2026262283325195,
    "milia_like_cysts": 2.727658748626709,
    "comedo_like_openings": 3.616377830505371,
    "cerebriform_surface": 4.202589511871338,
    "central_white_patch": 4.002066612243652,
    "red_lacunae": 4.744568824768066,
    "healthy_skin": 4.0843729972839355
  }
}