{
  "step": 82,
  "lambda_s": 23.97179103266822,
  "n_active": 14,
  "val_balacc": 0.47472796845753973,
  "val_auc": 0.7751151522736193,
  "val_loss": 1.4159401655197144,
  "train_loss": 1.367281719256976,
  "epochs_used": 8,
  "time_sec": 9.224248886108398,
  "just_eliminated": [],
  "issue4_fix": "best_within_step_checkpoint_restored",
  "norms": {
    "asymmetry": 2.6703972816467285,
    "border_irregularity": 0.0,
    "colour_variation": 2.3152928352355957,
    "diameter_large": 2.0420310497283936,
    "atypical_pigment_network": 2.6084089279174805,
    "blue_white_veil": 0.0,
    "atypical_vascular_pattern": 0.0,
    "irregular_streaks": 0.0,
    "irregular_pigmentation": 0.0,
    "irregular_dots_globules": 0.0,
    "regression_structures": 0.0,
    "symmetric_uniform": 0.0,
    "reticular_network": 3.262922525405884,
    "arborizing_vessels": 1.3977164030075073,
    "blue_grey_ovoid_nests": 1.4572383165359497,
    "ulceration": 1.4213594198226929,
    "scaly_surface": 2.8490257263183594,
    "strawberry_pattern": 0.0,
    "milia_like_cysts": 2.459428548812866,
    "comedo_like_openings": 0.6101998686790466,
    "cerebriform_surface": 1.2923744916915894,
    "central_white_patch": 2.4054677486419678,
    "red_lacunae": 2.5421862602233887,
    "healthy_skin": 0.0
  }
}