{
  "step": 5,
  "lambda_s": 1.1698585600000002,
  "n_active": 24,
  "val_balacc": 0.5527530130503675,
  "val_auc": 0.838138784418707,
  "val_loss": 1.1673150062561035,
  "train_loss": 0.9870334614618762,
  "epochs_used": 13,
  "time_sec": 14.175631523132324,
  "just_eliminated": [],
  "issue4_fix": "best_within_step_checkpoint_restored",
  "norms": {
    "asymmetry": 6.0321431159973145,
    "border_irregularity": 5.714362621307373,
    "colour_variation": 6.473693370819092,
    "diameter_large": 5.42427396774292,
    "atypical_pigment_network": 5.792125701904297,
    "blue_white_veil": 6.340679168701172,
    "atypical_vascular_pattern": 6.088623523712158,
    "irregular_streaks": 5.637668609619141,
    "irregular_pigmentation": 6.282814025878906,
    "irregular_dots_globules": 6.136976718902588,
    "regression_structures": 5.782883644104004,
    "symmetric_uniform": 5.994418144226074,
    "reticular_network": 6.308004856109619,
    "arborizing_vessels": 5.9806928634643555,
    "blue_grey_ovoid_nests": 6.22206974029541,
    "ulceration": 5.664005279541016,
    "scaly_surface": 6.643773555755615,
    "strawberry_pattern": 5.791800498962402,
    "milia_like_cysts": 5.826869487762451,
    "comedo_like_openings": 5.847766399383545,
    "cerebriform_surface": 5.832176685333252,
    "central_white_patch": 6.451723098754883,
    "red_lacunae": 6.40219783782959,
    "healthy_skin": 6.154114246368408
  }
}