{
  "step": 53,
  "lambda_s": 7.686588707334629,
  "n_active": 23,
  "val_balacc": 0.5601948739899082,
  "val_auc": 0.8261873136391313,
  "val_loss": 1.2070326805114746,
  "train_loss": 1.1786238608274542,
  "epochs_used": 8,
  "time_sec": 9.686715841293335,
  "just_eliminated": [],
  "issue4_fix": "best_within_step_checkpoint_restored",
  "norms": {
    "asymmetry": 2.537987470626831,
    "border_irregularity": 0.0,
    "colour_variation": 2.8646490573883057,
    "diameter_large": 3.284834146499634,
    "atypical_pigment_network": 2.8202242851257324,
    "blue_white_veil": 2.710057258605957,
    "atypical_vascular_pattern": 1.5859225988388062,
    "irregular_streaks": 1.9392021894454956,
    "irregular_pigmentation": 2.8515207767486572,
    "irregular_dots_globules": 1.9302119016647339,
    "regression_structures": 1.3098883628845215,
    "symmetric_uniform": 2.0492613315582275,
    "reticular_network": 3.552791118621826,
    "arborizing_vessels": 2.6621460914611816,
    "blue_grey_ovoid_nests": 2.9719321727752686,
    "ulceration": 2.3146207332611084,
    "scaly_surface": 3.988548994064331,
    "strawberry_pattern": 1.5814021825790405,
    "milia_like_cysts": 2.32680344581604,
    "comedo_like_openings": 2.8698785305023193,
    "cerebriform_surface": 2.4346439838409424,
    "central_white_patch": 3.5568766593933105,
    "red_lacunae": 3.8091490268707275,
    "healthy_skin": 1.5213818550109863
  }
}