{
  "step": 18,
  "lambda_s": 1.947900495556281,
  "n_active": 24,
  "val_balacc": 0.5483841828112912,
  "val_auc": 0.8381640323051003,
  "val_loss": 1.142195463180542,
  "train_loss": 1.0041054643067278,
  "epochs_used": 11,
  "time_sec": 12.521672487258911,
  "just_eliminated": [],
  "issue4_fix": "best_within_step_checkpoint_restored",
  "norms": {
    "asymmetry": 4.46680212020874,
    "border_irregularity": 3.465465784072876,
    "colour_variation": 4.9262495040893555,
    "diameter_large": 4.238247871398926,
    "atypical_pigment_network": 4.783753871917725,
    "blue_white_veil": 4.636229515075684,
    "atypical_vascular_pattern": 4.664634704589844,
    "irregular_streaks": 3.980774402618408,
    "irregular_pigmentation": 4.447339057922363,
    "irregular_dots_globules": 4.195322513580322,
    "regression_structures": 3.887699604034424,
    "symmetric_uniform": 4.132853984832764,
    "reticular_network": 4.9415602684021,
    "arborizing_vessels": 4.340911865234375,
    "blue_grey_ovoid_nests": 4.692357540130615,
    "ulceration": 4.02920389175415,
    "scaly_surface": 5.334980487823486,
    "strawberry_pattern": 4.016896724700928,
    "milia_like_cysts": 3.765214443206787,
    "comedo_like_openings": 4.239037036895752,
    "cerebriform_surface": 4.797523498535156,
    "central_white_patch": 4.757866382598877,
    "red_lacunae": 5.210829734802246,
    "healthy_skin": 4.652062892913818
  }
}