{
  "step": 73,
  "lambda_s": 16.84226240762025,
  "n_active": 15,
  "val_balacc": 0.4917425340843679,
  "val_auc": 0.7988061097707232,
  "val_loss": 1.3288205862045288,
  "train_loss": 1.2471350049487868,
  "epochs_used": 10,
  "time_sec": 11.534799575805664,
  "just_eliminated": [],
  "issue4_fix": "best_within_step_checkpoint_restored",
  "norms": {
    "asymmetry": 2.835024356842041,
    "border_irregularity": 0.0,
    "colour_variation": 2.615004062652588,
    "diameter_large": 2.7032434940338135,
    "atypical_pigment_network": 2.813998222351074,
    "blue_white_veil": 0.7675970196723938,
    "atypical_vascular_pattern": 0.0,
    "irregular_streaks": 0.0,
    "irregular_pigmentation": 0.0,
    "irregular_dots_globules": 0.0,
    "regression_structures": 0.0,
    "symmetric_uniform": 0.0,
    "reticular_network": 3.478025436401367,
    "arborizing_vessels": 1.9530330896377563,
    "blue_grey_ovoid_nests": 2.1715033054351807,
    "ulceration": 1.8035598993301392,
    "scaly_surface": 3.4439940452575684,
    "strawberry_pattern": 0.0,
    "milia_like_cysts": 2.5994482040405273,
    "comedo_like_openings": 1.336775541305542,
    "cerebriform_surface": 1.7219411134719849,
    "central_white_patch": 2.926945447921753,
    "red_lacunae": 2.933260440826416,
    "healthy_skin": 0.0
  }
}