{
  "step": 41,
  "lambda_s": 4.801020627936657,
  "n_active": 23,
  "val_balacc": 0.53956406719593,
  "val_auc": 0.8301001300706446,
  "val_loss": 1.1612625122070312,
  "train_loss": 1.091100295042973,
  "epochs_used": 16,
  "time_sec": 18.84207558631897,
  "just_eliminated": [],
  "issue4_fix": "best_within_step_checkpoint_restored",
  "norms": {
    "asymmetry": 3.0196735858917236,
    "border_irregularity": 0.0,
    "colour_variation": 3.2747673988342285,
    "diameter_large": 3.431697130203247,
    "atypical_pigment_network": 3.0691452026367188,
    "blue_white_veil": 3.0040817260742188,
    "atypical_vascular_pattern": 1.8767751455307007,
    "irregular_streaks": 2.5801804065704346,
    "irregular_pigmentation": 3.3059239387512207,
    "irregular_dots_globules": 2.6984193325042725,
    "regression_structures": 2.0601279735565186,
    "symmetric_uniform": 2.285820245742798,
    "reticular_network": 3.7760417461395264,
    "arborizing_vessels": 2.7620272636413574,
    "blue_grey_ovoid_nests": 3.1007957458496094,
    "ulceration": 2.3609421253204346,
    "scaly_surface": 4.327449321746826,
    "strawberry_pattern": 2.2711095809936523,
    "milia_like_cysts": 2.2795584201812744,
    "comedo_like_openings": 3.2357683181762695,
    "cerebriform_surface": 3.0508856773376465,
    "central_white_patch": 3.7687623500823975,
    "red_lacunae": 4.099052429199219,
    "healthy_skin": 2.8197240829467773
  }
}