{
  "step": 78,
  "lambda_s": 20.491187441213594,
  "n_active": 15,
  "val_balacc": 0.4836952854369135,
  "val_auc": 0.794069298184485,
  "val_loss": 1.3677396774291992,
  "train_loss": 1.3115990598654728,
  "epochs_used": 7,
  "time_sec": 7.985562801361084,
  "just_eliminated": [],
  "issue4_fix": "best_within_step_checkpoint_restored",
  "norms": {
    "asymmetry": 2.7965352535247803,
    "border_irregularity": 0.0,
    "colour_variation": 2.469926357269287,
    "diameter_large": 2.498833179473877,
    "atypical_pigment_network": 2.7439091205596924,
    "blue_white_veil": 0.07074245810508728,
    "atypical_vascular_pattern": 0.0,
    "irregular_streaks": 0.0,
    "irregular_pigmentation": 0.0,
    "irregular_dots_globules": 0.0,
    "regression_structures": 0.0,
    "symmetric_uniform": 0.0,
    "reticular_network": 3.3870441913604736,
    "arborizing_vessels": 1.809517741203308,
    "blue_grey_ovoid_nests": 2.054694652557373,
    "ulceration": 1.8022806644439697,
    "scaly_surface": 3.2022390365600586,
    "strawberry_pattern": 0.0,
    "milia_like_cysts": 2.458237886428833,
    "comedo_like_openings": 0.9000118374824524,
    "cerebriform_surface": 1.5541728734970093,
    "central_white_patch": 2.6914570331573486,
    "red_lacunae": 2.7768096923828125,
    "healthy_skin": 0.0
  }
}