{
  "step": 45,
  "lambda_s": 5.616515078328274,
  "n_active": 23,
  "val_balacc": 0.5588538037764498,
  "val_auc": 0.8312015418898268,
  "val_loss": 1.173086166381836,
  "train_loss": 1.124936635033799,
  "epochs_used": 12,
  "time_sec": 14.652920246124268,
  "just_eliminated": [],
  "issue4_fix": "best_within_step_checkpoint_restored",
  "norms": {
    "asymmetry": 2.842592716217041,
    "border_irregularity": 0.0,
    "colour_variation": 3.1597399711608887,
    "diameter_large": 3.4185214042663574,
    "atypical_pigment_network": 2.9454195499420166,
    "blue_white_veil": 2.9801647663116455,
    "atypical_vascular_pattern": 1.7831916809082031,
    "irregular_streaks": 2.3779714107513428,
    "irregular_pigmentation": 3.162663698196411,
    "irregular_dots_globules": 2.461130142211914,
    "regression_structures": 1.9557857513427734,
    "symmetric_uniform": 2.2800445556640625,
    "reticular_network": 3.64426326751709,
    "arborizing_vessels": 2.70808744430542,
    "blue_grey_ovoid_nests": 3.0345942974090576,
    "ulceration": 2.3704230785369873,
    "scaly_surface": 4.263213634490967,
    "strawberry_pattern": 2.0772624015808105,
    "milia_like_cysts": 2.282191276550293,
    "comedo_like_openings": 3.113508462905884,
    "cerebriform_surface": 2.8690574169158936,
    "central_white_patch": 3.705902576446533,
    "red_lacunae": 4.0567545890808105,
    "healthy_skin": 2.39910888671875
  }
}