{
  "step": 47,
  "lambda_s": 6.074822708719862,
  "n_active": 23,
  "val_balacc": 0.5383771182550964,
  "val_auc": 0.826548656987302,
  "val_loss": 1.1793484687805176,
  "train_loss": 1.1195446634218038,
  "epochs_used": 7,
  "time_sec": 9.333476305007935,
  "just_eliminated": [],
  "issue4_fix": "best_within_step_checkpoint_restored",
  "norms": {
    "asymmetry": 2.7933013439178467,
    "border_irregularity": 0.0,
    "colour_variation": 3.23478627204895,
    "diameter_large": 3.3906564712524414,
    "atypical_pigment_network": 2.9397056102752686,
    "blue_white_veil": 2.943073272705078,
    "atypical_vascular_pattern": 1.7644405364990234,
    "irregular_streaks": 2.3258588314056396,
    "irregular_pigmentation": 3.0543391704559326,
    "irregular_dots_globules": 2.4133222103118896,
    "regression_structures": 1.7956129312515259,
    "symmetric_uniform": 2.3099091053009033,
    "reticular_network": 3.675182342529297,
    "arborizing_vessels": 2.6277215480804443,
    "blue_grey_ovoid_nests": 3.041836738586426,
    "ulceration": 2.335007429122925,
    "scaly_surface": 4.180389881134033,
    "strawberry_pattern": 2.058037757873535,
    "milia_like_cysts": 2.2752857208251953,
    "comedo_like_openings": 3.0939159393310547,
    "cerebriform_surface": 2.7465009689331055,
    "central_white_patch": 3.6506612300872803,
    "red_lacunae": 4.0298004150390625,
    "healthy_skin": 2.231865167617798
  }
}