{
  "step": 16,
  "lambda_s": 1.8009435055069165,
  "n_active": 24,
  "val_balacc": 0.5449985905085178,
  "val_auc": 0.8391512263695406,
  "val_loss": 1.1432965993881226,
  "train_loss": 0.9857600241736382,
  "epochs_used": 18,
  "time_sec": 20.13930869102478,
  "just_eliminated": [],
  "issue4_fix": "best_within_step_checkpoint_restored",
  "norms": {
    "asymmetry": 4.640477180480957,
    "border_irregularity": 3.7570741176605225,
    "colour_variation": 5.099991798400879,
    "diameter_large": 4.351093769073486,
    "atypical_pigment_network": 4.945537090301514,
    "blue_white_veil": 4.795823574066162,
    "atypical_vascular_pattern": 4.853541374206543,
    "irregular_streaks": 4.185506820678711,
    "irregular_pigmentation": 4.69509744644165,
    "irregular_dots_globules": 4.450376987457275,
    "regression_structures": 4.130247592926025,
    "symmetric_uniform": 4.376800060272217,
    "reticular_network": 5.102445602416992,
    "arborizing_vessels": 4.545804023742676,
    "blue_grey_ovoid_nests": 4.8858842849731445,
    "ulceration": 4.194463729858398,
    "scaly_surface": 5.516277313232422,
    "strawberry_pattern": 4.261864185333252,
    "milia_like_cysts": 4.054502010345459,
    "comedo_like_openings": 4.412296772003174,
    "cerebriform_surface": 4.912566184997559,
    "central_white_patch": 4.938594818115234,
    "red_lacunae": 5.340012550354004,
    "healthy_skin": 4.856535911560059
  }
}