{
  "step": 17,
  "lambda_s": 1.8729812457271933,
  "n_active": 24,
  "val_balacc": 0.5332459273443807,
  "val_auc": 0.8389072267323822,
  "val_loss": 1.148041009902954,
  "train_loss": 0.9954568205073627,
  "epochs_used": 11,
  "time_sec": 12.618698120117188,
  "just_eliminated": [],
  "issue4_fix": "best_within_step_checkpoint_restored",
  "norms": {
    "asymmetry": 4.5490498542785645,
    "border_irregularity": 3.6181704998016357,
    "colour_variation": 5.0366411209106445,
    "diameter_large": 4.291079998016357,
    "atypical_pigment_network": 4.893776893615723,
    "blue_white_veil": 4.728189468383789,
    "atypical_vascular_pattern": 4.764466762542725,
    "irregular_streaks": 4.085208415985107,
    "irregular_pigmentation": 4.5900774002075195,
    "irregular_dots_globules": 4.331692218780518,
    "regression_structures": 4.014383792877197,
    "symmetric_uniform": 4.2549614906311035,
    "reticular_network": 5.021856784820557,
    "arborizing_vessels": 4.450599193572998,
    "blue_grey_ovoid_nests": 4.795522689819336,
    "ulceration": 4.128045558929443,
    "scaly_surface": 5.435224533081055,
    "strawberry_pattern": 4.1314287185668945,
    "milia_like_cysts": 3.8985462188720703,
    "comedo_like_openings": 4.319075107574463,
    "cerebriform_surface": 4.858711242675781,
    "central_white_patch": 4.859384536743164,
    "red_lacunae": 5.281849384307861,
    "healthy_skin": 4.757571220397949
  }
}