{
  "step": 23,
  "lambda_s": 2.369918791504948,
  "n_active": 24,
  "val_balacc": 0.5494030446408533,
  "val_auc": 0.8376443566607543,
  "val_loss": 1.1418989896774292,
  "train_loss": 0.9969254649365852,
  "epochs_used": 18,
  "time_sec": 20.83919596672058,
  "just_eliminated": [],
  "issue4_fix": "best_within_step_checkpoint_restored",
  "norms": {
    "asymmetry": 3.9213404655456543,
    "border_irregularity": 2.676198720932007,
    "colour_variation": 4.4113450050354,
    "diameter_large": 3.9135115146636963,
    "atypical_pigment_network": 4.464353561401367,
    "blue_white_veil": 4.126943111419678,
    "atypical_vascular_pattern": 4.076630592346191,
    "irregular_streaks": 3.458836555480957,
    "irregular_pigmentation": 3.9163758754730225,
    "irregular_dots_globules": 3.5422885417938232,
    "regression_structures": 3.2490036487579346,
    "symmetric_uniform": 3.517843246459961,
    "reticular_network": 4.644492149353027,
    "arborizing_vessels": 3.7478959560394287,
    "blue_grey_ovoid_nests": 4.2636237144470215,
    "ulceration": 3.553410768508911,
    "scaly_surface": 4.9045867919921875,
    "strawberry_pattern": 3.4622297286987305,
    "milia_like_cysts": 3.0931365489959717,
    "comedo_like_openings": 3.8343207836151123,
    "cerebriform_surface": 4.434098720550537,
    "central_white_patch": 4.226973533630371,
    "red_lacunae": 4.893740653991699,
    "healthy_skin": 4.213875770568848
  }
}