{
  "step": 46,
  "lambda_s": 5.841175681461405,
  "n_active": 23,
  "val_balacc": 0.5456261334189507,
  "val_auc": 0.8246798033291547,
  "val_loss": 1.1777929067611694,
  "train_loss": 1.1067655581063456,
  "epochs_used": 9,
  "time_sec": 13.122038125991821,
  "just_eliminated": [],
  "issue4_fix": "best_within_step_checkpoint_restored",
  "norms": {
    "asymmetry": 2.845815658569336,
    "border_irregularity": 0.0,
    "colour_variation": 3.159943103790283,
    "diameter_large": 3.451594591140747,
    "atypical_pigment_network": 2.8634421825408936,
    "blue_white_veil": 2.94879412651062,
    "atypical_vascular_pattern": 1.7909986972808838,
    "irregular_streaks": 2.388068437576294,
    "irregular_pigmentation": 3.057723045349121,
    "irregular_dots_globules": 2.403998374938965,
    "regression_structures": 1.8660016059875488,
    "symmetric_uniform": 2.2948763370513916,
    "reticular_network": 3.6890432834625244,
    "arborizing_vessels": 2.7253947257995605,
    "blue_grey_ovoid_nests": 3.0383474826812744,
    "ulceration": 2.3572752475738525,
    "scaly_surface": 4.247676372528076,
    "strawberry_pattern": 2.050503730773926,
    "milia_like_cysts": 2.2734811305999756,
    "comedo_like_openings": 3.083315372467041,
    "cerebriform_surface": 2.818020820617676,
    "central_white_patch": 3.678114652633667,
    "red_lacunae": 4.037674903869629,
    "healthy_skin": 2.286320686340332
  }
}