{
  "step": 37,
  "lambda_s": 4.10393255398042,
  "n_active": 23,
  "val_balacc": 0.5694281977435375,
  "val_auc": 0.8301037158488648,
  "val_loss": 1.1550922393798828,
  "train_loss": 1.1481760367832676,
  "epochs_used": 11,
  "time_sec": 12.156889200210571,
  "just_eliminated": [],
  "issue4_fix": "best_within_step_checkpoint_restored",
  "norms": {
    "asymmetry": 3.148750066757202,
    "border_irregularity": 0.0,
    "colour_variation": 3.3261239528656006,
    "diameter_large": 3.4549269676208496,
    "atypical_pigment_network": 3.2954139709472656,
    "blue_white_veil": 3.1106348037719727,
    "atypical_vascular_pattern": 2.0733489990234375,
    "irregular_streaks": 2.7378268241882324,
    "irregular_pigmentation": 3.3079075813293457,
    "irregular_dots_globules": 2.8025927543640137,
    "regression_structures": 2.161151647567749,
    "symmetric_uniform": 2.3762168884277344,
    "reticular_network": 4.008851528167725,
    "arborizing_vessels": 2.8162786960601807,
    "blue_grey_ovoid_nests": 3.2925589084625244,
    "ulceration": 2.585235834121704,
    "scaly_surface": 4.376373291015625,
    "strawberry_pattern": 2.423795461654663,
    "milia_like_cysts": 2.236783742904663,
    "comedo_like_openings": 3.2226827144622803,
    "cerebriform_surface": 3.3491744995117188,
    "central_white_patch": 3.819575786590576,
    "red_lacunae": 4.240134239196777,
    "healthy_skin": 3.367638111114502
  }
}