{
  "step": 80,
  "lambda_s": 22.163268336416625,
  "n_active": 14,
  "val_balacc": 0.48040254469400245,
  "val_auc": 0.7842178949519655,
  "val_loss": 1.393548607826233,
  "train_loss": 1.3473358121675099,
  "epochs_used": 7,
  "time_sec": 8.200350522994995,
  "just_eliminated": [],
  "issue4_fix": "best_within_step_checkpoint_restored",
  "norms": {
    "asymmetry": 2.720574378967285,
    "border_irregularity": 0.0,
    "colour_variation": 2.4109084606170654,
    "diameter_large": 2.2589523792266846,
    "atypical_pigment_network": 2.7296199798583984,
    "blue_white_veil": 0.0,
    "atypical_vascular_pattern": 0.0,
    "irregular_streaks": 0.0,
    "irregular_pigmentation": 0.0,
    "irregular_dots_globules": 0.0,
    "regression_structures": 0.0,
    "symmetric_uniform": 0.0,
    "reticular_network": 3.3273253440856934,
    "arborizing_vessels": 1.674638032913208,
    "blue_grey_ovoid_nests": 1.847449541091919,
    "ulceration": 1.6086325645446777,
    "scaly_surface": 3.0997164249420166,
    "strawberry_pattern": 0.0,
    "milia_like_cysts": 2.4723546504974365,
    "comedo_like_openings": 0.8799684047698975,
    "cerebriform_surface": 1.4852229356765747,
    "central_white_patch": 2.477790594100952,
    "red_lacunae": 2.6945297718048096,
    "healthy_skin": 0.0
  }
}