{
  "step": 70,
  "lambda_s": 14.972709952154437,
  "n_active": 15,
  "val_balacc": 0.5132197897376239,
  "val_auc": 0.8085349728766558,
  "val_loss": 1.2930657863616943,
  "train_loss": 1.2663213508216733,
  "epochs_used": 7,
  "time_sec": 8.017675399780273,
  "just_eliminated": [],
  "issue4_fix": "best_within_step_checkpoint_restored",
  "norms": {
    "asymmetry": 2.805541515350342,
    "border_irregularity": 0.0,
    "colour_variation": 2.7250418663024902,
    "diameter_large": 2.9180095195770264,
    "atypical_pigment_network": 2.9295389652252197,
    "blue_white_veil": 1.403212070465088,
    "atypical_vascular_pattern": 0.0,
    "irregular_streaks": 0.0,
    "irregular_pigmentation": 0.0,
    "irregular_dots_globules": 0.0,
    "regression_structures": 0.0,
    "symmetric_uniform": 0.0,
    "reticular_network": 3.592109203338623,
    "arborizing_vessels": 2.1241044998168945,
    "blue_grey_ovoid_nests": 2.5152854919433594,
    "ulceration": 2.007880449295044,
    "scaly_surface": 3.5098683834075928,
    "strawberry_pattern": 0.0,
    "milia_like_cysts": 2.780148506164551,
    "comedo_like_openings": 1.7862478494644165,
    "cerebriform_surface": 1.8993942737579346,
    "central_white_patch": 3.049365997314453,
    "red_lacunae": 3.1626791954040527,
    "healthy_skin": 0.0
  }
}