{
  "step": 83,
  "lambda_s": 24.930662673974954,
  "n_active": 14,
  "val_balacc": 0.47877566197244376,
  "val_auc": 0.7691609350352064,
  "val_loss": 1.4323943853378296,
  "train_loss": 1.4221890566403088,
  "epochs_used": 8,
  "time_sec": 9.364742279052734,
  "just_eliminated": [],
  "issue4_fix": "best_within_step_checkpoint_restored",
  "norms": {
    "asymmetry": 2.7035751342773438,
    "border_irregularity": 0.0,
    "colour_variation": 2.335745096206665,
    "diameter_large": 2.010550022125244,
    "atypical_pigment_network": 2.606015682220459,
    "blue_white_veil": 0.0,
    "atypical_vascular_pattern": 0.0,
    "irregular_streaks": 0.0,
    "irregular_pigmentation": 0.0,
    "irregular_dots_globules": 0.0,
    "regression_structures": 0.0,
    "symmetric_uniform": 0.0,
    "reticular_network": 3.28751802444458,
    "arborizing_vessels": 1.244874119758606,
    "blue_grey_ovoid_nests": 1.238330364227295,
    "ulceration": 1.2800568342208862,
    "scaly_surface": 2.7996716499328613,
    "strawberry_pattern": 0.0,
    "milia_like_cysts": 2.3801937103271484,
    "comedo_like_openings": 0.33393844962120056,
    "cerebriform_surface": 1.2529269456863403,
    "central_white_patch": 2.342824935913086,
    "red_lacunae": 2.4091131687164307,
    "healthy_skin": 0.0
  }
}