{
  "step": 94,
  "lambda_s": 38.37960978007366,
  "n_active": 10,
  "val_balacc": 0.4518594570406159,
  "val_auc": 0.7031843341196552,
  "val_loss": 1.6730873584747314,
  "train_loss": 1.6355583141519279,
  "epochs_used": 7,
  "time_sec": 7.197459697723389,
  "just_eliminated": [],
  "issue4_fix": "best_within_step_checkpoint_restored",
  "norms": {
    "asymmetry": 2.016709566116333,
    "border_irregularity": 0.0,
    "colour_variation": 1.5568047761917114,
    "diameter_large": 1.1932238340377808,
    "atypical_pigment_network": 1.7834827899932861,
    "blue_white_veil": 0.0,
    "atypical_vascular_pattern": 0.0,
    "irregular_streaks": 0.0,
    "irregular_pigmentation": 0.0,
    "irregular_dots_globules": 0.0,
    "regression_structures": 0.0,
    "symmetric_uniform": 0.0,
    "reticular_network": 2.6435675621032715,
    "arborizing_vessels": 0.0,
    "blue_grey_ovoid_nests": 0.0,
    "ulceration": 0.0,
    "scaly_surface": 1.7280797958374023,
    "strawberry_pattern": 0.0,
    "milia_like_cysts": 1.4547595977783203,
    "comedo_like_openings": 0.0,
    "cerebriform_surface": 0.2270195633172989,
    "central_white_patch": 1.513214111328125,
    "red_lacunae": 1.3342018127441406,
    "healthy_skin": 0.0
  }
}