{
  "step": 64,
  "lambda_s": 11.833150164731968,
  "n_active": 20,
  "val_balacc": 0.523282842770678,
  "val_auc": 0.8127066078025621,
  "val_loss": 1.2585134506225586,
  "train_loss": 1.2541698980927933,
  "epochs_used": 7,
  "time_sec": 7.394228219985962,
  "just_eliminated": [],
  "issue4_fix": "best_within_step_checkpoint_restored",
  "norms": {
    "asymmetry": 2.283231019973755,
    "border_irregularity": 0.0,
    "colour_variation": 2.8155291080474854,
    "diameter_large": 3.207085609436035,
    "atypical_pigment_network": 2.9768691062927246,
    "blue_white_veil": 2.3640122413635254,
    "atypical_vascular_pattern": 0.6995051503181458,
    "irregular_streaks": 0.8583658933639526,
    "irregular_pigmentation": 2.019713878631592,
    "irregular_dots_globules": 0.0,
    "regression_structures": 0.0,
    "symmetric_uniform": 1.4691871404647827,
    "reticular_network": 3.609065532684326,
    "arborizing_vessels": 2.473578453063965,
    "blue_grey_ovoid_nests": 2.6912856101989746,
    "ulceration": 1.9457244873046875,
    "scaly_surface": 3.6906278133392334,
    "strawberry_pattern": 0.0,
    "milia_like_cysts": 2.5889012813568115,
    "comedo_like_openings": 2.2971880435943604,
    "cerebriform_surface": 2.1226696968078613,
    "central_white_patch": 3.371119260787964,
    "red_lacunae": 3.4296252727508545,
    "healthy_skin": 1.2072385549545288
  }
}