{
  "step": 33,
  "lambda_s": 3.508058746845789,
  "n_active": 23,
  "val_balacc": 0.5486097418792325,
  "val_auc": 0.8316654250126975,
  "val_loss": 1.146788239479065,
  "train_loss": 1.0470460851645451,
  "epochs_used": 11,
  "time_sec": 11.671552181243896,
  "just_eliminated": [],
  "issue4_fix": "best_within_step_checkpoint_restored",
  "norms": {
    "asymmetry": 3.300905704498291,
    "border_irregularity": 0.0,
    "colour_variation": 3.63498592376709,
    "diameter_large": 3.4293057918548584,
    "atypical_pigment_network": 3.646044969558716,
    "blue_white_veil": 3.453850269317627,
    "atypical_vascular_pattern": 2.791354179382324,
    "irregular_streaks": 2.887549638748169,
    "irregular_pigmentation": 3.3912525177001953,
    "irregular_dots_globules": 2.8419582843780518,
    "regression_structures": 2.369446039199829,
    "symmetric_uniform": 2.6372621059417725,
    "reticular_network": 4.244401454925537,
    "arborizing_vessels": 2.8398289680480957,
    "blue_grey_ovoid_nests": 3.5150763988494873,
    "ulceration": 2.942244529724121,
    "scaly_surface": 4.412347316741943,
    "strawberry_pattern": 2.725803852081299,
    "milia_like_cysts": 2.2185699939727783,
    "comedo_like_openings": 3.263000249862671,
    "cerebriform_surface": 3.7377636432647705,
    "central_white_patch": 3.846550464630127,
    "red_lacunae": 4.368937969207764,
    "healthy_skin": 3.623831033706665
  }
}