{
  "step": 74,
  "lambda_s": 17.51595290392506,
  "n_active": 15,
  "val_balacc": 0.49725037666679783,
  "val_auc": 0.7961599156747434,
  "val_loss": 1.3369008302688599,
  "train_loss": 1.307288388184405,
  "epochs_used": 7,
  "time_sec": 8.372316837310791,
  "just_eliminated": [],
  "issue4_fix": "best_within_step_checkpoint_restored",
  "norms": {
    "asymmetry": 2.7888081073760986,
    "border_irregularity": 0.0,
    "colour_variation": 2.5900723934173584,
    "diameter_large": 2.634678602218628,
    "atypical_pigment_network": 2.7227470874786377,
    "blue_white_veil": 0.7334519624710083,
    "atypical_vascular_pattern": 0.0,
    "irregular_streaks": 0.0,
    "irregular_pigmentation": 0.0,
    "irregular_dots_globules": 0.0,
    "regression_structures": 0.0,
    "symmetric_uniform": 0.0,
    "reticular_network": 3.471193313598633,
    "arborizing_vessels": 1.9587732553482056,
    "blue_grey_ovoid_nests": 2.2051138877868652,
    "ulceration": 1.8854858875274658,
    "scaly_surface": 3.4412314891815186,
    "strawberry_pattern": 0.0,
    "milia_like_cysts": 2.593024969100952,
    "comedo_like_openings": 1.3228541612625122,
    "cerebriform_surface": 1.657659888267517,
    "central_white_patch": 2.9086952209472656,
    "red_lacunae": 2.882924795150757,
    "healthy_skin": 0.0
  }
}