{
  "step": 87,
  "lambda_s": 29.16534913562209,
  "n_active": 13,
  "val_balacc": 0.4615520608809634,
  "val_auc": 0.7523328623163543,
  "val_loss": 1.503309726715088,
  "train_loss": 1.5114227758523913,
  "epochs_used": 7,
  "time_sec": 7.665714979171753,
  "just_eliminated": [],
  "issue4_fix": "best_within_step_checkpoint_restored",
  "norms": {
    "asymmetry": 2.529573917388916,
    "border_irregularity": 0.0,
    "colour_variation": 2.1193766593933105,
    "diameter_large": 1.7867287397384644,
    "atypical_pigment_network": 2.3622355461120605,
    "blue_white_veil": 0.0,
    "atypical_vascular_pattern": 0.0,
    "irregular_streaks": 0.0,
    "irregular_pigmentation": 0.0,
    "irregular_dots_globules": 0.0,
    "regression_structures": 0.0,
    "symmetric_uniform": 0.0,
    "reticular_network": 3.0007035732269287,
    "arborizing_vessels": 0.8539015054702759,
    "blue_grey_ovoid_nests": 0.6694353818893433,
    "ulceration": 0.7945719957351685,
    "scaly_surface": 2.45628023147583,
    "strawberry_pattern": 0.0,
    "milia_like_cysts": 2.0972330570220947,
    "comedo_like_openings": 0.0,
    "cerebriform_surface": 0.9004372954368591,
    "central_white_patch": 2.299262762069702,
    "red_lacunae": 2.1476950645446777,
    "healthy_skin": 0.0
  }
}