{
  "step": 63,
  "lambda_s": 11.378029004549969,
  "n_active": 20,
  "val_balacc": 0.5243302617825899,
  "val_auc": 0.8103385692417855,
  "val_loss": 1.2534098625183105,
  "train_loss": 1.1979243739309304,
  "epochs_used": 9,
  "time_sec": 9.416374683380127,
  "just_eliminated": [],
  "issue4_fix": "best_within_step_checkpoint_restored",
  "norms": {
    "asymmetry": 2.2743782997131348,
    "border_irregularity": 0.0,
    "colour_variation": 2.712596893310547,
    "diameter_large": 3.259979724884033,
    "atypical_pigment_network": 3.0261828899383545,
    "blue_white_veil": 2.3902738094329834,
    "atypical_vascular_pattern": 0.7868446111679077,
    "irregular_streaks": 0.9585851430892944,
    "irregular_pigmentation": 2.1227402687072754,
    "irregular_dots_globules": 0.0,
    "regression_structures": 0.0,
    "symmetric_uniform": 1.5048120021820068,
    "reticular_network": 3.653827428817749,
    "arborizing_vessels": 2.5294582843780518,
    "blue_grey_ovoid_nests": 2.69008207321167,
    "ulceration": 2.0408520698547363,
    "scaly_surface": 3.6707100868225098,
    "strawberry_pattern": 0.0,
    "milia_like_cysts": 2.5634515285491943,
    "comedo_like_openings": 2.300615072250366,
    "cerebriform_surface": 2.158487319946289,
    "central_white_patch": 3.404879331588745,
    "red_lacunae": 3.4211580753326416,
    "healthy_skin": 1.2311094999313354
  }
}