{
  "step": 20,
  "lambda_s": 2.106849175993674,
  "n_active": 24,
  "val_balacc": 0.5421617794261457,
  "val_auc": 0.8362880932603688,
  "val_loss": 1.1522153615951538,
  "train_loss": 1.0015628893921578,
  "epochs_used": 7,
  "time_sec": 8.32712697982788,
  "just_eliminated": [],
  "issue4_fix": "best_within_step_checkpoint_restored",
  "norms": {
    "asymmetry": 4.348389625549316,
    "border_irregularity": 3.2682735919952393,
    "colour_variation": 4.773690700531006,
    "diameter_large": 4.131148815155029,
    "atypical_pigment_network": 4.662948131561279,
    "blue_white_veil": 4.4855265617370605,
    "atypical_vascular_pattern": 4.4919257164001465,
    "irregular_streaks": 3.8509695529937744,
    "irregular_pigmentation": 4.286712169647217,
    "irregular_dots_globules": 4.031676769256592,
    "regression_structures": 3.723341226577759,
    "symmetric_uniform": 3.9638211727142334,
    "reticular_network": 4.857520580291748,
    "arborizing_vessels": 4.193634033203125,
    "blue_grey_ovoid_nests": 4.5838165283203125,
    "ulceration": 3.902132749557495,
    "scaly_surface": 5.232564926147461,
    "strawberry_pattern": 3.842346668243408,
    "milia_like_cysts": 3.5887486934661865,
    "comedo_like_openings": 4.136921405792236,
    "cerebriform_surface": 4.701562881469727,
    "central_white_patch": 4.6067795753479,
    "red_lacunae": 5.126255035400391,
    "healthy_skin": 4.546466827392578
  }
}