{
  "step": 72,
  "lambda_s": 16.19448308425024,
  "n_active": 15,
  "val_balacc": 0.49250660033353466,
  "val_auc": 0.8015136053785286,
  "val_loss": 1.3119641542434692,
  "train_loss": 1.3061264555374097,
  "epochs_used": 8,
  "time_sec": 9.302321910858154,
  "just_eliminated": [],
  "issue4_fix": "best_within_step_checkpoint_restored",
  "norms": {
    "asymmetry": 2.8280060291290283,
    "border_irregularity": 0.0,
    "colour_variation": 2.6373097896575928,
    "diameter_large": 2.70756196975708,
    "atypical_pigment_network": 2.8540778160095215,
    "blue_white_veil": 1.1382774114608765,
    "atypical_vascular_pattern": 0.0,
    "irregular_streaks": 0.0,
    "irregular_pigmentation": 0.0,
    "irregular_dots_globules": 0.0,
    "regression_structures": 0.0,
    "symmetric_uniform": 0.0,
    "reticular_network": 3.5250327587127686,
    "arborizing_vessels": 2.0836336612701416,
    "blue_grey_ovoid_nests": 2.297454595565796,
    "ulceration": 1.8916016817092896,
    "scaly_surface": 3.5129435062408447,
    "strawberry_pattern": 0.0,
    "milia_like_cysts": 2.670603036880493,
    "comedo_like_openings": 1.6093436479568481,
    "cerebriform_surface": 1.7679567337036133,
    "central_white_patch": 2.9777419567108154,
    "red_lacunae": 3.0508434772491455,
    "healthy_skin": 0.0
  }
}