{
  "step": 14,
  "lambda_s": 1.6650735073103888,
  "n_active": 24,
  "val_balacc": 0.545083103917877,
  "val_auc": 0.8328967845305641,
  "val_loss": 1.1468442678451538,
  "train_loss": 1.0626396004905732,
  "epochs_used": 10,
  "time_sec": 11.278105020523071,
  "just_eliminated": [],
  "issue4_fix": "best_within_step_checkpoint_restored",
  "norms": {
    "asymmetry": 4.932189464569092,
    "border_irregularity": 4.1224365234375,
    "colour_variation": 5.36503267288208,
    "diameter_large": 4.546594619750977,
    "atypical_pigment_network": 5.045652389526367,
    "blue_white_veil": 5.103763103485107,
    "atypical_vascular_pattern": 5.079230308532715,
    "irregular_streaks": 4.419163227081299,
    "irregular_pigmentation": 4.98525333404541,
    "irregular_dots_globules": 4.755110740661621,
    "regression_structures": 4.444574356079102,
    "symmetric_uniform": 4.665872097015381,
    "reticular_network": 5.3295063972473145,
    "arborizing_vessels": 4.814739227294922,
    "blue_grey_ovoid_nests": 5.101832866668701,
    "ulceration": 4.445646286010742,
    "scaly_surface": 5.720837593078613,
    "strawberry_pattern": 4.518341064453125,
    "milia_like_cysts": 4.41511869430542,
    "comedo_like_openings": 4.61751127243042,
    "cerebriform_surface": 5.09036922454834,
    "central_white_patch": 5.21302604675293,
    "red_lacunae": 5.526412487030029,
    "healthy_skin": 5.068747520446777
  }
}