{
  "step": 55,
  "lambda_s": 8.313814345853135,
  "n_active": 23,
  "val_balacc": 0.5254970645095324,
  "val_auc": 0.8247295187341133,
  "val_loss": 1.2008270025253296,
  "train_loss": 1.1406720559423653,
  "epochs_used": 9,
  "time_sec": 10.146888256072998,
  "just_eliminated": [],
  "issue4_fix": "best_within_step_checkpoint_restored",
  "norms": {
    "asymmetry": 2.445117235183716,
    "border_irregularity": 0.0,
    "colour_variation": 2.8689839839935303,
    "diameter_large": 3.3386685848236084,
    "atypical_pigment_network": 2.8298451900482178,
    "blue_white_veil": 2.7456858158111572,
    "atypical_vascular_pattern": 1.4818108081817627,
    "irregular_streaks": 1.9729328155517578,
    "irregular_pigmentation": 2.678823709487915,
    "irregular_dots_globules": 1.7201600074768066,
    "regression_structures": 0.9911279082298279,
    "symmetric_uniform": 2.042191505432129,
    "reticular_network": 3.567239284515381,
    "arborizing_vessels": 2.614645004272461,
    "blue_grey_ovoid_nests": 3.0423319339752197,
    "ulceration": 2.271132230758667,
    "scaly_surface": 3.9993815422058105,
    "strawberry_pattern": 1.4021884202957153,
    "milia_like_cysts": 2.348808526992798,
    "comedo_like_openings": 2.6910672187805176,
    "cerebriform_surface": 2.3261353969573975,
    "central_white_patch": 3.566821336746216,
    "red_lacunae": 3.74027419090271,
    "healthy_skin": 1.6092777252197266
  }
}