{
  "step": 54,
  "lambda_s": 7.994052255628014,
  "n_active": 23,
  "val_balacc": 0.5533607607687275,
  "val_auc": 0.8231103580820738,
  "val_loss": 1.1996692419052124,
  "train_loss": 1.1982725415964253,
  "epochs_used": 10,
  "time_sec": 11.184471845626831,
  "just_eliminated": [],
  "issue4_fix": "best_within_step_checkpoint_restored",
  "norms": {
    "asymmetry": 2.482572555541992,
    "border_irregularity": 0.0,
    "colour_variation": 2.886143684387207,
    "diameter_large": 3.34812331199646,
    "atypical_pigment_network": 2.800318717956543,
    "blue_white_veil": 2.7214696407318115,
    "atypical_vascular_pattern": 1.5049612522125244,
    "irregular_streaks": 1.9289205074310303,
    "irregular_pigmentation": 2.7495081424713135,
    "irregular_dots_globules": 1.8556795120239258,
    "regression_structures": 1.1422430276870728,
    "symmetric_uniform": 2.0667343139648438,
    "reticular_network": 3.5795977115631104,
    "arborizing_vessels": 2.6595354080200195,
    "blue_grey_ovoid_nests": 3.0111753940582275,
    "ulceration": 2.301795482635498,
    "scaly_surface": 3.988210678100586,
    "strawberry_pattern": 1.5017890930175781,
    "milia_like_cysts": 2.346543312072754,
    "comedo_like_openings": 2.793656349182129,
    "cerebriform_surface": 2.335345983505249,
    "central_white_patch": 3.5564334392547607,
    "red_lacunae": 3.7713310718536377,
    "healthy_skin": 1.5383777618408203
  }
}