{
  "step": 86,
  "lambda_s": 28.043604938098163,
  "n_active": 13,
  "val_balacc": 0.4717537170085614,
  "val_auc": 0.7610891423369812,
  "val_loss": 1.474284291267395,
  "train_loss": 1.423846437988848,
  "epochs_used": 7,
  "time_sec": 7.522658109664917,
  "just_eliminated": [],
  "issue4_fix": "best_within_step_checkpoint_restored",
  "norms": {
    "asymmetry": 2.626912832260132,
    "border_irregularity": 0.0,
    "colour_variation": 2.1655449867248535,
    "diameter_large": 1.8434239625930786,
    "atypical_pigment_network": 2.4674699306488037,
    "blue_white_veil": 0.0,
    "atypical_vascular_pattern": 0.0,
    "irregular_streaks": 0.0,
    "irregular_pigmentation": 0.0,
    "irregular_dots_globules": 0.0,
    "regression_structures": 0.0,
    "symmetric_uniform": 0.0,
    "reticular_network": 3.101292848587036,
    "arborizing_vessels": 1.0054515600204468,
    "blue_grey_ovoid_nests": 0.8680771589279175,
    "ulceration": 1.0199058055877686,
    "scaly_surface": 2.573258399963379,
    "strawberry_pattern": 0.0,
    "milia_like_cysts": 2.2171571254730225,
    "comedo_like_openings": 0.0,
    "cerebriform_surface": 1.0181324481964111,
    "central_white_patch": 2.356760263442993,
    "red_lacunae": 2.24605655670166,
    "healthy_skin": 0.0
  }
}