{
  "step": 30,
  "lambda_s": 3.118651451949559,
  "n_active": 24,
  "val_balacc": 0.5665336058822472,
  "val_auc": 0.8350970310697886,
  "val_loss": 1.1410243511199951,
  "train_loss": 1.0761318486961562,
  "epochs_used": 11,
  "time_sec": 11.350946426391602,
  "just_eliminated": [],
  "issue4_fix": "best_within_step_checkpoint_restored",
  "norms": {
    "asymmetry": 3.3124632835388184,
    "border_irregularity": 0.26935404539108276,
    "colour_variation": 3.7863194942474365,
    "diameter_large": 3.5724081993103027,
    "atypical_pigment_network": 3.8579864501953125,
    "blue_white_veil": 3.479429244995117,
    "atypical_vascular_pattern": 3.0228066444396973,
    "irregular_streaks": 2.900834798812866,
    "irregular_pigmentation": 3.521714210510254,
    "irregular_dots_globules": 2.937600612640381,
    "regression_structures": 2.3867557048797607,
    "symmetric_uniform": 2.689124822616577,
    "reticular_network": 4.349097728729248,
    "arborizing_vessels": 2.9116461277008057,
    "blue_grey_ovoid_nests": 3.5980401039123535,
    "ulceration": 3.1057522296905518,
    "scaly_surface": 4.45306396484375,
    "strawberry_pattern": 2.8447136878967285,
    "milia_like_cysts": 2.2845640182495117,
    "comedo_like_openings": 3.330352783203125,
    "cerebriform_surface": 3.890305280685425,
    "central_white_patch": 3.882063627243042,
    "red_lacunae": 4.447774410247803,
    "healthy_skin": 3.7664990425109863
  }
}