{
  "step": 12,
  "lambda_s": 1.5394540563150783,
  "n_active": 24,
  "val_balacc": 0.5452146759840815,
  "val_auc": 0.829667603173076,
  "val_loss": 1.148113489151001,
  "train_loss": 1.0014363255511978,
  "epochs_used": 15,
  "time_sec": 16.41307020187378,
  "just_eliminated": [],
  "issue4_fix": "best_within_step_checkpoint_restored",
  "norms": {
    "asymmetry": 5.1667375564575195,
    "border_irregularity": 4.527581691741943,
    "colour_variation": 5.61575174331665,
    "diameter_large": 4.752903938293457,
    "atypical_pigment_network": 5.19942569732666,
    "blue_white_veil": 5.416337966918945,
    "atypical_vascular_pattern": 5.342840194702148,
    "irregular_streaks": 4.702975273132324,
    "irregular_pigmentation": 5.285015106201172,
    "irregular_dots_globules": 5.108112335205078,
    "regression_structures": 4.759637355804443,
    "symmetric_uniform": 4.97021484375,
    "reticular_network": 5.559604644775391,
    "arborizing_vessels": 5.077478885650635,
    "blue_grey_ovoid_nests": 5.401240348815918,
    "ulceration": 4.712955474853516,
    "scaly_surface": 5.965310096740723,
    "strawberry_pattern": 4.804694175720215,
    "milia_like_cysts": 4.776742935180664,
    "comedo_like_openings": 4.884727478027344,
    "cerebriform_surface": 5.2602105140686035,
    "central_white_patch": 5.5066094398498535,
    "red_lacunae": 5.7008538246154785,
    "healthy_skin": 5.327215671539307
  }
}