{
  "step": 21,
  "lambda_s": 2.191123143033421,
  "n_active": 24,
  "val_balacc": 0.5403520938183141,
  "val_auc": 0.8412016746102126,
  "val_loss": 1.1427594423294067,
  "train_loss": 0.9749967690274713,
  "epochs_used": 12,
  "time_sec": 14.398459434509277,
  "just_eliminated": [],
  "issue4_fix": "best_within_step_checkpoint_restored",
  "norms": {
    "asymmetry": 4.204075336456299,
    "border_irregularity": 3.0904810428619385,
    "colour_variation": 4.670022487640381,
    "diameter_large": 4.074625492095947,
    "atypical_pigment_network": 4.623806953430176,
    "blue_white_veil": 4.403458118438721,
    "atypical_vascular_pattern": 4.397125720977783,
    "irregular_streaks": 3.6973044872283936,
    "irregular_pigmentation": 4.167477607727051,
    "irregular_dots_globules": 3.872396469116211,
    "regression_structures": 3.57373309135437,
    "symmetric_uniform": 3.8301868438720703,
    "reticular_network": 4.782660484313965,
    "arborizing_vessels": 4.045943737030029,
    "blue_grey_ovoid_nests": 4.510027885437012,
    "ulceration": 3.786653518676758,
    "scaly_surface": 5.098389625549316,
    "strawberry_pattern": 3.7166802883148193,
    "milia_like_cysts": 3.441324472427368,
    "comedo_like_openings": 4.043321132659912,
    "cerebriform_surface": 4.602902412414551,
    "central_white_patch": 4.470447540283203,
    "red_lacunae": 4.989834308624268,
    "healthy_skin": 4.447483062744141
  }
}