{
  "step": 93,
  "lambda_s": 36.90347094237851,
  "n_active": 10,
  "val_balacc": 0.451789027623385,
  "val_auc": 0.7165601980398021,
  "val_loss": 1.6328973770141602,
  "train_loss": 1.605051447899664,
  "epochs_used": 7,
  "time_sec": 7.136312007904053,
  "just_eliminated": [],
  "issue4_fix": "best_within_step_checkpoint_restored",
  "norms": {
    "asymmetry": 2.127955675125122,
    "border_irregularity": 0.0,
    "colour_variation": 1.6882914304733276,
    "diameter_large": 1.3054133653640747,
    "atypical_pigment_network": 1.8581465482711792,
    "blue_white_veil": 0.0,
    "atypical_vascular_pattern": 0.0,
    "irregular_streaks": 0.0,
    "irregular_pigmentation": 0.0,
    "irregular_dots_globules": 0.0,
    "regression_structures": 0.0,
    "symmetric_uniform": 0.0,
    "reticular_network": 2.744431972503662,
    "arborizing_vessels": 0.0,
    "blue_grey_ovoid_nests": 0.0,
    "ulceration": 0.0,
    "scaly_surface": 1.8636152744293213,
    "strawberry_pattern": 0.0,
    "milia_like_cysts": 1.5826283693313599,
    "comedo_like_openings": 0.0,
    "cerebriform_surface": 0.3585411310195923,
    "central_white_patch": 1.6575648784637451,
    "red_lacunae": 1.5445427894592285,
    "healthy_skin": 0.0
  }
}