{
  "step": 36,
  "lambda_s": 3.946088994211942,
  "n_active": 23,
  "val_balacc": 0.5713142726155817,
  "val_auc": 0.8361279531312137,
  "val_loss": 1.1489921808242798,
  "train_loss": 1.1127058457918144,
  "epochs_used": 11,
  "time_sec": 12.069830894470215,
  "just_eliminated": [],
  "issue4_fix": "best_within_step_checkpoint_restored",
  "norms": {
    "asymmetry": 3.1881420612335205,
    "border_irregularity": 0.0,
    "colour_variation": 3.428419351577759,
    "diameter_large": 3.43678879737854,
    "atypical_pigment_network": 3.3506710529327393,
    "blue_white_veil": 3.181210994720459,
    "atypical_vascular_pattern": 2.0799174308776855,
    "irregular_streaks": 2.75118350982666,
    "irregular_pigmentation": 3.3303885459899902,
    "irregular_dots_globules": 2.8058977127075195,
    "regression_structures": 2.1576061248779297,
    "symmetric_uniform": 2.4440019130706787,
    "reticular_network": 3.9886937141418457,
    "arborizing_vessels": 2.8391616344451904,
    "blue_grey_ovoid_nests": 3.339494466781616,
    "ulceration": 2.6306653022766113,
    "scaly_surface": 4.415317058563232,
    "strawberry_pattern": 2.508244037628174,
    "milia_like_cysts": 2.2873716354370117,
    "comedo_like_openings": 3.2498676776885986,
    "cerebriform_surface": 3.3931643962860107,
    "central_white_patch": 3.790119171142578,
    "red_lacunae": 4.286912441253662,
    "healthy_skin": 3.437748908996582
  }
}