{
  "step": 43,
  "lambda_s": 5.192783911176289,
  "n_active": 23,
  "val_balacc": 0.5599800719736255,
  "val_auc": 0.8276344190451078,
  "val_loss": 1.1608341932296753,
  "train_loss": 1.1375265640798633,
  "epochs_used": 7,
  "time_sec": 8.439382791519165,
  "just_eliminated": [],
  "issue4_fix": "best_within_step_checkpoint_restored",
  "norms": {
    "asymmetry": 3.011296033859253,
    "border_irregularity": 0.0,
    "colour_variation": 3.2035748958587646,
    "diameter_large": 3.457890033721924,
    "atypical_pigment_network": 3.0199437141418457,
    "blue_white_veil": 2.9963440895080566,
    "atypical_vascular_pattern": 1.8168480396270752,
    "irregular_streaks": 2.5031261444091797,
    "irregular_pigmentation": 3.2569797039031982,
    "irregular_dots_globules": 2.6155803203582764,
    "regression_structures": 2.0421433448791504,
    "symmetric_uniform": 2.2233774662017822,
    "reticular_network": 3.719965696334839,
    "arborizing_vessels": 2.7623517513275146,
    "blue_grey_ovoid_nests": 3.0745203495025635,
    "ulceration": 2.379276752471924,
    "scaly_surface": 4.31206750869751,
    "strawberry_pattern": 2.211824417114258,
    "milia_like_cysts": 2.29890513420105,
    "comedo_like_openings": 3.23114275932312,
    "cerebriform_surface": 2.965029239654541,
    "central_white_patch": 3.7106571197509766,
    "red_lacunae": 4.112618446350098,
    "healthy_skin": 2.6836957931518555
  }
}