{
  "step": 10,
  "lambda_s": 1.423311812421485,
  "n_active": 24,
  "val_balacc": 0.5521975150586459,
  "val_auc": 0.8388551820763386,
  "val_loss": 1.1591334342956543,
  "train_loss": 0.9842093866070888,
  "epochs_used": 16,
  "time_sec": 17.218071222305298,
  "just_eliminated": [],
  "issue4_fix": "best_within_step_checkpoint_restored",
  "norms": {
    "asymmetry": 5.47231912612915,
    "border_irregularity": 4.913044452667236,
    "colour_variation": 5.90108060836792,
    "diameter_large": 4.913793087005615,
    "atypical_pigment_network": 5.3242950439453125,
    "blue_white_veil": 5.73279333114624,
    "atypical_vascular_pattern": 5.590573310852051,
    "irregular_streaks": 4.978211402893066,
    "irregular_pigmentation": 5.602596282958984,
    "irregular_dots_globules": 5.459865093231201,
    "regression_structures": 5.094802379608154,
    "symmetric_uniform": 5.347245693206787,
    "reticular_network": 5.784233570098877,
    "arborizing_vessels": 5.4006829261779785,
    "blue_grey_ovoid_nests": 5.642472267150879,
    "ulceration": 5.020990371704102,
    "scaly_surface": 6.182948112487793,
    "strawberry_pattern": 5.123538970947266,
    "milia_like_cysts": 5.116935729980469,
    "comedo_like_openings": 5.19221305847168,
    "cerebriform_surface": 5.500504970550537,
    "central_white_patch": 5.850003719329834,
    "red_lacunae": 5.9364776611328125,
    "healthy_skin": 5.585641384124756
  }
}