{
  "step": 71,
  "lambda_s": 15.571618350240616,
  "n_active": 15,
  "val_balacc": 0.5013246740858842,
  "val_auc": 0.8026183213283156,
  "val_loss": 1.293922781944275,
  "train_loss": 1.2169835676897123,
  "epochs_used": 8,
  "time_sec": 9.084191083908081,
  "just_eliminated": [],
  "issue4_fix": "best_within_step_checkpoint_restored",
  "norms": {
    "asymmetry": 2.8184196949005127,
    "border_irregularity": 0.0,
    "colour_variation": 2.7133541107177734,
    "diameter_large": 2.810281753540039,
    "atypical_pigment_network": 2.9239377975463867,
    "blue_white_veil": 1.2554253339767456,
    "atypical_vascular_pattern": 0.0,
    "irregular_streaks": 0.0,
    "irregular_pigmentation": 0.0,
    "irregular_dots_globules": 0.0,
    "regression_structures": 0.0,
    "symmetric_uniform": 0.0,
    "reticular_network": 3.6151747703552246,
    "arborizing_vessels": 2.1167991161346436,
    "blue_grey_ovoid_nests": 2.4267492294311523,
    "ulceration": 1.9699153900146484,
    "scaly_surface": 3.4757392406463623,
    "strawberry_pattern": 0.0,
    "milia_like_cysts": 2.7273237705230713,
    "comedo_like_openings": 1.7430956363677979,
    "cerebriform_surface": 1.8057974576950073,
    "central_white_patch": 3.0290558338165283,
    "red_lacunae": 3.1014580726623535,
    "healthy_skin": 0.0
  }
}