{
  "step": 92,
  "lambda_s": 35.484106675363954,
  "n_active": 10,
  "val_balacc": 0.45738215717307096,
  "val_auc": 0.7256654168043895,
  "val_loss": 1.61043381690979,
  "train_loss": 1.5767792384078299,
  "epochs_used": 7,
  "time_sec": 7.209984302520752,
  "just_eliminated": [],
  "issue4_fix": "best_within_step_checkpoint_restored",
  "norms": {
    "asymmetry": 2.1910367012023926,
    "border_irregularity": 0.0,
    "colour_variation": 1.7997223138809204,
    "diameter_large": 1.387593150138855,
    "atypical_pigment_network": 1.9686696529388428,
    "blue_white_veil": 0.0,
    "atypical_vascular_pattern": 0.0,
    "irregular_streaks": 0.0,
    "irregular_pigmentation": 0.0,
    "irregular_dots_globules": 0.0,
    "regression_structures": 0.0,
    "symmetric_uniform": 0.0,
    "reticular_network": 2.7847611904144287,
    "arborizing_vessels": 0.0,
    "blue_grey_ovoid_nests": 0.0,
    "ulceration": 0.0,
    "scaly_surface": 1.9822314977645874,
    "strawberry_pattern": 0.0,
    "milia_like_cysts": 1.6607123613357544,
    "comedo_like_openings": 0.0,
    "cerebriform_surface": 0.4109219014644623,
    "central_white_patch": 1.7608593702316284,
    "red_lacunae": 1.6937532424926758,
    "healthy_skin": 0.0
  }
}