{
  "step": 67,
  "lambda_s": 13.310684626901063,
  "n_active": 17,
  "val_balacc": 0.507026968407687,
  "val_auc": 0.8063833138593299,
  "val_loss": 1.2713921070098877,
  "train_loss": 1.2474667241183737,
  "epochs_used": 7,
  "time_sec": 7.727802753448486,
  "just_eliminated": [],
  "issue4_fix": "best_within_step_checkpoint_restored",
  "norms": {
    "asymmetry": 2.6491334438323975,
    "border_irregularity": 0.0,
    "colour_variation": 2.814732313156128,
    "diameter_large": 3.044391393661499,
    "atypical_pigment_network": 3.131639003753662,
    "blue_white_veil": 1.996206521987915,
    "atypical_vascular_pattern": 0.0,
    "irregular_streaks": 0.0,
    "irregular_pigmentation": 1.1815165281295776,
    "irregular_dots_globules": 0.0,
    "regression_structures": 0.0,
    "symmetric_uniform": 0.33828336000442505,
    "reticular_network": 3.5912747383117676,
    "arborizing_vessels": 2.3180594444274902,
    "blue_grey_ovoid_nests": 2.516469955444336,
    "ulceration": 2.039463996887207,
    "scaly_surface": 3.6884775161743164,
    "strawberry_pattern": 0.0,
    "milia_like_cysts": 2.720836877822876,
    "comedo_like_openings": 2.029069423675537,
    "cerebriform_surface": 2.099153518676758,
    "central_white_patch": 3.1095573902130127,
    "red_lacunae": 3.2866837978363037,
    "healthy_skin": 0.0
  }
}