{
  "step": 58,
  "lambda_s": 9.351910460333741,
  "n_active": 22,
  "val_balacc": 0.5364121402679127,
  "val_auc": 0.8138822376408442,
  "val_loss": 1.232812523841858,
  "train_loss": 1.176639588667696,
  "epochs_used": 8,
  "time_sec": 8.37064266204834,
  "just_eliminated": [],
  "issue4_fix": "best_within_step_checkpoint_restored",
  "norms": {
    "asymmetry": 2.3214471340179443,
    "border_irregularity": 0.0,
    "colour_variation": 2.668715715408325,
    "diameter_large": 3.3279972076416016,
    "atypical_pigment_network": 2.931666374206543,
    "blue_white_veil": 2.487821578979492,
    "atypical_vascular_pattern": 1.3458906412124634,
    "irregular_streaks": 1.5279048681259155,
    "irregular_pigmentation": 2.4087510108947754,
    "irregular_dots_globules": 1.1893121004104614,
    "regression_structures": 0.0,
    "symmetric_uniform": 1.6599724292755127,
    "reticular_network": 3.6069154739379883,
    "arborizing_vessels": 2.656399965286255,
    "blue_grey_ovoid_nests": 2.981494188308716,
    "ulceration": 2.166071653366089,
    "scaly_surface": 3.8898308277130127,
    "strawberry_pattern": 0.8710594773292542,
    "milia_like_cysts": 2.4638636112213135,
    "comedo_like_openings": 2.4703471660614014,
    "cerebriform_surface": 2.14841890335083,
    "central_white_patch": 3.429382801055908,
    "red_lacunae": 3.637303590774536,
    "healthy_skin": 1.5759600400924683
  }
}