{
  "step": 2,
  "lambda_s": 1.04,
  "n_active": 24,
  "val_balacc": 0.5289545278715043,
  "val_auc": 0.8337370658673391,
  "val_loss": 1.1714063882827759,
  "train_loss": 1.0545610420027218,
  "epochs_used": 14,
  "time_sec": 15.596851587295532,
  "just_eliminated": [],
  "issue4_fix": "best_within_step_checkpoint_restored",
  "norms": {
    "asymmetry": 6.642934799194336,
    "border_irregularity": 6.440240859985352,
    "colour_variation": 6.966085433959961,
    "diameter_large": 5.933319091796875,
    "atypical_pigment_network": 6.317609786987305,
    "blue_white_veil": 6.894970417022705,
    "atypical_vascular_pattern": 6.638442516326904,
    "irregular_streaks": 6.302314758300781,
    "irregular_pigmentation": 6.936203479766846,
    "irregular_dots_globules": 6.81865930557251,
    "regression_structures": 6.408472537994385,
    "symmetric_uniform": 6.625211715698242,
    "reticular_network": 6.771718502044678,
    "arborizing_vessels": 6.5393147468566895,
    "blue_grey_ovoid_nests": 6.83588171005249,
    "ulceration": 6.300481796264648,
    "scaly_surface": 7.060423851013184,
    "strawberry_pattern": 6.426397800445557,
    "milia_like_cysts": 6.524091720581055,
    "comedo_like_openings": 6.460476398468018,
    "cerebriform_surface": 6.247208118438721,
    "central_white_patch": 7.0653157234191895,
    "red_lacunae": 6.861236095428467,
    "healthy_skin": 6.654114723205566
  }
}