{
  "step": 11,
  "lambda_s": 1.4802442849183444,
  "n_active": 24,
  "val_balacc": 0.5427539025506313,
  "val_auc": 0.8384927990126648,
  "val_loss": 1.1547960042953491,
  "train_loss": 1.0289792802578028,
  "epochs_used": 10,
  "time_sec": 11.332277297973633,
  "just_eliminated": [],
  "issue4_fix": "best_within_step_checkpoint_restored",
  "norms": {
    "asymmetry": 5.36078405380249,
    "border_irregularity": 4.792752265930176,
    "colour_variation": 5.818933010101318,
    "diameter_large": 4.855600833892822,
    "atypical_pigment_network": 5.266869068145752,
    "blue_white_veil": 5.642910957336426,
    "atypical_vascular_pattern": 5.509582996368408,
    "irregular_streaks": 4.881922245025635,
    "irregular_pigmentation": 5.499287128448486,
    "irregular_dots_globules": 5.359592437744141,
    "regression_structures": 4.990273475646973,
    "symmetric_uniform": 5.222735404968262,
    "reticular_network": 5.683366775512695,
    "arborizing_vessels": 5.295457363128662,
    "blue_grey_ovoid_nests": 5.561735153198242,
    "ulceration": 4.902573585510254,
    "scaly_surface": 6.1077775955200195,
    "strawberry_pattern": 5.015908718109131,
    "milia_like_cysts": 5.013434886932373,
    "comedo_like_openings": 5.0899200439453125,
    "cerebriform_surface": 5.421933174133301,
    "central_white_patch": 5.745694637298584,
    "red_lacunae": 5.855592727661133,
    "healthy_skin": 5.506174564361572
  }
}