{
  "step": 34,
  "lambda_s": 3.648381096719621,
  "n_active": 23,
  "val_balacc": 0.5670740933959022,
  "val_auc": 0.8340928028042183,
  "val_loss": 1.1500318050384521,
  "train_loss": 1.024220777359486,
  "epochs_used": 12,
  "time_sec": 13.13863492012024,
  "just_eliminated": [],
  "issue4_fix": "best_within_step_checkpoint_restored",
  "norms": {
    "asymmetry": 3.2617712020874023,
    "border_irregularity": 0.0,
    "colour_variation": 3.6032326221466064,
    "diameter_large": 3.370739698410034,
    "atypical_pigment_network": 3.608874797821045,
    "blue_white_veil": 3.404906749725342,
    "atypical_vascular_pattern": 2.6389808654785156,
    "irregular_streaks": 2.812568187713623,
    "irregular_pigmentation": 3.4081871509552,
    "irregular_dots_globules": 2.8640124797821045,
    "regression_structures": 2.2937142848968506,
    "symmetric_uniform": 2.551011085510254,
    "reticular_network": 4.23214864730835,
    "arborizing_vessels": 2.870344877243042,
    "blue_grey_ovoid_nests": 3.446282148361206,
    "ulceration": 2.8243861198425293,
    "scaly_surface": 4.335610389709473,
    "strawberry_pattern": 2.6476480960845947,
    "milia_like_cysts": 2.1902694702148438,
    "comedo_like_openings": 3.238332748413086,
    "cerebriform_surface": 3.700495481491089,
    "central_white_patch": 3.851597547531128,
    "red_lacunae": 4.315881729125977,
    "healthy_skin": 3.6031417846679688
  }
}