{
  "step": 28,
  "lambda_s": 2.883368576136796,
  "n_active": 24,
  "val_balacc": 0.5592759491597421,
  "val_auc": 0.836222107017943,
  "val_loss": 1.142137050628662,
  "train_loss": 1.10404107218333,
  "epochs_used": 30,
  "time_sec": 30.680372953414917,
  "just_eliminated": [],
  "issue4_fix": "best_within_step_checkpoint_restored",
  "norms": {
    "asymmetry": 3.3614227771759033,
    "border_irregularity": 0.9058437943458557,
    "colour_variation": 3.8546218872070312,
    "diameter_large": 3.5419628620147705,
    "atypical_pigment_network": 4.025574684143066,
    "blue_white_veil": 3.560386896133423,
    "atypical_vascular_pattern": 3.181283712387085,
    "irregular_streaks": 2.9669272899627686,
    "irregular_pigmentation": 3.5754592418670654,
    "irregular_dots_globules": 2.98463773727417,
    "regression_structures": 2.400599956512451,
    "symmetric_uniform": 2.760075330734253,
    "reticular_network": 4.408791542053223,
    "arborizing_vessels": 3.0261011123657227,
    "blue_grey_ovoid_nests": 3.7132508754730225,
    "ulceration": 3.157409906387329,
    "scaly_surface": 4.5307440757751465,
    "strawberry_pattern": 2.9263129234313965,
    "milia_like_cysts": 2.3497073650360107,
    "comedo_like_openings": 3.3526999950408936,
    "cerebriform_surface": 3.965890407562256,
    "central_white_patch": 3.895092725753784,
    "red_lacunae": 4.482850551605225,
    "healthy_skin": 3.817627429962158
  }
}