{
  "step": 49,
  "lambda_s": 6.570528241751402,
  "n_active": 23,
  "val_balacc": 0.5500548651535934,
  "val_auc": 0.8317662365850856,
  "val_loss": 1.1826850175857544,
  "train_loss": 1.1043829464371826,
  "epochs_used": 8,
  "time_sec": 9.776090145111084,
  "just_eliminated": [],
  "issue4_fix": "best_within_step_checkpoint_restored",
  "norms": {
    "asymmetry": 2.725594997406006,
    "border_irregularity": 0.0,
    "colour_variation": 3.1279454231262207,
    "diameter_large": 3.4073023796081543,
    "atypical_pigment_network": 2.7686848640441895,
    "blue_white_veil": 2.94665265083313,
    "atypical_vascular_pattern": 1.6642556190490723,
    "irregular_streaks": 2.290170431137085,
    "irregular_pigmentation": 3.0323824882507324,
    "irregular_dots_globules": 2.2680411338806152,
    "regression_structures": 1.690518856048584,
    "symmetric_uniform": 2.1738150119781494,
    "reticular_network": 3.5623862743377686,
    "arborizing_vessels": 2.717261791229248,
    "blue_grey_ovoid_nests": 3.061936616897583,
    "ulceration": 2.3216302394866943,
    "scaly_surface": 4.164348602294922,
    "strawberry_pattern": 1.9421027898788452,
    "milia_like_cysts": 2.249338150024414,
    "comedo_like_openings": 3.012322187423706,
    "cerebriform_surface": 2.6454200744628906,
    "central_white_patch": 3.716987133026123,
    "red_lacunae": 3.92271089553833,
    "healthy_skin": 1.853519082069397
  }
}