{
  "step": 9,
  "lambda_s": 1.3685690504052739,
  "n_active": 24,
  "val_balacc": 0.5519758397021037,
  "val_auc": 0.8335324891782765,
  "val_loss": 1.1514503955841064,
  "train_loss": 0.993809640696498,
  "epochs_used": 10,
  "time_sec": 10.65480661392212,
  "just_eliminated": [],
  "issue4_fix": "best_within_step_checkpoint_restored",
  "norms": {
    "asymmetry": 5.708559513092041,
    "border_irregularity": 5.210412979125977,
    "colour_variation": 6.1247429847717285,
    "diameter_large": 5.1189422607421875,
    "atypical_pigment_network": 5.503297805786133,
    "blue_white_veil": 5.950000762939453,
    "atypical_vascular_pattern": 5.786520481109619,
    "irregular_streaks": 5.229675769805908,
    "irregular_pigmentation": 5.845877170562744,
    "irregular_dots_globules": 5.734721660614014,
    "regression_structures": 5.372656345367432,
    "symmetric_uniform": 5.630308628082275,
    "reticular_network": 5.963830471038818,
    "arborizing_vessels": 5.6195220947265625,
    "blue_grey_ovoid_nests": 5.824208736419678,
    "ulceration": 5.254150867462158,
    "scaly_surface": 6.369030952453613,
    "strawberry_pattern": 5.38196325302124,
    "milia_like_cysts": 5.4000983238220215,
    "comedo_like_openings": 5.453295707702637,
    "cerebriform_surface": 5.62178373336792,
    "central_white_patch": 6.0793633460998535,
    "red_lacunae": 6.101346015930176,
    "healthy_skin": 5.825645923614502
  }
}