{
  "step": 39,
  "lambda_s": 4.438813450385222,
  "n_active": 23,
  "val_balacc": 0.5650405700704508,
  "val_auc": 0.8338475017987693,
  "val_loss": 1.1553943157196045,
  "train_loss": 1.1564218662230645,
  "epochs_used": 9,
  "time_sec": 10.147758483886719,
  "just_eliminated": [],
  "issue4_fix": "best_within_step_checkpoint_restored",
  "norms": {
    "asymmetry": 3.1226115226745605,
    "border_irregularity": 0.0,
    "colour_variation": 3.311086416244507,
    "diameter_large": 3.4459056854248047,
    "atypical_pigment_network": 3.186253070831299,
    "blue_white_veil": 3.122204303741455,
    "atypical_vascular_pattern": 1.9806013107299805,
    "irregular_streaks": 2.650402784347534,
    "irregular_pigmentation": 3.2739827632904053,
    "irregular_dots_globules": 2.720459222793579,
    "regression_structures": 2.1760330200195312,
    "symmetric_uniform": 2.419285774230957,
    "reticular_network": 3.9039714336395264,
    "arborizing_vessels": 2.807159900665283,
    "blue_grey_ovoid_nests": 3.2745683193206787,
    "ulceration": 2.51039981842041,
    "scaly_surface": 4.335069179534912,
    "strawberry_pattern": 2.3817553520202637,
    "milia_like_cysts": 2.2685294151306152,
    "comedo_like_openings": 3.225507974624634,
    "cerebriform_surface": 3.2727162837982178,
    "central_white_patch": 3.8063266277313232,
    "red_lacunae": 4.252597332000732,
    "healthy_skin": 3.2380495071411133
  }
}