{
  "step": 42,
  "lambda_s": 4.993061453054123,
  "n_active": 23,
  "val_balacc": 0.5478702235860117,
  "val_auc": 0.8303795259789356,
  "val_loss": 1.1646971702575684,
  "train_loss": 1.1001215919840606,
  "epochs_used": 10,
  "time_sec": 11.836496353149414,
  "just_eliminated": [],
  "issue4_fix": "best_within_step_checkpoint_restored",
  "norms": {
    "asymmetry": 3.025298595428467,
    "border_irregularity": 0.0,
    "colour_variation": 3.260498046875,
    "diameter_large": 3.4403421878814697,
    "atypical_pigment_network": 3.0392234325408936,
    "blue_white_veil": 2.990126371383667,
    "atypical_vascular_pattern": 1.8861424922943115,
    "irregular_streaks": 2.5566232204437256,
    "irregular_pigmentation": 3.248656749725342,
    "irregular_dots_globules": 2.694164276123047,
    "regression_structures": 2.0047447681427,
    "symmetric_uniform": 2.2690727710723877,
    "reticular_network": 3.7720935344696045,
    "arborizing_vessels": 2.7413411140441895,
    "blue_grey_ovoid_nests": 3.0729100704193115,
    "ulceration": 2.420921564102173,
    "scaly_surface": 4.336925506591797,
    "strawberry_pattern": 2.231051445007324,
    "milia_like_cysts": 2.2739644050598145,
    "comedo_like_openings": 3.1878769397735596,
    "cerebriform_surface": 3.0163638591766357,
    "central_white_patch": 3.768871545791626,
    "red_lacunae": 4.141122341156006,
    "healthy_skin": 2.701050281524658
  }
}