{
  "step": 13,
  "lambda_s": 1.6010322185676815,
  "n_active": 24,
  "val_balacc": 0.5653902502741455,
  "val_auc": 0.8384200963676011,
  "val_loss": 1.156647801399231,
  "train_loss": 0.9779753886320518,
  "epochs_used": 15,
  "time_sec": 16.775675296783447,
  "just_eliminated": [],
  "issue4_fix": "best_within_step_checkpoint_restored",
  "norms": {
    "asymmetry": 5.0038275718688965,
    "border_irregularity": 4.2469353675842285,
    "colour_variation": 5.441253185272217,
    "diameter_large": 4.610097885131836,
    "atypical_pigment_network": 5.098381996154785,
    "blue_white_veil": 5.21127462387085,
    "atypical_vascular_pattern": 5.154954433441162,
    "irregular_streaks": 4.515213489532471,
    "irregular_pigmentation": 5.07124662399292,
    "irregular_dots_globules": 4.871485233306885,
    "regression_structures": 4.544694900512695,
    "symmetric_uniform": 4.732477188110352,
    "reticular_network": 5.417508602142334,
    "arborizing_vessels": 4.9085283279418945,
    "blue_grey_ovoid_nests": 5.184752464294434,
    "ulceration": 4.531525611877441,
    "scaly_surface": 5.794649124145508,
    "strawberry_pattern": 4.607162952423096,
    "milia_like_cysts": 4.526823997497559,
    "comedo_like_openings": 4.687664985656738,
    "cerebriform_surface": 5.1524763107299805,
    "central_white_patch": 5.32465124130249,
    "red_lacunae": 5.580950736999512,
    "healthy_skin": 5.138982772827148
  }
}