{
  "step": 96,
  "lambda_s": 41.51138593812767,
  "n_active": 9,
  "val_balacc": 0.30957675208996616,
  "val_auc": 0.6722016635362181,
  "val_loss": 1.7578672170639038,
  "train_loss": 1.7067869185469315,
  "epochs_used": 7,
  "time_sec": 7.142309665679932,
  "just_eliminated": [],
  "issue4_fix": "best_within_step_checkpoint_restored",
  "norms": {
    "asymmetry": 1.721454381942749,
    "border_irregularity": 0.0,
    "colour_variation": 1.2365522384643555,
    "diameter_large": 0.9243527054786682,
    "atypical_pigment_network": 1.563428521156311,
    "blue_white_veil": 0.0,
    "atypical_vascular_pattern": 0.0,
    "irregular_streaks": 0.0,
    "irregular_pigmentation": 0.0,
    "irregular_dots_globules": 0.0,
    "regression_structures": 0.0,
    "symmetric_uniform": 0.0,
    "reticular_network": 2.3994829654693604,
    "arborizing_vessels": 0.0,
    "blue_grey_ovoid_nests": 0.0,
    "ulceration": 0.0,
    "scaly_surface": 1.3983683586120605,
    "strawberry_pattern": 0.0,
    "milia_like_cysts": 1.1214499473571777,
    "comedo_like_openings": 0.0,
    "cerebriform_surface": 0.0,
    "central_white_patch": 1.1215159893035889,
    "red_lacunae": 1.0028209686279297,
    "healthy_skin": 0.0
  }
}