{
  "step": 4,
  "lambda_s": 1.124864,
  "n_active": 24,
  "val_balacc": 0.5303061569911693,
  "val_auc": 0.8378952664959909,
  "val_loss": 1.1544139385223389,
  "train_loss": 0.998773611962003,
  "epochs_used": 10,
  "time_sec": 11.113178968429565,
  "just_eliminated": [],
  "issue4_fix": "best_within_step_checkpoint_restored",
  "norms": {
    "asymmetry": 6.2267866134643555,
    "border_irregularity": 5.942826271057129,
    "colour_variation": 6.631477355957031,
    "diameter_large": 5.587615966796875,
    "atypical_pigment_network": 5.936112880706787,
    "blue_white_veil": 6.5158915519714355,
    "atypical_vascular_pattern": 6.228116989135742,
    "irregular_streaks": 5.831061363220215,
    "irregular_pigmentation": 6.459529399871826,
    "irregular_dots_globules": 6.347715377807617,
    "regression_structures": 5.9708099365234375,
    "symmetric_uniform": 6.177084445953369,
    "reticular_network": 6.453813552856445,
    "arborizing_vessels": 6.150507926940918,
    "blue_grey_ovoid_nests": 6.41768741607666,
    "ulceration": 5.863103866577148,
    "scaly_surface": 6.774176120758057,
    "strawberry_pattern": 5.9752326011657715,
    "milia_like_cysts": 6.028153419494629,
    "comedo_like_openings": 6.037261009216309,
    "cerebriform_surface": 5.9545063972473145,
    "central_white_patch": 6.6283674240112305,
    "red_lacunae": 6.5519890785217285,
    "healthy_skin": 6.322960376739502
  }
}