{
  "condition": "sparsity_only",
  "seeds_run": [
    42
  ],
  "n_steps_per_seed": [
    30
  ],
  "dense_val_balacc": [
    0.6129831038022565
  ],
  "elapsed_min_per_seed": [
    7.099798389275869
  ],
  "avg_sec_per_step": [
    14.184732135136922
  ],
  "total_elapsed_min": 8.346140122413635,
  "budget_exceeded": false,
  "completed_at": "2026-06-06T06:17:39.358582+00:00"
}