{
  "condition": "sparsity_concurvity",
  "seeds_run": [
    42,
    43,
    44,
    45,
    46
  ],
  "n_steps_per_seed": [
    103,
    102,
    103,
    102,
    103
  ],
  "dense_val_balacc": [
    0.6009434660802635,
    0.5105870721607498,
    0.5220060178269056,
    0.539744691549129,
    0.5637150583144643
  ],
  "elapsed_min_per_seed": [
    19.553353877862296,
    19.38206378221512,
    21.1689307252566,
    22.01725130478541,
    21.48687644402186
  ],
  "avg_sec_per_step": [
    11.37742606875966,
    11.38807883683373,
    12.31828767119102,
    12.937985455288606,
    12.50313327613386
  ],
  "total_elapsed_min": 107.57389444510142,
  "budget_exceeded": false,
  "completed_at": "2026-06-06T22:01:03.134751+00:00"
}