{
  "condition": "sparsity_only",
  "seeds_run": [
    42,
    43,
    44,
    45,
    46
  ],
  "n_steps_per_seed": [
    103,
    102,
    103,
    104,
    103
  ],
  "dense_val_balacc": [
    0.6129831038022565,
    0.5483160346278717,
    0.5704327799056009,
    0.5603019547686815,
    0.5624085070223768
  ],
  "elapsed_min_per_seed": [
    16.97223270336787,
    18.030296607812247,
    19.73947389125824,
    19.058370665709177,
    18.634840877850852
  ],
  "avg_sec_per_step": [
    9.874354492113428,
    10.593064128183851,
    11.485670057315271,
    10.982067653766045,
    10.842056709585838
  ],
  "total_elapsed_min": 96.29733511209488,
  "budget_exceeded": false,
  "completed_at": "2026-06-06T08:28:36.157451+00:00"
}