seed,balanced_accuracy,macro_f1,weighted_f1,top1_accuracy,auc_ovr_weighted,r_perp_val_at_best,r_perp_train_at_best,r_sparse_train_at_best,n_selected
42,0.5331483535194926,0.3989712019551126,0.5999988562325866,0.5553884711779449,0.8438057256194227,0.13903868198394775,0.1088631645991252,171.46507791372446,24.0
43,0.4920245309022772,0.3918613463466038,0.6191652050188039,0.5759398496240602,0.8354986341015158,0.23008155822753906,0.21752651494282943,173.5989508995643,24.0
44,0.4933126468561391,0.364700539414798,0.5811965178763795,0.5318295739348371,0.8248277061681587,0.16645827889442444,0.12428773538424419,174.0364274245042,24.0
45,0.516679211834938,0.39152141445162886,0.6026955066016099,0.5513784461152882,0.8393373310848076,0.10289094597101212,0.08806321712640616,170.19200662466196,24.0
46,0.5341583191987898,0.4036888288602079,0.6149430154956828,0.5679197994987468,0.8440302103521351,0.11150256544351578,0.09150004759430885,169.31422248253455,24.0
mean,0.5138646124623273,0.39014866620567024,0.6035998202450126,0.5564912280701755,0.837499921465208,0.14999440610408782,0.12604813592938277,171.7213370689979,
std,0.020560834277341643,0.015112891929886914,0.014888266887517775,0.01691460110390445,0.007911607054433948,0.05124791870760447,0.053158114481012424,2.0666275696101755,
