,precision,recall,f1-score,support,auc
nv,0.9156427424761702,0.6,0.724658452801701,1337,0.8521918826570396
mel,0.2733853741581801,0.42110091743119266,0.3313858607597978,218,0.7453335949156655
bkl,0.36470488062168827,0.46330275229357804,0.40654049326902275,218,0.7947419369827511
bcc,0.31188971921697595,0.47800000000000004,0.376918266810719,100,0.8676179419525066
akiec,0.20196189817769833,0.5516129032258064,0.29517683185610644,62,0.8709210153029721
vasc,0.31775081236074143,0.71875,0.4386133340266964,32,0.9715932246561385
df,0.10277358226282259,0.36428571428571427,0.15774742391564822,28,0.8516232115622049
