{
  "lambda": 7.400249944258173,
  "n_active": 18,
  "val_balacc": 0.5612852876429597,
  "val_auc": 0.833206131192041,
  "val_loss": 1.3540802225470543,
  "actual_epochs": 6,
  "norms": {
    "asymmetry": 2.738771677017212,
    "border_irregularity": 0.0,
    "colour_variation": 1.621309757232666,
    "diameter_large": 3.1266348361968994,
    "atypical_pigment_network": 2.4873428344726562,
    "blue_white_veil": 1.7456954717636108,
    "atypical_vascular_pattern": 0.0,
    "irregular_streaks": 0.0,
    "irregular_pigmentation": 1.9957444667816162,
    "irregular_dots_globules": 0.0,
    "regression_structures": 0.0,
    "symmetric_uniform": 0.0,
    "reticular_network": 4.45323371887207,
    "arborizing_vessels": 2.1841020584106445,
    "blue_grey_ovoid_nests": 3.3692891597747803,
    "ulceration": 2.557140827178955,
    "scaly_surface": 3.8492660522460938,
    "strawberry_pattern": 1.0906970500946045,
    "milia_like_cysts": 2.2774829864501953,
    "comedo_like_openings": 3.1875576972961426,
    "cerebriform_surface": 3.1765923500061035,
    "central_white_patch": 3.976634979248047,
    "red_lacunae": 3.9194023609161377,
    "healthy_skin": 0.3024892508983612
  },
  "just_eliminated": []
}