{
  "lambda": 6.727499949325611,
  "n_active": 18,
  "val_balacc": 0.5680716929522056,
  "val_auc": 0.8338197751921912,
  "val_loss": 1.3221832439303398,
  "actual_epochs": 6,
  "norms": {
    "asymmetry": 2.757514715194702,
    "border_irregularity": 0.0,
    "colour_variation": 2.0709495544433594,
    "diameter_large": 3.143980026245117,
    "atypical_pigment_network": 2.600526809692383,
    "blue_white_veil": 2.0482053756713867,
    "atypical_vascular_pattern": 0.0,
    "irregular_streaks": 0.0,
    "irregular_pigmentation": 2.2769346237182617,
    "irregular_dots_globules": 0.0,
    "regression_structures": 0.0,
    "symmetric_uniform": 0.0,
    "reticular_network": 4.525269508361816,
    "arborizing_vessels": 2.3893704414367676,
    "blue_grey_ovoid_nests": 3.419512987136841,
    "ulceration": 2.718858242034912,
    "scaly_surface": 4.0018630027771,
    "strawberry_pattern": 1.615760087966919,
    "milia_like_cysts": 2.2556278705596924,
    "comedo_like_openings": 3.358062505722046,
    "cerebriform_surface": 3.3626132011413574,
    "central_white_patch": 4.0886125564575195,
    "red_lacunae": 3.8638787269592285,
    "healthy_skin": 1.062190294265747
  },
  "just_eliminated": []
}