{
  "lambda": 21.113776745352606,
  "n_active": 8,
  "val_balacc": 0.5174014898539901,
  "val_auc": 0.798333824879713,
  "val_loss": 1.4451673813164234,
  "actual_epochs": 6,
  "norms": {
    "asymmetry": 0.0,
    "border_irregularity": 0.0,
    "colour_variation": 0.0,
    "diameter_large": 2.860135078430176,
    "atypical_pigment_network": 0.0,
    "blue_white_veil": 0.0,
    "atypical_vascular_pattern": 0.0,
    "irregular_streaks": 0.0,
    "irregular_pigmentation": 0.0,
    "irregular_dots_globules": 0.0,
    "regression_structures": 0.0,
    "symmetric_uniform": 0.0,
    "reticular_network": 3.528879404067993,
    "arborizing_vessels": 0.0,
    "blue_grey_ovoid_nests": 2.2198541164398193,
    "ulceration": 0.0,
    "scaly_surface": 3.0712954998016357,
    "strawberry_pattern": 0.0,
    "milia_like_cysts": 0.0,
    "comedo_like_openings": 2.5299618244171143,
    "cerebriform_surface": 2.5021188259124756,
    "central_white_patch": 2.9867665767669678,
    "red_lacunae": 2.462991952896118,
    "healthy_skin": 0.0
  },
  "just_eliminated": []
}