{
  "lambda": 1.9487171000000012,
  "n_active": 24,
  "val_balacc": 0.5911786706916653,
  "val_auc": 0.8495692440298503,
  "val_loss": 1.2808514758944511,
  "actual_epochs": 10,
  "norms": {
    "asymmetry": 5.7065815925598145,
    "border_irregularity": 4.788282871246338,
    "colour_variation": 5.386212348937988,
    "diameter_large": 5.272686958312988,
    "atypical_pigment_network": 5.184373378753662,
    "blue_white_veil": 5.435574531555176,
    "atypical_vascular_pattern": 4.999078273773193,
    "irregular_streaks": 4.923775672912598,
    "irregular_pigmentation": 5.186192035675049,
    "irregular_dots_globules": 4.764050006866455,
    "regression_structures": 5.163997650146484,
    "symmetric_uniform": 4.609232425689697,
    "reticular_network": 5.984880447387695,
    "arborizing_vessels": 5.246306896209717,
    "blue_grey_ovoid_nests": 5.768612861633301,
    "ulceration": 5.59916877746582,
    "scaly_surface": 5.66684627532959,
    "strawberry_pattern": 4.818875789642334,
    "milia_like_cysts": 5.3255534172058105,
    "comedo_like_openings": 6.028530597686768,
    "cerebriform_surface": 6.138294696807861,
    "central_white_patch": 5.990050315856934,
    "red_lacunae": 5.867424488067627,
    "healthy_skin": 5.396596431732178
  },
  "just_eliminated": []
}