{
  "lambda": 9.84973267580763,
  "n_active": 13,
  "val_balacc": 0.5502718693022837,
  "val_auc": 0.8286750454184961,
  "val_loss": 1.329002432525158,
  "actual_epochs": 7,
  "norms": {
    "asymmetry": 2.6592514514923096,
    "border_irregularity": 0.0,
    "colour_variation": 0.0,
    "diameter_large": 3.110231637954712,
    "atypical_pigment_network": 2.242140769958496,
    "blue_white_veil": 0.0,
    "atypical_vascular_pattern": 0.0,
    "irregular_streaks": 0.0,
    "irregular_pigmentation": 0.0,
    "irregular_dots_globules": 0.0,
    "regression_structures": 0.0,
    "symmetric_uniform": 0.0,
    "reticular_network": 4.0132269859313965,
    "arborizing_vessels": 1.459762454032898,
    "blue_grey_ovoid_nests": 3.4637539386749268,
    "ulceration": 2.1681969165802,
    "scaly_surface": 3.949211359024048,
    "strawberry_pattern": 0.0,
    "milia_like_cysts": 2.2815499305725098,
    "comedo_like_openings": 3.0711886882781982,
    "cerebriform_surface": 2.8085312843322754,
    "central_white_patch": 3.636119842529297,
    "red_lacunae": 3.7750885486602783,
    "healthy_skin": 0.0
  },
  "just_eliminated": []
}