{
  "lambda": 3.452271214393104,
  "n_active": 24,
  "val_balacc": 0.5978383543224967,
  "val_auc": 0.849134651028216,
  "val_loss": 1.294586956501007,
  "actual_epochs": 10,
  "norms": {
    "asymmetry": 4.247865200042725,
    "border_irregularity": 2.3641390800476074,
    "colour_variation": 3.9690425395965576,
    "diameter_large": 3.9210240840911865,
    "atypical_pigment_network": 3.7185261249542236,
    "blue_white_veil": 3.8352982997894287,
    "atypical_vascular_pattern": 3.0490975379943848,
    "irregular_streaks": 3.215196371078491,
    "irregular_pigmentation": 3.8101677894592285,
    "irregular_dots_globules": 2.483687400817871,
    "regression_structures": 2.6800389289855957,
    "symmetric_uniform": 2.2607057094573975,
    "reticular_network": 5.005817413330078,
    "arborizing_vessels": 3.795689105987549,
    "blue_grey_ovoid_nests": 4.310216426849365,
    "ulceration": 4.251339912414551,
    "scaly_surface": 4.655017852783203,
    "strawberry_pattern": 3.224693775177002,
    "milia_like_cysts": 3.5584521293640137,
    "comedo_like_openings": 4.685070514678955,
    "cerebriform_surface": 4.9191789627075195,
    "central_white_patch": 5.167529106140137,
    "red_lacunae": 4.546629905700684,
    "healthy_skin": 3.8890020847320557
  },
  "just_eliminated": []
}