{
  "lambda": 4.177248169415656,
  "n_active": 24,
  "val_balacc": 0.5940975761243098,
  "val_auc": 0.8496781964554944,
  "val_loss": 1.2938455194234848,
  "actual_epochs": 7,
  "norms": {
    "asymmetry": 3.813831090927124,
    "border_irregularity": 1.4721685647964478,
    "colour_variation": 3.5443332195281982,
    "diameter_large": 3.6916069984436035,
    "atypical_pigment_network": 3.3186028003692627,
    "blue_white_veil": 3.464229106903076,
    "atypical_vascular_pattern": 2.3788294792175293,
    "irregular_streaks": 2.542004346847534,
    "irregular_pigmentation": 3.4515442848205566,
    "irregular_dots_globules": 1.7908473014831543,
    "regression_structures": 1.5616382360458374,
    "symmetric_uniform": 1.204935908317566,
    "reticular_network": 4.807265281677246,
    "arborizing_vessels": 3.355889320373535,
    "blue_grey_ovoid_nests": 3.9816222190856934,
    "ulceration": 3.903099298477173,
    "scaly_surface": 4.419920921325684,
    "strawberry_pattern": 2.8928780555725098,
    "milia_like_cysts": 3.078622341156006,
    "comedo_like_openings": 4.3312883377075195,
    "cerebriform_surface": 4.5412726402282715,
    "central_white_patch": 4.880498886108398,
    "red_lacunae": 4.239051818847656,
    "healthy_skin": 3.4586424827575684
  },
  "just_eliminated": []
}