{
  "lambda": 13.10999419149996,
  "n_active": 12,
  "val_balacc": 0.5277564412382164,
  "val_auc": 0.8174790497395553,
  "val_loss": 1.3824205473065376,
  "actual_epochs": 7,
  "norms": {
    "asymmetry": 2.176929473876953,
    "border_irregularity": 0.0,
    "colour_variation": 0.0,
    "diameter_large": 3.04329776763916,
    "atypical_pigment_network": 1.2208045721054077,
    "blue_white_veil": 0.0,
    "atypical_vascular_pattern": 0.0,
    "irregular_streaks": 0.0,
    "irregular_pigmentation": 0.0,
    "irregular_dots_globules": 0.0,
    "regression_structures": 0.0,
    "symmetric_uniform": 0.0,
    "reticular_network": 3.7952544689178467,
    "arborizing_vessels": 0.0,
    "blue_grey_ovoid_nests": 3.1976380348205566,
    "ulceration": 2.085089921951294,
    "scaly_surface": 3.7412703037261963,
    "strawberry_pattern": 0.0,
    "milia_like_cysts": 1.8009148836135864,
    "comedo_like_openings": 2.895684242248535,
    "cerebriform_surface": 2.4609501361846924,
    "central_white_patch": 3.4161131381988525,
    "red_lacunae": 3.3504230976104736,
    "healthy_skin": 0.0
  },
  "just_eliminated": []
}