{
  "lambda": 2.1435888100000016,
  "n_active": 24,
  "val_balacc": 0.5814724840896537,
  "val_auc": 0.8502807885971878,
  "val_loss": 1.3057273477315903,
  "actual_epochs": 10,
  "norms": {
    "asymmetry": 5.49062442779541,
    "border_irregularity": 4.451686859130859,
    "colour_variation": 5.128269195556641,
    "diameter_large": 5.041354656219482,
    "atypical_pigment_network": 4.941856384277344,
    "blue_white_veil": 5.178307056427002,
    "atypical_vascular_pattern": 4.69746208190918,
    "irregular_streaks": 4.634254455566406,
    "irregular_pigmentation": 4.955582141876221,
    "irregular_dots_globules": 4.40730094909668,
    "regression_structures": 4.826119899749756,
    "symmetric_uniform": 4.321691036224365,
    "reticular_network": 5.767867565155029,
    "arborizing_vessels": 5.008315563201904,
    "blue_grey_ovoid_nests": 5.527442932128906,
    "ulceration": 5.338342666625977,
    "scaly_surface": 5.497623920440674,
    "strawberry_pattern": 4.558389663696289,
    "milia_like_cysts": 4.994584560394287,
    "comedo_like_openings": 5.791938304901123,
    "cerebriform_surface": 5.947713851928711,
    "central_white_patch": 5.8574652671813965,
    "red_lacunae": 5.629726886749268,
    "healthy_skin": 5.163514137268066
  },
  "just_eliminated": []
}