{
  "lambda": 1.6105100000000006,
  "n_active": 24,
  "val_balacc": 0.5804772460300648,
  "val_auc": 0.8467222430716914,
  "val_loss": 1.3099654614925385,
  "actual_epochs": 10,
  "norms": {
    "asymmetry": 6.167858123779297,
    "border_irregularity": 5.464427471160889,
    "colour_variation": 5.875945091247559,
    "diameter_large": 5.785915851593018,
    "atypical_pigment_network": 5.702477931976318,
    "blue_white_veil": 5.861928939819336,
    "atypical_vascular_pattern": 5.566269874572754,
    "irregular_streaks": 5.476400375366211,
    "irregular_pigmentation": 5.653631210327148,
    "irregular_dots_globules": 5.439806938171387,
    "regression_structures": 5.78782844543457,
    "symmetric_uniform": 5.231400966644287,
    "reticular_network": 6.280660629272461,
    "arborizing_vessels": 5.680340766906738,
    "blue_grey_ovoid_nests": 6.2036542892456055,
    "ulceration": 6.115941524505615,
    "scaly_surface": 6.061469554901123,
    "strawberry_pattern": 5.335675239562988,
    "milia_like_cysts": 5.963027000427246,
    "comedo_like_openings": 6.374037742614746,
    "cerebriform_surface": 6.436676502227783,
    "central_white_patch": 6.23395299911499,
    "red_lacunae": 6.293250560760498,
    "healthy_skin": 5.790042400360107
  },
  "just_eliminated": []
}