{
  "lambda": 1.4641000000000004,
  "n_active": 24,
  "val_balacc": 0.5816614188236012,
  "val_auc": 0.8442952492025463,
  "val_loss": 1.3009707406163216,
  "actual_epochs": 10,
  "norms": {
    "asymmetry": 6.367460250854492,
    "border_irregularity": 5.804263114929199,
    "colour_variation": 6.133003234863281,
    "diameter_large": 6.056427001953125,
    "atypical_pigment_network": 5.958057880401611,
    "blue_white_veil": 6.052177429199219,
    "atypical_vascular_pattern": 5.844132900238037,
    "irregular_streaks": 5.715330123901367,
    "irregular_pigmentation": 5.824692249298096,
    "irregular_dots_globules": 5.7552618980407715,
    "regression_structures": 6.078278541564941,
    "symmetric_uniform": 5.5347065925598145,
    "reticular_network": 6.4335503578186035,
    "arborizing_vessels": 5.886198997497559,
    "blue_grey_ovoid_nests": 6.402072906494141,
    "ulceration": 6.408783435821533,
    "scaly_surface": 6.240785121917725,
    "strawberry_pattern": 5.609591960906982,
    "milia_like_cysts": 6.265836238861084,
    "comedo_like_openings": 6.51516056060791,
    "cerebriform_surface": 6.6031622886657715,
    "central_white_patch": 6.333846569061279,
    "red_lacunae": 6.564108848571777,
    "healthy_skin": 5.984919548034668
  },
  "just_eliminated": []
}