{
  "lambda": 1.2100000000000002,
  "n_active": 24,
  "val_balacc": 0.5984128276269155,
  "val_auc": 0.8489103610496402,
  "val_loss": 1.3213651925325394,
  "actual_epochs": 10,
  "norms": {
    "asymmetry": 6.763526439666748,
    "border_irregularity": 6.437380313873291,
    "colour_variation": 6.636868476867676,
    "diameter_large": 6.6109466552734375,
    "atypical_pigment_network": 6.501832962036133,
    "blue_white_veil": 6.484058856964111,
    "atypical_vascular_pattern": 6.349278450012207,
    "irregular_streaks": 6.246916770935059,
    "irregular_pigmentation": 6.249816417694092,
    "irregular_dots_globules": 6.417272090911865,
    "regression_structures": 6.637700080871582,
    "symmetric_uniform": 6.054182052612305,
    "reticular_network": 6.723761558532715,
    "arborizing_vessels": 6.33137845993042,
    "blue_grey_ovoid_nests": 6.822758197784424,
    "ulceration": 6.905799388885498,
    "scaly_surface": 6.602360248565674,
    "strawberry_pattern": 6.134817600250244,
    "milia_like_cysts": 6.816160678863525,
    "comedo_like_openings": 6.816644668579102,
    "cerebriform_surface": 6.889762878417969,
    "central_white_patch": 6.586658477783203,
    "red_lacunae": 6.9872331619262695,
    "healthy_skin": 6.45281982421875
  },
  "just_eliminated": []
}