{
  "lambda": 2.8531167061100025,
  "n_active": 24,
  "val_balacc": 0.5865589527411439,
  "val_auc": 0.8455466421670549,
  "val_loss": 1.2963619157671928,
  "actual_epochs": 10,
  "norms": {
    "asymmetry": 4.7817912101745605,
    "border_irregularity": 3.3013315200805664,
    "colour_variation": 4.457671165466309,
    "diameter_large": 4.397669792175293,
    "atypical_pigment_network": 4.223763465881348,
    "blue_white_veil": 4.502251148223877,
    "atypical_vascular_pattern": 3.7895333766937256,
    "irregular_streaks": 3.9082300662994385,
    "irregular_pigmentation": 4.283369541168213,
    "irregular_dots_globules": 3.3662214279174805,
    "regression_structures": 3.734790325164795,
    "symmetric_uniform": 3.2042901515960693,
    "reticular_network": 5.314326763153076,
    "arborizing_vessels": 4.314661502838135,
    "blue_grey_ovoid_nests": 4.850828647613525,
    "ulceration": 4.641171455383301,
    "scaly_surface": 4.975581169128418,
    "strawberry_pattern": 3.831744432449341,
    "milia_like_cysts": 4.115101337432861,
    "comedo_like_openings": 5.241523265838623,
    "cerebriform_surface": 5.419039249420166,
    "central_white_patch": 5.495163917541504,
    "red_lacunae": 4.957474708557129,
    "healthy_skin": 4.474852561950684
  },
  "just_eliminated": []
}