{
  "lambda": 1.1,
  "n_active": 24,
  "val_balacc": 0.5816689159103584,
  "val_auc": 0.8463113446130144,
  "val_loss": 1.3440235331654549,
  "actual_epochs": 10,
  "norms": {
    "asymmetry": 7.014138698577881,
    "border_irregularity": 6.742963790893555,
    "colour_variation": 6.9132609367370605,
    "diameter_large": 6.861621856689453,
    "atypical_pigment_network": 6.790558815002441,
    "blue_white_veil": 6.694065570831299,
    "atypical_vascular_pattern": 6.604879856109619,
    "irregular_streaks": 6.558987140655518,
    "irregular_pigmentation": 6.487743377685547,
    "irregular_dots_globules": 6.78172492980957,
    "regression_structures": 6.964592456817627,
    "symmetric_uniform": 6.350446701049805,
    "reticular_network": 6.858650207519531,
    "arborizing_vessels": 6.562258243560791,
    "blue_grey_ovoid_nests": 7.063790321350098,
    "ulceration": 7.204250335693359,
    "scaly_surface": 6.800492286682129,
    "strawberry_pattern": 6.454654216766357,
    "milia_like_cysts": 7.063716411590576,
    "comedo_like_openings": 6.982701301574707,
    "cerebriform_surface": 7.049073696136475,
    "central_white_patch": 6.705083847045898,
    "red_lacunae": 7.207515239715576,
    "healthy_skin": 6.694301128387451
  },
  "just_eliminated": []
}