{
  "lambda": 2.5937424601000023,
  "n_active": 24,
  "val_balacc": 0.5848974643411028,
  "val_auc": 0.8461709551642937,
  "val_loss": 1.2760815024375916,
  "actual_epochs": 7,
  "norms": {
    "asymmetry": 5.072351932525635,
    "border_irregularity": 3.784017324447632,
    "colour_variation": 4.73499870300293,
    "diameter_large": 4.636402606964111,
    "atypical_pigment_network": 4.4869513511657715,
    "blue_white_veil": 4.818706512451172,
    "atypical_vascular_pattern": 4.141758441925049,
    "irregular_streaks": 4.191770076751709,
    "irregular_pigmentation": 4.5792059898376465,
    "irregular_dots_globules": 3.7763664722442627,
    "regression_structures": 4.198029041290283,
    "symmetric_uniform": 3.659795045852661,
    "reticular_network": 5.44822359085083,
    "arborizing_vessels": 4.565124034881592,
    "blue_grey_ovoid_nests": 5.092099189758301,
    "ulceration": 4.878006458282471,
    "scaly_surface": 5.190743446350098,
    "strawberry_pattern": 4.1335320472717285,
    "milia_like_cysts": 4.446352481842041,
    "comedo_like_openings": 5.467881679534912,
    "cerebriform_surface": 5.624382495880127,
    "central_white_patch": 5.646480083465576,
    "red_lacunae": 5.248181343078613,
    "healthy_skin": 4.762767314910889
  },
  "just_eliminated": []
}