{
  "lambda": 17.44940226888645,
  "n_active": 10,
  "val_balacc": 0.5132305412007843,
  "val_auc": 0.7903807684856229,
  "val_loss": 1.4306434281170368,
  "actual_epochs": 6,
  "norms": {
    "asymmetry": 1.0456771850585938,
    "border_irregularity": 0.0,
    "colour_variation": 0.0,
    "diameter_large": 2.9611504077911377,
    "atypical_pigment_network": 0.0,
    "blue_white_veil": 0.0,
    "atypical_vascular_pattern": 0.0,
    "irregular_streaks": 0.0,
    "irregular_pigmentation": 0.0,
    "irregular_dots_globules": 0.0,
    "regression_structures": 0.0,
    "symmetric_uniform": 0.0,
    "reticular_network": 3.651646375656128,
    "arborizing_vessels": 0.0,
    "blue_grey_ovoid_nests": 2.803156852722168,
    "ulceration": 0.7375912666320801,
    "scaly_surface": 3.2887823581695557,
    "strawberry_pattern": 0.0,
    "milia_like_cysts": 0.0,
    "comedo_like_openings": 2.937098264694214,
    "cerebriform_surface": 2.046447277069092,
    "central_white_patch": 3.0712954998016357,
    "red_lacunae": 2.76410174369812,
    "healthy_skin": 0.0
  },
  "just_eliminated": []
}