{
  "lambda": 1.7715610000000008,
  "n_active": 24,
  "val_balacc": 0.6032636976610186,
  "val_auc": 0.8507964648274899,
  "val_loss": 1.2811121419072151,
  "actual_epochs": 10,
  "norms": {
    "asymmetry": 5.918184757232666,
    "border_irregularity": 5.1255998611450195,
    "colour_variation": 5.631481170654297,
    "diameter_large": 5.504865646362305,
    "atypical_pigment_network": 5.4402947425842285,
    "blue_white_veil": 5.664236545562744,
    "atypical_vascular_pattern": 5.30409574508667,
    "irregular_streaks": 5.204178333282471,
    "irregular_pigmentation": 5.429590702056885,
    "irregular_dots_globules": 5.100808620452881,
    "regression_structures": 5.467128753662109,
    "symmetric_uniform": 4.932577133178711,
    "reticular_network": 6.126917839050293,
    "arborizing_vessels": 5.48042106628418,
    "blue_grey_ovoid_nests": 5.969220161437988,
    "ulceration": 5.887935638427734,
    "scaly_surface": 5.864336967468262,
    "strawberry_pattern": 5.054460048675537,
    "milia_like_cysts": 5.653965950012207,
    "comedo_like_openings": 6.204104900360107,
    "cerebriform_surface": 6.2743635177612305,
    "central_white_patch": 6.109887599945068,
    "red_lacunae": 6.111910343170166,
    "healthy_skin": 5.567091941833496
  },
  "just_eliminated": []
}