{
  "lambda": 1.3310000000000004,
  "n_active": 24,
  "val_balacc": 0.5869406391741679,
  "val_auc": 0.8456561776267084,
  "val_loss": 1.334824025630951,
  "actual_epochs": 9,
  "norms": {
    "asymmetry": 6.5768842697143555,
    "border_irregularity": 6.150082588195801,
    "colour_variation": 6.37355375289917,
    "diameter_large": 6.321504592895508,
    "atypical_pigment_network": 6.259830474853516,
    "blue_white_veil": 6.3087873458862305,
    "atypical_vascular_pattern": 6.119624614715576,
    "irregular_streaks": 5.985594749450684,
    "irregular_pigmentation": 6.049112319946289,
    "irregular_dots_globules": 6.085413932800293,
    "regression_structures": 6.365072250366211,
    "symmetric_uniform": 5.8051862716674805,
    "reticular_network": 6.567530155181885,
    "arborizing_vessels": 6.117515563964844,
    "blue_grey_ovoid_nests": 6.6204833984375,
    "ulceration": 6.662292003631592,
    "scaly_surface": 6.409398078918457,
    "strawberry_pattern": 5.87130069732666,
    "milia_like_cysts": 6.539531707763672,
    "comedo_like_openings": 6.657926082611084,
    "cerebriform_surface": 6.762817859649658,
    "central_white_patch": 6.476233959197998,
    "red_lacunae": 6.79249906539917,
    "healthy_skin": 6.249716281890869
  },
  "just_eliminated": []
}