{
  "lambda": 25.54766986187666,
  "n_active": 8,
  "val_balacc": 0.5349634207448762,
  "val_auc": 0.7629086729145796,
  "val_loss": 1.5341001600027084,
  "actual_epochs": 6,
  "norms": {
    "asymmetry": 0.0,
    "border_irregularity": 0.0,
    "colour_variation": 0.0,
    "diameter_large": 2.533120632171631,
    "atypical_pigment_network": 0.0,
    "blue_white_veil": 0.0,
    "atypical_vascular_pattern": 0.0,
    "irregular_streaks": 0.0,
    "irregular_pigmentation": 0.0,
    "irregular_dots_globules": 0.0,
    "regression_structures": 0.0,
    "symmetric_uniform": 0.0,
    "reticular_network": 3.285158157348633,
    "arborizing_vessels": 0.0,
    "blue_grey_ovoid_nests": 0.6752148270606995,
    "ulceration": 0.0,
    "scaly_surface": 2.7074201107025146,
    "strawberry_pattern": 0.0,
    "milia_like_cysts": 0.0,
    "comedo_like_openings": 2.098992347717285,
    "cerebriform_surface": 2.0838680267333984,
    "central_white_patch": 2.3719592094421387,
    "red_lacunae": 2.0973262786865234,
    "healthy_skin": 0.0
  },
  "just_eliminated": []
}