{
  "lambda": 2.357947691000002,
  "n_active": 24,
  "val_balacc": 0.5831724489009803,
  "val_auc": 0.8507349584615725,
  "val_loss": 1.2813958302140236,
  "actual_epochs": 10,
  "norms": {
    "asymmetry": 5.219629764556885,
    "border_irregularity": 4.048565864562988,
    "colour_variation": 4.898608684539795,
    "diameter_large": 4.8227152824401855,
    "atypical_pigment_network": 4.677759647369385,
    "blue_white_veil": 4.98148250579834,
    "atypical_vascular_pattern": 4.3770833015441895,
    "irregular_streaks": 4.376602649688721,
    "irregular_pigmentation": 4.734170913696289,
    "irregular_dots_globules": 4.0342793464660645,
    "regression_structures": 4.489750862121582,
    "symmetric_uniform": 3.9355223178863525,
    "reticular_network": 5.616313934326172,
    "arborizing_vessels": 4.74762487411499,
    "blue_grey_ovoid_nests": 5.283064365386963,
    "ulceration": 5.084804534912109,
    "scaly_surface": 5.314054012298584,
    "strawberry_pattern": 4.320011138916016,
    "milia_like_cysts": 4.647101402282715,
    "comedo_like_openings": 5.6175336837768555,
    "cerebriform_surface": 5.748410701751709,
    "central_white_patch": 5.732757568359375,
    "red_lacunae": 5.428403377532959,
    "healthy_skin": 4.939064025878906
  },
  "just_eliminated": []
}