{
  "lambda": 3.138428376721003,
  "n_active": 24,
  "val_balacc": 0.5981204943395888,
  "val_auc": 0.8506933168476927,
  "val_loss": 1.2810863703489304,
  "actual_epochs": 10,
  "norms": {
    "asymmetry": 4.50364351272583,
    "border_irregularity": 2.8790550231933594,
    "colour_variation": 4.189809322357178,
    "diameter_large": 4.143089294433594,
    "atypical_pigment_network": 3.984647035598755,
    "blue_white_veil": 4.2308502197265625,
    "atypical_vascular_pattern": 3.4125804901123047,
    "irregular_streaks": 3.580735445022583,
    "irregular_pigmentation": 4.042525291442871,
    "irregular_dots_globules": 2.9821505546569824,
    "regression_structures": 3.238675594329834,
    "symmetric_uniform": 2.77266001701355,
    "reticular_network": 5.159661293029785,
    "arborizing_vessels": 4.06312370300293,
    "blue_grey_ovoid_nests": 4.525350093841553,
    "ulceration": 4.3825531005859375,
    "scaly_surface": 4.787961483001709,
    "strawberry_pattern": 3.531827688217163,
    "milia_like_cysts": 3.812741994857788,
    "comedo_like_openings": 5.000590801239014,
    "cerebriform_surface": 5.169389247894287,
    "central_white_patch": 5.30668830871582,
    "red_lacunae": 4.7862420082092285,
    "healthy_skin": 4.153628826141357
  },
  "just_eliminated": []
}