{
  "step": 38,
  "lambda_s": 4.268089856139636,
  "n_active": 24,
  "val_balacc": 0.5857034264242983,
  "val_auc": 0.8555861606185406,
  "val_loss": 1.1693155765533447,
  "train_loss": 1.1027078870518765,
  "epochs_used": 9,
  "time_sec": 13.816629886627197,
  "just_eliminated": [],
  "issue4_fix": "best_within_step_checkpoint_restored",
  "norms": {
    "asymmetry": 2.9370369911193848,
    "border_irregularity": 1.2552478313446045,
    "colour_variation": 3.484750986099243,
    "diameter_large": 3.406926393508911,
    "atypical_pigment_network": 3.379631996154785,
    "blue_white_veil": 3.1128432750701904,
    "atypical_vascular_pattern": 2.399893283843994,
    "irregular_streaks": 2.658141851425171,
    "irregular_pigmentation": 3.4149796962738037,
    "irregular_dots_globules": 2.1320080757141113,
    "regression_structures": 1.8639075756072998,
    "symmetric_uniform": 2.2628138065338135,
    "reticular_network": 4.133645534515381,
    "arborizing_vessels": 2.8052291870117188,
    "blue_grey_ovoid_nests": 3.2929279804229736,
    "ulceration": 2.7044525146484375,
    "scaly_surface": 3.9213433265686035,
    "strawberry_pattern": 2.403614044189453,
    "milia_like_cysts": 2.4158074855804443,
    "comedo_like_openings": 2.8017420768737793,
    "cerebriform_surface": 3.0308008193969727,
    "central_white_patch": 4.000246047973633,
    "red_lacunae": 3.756823778152466,
    "healthy_skin": 2.603883743286133
  }
}