{
  "step": 25,
  "lambda_s": 2.5633041648917523,
  "n_active": 24,
  "val_balacc": 0.6019447046227773,
  "val_auc": 0.8636145842365466,
  "val_loss": 1.1370569467544556,
  "train_loss": 1.0563155278612173,
  "epochs_used": 13,
  "time_sec": 15.96512222290039,
  "just_eliminated": [],
  "issue4_fix": "best_within_step_checkpoint_restored",
  "norms": {
    "asymmetry": 3.7497165203094482,
    "border_irregularity": 2.6691324710845947,
    "colour_variation": 4.234537124633789,
    "diameter_large": 3.894548177719116,
    "atypical_pigment_network": 4.1040263175964355,
    "blue_white_veil": 3.794423818588257,
    "atypical_vascular_pattern": 3.342362642288208,
    "irregular_streaks": 3.4989585876464844,
    "irregular_pigmentation": 3.932236909866333,
    "irregular_dots_globules": 3.3180458545684814,
    "regression_structures": 3.4346811771392822,
    "symmetric_uniform": 2.489201784133911,
    "reticular_network": 4.459752559661865,
    "arborizing_vessels": 3.4973201751708984,
    "blue_grey_ovoid_nests": 3.870100975036621,
    "ulceration": 3.622112274169922,
    "scaly_surface": 4.317349910736084,
    "strawberry_pattern": 3.119565963745117,
    "milia_like_cysts": 3.318317413330078,
    "comedo_like_openings": 3.5621025562286377,
    "cerebriform_surface": 4.059757232666016,
    "central_white_patch": 4.534295558929443,
    "red_lacunae": 4.378995895385742,
    "healthy_skin": 3.458632230758667
  }
}