{
  "step": 33,
  "lambda_s": 3.508058746845789,
  "n_active": 24,
  "val_balacc": 0.5969095152927272,
  "val_auc": 0.855364372483521,
  "val_loss": 1.1584651470184326,
  "train_loss": 1.121321665385886,
  "epochs_used": 13,
  "time_sec": 17.21744465827942,
  "just_eliminated": [],
  "issue4_fix": "best_within_step_checkpoint_restored",
  "norms": {
    "asymmetry": 3.098813533782959,
    "border_irregularity": 1.720895767211914,
    "colour_variation": 3.7293355464935303,
    "diameter_large": 3.460923910140991,
    "atypical_pigment_network": 3.578533411026001,
    "blue_white_veil": 3.2217495441436768,
    "atypical_vascular_pattern": 2.5543744564056396,
    "irregular_streaks": 2.8448026180267334,
    "irregular_pigmentation": 3.537907838821411,
    "irregular_dots_globules": 2.448716878890991,
    "regression_structures": 2.2132842540740967,
    "symmetric_uniform": 2.202366352081299,
    "reticular_network": 4.19871711730957,
    "arborizing_vessels": 2.9298243522644043,
    "blue_grey_ovoid_nests": 3.361891984939575,
    "ulceration": 2.936764717102051,
    "scaly_surface": 4.010447025299072,
    "strawberry_pattern": 2.6289098262786865,
    "milia_like_cysts": 2.568662643432617,
    "comedo_like_openings": 2.8717105388641357,
    "cerebriform_surface": 3.28004789352417,
    "central_white_patch": 4.041102886199951,
    "red_lacunae": 3.8613996505737305,
    "healthy_skin": 2.778282880783081
  }
}