{
  "step": 58,
  "lambda_s": 9.351910460333741,
  "n_active": 22,
  "val_balacc": 0.5938935212000607,
  "val_auc": 0.8457110009418253,
  "val_loss": 1.2270796298980713,
  "train_loss": 1.1745937245688332,
  "epochs_used": 7,
  "time_sec": 7.342418432235718,
  "just_eliminated": [],
  "issue4_fix": "best_within_step_checkpoint_restored",
  "norms": {
    "asymmetry": 2.457866668701172,
    "border_irregularity": 0.0,
    "colour_variation": 2.6615967750549316,
    "diameter_large": 3.3229594230651855,
    "atypical_pigment_network": 2.6947245597839355,
    "blue_white_veil": 2.4466960430145264,
    "atypical_vascular_pattern": 1.618228793144226,
    "irregular_streaks": 1.9748687744140625,
    "irregular_pigmentation": 2.718289613723755,
    "irregular_dots_globules": 0.19530700147151947,
    "regression_structures": 0.0,
    "symmetric_uniform": 1.7362828254699707,
    "reticular_network": 3.5813190937042236,
    "arborizing_vessels": 2.5402755737304688,
    "blue_grey_ovoid_nests": 3.119313955307007,
    "ulceration": 2.3006770610809326,
    "scaly_surface": 3.771662950515747,
    "strawberry_pattern": 1.265124797821045,
    "milia_like_cysts": 2.0434041023254395,
    "comedo_like_openings": 2.6629676818847656,
    "cerebriform_surface": 2.301429271697998,
    "central_white_patch": 3.3076610565185547,
    "red_lacunae": 3.5281035900115967,
    "healthy_skin": 0.5431226491928101
  }
}