{
  "step": 2,
  "lambda_s": 1.04,
  "n_active": 24,
  "val_balacc": 0.5946627648554091,
  "val_auc": 0.858335064550923,
  "val_loss": 1.145151138305664,
  "train_loss": 1.047279845260873,
  "epochs_used": 13,
  "time_sec": 15.668966054916382,
  "just_eliminated": [],
  "issue4_fix": "best_within_step_checkpoint_restored",
  "norms": {
    "asymmetry": 6.74821138381958,
    "border_irregularity": 6.6372971534729,
    "colour_variation": 6.92503023147583,
    "diameter_large": 6.677138328552246,
    "atypical_pigment_network": 6.779759883880615,
    "blue_white_veil": 6.6370344161987305,
    "atypical_vascular_pattern": 6.528651714324951,
    "irregular_streaks": 6.5423455238342285,
    "irregular_pigmentation": 6.3271164894104,
    "irregular_dots_globules": 6.68002462387085,
    "regression_structures": 6.921599864959717,
    "symmetric_uniform": 6.127557277679443,
    "reticular_network": 6.6745452880859375,
    "arborizing_vessels": 6.434445858001709,
    "blue_grey_ovoid_nests": 6.9427714347839355,
    "ulceration": 7.024530410766602,
    "scaly_surface": 6.6996378898620605,
    "strawberry_pattern": 6.307736396789551,
    "milia_like_cysts": 6.926871299743652,
    "comedo_like_openings": 6.6944499015808105,
    "cerebriform_surface": 6.797710418701172,
    "central_white_patch": 6.511422157287598,
    "red_lacunae": 7.074598789215088,
    "healthy_skin": 6.4931230545043945
  }
}