{
  "step": 13,
  "lambda_s": 1.6010322185676815,
  "n_active": 24,
  "val_balacc": 0.6085925950985002,
  "val_auc": 0.864044496725677,
  "val_loss": 1.1467095613479614,
  "train_loss": 0.9934425973877378,
  "epochs_used": 13,
  "time_sec": 18.664403676986694,
  "just_eliminated": [],
  "issue4_fix": "best_within_step_checkpoint_restored",
  "norms": {
    "asymmetry": 5.136814117431641,
    "border_irregularity": 4.508977890014648,
    "colour_variation": 5.549786567687988,
    "diameter_large": 5.1688313484191895,
    "atypical_pigment_network": 5.288405418395996,
    "blue_white_veil": 5.167264461517334,
    "atypical_vascular_pattern": 4.851572513580322,
    "irregular_streaks": 4.929332256317139,
    "irregular_pigmentation": 4.98117208480835,
    "irregular_dots_globules": 4.930500507354736,
    "regression_structures": 5.295474529266357,
    "symmetric_uniform": 4.037995338439941,
    "reticular_network": 5.433919429779053,
    "arborizing_vessels": 4.876383304595947,
    "blue_grey_ovoid_nests": 5.259283065795898,
    "ulceration": 5.081220626831055,
    "scaly_surface": 5.4849748611450195,
    "strawberry_pattern": 4.588813304901123,
    "milia_like_cysts": 5.055023670196533,
    "comedo_like_openings": 5.126724720001221,
    "cerebriform_surface": 5.433665752410889,
    "central_white_patch": 5.552875995635986,
    "red_lacunae": 5.6469550132751465,
    "healthy_skin": 4.945303916931152
  }
}