{
  "step": 42,
  "lambda_s": 4.993061453054123,
  "n_active": 24,
  "val_balacc": 0.5828642787268022,
  "val_auc": 0.8530655894387483,
  "val_loss": 1.1832059621810913,
  "train_loss": 1.1564584310363697,
  "epochs_used": 7,
  "time_sec": 10.90172815322876,
  "just_eliminated": [],
  "issue4_fix": "best_within_step_checkpoint_restored",
  "norms": {
    "asymmetry": 2.807058095932007,
    "border_irregularity": 0.965397298336029,
    "colour_variation": 3.318983316421509,
    "diameter_large": 3.4361801147460938,
    "atypical_pigment_network": 3.2055020332336426,
    "blue_white_veil": 3.004530429840088,
    "atypical_vascular_pattern": 2.0131707191467285,
    "irregular_streaks": 2.4758174419403076,
    "irregular_pigmentation": 3.3092806339263916,
    "irregular_dots_globules": 1.9318678379058838,
    "regression_structures": 1.5596718788146973,
    "symmetric_uniform": 2.1988768577575684,
    "reticular_network": 4.043537139892578,
    "arborizing_vessels": 2.7246813774108887,
    "blue_grey_ovoid_nests": 3.2026703357696533,
    "ulceration": 2.6133041381835938,
    "scaly_surface": 3.9212028980255127,
    "strawberry_pattern": 2.223423480987549,
    "milia_like_cysts": 2.3258421421051025,
    "comedo_like_openings": 2.773512601852417,
    "cerebriform_surface": 2.809508800506592,
    "central_white_patch": 3.897233486175537,
    "red_lacunae": 3.7182743549346924,
    "healthy_skin": 2.392944097518921
  }
}