{
  "step": 16,
  "lambda_s": 1.8009435055069165,
  "n_active": 24,
  "val_balacc": 0.5963883824452131,
  "val_auc": 0.863931083721426,
  "val_loss": 1.150745153427124,
  "train_loss": 0.9863351726442979,
  "epochs_used": 7,
  "time_sec": 10.564279794692993,
  "just_eliminated": [],
  "issue4_fix": "best_within_step_checkpoint_restored",
  "norms": {
    "asymmetry": 4.939243316650391,
    "border_irregularity": 4.238438129425049,
    "colour_variation": 5.322052001953125,
    "diameter_large": 4.954270839691162,
    "atypical_pigment_network": 5.110734462738037,
    "blue_white_veil": 4.954049587249756,
    "atypical_vascular_pattern": 4.590536117553711,
    "irregular_streaks": 4.697870254516602,
    "irregular_pigmentation": 4.787720680236816,
    "irregular_dots_globules": 4.6684699058532715,
    "regression_structures": 5.048346996307373,
    "symmetric_uniform": 3.7539305686950684,
    "reticular_network": 5.2375359535217285,
    "arborizing_vessels": 4.650931358337402,
    "blue_grey_ovoid_nests": 5.025533199310303,
    "ulceration": 4.826531887054443,
    "scaly_surface": 5.283386707305908,
    "strawberry_pattern": 4.363125801086426,
    "milia_like_cysts": 4.744041919708252,
    "comedo_like_openings": 4.873955726623535,
    "cerebriform_surface": 5.219220161437988,
    "central_white_patch": 5.427628040313721,
    "red_lacunae": 5.46156120300293,
    "healthy_skin": 4.662721633911133
  }
}