{
  "step": 39,
  "lambda_s": 4.438813450385222,
  "n_active": 24,
  "val_balacc": 0.5919653222225124,
  "val_auc": 0.8547997044795915,
  "val_loss": 1.1665631532669067,
  "train_loss": 1.1275706125429397,
  "epochs_used": 8,
  "time_sec": 10.740739822387695,
  "just_eliminated": [],
  "issue4_fix": "best_within_step_checkpoint_restored",
  "norms": {
    "asymmetry": 2.9053215980529785,
    "border_irregularity": 1.1838915348052979,
    "colour_variation": 3.436370849609375,
    "diameter_large": 3.4086389541625977,
    "atypical_pigment_network": 3.342245101928711,
    "blue_white_veil": 3.07051682472229,
    "atypical_vascular_pattern": 2.2873501777648926,
    "irregular_streaks": 2.6070640087127686,
    "irregular_pigmentation": 3.4053590297698975,
    "irregular_dots_globules": 2.1580123901367188,
    "regression_structures": 1.8439559936523438,
    "symmetric_uniform": 2.253528118133545,
    "reticular_network": 4.108382701873779,
    "arborizing_vessels": 2.8195712566375732,
    "blue_grey_ovoid_nests": 3.214594602584839,
    "ulceration": 2.6830005645751953,
    "scaly_surface": 3.921351671218872,
    "strawberry_pattern": 2.3540337085723877,
    "milia_like_cysts": 2.3821494579315186,
    "comedo_like_openings": 2.800126552581787,
    "cerebriform_surface": 2.951435089111328,
    "central_white_patch": 3.9908626079559326,
    "red_lacunae": 3.7518768310546875,
    "healthy_skin": 2.5447375774383545
  }
}