{
  "step": 44,
  "lambda_s": 5.40049526762334,
  "n_active": 24,
  "val_balacc": 0.5917894353361696,
  "val_auc": 0.8499888028981254,
  "val_loss": 1.1857376098632812,
  "train_loss": 1.1266866119491272,
  "epochs_used": 11,
  "time_sec": 14.662100791931152,
  "just_eliminated": [],
  "issue4_fix": "best_within_step_checkpoint_restored",
  "norms": {
    "asymmetry": 2.654902458190918,
    "border_irregularity": 0.19504135847091675,
    "colour_variation": 3.1036376953125,
    "diameter_large": 3.3994107246398926,
    "atypical_pigment_network": 2.954136610031128,
    "blue_white_veil": 2.907527208328247,
    "atypical_vascular_pattern": 1.9153200387954712,
    "irregular_streaks": 2.408534049987793,
    "irregular_pigmentation": 3.18163800239563,
    "irregular_dots_globules": 1.672281265258789,
    "regression_structures": 1.1813201904296875,
    "symmetric_uniform": 2.140397548675537,
    "reticular_network": 3.941227674484253,
    "arborizing_vessels": 2.6895318031311035,
    "blue_grey_ovoid_nests": 3.101733684539795,
    "ulceration": 2.488088369369507,
    "scaly_surface": 3.848783016204834,
    "strawberry_pattern": 2.0326595306396484,
    "milia_like_cysts": 2.3294548988342285,
    "comedo_like_openings": 2.9036669731140137,
    "cerebriform_surface": 2.5240182876586914,
    "central_white_patch": 3.764836072921753,
    "red_lacunae": 3.742185354232788,
    "healthy_skin": 2.1482012271881104
  }
}