{
  "step": 22,
  "lambda_s": 2.278768068754758,
  "n_active": 24,
  "val_balacc": 0.5871180033860384,
  "val_auc": 0.8665951936947314,
  "val_loss": 1.1312332153320312,
  "train_loss": 1.0368369770450565,
  "epochs_used": 7,
  "time_sec": 8.736770868301392,
  "just_eliminated": [],
  "issue4_fix": "best_within_step_checkpoint_restored",
  "norms": {
    "asymmetry": 4.438969135284424,
    "border_irregularity": 3.5942342281341553,
    "colour_variation": 4.831789970397949,
    "diameter_large": 4.478283405303955,
    "atypical_pigment_network": 4.618730545043945,
    "blue_white_veil": 4.378420352935791,
    "atypical_vascular_pattern": 4.030277252197266,
    "irregular_streaks": 4.159419536590576,
    "irregular_pigmentation": 4.383801460266113,
    "irregular_dots_globules": 4.037988662719727,
    "regression_structures": 4.354685306549072,
    "symmetric_uniform": 3.1751868724823,
    "reticular_network": 4.871262550354004,
    "arborizing_vessels": 4.128970623016357,
    "blue_grey_ovoid_nests": 4.492844104766846,
    "ulceration": 4.287832260131836,
    "scaly_surface": 4.796652793884277,
    "strawberry_pattern": 3.7467167377471924,
    "milia_like_cysts": 4.065394878387451,
    "comedo_like_openings": 4.263110160827637,
    "cerebriform_surface": 4.67690372467041,
    "central_white_patch": 4.950546741485596,
    "red_lacunae": 4.989451885223389,
    "healthy_skin": 4.098909854888916
  }
}