{
  "step": 6,
  "lambda_s": 1.2166529024000001,
  "n_active": 24,
  "val_balacc": 0.6037941743960042,
  "val_auc": 0.8649694727986503,
  "val_loss": 1.1539632081985474,
  "train_loss": 1.0251214840416218,
  "epochs_used": 11,
  "time_sec": 12.808938026428223,
  "just_eliminated": [],
  "issue4_fix": "best_within_step_checkpoint_restored",
  "norms": {
    "asymmetry": 5.9430437088012695,
    "border_irregularity": 5.590090274810791,
    "colour_variation": 6.203296184539795,
    "diameter_large": 5.889419078826904,
    "atypical_pigment_network": 6.024658203125,
    "blue_white_veil": 5.947558879852295,
    "atypical_vascular_pattern": 5.726284027099609,
    "irregular_streaks": 5.710877895355225,
    "irregular_pigmentation": 5.637167930603027,
    "irregular_dots_globules": 5.817837238311768,
    "regression_structures": 6.123483657836914,
    "symmetric_uniform": 5.066427707672119,
    "reticular_network": 6.052538871765137,
    "arborizing_vessels": 5.688039302825928,
    "blue_grey_ovoid_nests": 6.103697299957275,
    "ulceration": 6.047194957733154,
    "scaly_surface": 6.117281913757324,
    "strawberry_pattern": 5.435452461242676,
    "milia_like_cysts": 6.010165214538574,
    "comedo_like_openings": 5.8999433517456055,
    "cerebriform_surface": 6.140308856964111,
    "central_white_patch": 6.071573734283447,
    "red_lacunae": 6.396428108215332,
    "healthy_skin": 5.73133659362793
  }
}