{
  "step": 5,
  "lambda_s": 1.1698585600000002,
  "n_active": 24,
  "val_balacc": 0.6138349530106382,
  "val_auc": 0.8658190229589398,
  "val_loss": 1.1298707723617554,
  "train_loss": 1.0239868368029241,
  "epochs_used": 12,
  "time_sec": 13.891324520111084,
  "just_eliminated": [],
  "issue4_fix": "best_within_step_checkpoint_restored",
  "norms": {
    "asymmetry": 6.056274890899658,
    "border_irregularity": 5.7534403800964355,
    "colour_variation": 6.304957389831543,
    "diameter_large": 6.027798652648926,
    "atypical_pigment_network": 6.145265579223633,
    "blue_white_veil": 6.0522589683532715,
    "atypical_vascular_pattern": 5.85915994644165,
    "irregular_streaks": 5.853964805603027,
    "irregular_pigmentation": 5.7589640617370605,
    "irregular_dots_globules": 5.956997871398926,
    "regression_structures": 6.250216484069824,
    "symmetric_uniform": 5.25010871887207,
    "reticular_network": 6.139998912811279,
    "arborizing_vessels": 5.835265636444092,
    "blue_grey_ovoid_nests": 6.241013050079346,
    "ulceration": 6.182948589324951,
    "scaly_surface": 6.201297760009766,
    "strawberry_pattern": 5.570651054382324,
    "milia_like_cysts": 6.159205436706543,
    "comedo_like_openings": 6.013659954071045,
    "cerebriform_surface": 6.2428879737854,
    "central_white_patch": 6.1651291847229,
    "red_lacunae": 6.504708290100098,
    "healthy_skin": 5.872182846069336
  }
}