{
  "step": 52,
  "lambda_s": 7.390950680129451,
  "n_active": 22,
  "val_balacc": 0.5607137383536391,
  "val_auc": 0.8484843273760821,
  "val_loss": 1.2160671949386597,
  "train_loss": 1.1816139013330753,
  "epochs_used": 7,
  "time_sec": 7.010511875152588,
  "just_eliminated": [],
  "issue4_fix": "best_within_step_checkpoint_restored",
  "norms": {
    "asymmetry": 2.3978195190429688,
    "border_irregularity": 0.0,
    "colour_variation": 2.8288211822509766,
    "diameter_large": 3.312865734100342,
    "atypical_pigment_network": 2.6717820167541504,
    "blue_white_veil": 2.689915895462036,
    "atypical_vascular_pattern": 1.624149203300476,
    "irregular_streaks": 2.027177572250366,
    "irregular_pigmentation": 2.8825490474700928,
    "irregular_dots_globules": 1.2093092203140259,
    "regression_structures": 0.0,
    "symmetric_uniform": 2.1031720638275146,
    "reticular_network": 3.7308595180511475,
    "arborizing_vessels": 2.5861876010894775,
    "blue_grey_ovoid_nests": 3.1457948684692383,
    "ulceration": 2.396233320236206,
    "scaly_surface": 3.810356378555298,
    "strawberry_pattern": 1.6358309984207153,
    "milia_like_cysts": 2.195063829421997,
    "comedo_like_openings": 2.7936623096466064,
    "cerebriform_surface": 2.4796102046966553,
    "central_white_patch": 3.375788927078247,
    "red_lacunae": 3.6474826335906982,
    "healthy_skin": 1.318143606185913
  }
}