seed,balanced_accuracy,macro_f1,weighted_f1,top1_accuracy,auc_ovr_weighted,r_perp_val_at_best,r_perp_train_at_best,r_sparse_train_at_best,n_selected
42,0.5290386590055591,0.4039193269308702,0.6223317395362211,0.580952380952381,0.8449448737774348,0.13217195868492126,0.10623555028667817,170.66461533766525,24.0
43,0.48938108608979725,0.3901692040229272,0.6191281780505715,0.5759398496240602,0.8357925864266069,0.2289932668209076,0.2175225793169095,173.59947967529297,24.0
44,0.49395374099012773,0.3656041194596981,0.5839972859891568,0.5348370927318296,0.8253117248956096,0.16710957884788513,0.12434259314949696,174.03684645432693,24.0
45,0.5153258910201318,0.38919078303295807,0.5893428951461683,0.53734335839599,0.8386838324819049,0.11372914910316467,0.09290362235445243,170.87916036752554,24.0
46,0.53358453994887,0.4078156275501837,0.6176019112958244,0.5714285714285714,0.8451587527684786,0.1130409762263298,0.09090366816291442,169.45405461237982,24.0
mean,0.5122567834108971,0.3913398121993274,0.6064804020035884,0.5601002506265663,0.837978354070007,0.1510089859366417,0.1263816026540903,171.72683128943808,
std,0.020026375475344256,0.016568126123718562,0.018262692548279225,0.0221931204347641,0.008151829502100706,0.04880309095873111,0.05266915039543071,1.9909385087753266,
