,precision,recall,f1-score,support,auc
nv,0.9151365305589548,0.6055347793567689,0.7283694690340635,1337,0.8525546009871032
mel,0.2720675678780525,0.4504587155963303,0.3382731020097902,218,0.747441053626099
bkl,0.37617763657525705,0.44128440366972477,0.40499371781079646,218,0.7943224587362476
bcc,0.3058462480544906,0.47000000000000003,0.37025315293024136,100,0.8678965699208444
akiec,0.20823399798646905,0.5354838709677419,0.29879883176266214,62,0.8724312868180831
vasc,0.3185625686747343,0.71875,0.43802019592058006,32,0.9711029037187977
df,0.10435585600839839,0.36428571428571427,0.16067021592715847,28,0.8514706950395817
