{
  "step": 4,
  "lambda_s": 1.124864,
  "n_active": 24,
  "val_balacc": 0.6129515548964283,
  "val_auc": 0.865458020320672,
  "val_loss": 1.1588741540908813,
  "train_loss": 1.0909581904204382,
  "epochs_used": 12,
  "time_sec": 14.990947484970093,
  "just_eliminated": [],
  "issue4_fix": "best_within_step_checkpoint_restored",
  "norms": {
    "asymmetry": 6.276885509490967,
    "border_irregularity": 5.962867259979248,
    "colour_variation": 6.443042755126953,
    "diameter_large": 6.179618835449219,
    "atypical_pigment_network": 6.3095831871032715,
    "blue_white_veil": 6.208797931671143,
    "atypical_vascular_pattern": 6.026987552642822,
    "irregular_streaks": 6.014839172363281,
    "irregular_pigmentation": 5.894706726074219,
    "irregular_dots_globules": 6.143423557281494,
    "regression_structures": 6.417321681976318,
    "symmetric_uniform": 5.4565558433532715,
    "reticular_network": 6.2623291015625,
    "arborizing_vessels": 5.981464385986328,
    "blue_grey_ovoid_nests": 6.3996500968933105,
    "ulceration": 6.390790939331055,
    "scaly_surface": 6.306461811065674,
    "strawberry_pattern": 5.777719974517822,
    "milia_like_cysts": 6.343479633331299,
    "comedo_like_openings": 6.178502082824707,
    "cerebriform_surface": 6.367458820343018,
    "central_white_patch": 6.265427589416504,
    "red_lacunae": 6.646342754364014,
    "healthy_skin": 6.028709888458252
  }
}