{
  "step": 26,
  "lambda_s": 2.665836331487422,
  "n_active": 24,
  "val_balacc": 0.6048758370736701,
  "val_auc": 0.8624991031573437,
  "val_loss": 1.1353312730789185,
  "train_loss": 1.020358243354243,
  "epochs_used": 13,
  "time_sec": 15.550097703933716,
  "just_eliminated": [],
  "issue4_fix": "best_within_step_checkpoint_restored",
  "norms": {
    "asymmetry": 3.6204676628112793,
    "border_irregularity": 2.498126268386841,
    "colour_variation": 4.175833702087402,
    "diameter_large": 3.8021788597106934,
    "atypical_pigment_network": 4.014961242675781,
    "blue_white_veil": 3.7067275047302246,
    "atypical_vascular_pattern": 3.194075107574463,
    "irregular_streaks": 3.384723424911499,
    "irregular_pigmentation": 3.8862297534942627,
    "irregular_dots_globules": 3.157421112060547,
    "regression_structures": 3.269401788711548,
    "symmetric_uniform": 2.436373233795166,
    "reticular_network": 4.409872055053711,
    "arborizing_vessels": 3.403568744659424,
    "blue_grey_ovoid_nests": 3.7734196186065674,
    "ulceration": 3.5304207801818848,
    "scaly_surface": 4.26975679397583,
    "strawberry_pattern": 3.0235493183135986,
    "milia_like_cysts": 3.1347153186798096,
    "comedo_like_openings": 3.453834056854248,
    "cerebriform_surface": 3.899397373199463,
    "central_white_patch": 4.474730491638184,
    "red_lacunae": 4.276137351989746,
    "healthy_skin": 3.3467772006988525
  }
}