{
  "step": 23,
  "lambda_s": 2.369918791504948,
  "n_active": 24,
  "val_balacc": 0.5992611717550138,
  "val_auc": 0.8638017433700794,
  "val_loss": 1.147988200187683,
  "train_loss": 1.0310698530873867,
  "epochs_used": 8,
  "time_sec": 11.358177185058594,
  "just_eliminated": [],
  "issue4_fix": "best_within_step_checkpoint_restored",
  "norms": {
    "asymmetry": 4.360504627227783,
    "border_irregularity": 3.52553129196167,
    "colour_variation": 4.782359600067139,
    "diameter_large": 4.410733699798584,
    "atypical_pigment_network": 4.562905311584473,
    "blue_white_veil": 4.3379645347595215,
    "atypical_vascular_pattern": 3.958202362060547,
    "irregular_streaks": 4.09677267074585,
    "irregular_pigmentation": 4.363026142120361,
    "irregular_dots_globules": 3.9591071605682373,
    "regression_structures": 4.291593551635742,
    "symmetric_uniform": 3.113821029663086,
    "reticular_network": 4.807580947875977,
    "arborizing_vessels": 4.088735103607178,
    "blue_grey_ovoid_nests": 4.430769920349121,
    "ulceration": 4.2164435386657715,
    "scaly_surface": 4.759573459625244,
    "strawberry_pattern": 3.7071688175201416,
    "milia_like_cysts": 4.005548000335693,
    "comedo_like_openings": 4.222693920135498,
    "cerebriform_surface": 4.5800042152404785,
    "central_white_patch": 4.929254055023193,
    "red_lacunae": 4.912752628326416,
    "healthy_skin": 4.049620151519775
  }
}