{
  "step": 1,
  "lambda_s": 1.0,
  "n_active": 24,
  "val_balacc": 0.6130927609551582,
  "val_auc": 0.8557516907436983,
  "val_loss": 1.155544638633728,
  "train_loss": 1.0613170172975712,
  "epochs_used": 7,
  "time_sec": 8.168038606643677,
  "just_eliminated": [],
  "issue4_fix": "best_within_step_checkpoint_restored",
  "norms": {
    "asymmetry": 7.007305145263672,
    "border_irregularity": 6.910623073577881,
    "colour_variation": 7.183332443237305,
    "diameter_large": 6.990265846252441,
    "atypical_pigment_network": 7.051723003387451,
    "blue_white_veil": 6.86649227142334,
    "atypical_vascular_pattern": 6.788180351257324,
    "irregular_streaks": 6.849190711975098,
    "irregular_pigmentation": 6.584494113922119,
    "irregular_dots_globules": 6.9828033447265625,
    "regression_structures": 7.184652328491211,
    "symmetric_uniform": 6.479131698608398,
    "reticular_network": 6.871330738067627,
    "arborizing_vessels": 6.715269088745117,
    "blue_grey_ovoid_nests": 7.223761081695557,
    "ulceration": 7.270321846008301,
    "scaly_surface": 6.949007034301758,
    "strawberry_pattern": 6.600732803344727,
    "milia_like_cysts": 7.238429069519043,
    "comedo_like_openings": 6.97231912612915,
    "cerebriform_surface": 7.007201194763184,
    "central_white_patch": 6.716082572937012,
    "red_lacunae": 7.3119683265686035,
    "healthy_skin": 6.718899250030518
  }
}