{
  "step": 11,
  "lambda_s": 1.4802442849183444,
  "n_active": 24,
  "val_balacc": 0.6067986003303455,
  "val_auc": 0.8661419103425596,
  "val_loss": 1.1498641967773438,
  "train_loss": 1.026977925560934,
  "epochs_used": 8,
  "time_sec": 12.267770767211914,
  "just_eliminated": [],
  "issue4_fix": "best_within_step_checkpoint_restored",
  "norms": {
    "asymmetry": 5.402481555938721,
    "border_irregularity": 4.849577903747559,
    "colour_variation": 5.768863201141357,
    "diameter_large": 5.390791416168213,
    "atypical_pigment_network": 5.544423580169678,
    "blue_white_veil": 5.438504219055176,
    "atypical_vascular_pattern": 5.100285053253174,
    "irregular_streaks": 5.199263095855713,
    "irregular_pigmentation": 5.2022271156311035,
    "irregular_dots_globules": 5.22341775894165,
    "regression_structures": 5.534438610076904,
    "symmetric_uniform": 4.35128116607666,
    "reticular_network": 5.614419937133789,
    "arborizing_vessels": 5.140478610992432,
    "blue_grey_ovoid_nests": 5.529862880706787,
    "ulceration": 5.385706424713135,
    "scaly_surface": 5.693126678466797,
    "strawberry_pattern": 4.848686218261719,
    "milia_like_cysts": 5.352584362030029,
    "comedo_like_openings": 5.363315105438232,
    "cerebriform_surface": 5.6397247314453125,
    "central_white_patch": 5.678921222686768,
    "red_lacunae": 5.901054859161377,
    "healthy_skin": 5.190923690795898
  }
}