{
  "step": 15,
  "lambda_s": 1.7316764476028044,
  "n_active": 24,
  "val_balacc": 0.6051858871666113,
  "val_auc": 0.8637774609791343,
  "val_loss": 1.150296926498413,
  "train_loss": 1.0672189478630187,
  "epochs_used": 13,
  "time_sec": 18.74120807647705,
  "just_eliminated": [],
  "issue4_fix": "best_within_step_checkpoint_restored",
  "norms": {
    "asymmetry": 4.970495223999023,
    "border_irregularity": 4.2605133056640625,
    "colour_variation": 5.3420233726501465,
    "diameter_large": 4.994514465332031,
    "atypical_pigment_network": 5.12871789932251,
    "blue_white_veil": 4.967518329620361,
    "atypical_vascular_pattern": 4.626794815063477,
    "irregular_streaks": 4.714662551879883,
    "irregular_pigmentation": 4.818889617919922,
    "irregular_dots_globules": 4.695585250854492,
    "regression_structures": 5.058355808258057,
    "symmetric_uniform": 3.789923906326294,
    "reticular_network": 5.266552925109863,
    "arborizing_vessels": 4.679922580718994,
    "blue_grey_ovoid_nests": 5.053974151611328,
    "ulceration": 4.841968536376953,
    "scaly_surface": 5.297922611236572,
    "strawberry_pattern": 4.387703895568848,
    "milia_like_cysts": 4.798717498779297,
    "comedo_like_openings": 4.886749744415283,
    "cerebriform_surface": 5.234827041625977,
    "central_white_patch": 5.445704936981201,
    "red_lacunae": 5.476653099060059,
    "healthy_skin": 4.687402725219727
  }
}