{
  "step": 14,
  "lambda_s": 1.6650735073103888,
  "n_active": 24,
  "val_balacc": 0.5928703855344525,
  "val_auc": 0.864343079266793,
  "val_loss": 1.1533204317092896,
  "train_loss": 0.9588906675516901,
  "epochs_used": 7,
  "time_sec": 9.89545726776123,
  "just_eliminated": [],
  "issue4_fix": "best_within_step_checkpoint_restored",
  "norms": {
    "asymmetry": 5.124803066253662,
    "border_irregularity": 4.486727714538574,
    "colour_variation": 5.529640197753906,
    "diameter_large": 5.140590190887451,
    "atypical_pigment_network": 5.277848243713379,
    "blue_white_veil": 5.143244743347168,
    "atypical_vascular_pattern": 4.824585914611816,
    "irregular_streaks": 4.899255752563477,
    "irregular_pigmentation": 4.949400901794434,
    "irregular_dots_globules": 4.9160284996032715,
    "regression_structures": 5.26564884185791,
    "symmetric_uniform": 4.00976037979126,
    "reticular_network": 5.40895938873291,
    "arborizing_vessels": 4.84724760055542,
    "blue_grey_ovoid_nests": 5.232625484466553,
    "ulceration": 5.049180030822754,
    "scaly_surface": 5.455054759979248,
    "strawberry_pattern": 4.559833526611328,
    "milia_like_cysts": 5.028203010559082,
    "comedo_like_openings": 5.0908050537109375,
    "cerebriform_surface": 5.414807319641113,
    "central_white_patch": 5.546576499938965,
    "red_lacunae": 5.629569053649902,
    "healthy_skin": 4.918698787689209
  }
}