{
  "step": 9,
  "lambda_s": 1.3685690504052739,
  "n_active": 24,
  "val_balacc": 0.6020450444682536,
  "val_auc": 0.8677151911922737,
  "val_loss": 1.1414605379104614,
  "train_loss": 0.9588110713755515,
  "epochs_used": 12,
  "time_sec": 14.236806631088257,
  "just_eliminated": [],
  "issue4_fix": "best_within_step_checkpoint_restored",
  "norms": {
    "asymmetry": 5.5194597244262695,
    "border_irregularity": 4.985639572143555,
    "colour_variation": 5.8267316818237305,
    "diameter_large": 5.4768757820129395,
    "atypical_pigment_network": 5.624577522277832,
    "blue_white_veil": 5.513257026672363,
    "atypical_vascular_pattern": 5.220392227172852,
    "irregular_streaks": 5.280100345611572,
    "irregular_pigmentation": 5.299158096313477,
    "irregular_dots_globules": 5.330801963806152,
    "regression_structures": 5.631591796875,
    "symmetric_uniform": 4.480319976806641,
    "reticular_network": 5.682478904724121,
    "arborizing_vessels": 5.24424934387207,
    "blue_grey_ovoid_nests": 5.648597717285156,
    "ulceration": 5.500938892364502,
    "scaly_surface": 5.756002902984619,
    "strawberry_pattern": 4.950501918792725,
    "milia_like_cysts": 5.452380657196045,
    "comedo_like_openings": 5.479093074798584,
    "cerebriform_surface": 5.726492404937744,
    "central_white_patch": 5.7668657302856445,
    "red_lacunae": 5.958676338195801,
    "healthy_skin": 5.313443660736084
  }
}