{
  "step": 68,
  "lambda_s": 13.843112011977105,
  "n_active": 11,
  "val_balacc": 0.48828271855775124,
  "val_auc": 0.806982788437039,
  "val_loss": 1.580808825790882,
  "train_loss": 1.3698462236541145,
  "epochs_used": 8,
  "time_sec": 9.421561002731323,
  "just_eliminated": [],
  "issue4_fix": "best_within_step_checkpoint_restored",
  "norms": {
    "asymmetry": 1.993752360343933,
    "border_irregularity": 0.0,
    "colour_variation": 0.0,
    "diameter_large": 2.047494411468506,
    "atypical_pigment_network": 2.270733594894409,
    "blue_white_veil": 0.0,
    "atypical_vascular_pattern": 0.0,
    "irregular_streaks": 0.0,
    "irregular_pigmentation": 0.0,
    "irregular_dots_globules": 0.0,
    "regression_structures": 0.0,
    "symmetric_uniform": 0.0,
    "reticular_network": 3.884101390838623,
    "arborizing_vessels": 0.0,
    "blue_grey_ovoid_nests": 2.533341884613037,
    "ulceration": 2.1163065433502197,
    "scaly_surface": 3.9871819019317627,
    "strawberry_pattern": 0.0,
    "milia_like_cysts": 1.7481030225753784,
    "comedo_like_openings": 2.720827579498291,
    "cerebriform_surface": 0.0,
    "central_white_patch": 3.5433149337768555,
    "red_lacunae": 3.327878952026367,
    "healthy_skin": 0.0
  }
}