{
  "step": 51,
  "lambda_s": 7.106683346278317,
  "n_active": 15,
  "val_balacc": 0.5017477136165542,
  "val_auc": 0.830896234530959,
  "val_loss": 1.5823307633399963,
  "train_loss": 1.2600105519132359,
  "epochs_used": 8,
  "time_sec": 8.719025611877441,
  "just_eliminated": [],
  "issue4_fix": "best_within_step_checkpoint_restored",
  "norms": {
    "asymmetry": 2.160414695739746,
    "border_irregularity": 0.0,
    "colour_variation": 0.0,
    "diameter_large": 3.071317195892334,
    "atypical_pigment_network": 2.7383618354797363,
    "blue_white_veil": 1.7134333848953247,
    "atypical_vascular_pattern": 0.0,
    "irregular_streaks": 0.0,
    "irregular_pigmentation": 0.0,
    "irregular_dots_globules": 1.8409018516540527,
    "regression_structures": 0.0,
    "symmetric_uniform": 0.0,
    "reticular_network": 4.1471967697143555,
    "arborizing_vessels": 1.682289958000183,
    "blue_grey_ovoid_nests": 3.175797462463379,
    "ulceration": 2.8350515365600586,
    "scaly_surface": 4.382473468780518,
    "strawberry_pattern": 0.0,
    "milia_like_cysts": 2.0692293643951416,
    "comedo_like_openings": 3.251652240753174,
    "cerebriform_surface": 2.14421010017395,
    "central_white_patch": 3.8295578956604004,
    "red_lacunae": 3.8514487743377686,
    "healthy_skin": 0.0
  }
}