{
  "step": 29,
  "lambda_s": 2.998703319182268,
  "n_active": 20,
  "val_balacc": 0.5171106227872369,
  "val_auc": 0.8395497509619446,
  "val_loss": 1.6228254362940788,
  "train_loss": 1.1861241464758712,
  "epochs_used": 9,
  "time_sec": 11.229314088821411,
  "just_eliminated": [],
  "issue4_fix": "best_within_step_checkpoint_restored",
  "norms": {
    "asymmetry": 2.6173839569091797,
    "border_irregularity": 0.0,
    "colour_variation": 0.4978317320346832,
    "diameter_large": 3.6860570907592773,
    "atypical_pigment_network": 2.1234188079833984,
    "blue_white_veil": 2.667954206466675,
    "atypical_vascular_pattern": 1.3353731632232666,
    "irregular_streaks": 0.0,
    "irregular_pigmentation": 0.0,
    "irregular_dots_globules": 2.7663755416870117,
    "regression_structures": 0.0,
    "symmetric_uniform": 0.8149983286857605,
    "reticular_network": 4.673390865325928,
    "arborizing_vessels": 2.8976025581359863,
    "blue_grey_ovoid_nests": 3.5000786781311035,
    "ulceration": 3.756636381149292,
    "scaly_surface": 4.5259246826171875,
    "strawberry_pattern": 2.3107082843780518,
    "milia_like_cysts": 2.179537296295166,
    "comedo_like_openings": 3.5674526691436768,
    "cerebriform_surface": 3.826768636703491,
    "central_white_patch": 4.016751289367676,
    "red_lacunae": 4.708712100982666,
    "healthy_skin": 0.5974069833755493
  }
}