{
  "step": 22,
  "lambda_s": 2.278768068754758,
  "n_active": 24,
  "val_balacc": 0.5283397218419056,
  "val_auc": 0.8400907181087436,
  "val_loss": 1.6485907435417175,
  "train_loss": 1.090143986446011,
  "epochs_used": 12,
  "time_sec": 13.65462040901184,
  "just_eliminated": [],
  "issue4_fix": "best_within_step_checkpoint_restored",
  "norms": {
    "asymmetry": 3.493138313293457,
    "border_irregularity": 2.195697784423828,
    "colour_variation": 3.1092660427093506,
    "diameter_large": 4.264803886413574,
    "atypical_pigment_network": 2.893953323364258,
    "blue_white_veil": 3.491224765777588,
    "atypical_vascular_pattern": 3.547520875930786,
    "irregular_streaks": 0.47175607085227966,
    "irregular_pigmentation": 2.168234348297119,
    "irregular_dots_globules": 2.288651943206787,
    "regression_structures": 1.5077213048934937,
    "symmetric_uniform": 3.025333881378174,
    "reticular_network": 4.867986679077148,
    "arborizing_vessels": 3.5732200145721436,
    "blue_grey_ovoid_nests": 4.356091499328613,
    "ulceration": 4.08795166015625,
    "scaly_surface": 5.09187650680542,
    "strawberry_pattern": 3.4674205780029297,
    "milia_like_cysts": 3.073798894882202,
    "comedo_like_openings": 4.318138599395752,
    "cerebriform_surface": 4.749375343322754,
    "central_white_patch": 4.389527320861816,
    "red_lacunae": 5.0347418785095215,
    "healthy_skin": 3.661128044128418
  }
}