{
  "step": 37,
  "lambda_s": 4.10393255398042,
  "n_active": 16,
  "val_balacc": 0.5037957038294713,
  "val_auc": 0.836987875597858,
  "val_loss": 1.573113352060318,
  "train_loss": 1.1926162660520456,
  "epochs_used": 8,
  "time_sec": 9.205689430236816,
  "just_eliminated": [],
  "issue4_fix": "best_within_step_checkpoint_restored",
  "norms": {
    "asymmetry": 2.1624104976654053,
    "border_irregularity": 0.0,
    "colour_variation": 0.0,
    "diameter_large": 3.514660120010376,
    "atypical_pigment_network": 2.108325242996216,
    "blue_white_veil": 2.5550360679626465,
    "atypical_vascular_pattern": 0.0,
    "irregular_streaks": 0.0,
    "irregular_pigmentation": 0.0,
    "irregular_dots_globules": 2.73464298248291,
    "regression_structures": 0.0,
    "symmetric_uniform": 0.0,
    "reticular_network": 4.47227668762207,
    "arborizing_vessels": 2.425647497177124,
    "blue_grey_ovoid_nests": 3.322479248046875,
    "ulceration": 3.40946364402771,
    "scaly_surface": 4.526710510253906,
    "strawberry_pattern": 0.8776590824127197,
    "milia_like_cysts": 2.0664546489715576,
    "comedo_like_openings": 3.2396793365478516,
    "cerebriform_surface": 3.103400468826294,
    "central_white_patch": 4.0834150314331055,
    "red_lacunae": 4.372337341308594,
    "healthy_skin": 0.0
  }
}