{
  "step": 44,
  "lambda_s": 5.40049526762334,
  "n_active": 15,
  "val_balacc": 0.505663898689875,
  "val_auc": 0.8343155799051764,
  "val_loss": 1.56211818754673,
  "train_loss": 1.2034268754764248,
  "epochs_used": 8,
  "time_sec": 10.046461820602417,
  "just_eliminated": [],
  "issue4_fix": "best_within_step_checkpoint_restored",
  "norms": {
    "asymmetry": 2.2727441787719727,
    "border_irregularity": 0.0,
    "colour_variation": 0.0,
    "diameter_large": 3.258517265319824,
    "atypical_pigment_network": 2.3495614528656006,
    "blue_white_veil": 2.3021414279937744,
    "atypical_vascular_pattern": 0.0,
    "irregular_streaks": 0.0,
    "irregular_pigmentation": 0.0,
    "irregular_dots_globules": 2.448854446411133,
    "regression_structures": 0.0,
    "symmetric_uniform": 0.0,
    "reticular_network": 4.307882785797119,
    "arborizing_vessels": 2.0895121097564697,
    "blue_grey_ovoid_nests": 3.1678354740142822,
    "ulceration": 3.051776647567749,
    "scaly_surface": 4.377590179443359,
    "strawberry_pattern": 0.0,
    "milia_like_cysts": 2.1537020206451416,
    "comedo_like_openings": 3.2801194190979004,
    "cerebriform_surface": 2.4368717670440674,
    "central_white_patch": 4.021852970123291,
    "red_lacunae": 3.9786875247955322,
    "healthy_skin": 0.0
  }
}