{
  "step": 24,
  "lambda_s": 2.464715543165146,
  "n_active": 23,
  "val_balacc": 0.5248752925017309,
  "val_auc": 0.8376908362396294,
  "val_loss": 1.6104141250252724,
  "train_loss": 1.1813215567672295,
  "epochs_used": 20,
  "time_sec": 23.62518811225891,
  "just_eliminated": [],
  "issue4_fix": "best_within_step_checkpoint_restored",
  "norms": {
    "asymmetry": 3.0739974975585938,
    "border_irregularity": 1.0319921970367432,
    "colour_variation": 2.3112759590148926,
    "diameter_large": 3.9044368267059326,
    "atypical_pigment_network": 2.3233940601348877,
    "blue_white_veil": 3.0144331455230713,
    "atypical_vascular_pattern": 2.9006969928741455,
    "irregular_streaks": 0.0,
    "irregular_pigmentation": 1.2830126285552979,
    "irregular_dots_globules": 2.286195755004883,
    "regression_structures": 0.5935568809509277,
    "symmetric_uniform": 2.4386162757873535,
    "reticular_network": 4.725213050842285,
    "arborizing_vessels": 3.192702054977417,
    "blue_grey_ovoid_nests": 3.831819534301758,
    "ulceration": 3.8094358444213867,
    "scaly_surface": 4.7037672996521,
    "strawberry_pattern": 2.814375638961792,
    "milia_like_cysts": 2.499109983444214,
    "comedo_like_openings": 3.8584983348846436,
    "cerebriform_surface": 4.3555989265441895,
    "central_white_patch": 4.1027374267578125,
    "red_lacunae": 4.8385844230651855,
    "healthy_skin": 2.9232540130615234
  }
}