{
  "step": 19,
  "lambda_s": 2.0258165153785326,
  "n_active": 24,
  "val_balacc": 0.5154197181107246,
  "val_auc": 0.837310308772297,
  "val_loss": 1.5975295677781105,
  "train_loss": 1.1603607030330818,
  "epochs_used": 13,
  "time_sec": 14.822333574295044,
  "just_eliminated": [],
  "issue4_fix": "best_within_step_checkpoint_restored",
  "norms": {
    "asymmetry": 3.9109370708465576,
    "border_irregularity": 3.0050909519195557,
    "colour_variation": 3.70375657081604,
    "diameter_large": 4.579862594604492,
    "atypical_pigment_network": 3.5756866931915283,
    "blue_white_veil": 4.052044868469238,
    "atypical_vascular_pattern": 4.209033489227295,
    "irregular_streaks": 1.8777469396591187,
    "irregular_pigmentation": 2.9641973972320557,
    "irregular_dots_globules": 2.8418922424316406,
    "regression_structures": 2.567246198654175,
    "symmetric_uniform": 3.590794563293457,
    "reticular_network": 5.143616199493408,
    "arborizing_vessels": 4.022231578826904,
    "blue_grey_ovoid_nests": 4.749631881713867,
    "ulceration": 4.44437837600708,
    "scaly_surface": 5.398536205291748,
    "strawberry_pattern": 3.98813533782959,
    "milia_like_cysts": 3.6017203330993652,
    "comedo_like_openings": 4.758840084075928,
    "cerebriform_surface": 5.0603437423706055,
    "central_white_patch": 4.837649345397949,
    "red_lacunae": 5.355648994445801,
    "healthy_skin": 4.251194953918457
  }
}