{
  "step": 10,
  "lambda_s": 1.423311812421485,
  "n_active": 24,
  "val_balacc": 0.5163400261943979,
  "val_auc": 0.8416179205709637,
  "val_loss": 1.604014314711094,
  "train_loss": 1.104238930283874,
  "epochs_used": 19,
  "time_sec": 24.31797480583191,
  "just_eliminated": [],
  "issue4_fix": "best_within_step_checkpoint_restored",
  "norms": {
    "asymmetry": 4.527442455291748,
    "border_irregularity": 4.115024566650391,
    "colour_variation": 4.489808559417725,
    "diameter_large": 5.183178901672363,
    "atypical_pigment_network": 4.477388858795166,
    "blue_white_veil": 4.788125038146973,
    "atypical_vascular_pattern": 4.992820739746094,
    "irregular_streaks": 3.666658878326416,
    "irregular_pigmentation": 3.9578702449798584,
    "irregular_dots_globules": 3.912367105484009,
    "regression_structures": 3.699009418487549,
    "symmetric_uniform": 4.417630195617676,
    "reticular_network": 5.629786014556885,
    "arborizing_vessels": 4.6328582763671875,
    "blue_grey_ovoid_nests": 5.335021495819092,
    "ulceration": 5.11508321762085,
    "scaly_surface": 5.943349838256836,
    "strawberry_pattern": 4.729918956756592,
    "milia_like_cysts": 4.306076526641846,
    "comedo_like_openings": 5.38224458694458,
    "cerebriform_surface": 5.494128227233887,
    "central_white_patch": 5.367581844329834,
    "red_lacunae": 5.838770389556885,
    "healthy_skin": 4.987819671630859
  }
}