{
  "step": 49,
  "lambda_s": 6.570528241751402,
  "n_active": 15,
  "val_balacc": 0.5118079849746938,
  "val_auc": 0.8344974895376903,
  "val_loss": 1.5891524478793144,
  "train_loss": 1.2263773005184055,
  "epochs_used": 8,
  "time_sec": 9.229676723480225,
  "just_eliminated": [],
  "issue4_fix": "best_within_step_checkpoint_restored",
  "norms": {
    "asymmetry": 2.2356810569763184,
    "border_irregularity": 0.0,
    "colour_variation": 0.0,
    "diameter_large": 3.169933557510376,
    "atypical_pigment_network": 2.608536958694458,
    "blue_white_veil": 1.9154911041259766,
    "atypical_vascular_pattern": 0.0,
    "irregular_streaks": 0.0,
    "irregular_pigmentation": 0.0,
    "irregular_dots_globules": 2.0948410034179688,
    "regression_structures": 0.0,
    "symmetric_uniform": 0.0,
    "reticular_network": 4.174489974975586,
    "arborizing_vessels": 1.804097294807434,
    "blue_grey_ovoid_nests": 3.1770286560058594,
    "ulceration": 2.9242422580718994,
    "scaly_surface": 4.2931413650512695,
    "strawberry_pattern": 0.0,
    "milia_like_cysts": 2.0443687438964844,
    "comedo_like_openings": 3.2902684211730957,
    "cerebriform_surface": 2.286282539367676,
    "central_white_patch": 3.833725929260254,
    "red_lacunae": 3.8362157344818115,
    "healthy_skin": 0.0
  }
}