{
  "step": 52,
  "lambda_s": 7.390950680129451,
  "n_active": 15,
  "val_balacc": 0.5084780463947356,
  "val_auc": 0.8282705792986742,
  "val_loss": 1.5988843366503716,
  "train_loss": 1.2578263633674938,
  "epochs_used": 13,
  "time_sec": 14.04779314994812,
  "just_eliminated": [],
  "issue4_fix": "best_within_step_checkpoint_restored",
  "norms": {
    "asymmetry": 2.0540013313293457,
    "border_irregularity": 0.0,
    "colour_variation": 0.0,
    "diameter_large": 2.99002742767334,
    "atypical_pigment_network": 2.712754726409912,
    "blue_white_veil": 1.584635853767395,
    "atypical_vascular_pattern": 0.0,
    "irregular_streaks": 0.0,
    "irregular_pigmentation": 0.0,
    "irregular_dots_globules": 1.4878010749816895,
    "regression_structures": 0.0,
    "symmetric_uniform": 0.0,
    "reticular_network": 4.083126068115234,
    "arborizing_vessels": 1.429286241531372,
    "blue_grey_ovoid_nests": 2.993342161178589,
    "ulceration": 2.6431896686553955,
    "scaly_surface": 4.328977108001709,
    "strawberry_pattern": 0.0,
    "milia_like_cysts": 1.9375512599945068,
    "comedo_like_openings": 3.2697958946228027,
    "cerebriform_surface": 1.9342408180236816,
    "central_white_patch": 3.71305251121521,
    "red_lacunae": 3.7688753604888916,
    "healthy_skin": 0.0
  }
}