{
  "step": 47,
  "lambda_s": 6.074822708719862,
  "n_active": 15,
  "val_balacc": 0.5166593215859158,
  "val_auc": 0.8292124996900234,
  "val_loss": 1.5725900083780289,
  "train_loss": 1.2472930065007328,
  "epochs_used": 13,
  "time_sec": 15.765939235687256,
  "just_eliminated": [],
  "issue4_fix": "best_within_step_checkpoint_restored",
  "norms": {
    "asymmetry": 2.235133409500122,
    "border_irregularity": 0.0,
    "colour_variation": 0.0,
    "diameter_large": 3.160612106323242,
    "atypical_pigment_network": 2.427800416946411,
    "blue_white_veil": 2.0743706226348877,
    "atypical_vascular_pattern": 0.0,
    "irregular_streaks": 0.0,
    "irregular_pigmentation": 0.0,
    "irregular_dots_globules": 2.2644455432891846,
    "regression_structures": 0.0,
    "symmetric_uniform": 0.0,
    "reticular_network": 4.2017059326171875,
    "arborizing_vessels": 1.8325462341308594,
    "blue_grey_ovoid_nests": 3.1273019313812256,
    "ulceration": 2.8815081119537354,
    "scaly_surface": 4.37450647354126,
    "strawberry_pattern": 0.0,
    "milia_like_cysts": 1.994284749031067,
    "comedo_like_openings": 3.2972004413604736,
    "cerebriform_surface": 2.3124043941497803,
    "central_white_patch": 3.8566501140594482,
    "red_lacunae": 3.9858789443969727,
    "healthy_skin": 0.0
  }
}