{
  "step": 35,
  "lambda_s": 3.7943163405884057,
  "n_active": 16,
  "val_balacc": 0.5131514971103746,
  "val_auc": 0.8325590111450689,
  "val_loss": 1.5520107224583626,
  "train_loss": 1.228617146289139,
  "epochs_used": 17,
  "time_sec": 19.634601831436157,
  "just_eliminated": [],
  "issue4_fix": "best_within_step_checkpoint_restored",
  "norms": {
    "asymmetry": 2.1499178409576416,
    "border_irregularity": 0.0,
    "colour_variation": 0.0,
    "diameter_large": 3.4932150840759277,
    "atypical_pigment_network": 2.0882022380828857,
    "blue_white_veil": 2.5378289222717285,
    "atypical_vascular_pattern": 0.0,
    "irregular_streaks": 0.0,
    "irregular_pigmentation": 0.0,
    "irregular_dots_globules": 2.747284412384033,
    "regression_structures": 0.0,
    "symmetric_uniform": 0.0,
    "reticular_network": 4.481123447418213,
    "arborizing_vessels": 2.4890809059143066,
    "blue_grey_ovoid_nests": 3.3263137340545654,
    "ulceration": 3.507280111312866,
    "scaly_surface": 4.437662124633789,
    "strawberry_pattern": 1.3810151815414429,
    "milia_like_cysts": 2.156351089477539,
    "comedo_like_openings": 3.2788469791412354,
    "cerebriform_surface": 3.135481595993042,
    "central_white_patch": 4.03838586807251,
    "red_lacunae": 4.4241838455200195,
    "healthy_skin": 0.0
  }
}