{
  "step": 4,
  "lambda_s": 1.124864,
  "n_active": 24,
  "val_balacc": 0.5202499024901152,
  "val_auc": 0.8362461525781135,
  "val_loss": 1.6395190432667732,
  "train_loss": 1.1659711194694589,
  "epochs_used": 13,
  "time_sec": 15.680251121520996,
  "just_eliminated": [],
  "issue4_fix": "best_within_step_checkpoint_restored",
  "norms": {
    "asymmetry": 5.590018272399902,
    "border_irregularity": 5.625391483306885,
    "colour_variation": 5.550659656524658,
    "diameter_large": 6.110848903656006,
    "atypical_pigment_network": 5.925485610961914,
    "blue_white_veil": 5.892276287078857,
    "atypical_vascular_pattern": 6.0491943359375,
    "irregular_streaks": 5.687442302703857,
    "irregular_pigmentation": 5.502714157104492,
    "irregular_dots_globules": 5.57158088684082,
    "regression_structures": 5.2439866065979,
    "symmetric_uniform": 5.733916282653809,
    "reticular_network": 6.474372386932373,
    "arborizing_vessels": 5.576035499572754,
    "blue_grey_ovoid_nests": 6.257666110992432,
    "ulceration": 6.010916709899902,
    "scaly_surface": 6.717556476593018,
    "strawberry_pattern": 5.976719856262207,
    "milia_like_cysts": 5.591038703918457,
    "comedo_like_openings": 6.279879570007324,
    "cerebriform_surface": 5.997045993804932,
    "central_white_patch": 6.360042095184326,
    "red_lacunae": 6.548074245452881,
    "healthy_skin": 5.9662394523620605
  }
}