{
  "step": 7,
  "lambda_s": 1.2653190184960004,
  "n_active": 24,
  "val_balacc": 0.5157397272725806,
  "val_auc": 0.8387524479971994,
  "val_loss": 1.6088493689894676,
  "train_loss": 1.111020973136165,
  "epochs_used": 12,
  "time_sec": 14.806142568588257,
  "just_eliminated": [],
  "issue4_fix": "best_within_step_checkpoint_restored",
  "norms": {
    "asymmetry": 5.116327285766602,
    "border_irregularity": 4.965587615966797,
    "colour_variation": 5.088980674743652,
    "diameter_large": 5.730227470397949,
    "atypical_pigment_network": 5.304728031158447,
    "blue_white_veil": 5.418426513671875,
    "atypical_vascular_pattern": 5.565202236175537,
    "irregular_streaks": 4.856654167175293,
    "irregular_pigmentation": 4.860716819763184,
    "irregular_dots_globules": 4.887057781219482,
    "regression_structures": 4.586248874664307,
    "symmetric_uniform": 5.1727447509765625,
    "reticular_network": 6.094759464263916,
    "arborizing_vessels": 5.16342306137085,
    "blue_grey_ovoid_nests": 5.859755992889404,
    "ulceration": 5.574860095977783,
    "scaly_surface": 6.381169319152832,
    "strawberry_pattern": 5.463825225830078,
    "milia_like_cysts": 5.052244663238525,
    "comedo_like_openings": 5.887126445770264,
    "cerebriform_surface": 5.760355472564697,
    "central_white_patch": 5.940708637237549,
    "red_lacunae": 6.2595295906066895,
    "healthy_skin": 5.544472694396973
  }
}