{
  "step": 58,
  "lambda_s": 9.351910460333741,
  "n_active": 11,
  "val_balacc": 0.489100540631206,
  "val_auc": 0.8247418398601022,
  "val_loss": 1.5378144346177578,
  "train_loss": 1.2684112367947353,
  "epochs_used": 7,
  "time_sec": 8.9835524559021,
  "just_eliminated": [],
  "issue4_fix": "best_within_step_checkpoint_restored",
  "norms": {
    "asymmetry": 2.315610885620117,
    "border_irregularity": 0.0,
    "colour_variation": 0.0,
    "diameter_large": 2.7339015007019043,
    "atypical_pigment_network": 2.7929093837738037,
    "blue_white_veil": 0.0,
    "atypical_vascular_pattern": 0.0,
    "irregular_streaks": 0.0,
    "irregular_pigmentation": 0.0,
    "irregular_dots_globules": 0.0,
    "regression_structures": 0.0,
    "symmetric_uniform": 0.0,
    "reticular_network": 4.006873607635498,
    "arborizing_vessels": 0.0,
    "blue_grey_ovoid_nests": 2.9553213119506836,
    "ulceration": 2.280869960784912,
    "scaly_surface": 4.2246880531311035,
    "strawberry_pattern": 0.0,
    "milia_like_cysts": 2.0509090423583984,
    "comedo_like_openings": 3.11830472946167,
    "cerebriform_surface": 0.0,
    "central_white_patch": 3.777296304702759,
    "red_lacunae": 3.6481571197509766,
    "healthy_skin": 0.0
  }
}