{
  "step": 17,
  "lambda_s": 1.8729812457271933,
  "n_active": 24,
  "val_balacc": 0.5166889548872275,
  "val_auc": 0.8381151698656293,
  "val_loss": 1.5908261835575104,
  "train_loss": 1.1947126965781538,
  "epochs_used": 9,
  "time_sec": 10.210836410522461,
  "just_eliminated": [],
  "issue4_fix": "best_within_step_checkpoint_restored",
  "norms": {
    "asymmetry": 4.042412281036377,
    "border_irregularity": 3.3403797149658203,
    "colour_variation": 3.931147336959839,
    "diameter_large": 4.752048015594482,
    "atypical_pigment_network": 3.809971332550049,
    "blue_white_veil": 4.2305073738098145,
    "atypical_vascular_pattern": 4.427422046661377,
    "irregular_streaks": 2.3847622871398926,
    "irregular_pigmentation": 3.1993207931518555,
    "irregular_dots_globules": 3.106750726699829,
    "regression_structures": 2.867648124694824,
    "symmetric_uniform": 3.7946677207946777,
    "reticular_network": 5.281548976898193,
    "arborizing_vessels": 4.193210124969482,
    "blue_grey_ovoid_nests": 4.9254865646362305,
    "ulceration": 4.590497970581055,
    "scaly_surface": 5.57020902633667,
    "strawberry_pattern": 4.176611423492432,
    "milia_like_cysts": 3.771451711654663,
    "comedo_like_openings": 4.930014133453369,
    "cerebriform_surface": 5.216253757476807,
    "central_white_patch": 4.996007919311523,
    "red_lacunae": 5.47862434387207,
    "healthy_skin": 4.441914081573486
  }
}