{
  "step": 50,
  "lambda_s": 6.833349371421459,
  "n_active": 15,
  "val_balacc": 0.512272474499475,
  "val_auc": 0.8298019163917012,
  "val_loss": 1.5775916129350662,
  "train_loss": 1.2505811650466445,
  "epochs_used": 9,
  "time_sec": 10.100860834121704,
  "just_eliminated": [],
  "issue4_fix": "best_within_step_checkpoint_restored",
  "norms": {
    "asymmetry": 2.171327590942383,
    "border_irregularity": 0.0,
    "colour_variation": 0.0,
    "diameter_large": 3.1609785556793213,
    "atypical_pigment_network": 2.6871683597564697,
    "blue_white_veil": 1.7980725765228271,
    "atypical_vascular_pattern": 0.0,
    "irregular_streaks": 0.0,
    "irregular_pigmentation": 0.0,
    "irregular_dots_globules": 1.9177039861679077,
    "regression_structures": 0.0,
    "symmetric_uniform": 0.0,
    "reticular_network": 4.1538214683532715,
    "arborizing_vessels": 1.7397186756134033,
    "blue_grey_ovoid_nests": 3.1546013355255127,
    "ulceration": 2.845285415649414,
    "scaly_surface": 4.348638534545898,
    "strawberry_pattern": 0.0,
    "milia_like_cysts": 2.013169527053833,
    "comedo_like_openings": 3.2186477184295654,
    "cerebriform_surface": 2.1666929721832275,
    "central_white_patch": 3.7521464824676514,
    "red_lacunae": 3.837766647338867,
    "healthy_skin": 0.0
  }
}