{
  "step": 13,
  "lambda_s": 1.6010322185676815,
  "n_active": 24,
  "val_balacc": 0.5112692568447017,
  "val_auc": 0.8371407729384293,
  "val_loss": 1.5833790004253387,
  "train_loss": 1.1364144050505907,
  "epochs_used": 11,
  "time_sec": 14.334509372711182,
  "just_eliminated": [],
  "issue4_fix": "best_within_step_checkpoint_restored",
  "norms": {
    "asymmetry": 4.232034683227539,
    "border_irregularity": 3.668612241744995,
    "colour_variation": 4.148927211761475,
    "diameter_large": 4.908915042877197,
    "atypical_pigment_network": 4.074625015258789,
    "blue_white_veil": 4.460964202880859,
    "atypical_vascular_pattern": 4.6478962898254395,
    "irregular_streaks": 2.870537757873535,
    "irregular_pigmentation": 3.4752092361450195,
    "irregular_dots_globules": 3.405823230743408,
    "regression_structures": 3.1823484897613525,
    "symmetric_uniform": 4.014950275421143,
    "reticular_network": 5.373781681060791,
    "arborizing_vessels": 4.349671363830566,
    "blue_grey_ovoid_nests": 5.069173336029053,
    "ulceration": 4.80731201171875,
    "scaly_surface": 5.7112321853637695,
    "strawberry_pattern": 4.43168306350708,
    "milia_like_cysts": 4.0041584968566895,
    "comedo_like_openings": 5.074248790740967,
    "cerebriform_surface": 5.347862243652344,
    "central_white_patch": 5.138425827026367,
    "red_lacunae": 5.659429550170898,
    "healthy_skin": 4.678544998168945
  }
}