{
  "step": 1,
  "lambda_s": 1.0,
  "n_active": 24,
  "val_balacc": 0.4972079848597718,
  "val_auc": 0.8396825484175425,
  "val_loss": 1.6812987998127937,
  "train_loss": 1.171992759889215,
  "epochs_used": 14,
  "time_sec": 16.33598518371582,
  "just_eliminated": [],
  "issue4_fix": "best_within_step_checkpoint_restored",
  "norms": {
    "asymmetry": 6.3957343101501465,
    "border_irregularity": 6.645388126373291,
    "colour_variation": 6.373106002807617,
    "diameter_large": 6.746927261352539,
    "atypical_pigment_network": 6.933103084564209,
    "blue_white_veil": 6.7294135093688965,
    "atypical_vascular_pattern": 6.884716987609863,
    "irregular_streaks": 6.829330921173096,
    "irregular_pigmentation": 6.597075939178467,
    "irregular_dots_globules": 6.704246997833252,
    "regression_structures": 6.302119731903076,
    "symmetric_uniform": 6.636115550994873,
    "reticular_network": 7.10214376449585,
    "arborizing_vessels": 6.298484802246094,
    "blue_grey_ovoid_nests": 6.92021369934082,
    "ulceration": 6.705523490905762,
    "scaly_surface": 7.16716194152832,
    "strawberry_pattern": 6.879044055938721,
    "milia_like_cysts": 6.529001712799072,
    "comedo_like_openings": 6.961246490478516,
    "cerebriform_surface": 6.609622955322266,
    "central_white_patch": 6.959115505218506,
    "red_lacunae": 7.094116687774658,
    "healthy_skin": 6.741157531738281
  }
}