{
  "step": 32,
  "lambda_s": 3.3731334104286432,
  "n_active": 19,
  "val_balacc": 0.5157431866351495,
  "val_auc": 0.8374756774455699,
  "val_loss": 1.603247195482254,
  "train_loss": 1.170122419855417,
  "epochs_used": 7,
  "time_sec": 8.329154968261719,
  "just_eliminated": [],
  "issue4_fix": "best_within_step_checkpoint_restored",
  "norms": {
    "asymmetry": 2.4233217239379883,
    "border_irregularity": 0.0,
    "colour_variation": 0.0,
    "diameter_large": 3.6846225261688232,
    "atypical_pigment_network": 2.042518377304077,
    "blue_white_veil": 2.6111159324645996,
    "atypical_vascular_pattern": 0.8786537051200867,
    "irregular_streaks": 0.0,
    "irregular_pigmentation": 0.0,
    "irregular_dots_globules": 2.73013973236084,
    "regression_structures": 0.0,
    "symmetric_uniform": 0.4590838849544525,
    "reticular_network": 4.590989112854004,
    "arborizing_vessels": 2.804748296737671,
    "blue_grey_ovoid_nests": 3.503169298171997,
    "ulceration": 3.6779136657714844,
    "scaly_surface": 4.5261664390563965,
    "strawberry_pattern": 2.2169065475463867,
    "milia_like_cysts": 2.0791077613830566,
    "comedo_like_openings": 3.4766957759857178,
    "cerebriform_surface": 3.6976494789123535,
    "central_white_patch": 3.983469247817993,
    "red_lacunae": 4.639224529266357,
    "healthy_skin": 0.12476518005132675
  }
}