{
  "step": 62,
  "lambda_s": 10.94041250437497,
  "n_active": 11,
  "val_balacc": 0.5010445316346978,
  "val_auc": 0.8179893890094714,
  "val_loss": 1.5275385491549969,
  "train_loss": 1.3417996319766512,
  "epochs_used": 7,
  "time_sec": 9.02402949333191,
  "just_eliminated": [],
  "issue4_fix": "best_within_step_checkpoint_restored",
  "norms": {
    "asymmetry": 2.3632724285125732,
    "border_irregularity": 0.0,
    "colour_variation": 0.0,
    "diameter_large": 2.4787960052490234,
    "atypical_pigment_network": 2.696563720703125,
    "blue_white_veil": 0.0,
    "atypical_vascular_pattern": 0.0,
    "irregular_streaks": 0.0,
    "irregular_pigmentation": 0.0,
    "irregular_dots_globules": 0.0,
    "regression_structures": 0.0,
    "symmetric_uniform": 0.0,
    "reticular_network": 3.94156551361084,
    "arborizing_vessels": 0.0,
    "blue_grey_ovoid_nests": 2.7629497051239014,
    "ulceration": 2.1419098377227783,
    "scaly_surface": 4.127038478851318,
    "strawberry_pattern": 0.0,
    "milia_like_cysts": 1.9440243244171143,
    "comedo_like_openings": 3.0536415576934814,
    "cerebriform_surface": 0.0,
    "central_white_patch": 3.639023542404175,
    "red_lacunae": 3.4850306510925293,
    "healthy_skin": 0.0
  }
}