{
  "step": 6,
  "lambda_s": 1.2166529024000001,
  "n_active": 24,
  "val_balacc": 0.5096932233254193,
  "val_auc": 0.8413265976354793,
  "val_loss": 1.6310741305351257,
  "train_loss": 1.1162399401321434,
  "epochs_used": 9,
  "time_sec": 11.258909702301025,
  "just_eliminated": [],
  "issue4_fix": "best_within_step_checkpoint_restored",
  "norms": {
    "asymmetry": 5.265862464904785,
    "border_irregularity": 5.179183483123779,
    "colour_variation": 5.23154354095459,
    "diameter_large": 5.837190628051758,
    "atypical_pigment_network": 5.500316143035889,
    "blue_white_veil": 5.549849510192871,
    "atypical_vascular_pattern": 5.702666282653809,
    "irregular_streaks": 5.106957912445068,
    "irregular_pigmentation": 5.065922260284424,
    "irregular_dots_globules": 5.099211692810059,
    "regression_structures": 4.790524959564209,
    "symmetric_uniform": 5.339527606964111,
    "reticular_network": 6.208855628967285,
    "arborizing_vessels": 5.289217948913574,
    "blue_grey_ovoid_nests": 5.984808444976807,
    "ulceration": 5.7379021644592285,
    "scaly_surface": 6.473390579223633,
    "strawberry_pattern": 5.623344898223877,
    "milia_like_cysts": 5.217398643493652,
    "comedo_like_openings": 6.004390239715576,
    "cerebriform_surface": 5.848363876342773,
    "central_white_patch": 6.085509777069092,
    "red_lacunae": 6.339134693145752,
    "healthy_skin": 5.6929216384887695
  }
}