{
  "step": 39,
  "lambda_s": 4.438813450385222,
  "n_active": 16,
  "val_balacc": 0.5096402637079626,
  "val_auc": 0.8360751660456631,
  "val_loss": 1.5753849893808365,
  "train_loss": 1.198282364774985,
  "epochs_used": 8,
  "time_sec": 9.299268960952759,
  "just_eliminated": [],
  "issue4_fix": "best_within_step_checkpoint_restored",
  "norms": {
    "asymmetry": 2.146442413330078,
    "border_irregularity": 0.0,
    "colour_variation": 0.0,
    "diameter_large": 3.4931938648223877,
    "atypical_pigment_network": 2.1011946201324463,
    "blue_white_veil": 2.5164525508880615,
    "atypical_vascular_pattern": 0.0,
    "irregular_streaks": 0.0,
    "irregular_pigmentation": 0.0,
    "irregular_dots_globules": 2.723855495452881,
    "regression_structures": 0.0,
    "symmetric_uniform": 0.0,
    "reticular_network": 4.468196392059326,
    "arborizing_vessels": 2.390178918838501,
    "blue_grey_ovoid_nests": 3.332054615020752,
    "ulceration": 3.34492564201355,
    "scaly_surface": 4.464199542999268,
    "strawberry_pattern": 0.6037599444389343,
    "milia_like_cysts": 2.1316111087799072,
    "comedo_like_openings": 3.2917160987854004,
    "cerebriform_surface": 3.008301019668579,
    "central_white_patch": 4.057872772216797,
    "red_lacunae": 4.341643333435059,
    "healthy_skin": 0.0
  }
}