{
  "step": 45,
  "lambda_s": 5.616515078328274,
  "n_active": 15,
  "val_balacc": 0.5024069203544481,
  "val_auc": 0.8310178426951408,
  "val_loss": 1.5597581639885902,
  "train_loss": 1.2184322462947943,
  "epochs_used": 7,
  "time_sec": 9.116620302200317,
  "just_eliminated": [],
  "issue4_fix": "best_within_step_checkpoint_restored",
  "norms": {
    "asymmetry": 2.287588119506836,
    "border_irregularity": 0.0,
    "colour_variation": 0.0,
    "diameter_large": 3.236532211303711,
    "atypical_pigment_network": 2.395467519760132,
    "blue_white_veil": 2.24019718170166,
    "atypical_vascular_pattern": 0.0,
    "irregular_streaks": 0.0,
    "irregular_pigmentation": 0.0,
    "irregular_dots_globules": 2.545130968093872,
    "regression_structures": 0.0,
    "symmetric_uniform": 0.0,
    "reticular_network": 4.331625461578369,
    "arborizing_vessels": 2.04528546333313,
    "blue_grey_ovoid_nests": 3.2106006145477295,
    "ulceration": 3.008225440979004,
    "scaly_surface": 4.421573162078857,
    "strawberry_pattern": 0.0,
    "milia_like_cysts": 2.1398375034332275,
    "comedo_like_openings": 3.2613413333892822,
    "cerebriform_surface": 2.435331344604492,
    "central_white_patch": 4.001918315887451,
    "red_lacunae": 3.976524829864502,
    "healthy_skin": 0.0
  }
}