{
  "step": 59,
  "lambda_s": 9.725986878747092,
  "n_active": 11,
  "val_balacc": 0.5029250504149582,
  "val_auc": 0.8194153483977239,
  "val_loss": 1.5249975994229317,
  "train_loss": 1.2836788661408398,
  "epochs_used": 8,
  "time_sec": 9.540549993515015,
  "just_eliminated": [],
  "issue4_fix": "best_within_step_checkpoint_restored",
  "norms": {
    "asymmetry": 2.3748645782470703,
    "border_irregularity": 0.0,
    "colour_variation": 0.0,
    "diameter_large": 2.6825449466705322,
    "atypical_pigment_network": 2.749501943588257,
    "blue_white_veil": 0.0,
    "atypical_vascular_pattern": 0.0,
    "irregular_streaks": 0.0,
    "irregular_pigmentation": 0.0,
    "irregular_dots_globules": 0.0,
    "regression_structures": 0.0,
    "symmetric_uniform": 0.0,
    "reticular_network": 3.9398903846740723,
    "arborizing_vessels": 0.0,
    "blue_grey_ovoid_nests": 2.883404493331909,
    "ulceration": 2.232994794845581,
    "scaly_surface": 4.25731897354126,
    "strawberry_pattern": 0.0,
    "milia_like_cysts": 2.003396511077881,
    "comedo_like_openings": 3.0930988788604736,
    "cerebriform_surface": 0.0,
    "central_white_patch": 3.7501394748687744,
    "red_lacunae": 3.6165993213653564,
    "healthy_skin": 0.0
  }
}