{
  "step": 42,
  "lambda_s": 4.993061453054123,
  "n_active": 15,
  "val_balacc": 0.5190250140753866,
  "val_auc": 0.8359778456785877,
  "val_loss": 1.555426374077797,
  "train_loss": 1.195620449848706,
  "epochs_used": 11,
  "time_sec": 13.280849695205688,
  "just_eliminated": [],
  "issue4_fix": "best_within_step_checkpoint_restored",
  "norms": {
    "asymmetry": 2.127768039703369,
    "border_irregularity": 0.0,
    "colour_variation": 0.0,
    "diameter_large": 3.2222177982330322,
    "atypical_pigment_network": 2.256754159927368,
    "blue_white_veil": 2.4000203609466553,
    "atypical_vascular_pattern": 0.0,
    "irregular_streaks": 0.0,
    "irregular_pigmentation": 0.0,
    "irregular_dots_globules": 2.4155826568603516,
    "regression_structures": 0.0,
    "symmetric_uniform": 0.0,
    "reticular_network": 4.355361461639404,
    "arborizing_vessels": 2.1932005882263184,
    "blue_grey_ovoid_nests": 3.191192865371704,
    "ulceration": 3.110711097717285,
    "scaly_surface": 4.342085838317871,
    "strawberry_pattern": 0.0,
    "milia_like_cysts": 2.1420042514801025,
    "comedo_like_openings": 3.2178821563720703,
    "cerebriform_surface": 2.60123610496521,
    "central_white_patch": 4.014542579650879,
    "red_lacunae": 4.120295524597168,
    "healthy_skin": 0.0
  }
}