{
  "step": 30,
  "lambda_s": 3.118651451949559,
  "n_active": 20,
  "val_balacc": 0.5179034528801759,
  "val_auc": 0.8371411302253161,
  "val_loss": 1.6199842020869255,
  "train_loss": 1.1668654555314957,
  "epochs_used": 7,
  "time_sec": 9.074613571166992,
  "just_eliminated": [],
  "issue4_fix": "best_within_step_checkpoint_restored",
  "norms": {
    "asymmetry": 2.609041929244995,
    "border_irregularity": 0.0,
    "colour_variation": 0.3132336437702179,
    "diameter_large": 3.6458168029785156,
    "atypical_pigment_network": 2.130702018737793,
    "blue_white_veil": 2.710120439529419,
    "atypical_vascular_pattern": 1.2845606803894043,
    "irregular_streaks": 0.0,
    "irregular_pigmentation": 0.0,
    "irregular_dots_globules": 2.808239221572876,
    "regression_structures": 0.0,
    "symmetric_uniform": 0.7438414692878723,
    "reticular_network": 4.675398826599121,
    "arborizing_vessels": 2.8694097995758057,
    "blue_grey_ovoid_nests": 3.532820701599121,
    "ulceration": 3.7157373428344727,
    "scaly_surface": 4.537306785583496,
    "strawberry_pattern": 2.2896006107330322,
    "milia_like_cysts": 2.154294013977051,
    "comedo_like_openings": 3.5312371253967285,
    "cerebriform_surface": 3.80294132232666,
    "central_white_patch": 3.973235607147217,
    "red_lacunae": 4.721134185791016,
    "healthy_skin": 0.41650286316871643
  }
}