{
  "step": 36,
  "lambda_s": 3.946088994211942,
  "n_active": 16,
  "val_balacc": 0.5053802132815354,
  "val_auc": 0.8364647009519405,
  "val_loss": 1.5608966872096062,
  "train_loss": 1.1651267039610873,
  "epochs_used": 12,
  "time_sec": 14.053766012191772,
  "just_eliminated": [],
  "issue4_fix": "best_within_step_checkpoint_restored",
  "norms": {
    "asymmetry": 2.1009111404418945,
    "border_irregularity": 0.0,
    "colour_variation": 0.0,
    "diameter_large": 3.4941039085388184,
    "atypical_pigment_network": 2.059798002243042,
    "blue_white_veil": 2.5054702758789062,
    "atypical_vascular_pattern": 0.0,
    "irregular_streaks": 0.0,
    "irregular_pigmentation": 0.0,
    "irregular_dots_globules": 2.714960813522339,
    "regression_structures": 0.0,
    "symmetric_uniform": 0.0,
    "reticular_network": 4.459785461425781,
    "arborizing_vessels": 2.3596768379211426,
    "blue_grey_ovoid_nests": 3.3269855976104736,
    "ulceration": 3.454367160797119,
    "scaly_surface": 4.5083208084106445,
    "strawberry_pattern": 0.9982742667198181,
    "milia_like_cysts": 2.032309055328369,
    "comedo_like_openings": 3.2913262844085693,
    "cerebriform_surface": 3.099785804748535,
    "central_white_patch": 4.057357311248779,
    "red_lacunae": 4.394540309906006,
    "healthy_skin": 0.0
  }
}