{
  "step": 2,
  "lambda_s": 1.04,
  "n_active": 24,
  "val_balacc": 0.5129401006208086,
  "val_auc": 0.8370295654859616,
  "val_loss": 1.644197203218937,
  "train_loss": 1.1377513341372796,
  "epochs_used": 23,
  "time_sec": 26.86706018447876,
  "just_eliminated": [],
  "issue4_fix": "best_within_step_checkpoint_restored",
  "norms": {
    "asymmetry": 5.877849578857422,
    "border_irregularity": 6.047027111053467,
    "colour_variation": 5.863282203674316,
    "diameter_large": 6.336153507232666,
    "atypical_pigment_network": 6.311931133270264,
    "blue_white_veil": 6.207399845123291,
    "atypical_vascular_pattern": 6.382365703582764,
    "irregular_streaks": 6.159906387329102,
    "irregular_pigmentation": 5.954510688781738,
    "irregular_dots_globules": 6.013413906097412,
    "regression_structures": 5.66851806640625,
    "symmetric_uniform": 6.100013732910156,
    "reticular_network": 6.694389343261719,
    "arborizing_vessels": 5.841373920440674,
    "blue_grey_ovoid_nests": 6.507071495056152,
    "ulceration": 6.283405780792236,
    "scaly_surface": 6.890310764312744,
    "strawberry_pattern": 6.321690082550049,
    "milia_like_cysts": 5.92549991607666,
    "comedo_like_openings": 6.537822246551514,
    "cerebriform_surface": 6.188634872436523,
    "central_white_patch": 6.59846830368042,
    "red_lacunae": 6.7713704109191895,
    "healthy_skin": 6.268781661987305
  }
}