{
  "step": 8,
  "lambda_s": 1.3159317792358403,
  "n_active": 24,
  "val_balacc": 0.5063198961965354,
  "val_auc": 0.8376776326477997,
  "val_loss": 1.5977740213274956,
  "train_loss": 1.1492342349437843,
  "epochs_used": 10,
  "time_sec": 12.613569021224976,
  "just_eliminated": [],
  "issue4_fix": "best_within_step_checkpoint_restored",
  "norms": {
    "asymmetry": 5.025298595428467,
    "border_irregularity": 4.8206000328063965,
    "colour_variation": 5.006353378295898,
    "diameter_large": 5.618319988250732,
    "atypical_pigment_network": 5.168046474456787,
    "blue_white_veil": 5.325940132141113,
    "atypical_vascular_pattern": 5.470677375793457,
    "irregular_streaks": 4.7005295753479,
    "irregular_pigmentation": 4.728471279144287,
    "irregular_dots_globules": 4.756600856781006,
    "regression_structures": 4.455658435821533,
    "symmetric_uniform": 5.061202049255371,
    "reticular_network": 5.995368003845215,
    "arborizing_vessels": 5.070823669433594,
    "blue_grey_ovoid_nests": 5.787076473236084,
    "ulceration": 5.516791343688965,
    "scaly_surface": 6.298510551452637,
    "strawberry_pattern": 5.3393731117248535,
    "milia_like_cysts": 4.945624351501465,
    "comedo_like_openings": 5.823774814605713,
    "cerebriform_surface": 5.70270299911499,
    "central_white_patch": 5.862492084503174,
    "red_lacunae": 6.166466236114502,
    "healthy_skin": 5.470478534698486
  }
}