{
  "step": 65,
  "lambda_s": 12.306476171321247,
  "n_active": 11,
  "val_balacc": 0.497606012115908,
  "val_auc": 0.8111978952697364,
  "val_loss": 1.5588707476854324,
  "train_loss": 1.3338405896523307,
  "epochs_used": 9,
  "time_sec": 11.227451086044312,
  "just_eliminated": [],
  "issue4_fix": "best_within_step_checkpoint_restored",
  "norms": {
    "asymmetry": 2.2666256427764893,
    "border_irregularity": 0.0,
    "colour_variation": 0.0,
    "diameter_large": 2.240800142288208,
    "atypical_pigment_network": 2.464240550994873,
    "blue_white_veil": 0.0,
    "atypical_vascular_pattern": 0.0,
    "irregular_streaks": 0.0,
    "irregular_pigmentation": 0.0,
    "irregular_dots_globules": 0.0,
    "regression_structures": 0.0,
    "symmetric_uniform": 0.0,
    "reticular_network": 3.9367706775665283,
    "arborizing_vessels": 0.0,
    "blue_grey_ovoid_nests": 2.5324277877807617,
    "ulceration": 2.1927716732025146,
    "scaly_surface": 4.042240619659424,
    "strawberry_pattern": 0.0,
    "milia_like_cysts": 1.8148390054702759,
    "comedo_like_openings": 2.9126148223876953,
    "cerebriform_surface": 0.0,
    "central_white_patch": 3.5795388221740723,
    "red_lacunae": 3.4408276081085205,
    "healthy_skin": 0.0
  }
}