{
  "step": 66,
  "lambda_s": 12.798735218174098,
  "n_active": 11,
  "val_balacc": 0.49113603573264514,
  "val_auc": 0.8078747058613368,
  "val_loss": 1.561016734689474,
  "train_loss": 1.3450141538081097,
  "epochs_used": 7,
  "time_sec": 8.611560106277466,
  "just_eliminated": [],
  "issue4_fix": "best_within_step_checkpoint_restored",
  "norms": {
    "asymmetry": 2.212467908859253,
    "border_irregularity": 0.0,
    "colour_variation": 0.0,
    "diameter_large": 2.209653615951538,
    "atypical_pigment_network": 2.4979894161224365,
    "blue_white_veil": 0.0,
    "atypical_vascular_pattern": 0.0,
    "irregular_streaks": 0.0,
    "irregular_pigmentation": 0.0,
    "irregular_dots_globules": 0.0,
    "regression_structures": 0.0,
    "symmetric_uniform": 0.0,
    "reticular_network": 3.955422878265381,
    "arborizing_vessels": 0.0,
    "blue_grey_ovoid_nests": 2.5661473274230957,
    "ulceration": 2.201270580291748,
    "scaly_surface": 4.098301410675049,
    "strawberry_pattern": 0.0,
    "milia_like_cysts": 1.8351643085479736,
    "comedo_like_openings": 2.902236223220825,
    "cerebriform_surface": 0.0,
    "central_white_patch": 3.59279727935791,
    "red_lacunae": 3.4428491592407227,
    "healthy_skin": 0.0
  }
}