{
  "step": 43,
  "lambda_s": 5.192783911176289,
  "n_active": 15,
  "val_balacc": 0.5100695490325191,
  "val_auc": 0.8345374993092949,
  "val_loss": 1.5632361769676208,
  "train_loss": 1.2355438988384129,
  "epochs_used": 20,
  "time_sec": 25.10536527633667,
  "just_eliminated": [],
  "issue4_fix": "best_within_step_checkpoint_restored",
  "norms": {
    "asymmetry": 2.1891822814941406,
    "border_irregularity": 0.0,
    "colour_variation": 0.0,
    "diameter_large": 3.1926960945129395,
    "atypical_pigment_network": 2.344351291656494,
    "blue_white_veil": 2.2580296993255615,
    "atypical_vascular_pattern": 0.0,
    "irregular_streaks": 0.0,
    "irregular_pigmentation": 0.0,
    "irregular_dots_globules": 2.4702470302581787,
    "regression_structures": 0.0,
    "symmetric_uniform": 0.0,
    "reticular_network": 4.295220375061035,
    "arborizing_vessels": 2.115302562713623,
    "blue_grey_ovoid_nests": 3.1618168354034424,
    "ulceration": 3.065317392349243,
    "scaly_surface": 4.340390682220459,
    "strawberry_pattern": 0.0,
    "milia_like_cysts": 2.1254501342773438,
    "comedo_like_openings": 3.2139523029327393,
    "cerebriform_surface": 2.4177474975585938,
    "central_white_patch": 4.04688835144043,
    "red_lacunae": 3.9766416549682617,
    "healthy_skin": 0.0
  }
}