{
  "step": 5,
  "lambda_s": 1.1698585600000002,
  "n_active": 24,
  "val_balacc": 0.5103317157007775,
  "val_auc": 0.8386094395387893,
  "val_loss": 1.628400094807148,
  "train_loss": 1.131745245645399,
  "epochs_used": 16,
  "time_sec": 19.468497037887573,
  "just_eliminated": [],
  "issue4_fix": "best_within_step_checkpoint_restored",
  "norms": {
    "asymmetry": 5.336140155792236,
    "border_irregularity": 5.281908988952637,
    "colour_variation": 5.3082122802734375,
    "diameter_large": 5.882004737854004,
    "atypical_pigment_network": 5.614938735961914,
    "blue_white_veil": 5.624313831329346,
    "atypical_vascular_pattern": 5.8103108406066895,
    "irregular_streaks": 5.264540195465088,
    "irregular_pigmentation": 5.1573405265808105,
    "irregular_dots_globules": 5.228324890136719,
    "regression_structures": 4.898390769958496,
    "symmetric_uniform": 5.44572639465332,
    "reticular_network": 6.291351318359375,
    "arborizing_vessels": 5.360401630401611,
    "blue_grey_ovoid_nests": 6.045015811920166,
    "ulceration": 5.798282623291016,
    "scaly_surface": 6.516091823577881,
    "strawberry_pattern": 5.700245380401611,
    "milia_like_cysts": 5.305835247039795,
    "comedo_like_openings": 6.082495212554932,
    "cerebriform_surface": 5.867280006408691,
    "central_white_patch": 6.1407389640808105,
    "red_lacunae": 6.387458801269531,
    "healthy_skin": 5.769286155700684
  }
}