{
  "step": 21,
  "lambda_s": 2.191123143033421,
  "n_active": 24,
  "val_balacc": 0.5303775991486105,
  "val_auc": 0.8411651184168568,
  "val_loss": 1.6068893298506737,
  "train_loss": 1.082562048055951,
  "epochs_used": 15,
  "time_sec": 17.026787281036377,
  "just_eliminated": [],
  "issue4_fix": "best_within_step_checkpoint_restored",
  "norms": {
    "asymmetry": 3.596771240234375,
    "border_irregularity": 2.3649680614471436,
    "colour_variation": 3.268017292022705,
    "diameter_large": 4.34617805480957,
    "atypical_pigment_network": 3.0560522079467773,
    "blue_white_veil": 3.614333391189575,
    "atypical_vascular_pattern": 3.741692543029785,
    "irregular_streaks": 0.9620227813720703,
    "irregular_pigmentation": 2.336960554122925,
    "irregular_dots_globules": 2.3967859745025635,
    "regression_structures": 1.7800780534744263,
    "symmetric_uniform": 3.1695189476013184,
    "reticular_network": 4.903866291046143,
    "arborizing_vessels": 3.7239909172058105,
    "blue_grey_ovoid_nests": 4.411842346191406,
    "ulceration": 4.18156099319458,
    "scaly_surface": 5.168365478515625,
    "strawberry_pattern": 3.602725028991699,
    "milia_like_cysts": 3.188249349594116,
    "comedo_like_openings": 4.423844337463379,
    "cerebriform_surface": 4.833828926086426,
    "central_white_patch": 4.482543468475342,
    "red_lacunae": 5.097395420074463,
    "healthy_skin": 3.809705972671509
  }
}