{
  "step": 38,
  "lambda_s": 4.268089856139636,
  "n_active": 16,
  "val_balacc": 0.5120939440735751,
  "val_auc": 0.83472785655695,
  "val_loss": 1.5726220160722733,
  "train_loss": 1.223306362263023,
  "epochs_used": 8,
  "time_sec": 9.2957181930542,
  "just_eliminated": [],
  "issue4_fix": "best_within_step_checkpoint_restored",
  "norms": {
    "asymmetry": 2.0901780128479004,
    "border_irregularity": 0.0,
    "colour_variation": 0.0,
    "diameter_large": 3.4780750274658203,
    "atypical_pigment_network": 2.140228509902954,
    "blue_white_veil": 2.466562032699585,
    "atypical_vascular_pattern": 0.0,
    "irregular_streaks": 0.0,
    "irregular_pigmentation": 0.0,
    "irregular_dots_globules": 2.798609972000122,
    "regression_structures": 0.0,
    "symmetric_uniform": 0.0,
    "reticular_network": 4.492241859436035,
    "arborizing_vessels": 2.4375758171081543,
    "blue_grey_ovoid_nests": 3.342435598373413,
    "ulceration": 3.3687660694122314,
    "scaly_surface": 4.463000774383545,
    "strawberry_pattern": 0.7384850382804871,
    "milia_like_cysts": 2.122022867202759,
    "comedo_like_openings": 3.260915517807007,
    "cerebriform_surface": 3.056715965270996,
    "central_white_patch": 3.998100996017456,
    "red_lacunae": 4.372230529785156,
    "healthy_skin": 0.0
  }
}