{
  "step": 69,
  "lambda_s": 14.39683649245619,
  "n_active": 11,
  "val_balacc": 0.4891663042584392,
  "val_auc": 0.8009548223827206,
  "val_loss": 1.580276507884264,
  "train_loss": 1.37125580944034,
  "epochs_used": 7,
  "time_sec": 8.193928241729736,
  "just_eliminated": [],
  "issue4_fix": "best_within_step_checkpoint_restored",
  "norms": {
    "asymmetry": 1.9275965690612793,
    "border_irregularity": 0.0,
    "colour_variation": 0.0,
    "diameter_large": 2.06646990776062,
    "atypical_pigment_network": 2.218698740005493,
    "blue_white_veil": 0.0,
    "atypical_vascular_pattern": 0.0,
    "irregular_streaks": 0.0,
    "irregular_pigmentation": 0.0,
    "irregular_dots_globules": 0.0,
    "regression_structures": 0.0,
    "symmetric_uniform": 0.0,
    "reticular_network": 3.932558059692383,
    "arborizing_vessels": 0.0,
    "blue_grey_ovoid_nests": 2.4696619510650635,
    "ulceration": 2.046544075012207,
    "scaly_surface": 3.971238374710083,
    "strawberry_pattern": 0.0,
    "milia_like_cysts": 1.6869027614593506,
    "comedo_like_openings": 2.6954216957092285,
    "cerebriform_surface": 0.0,
    "central_white_patch": 3.465069532394409,
    "red_lacunae": 3.2708160877227783,
    "healthy_skin": 0.0
  }
}