{
  "step": 16,
  "lambda_s": 1.8009435055069165,
  "n_active": 24,
  "val_balacc": 0.5185868231753871,
  "val_auc": 0.8354762222432686,
  "val_loss": 1.596155472099781,
  "train_loss": 1.0937530606998995,
  "epochs_used": 9,
  "time_sec": 10.338207244873047,
  "just_eliminated": [],
  "issue4_fix": "best_within_step_checkpoint_restored",
  "norms": {
    "asymmetry": 4.117578506469727,
    "border_irregularity": 3.4488399028778076,
    "colour_variation": 4.009398937225342,
    "diameter_large": 4.8200483322143555,
    "atypical_pigment_network": 3.915640354156494,
    "blue_white_veil": 4.323310852050781,
    "atypical_vascular_pattern": 4.510366439819336,
    "irregular_streaks": 2.5321948528289795,
    "irregular_pigmentation": 3.301923990249634,
    "irregular_dots_globules": 3.212393283843994,
    "regression_structures": 3.0042574405670166,
    "symmetric_uniform": 3.855271339416504,
    "reticular_network": 5.325477600097656,
    "arborizing_vessels": 4.248742580413818,
    "blue_grey_ovoid_nests": 4.967090606689453,
    "ulceration": 4.680880546569824,
    "scaly_surface": 5.618321895599365,
    "strawberry_pattern": 4.258195877075195,
    "milia_like_cysts": 3.846872329711914,
    "comedo_like_openings": 5.006529808044434,
    "cerebriform_surface": 5.2545061111450195,
    "central_white_patch": 5.040939807891846,
    "red_lacunae": 5.524078369140625,
    "healthy_skin": 4.509411334991455
  }
}