{
  "step": 11,
  "lambda_s": 1.4802442849183444,
  "n_active": 24,
  "val_balacc": 0.5146350204694861,
  "val_auc": 0.8393524777549244,
  "val_loss": 1.60587926954031,
  "train_loss": 1.105697125896216,
  "epochs_used": 12,
  "time_sec": 15.29238247871399,
  "just_eliminated": [],
  "issue4_fix": "best_within_step_checkpoint_restored",
  "norms": {
    "asymmetry": 4.411853313446045,
    "border_irregularity": 3.9507100582122803,
    "colour_variation": 4.356927871704102,
    "diameter_large": 5.083007335662842,
    "atypical_pigment_network": 4.330739498138428,
    "blue_white_veil": 4.6615800857543945,
    "atypical_vascular_pattern": 4.857276439666748,
    "irregular_streaks": 3.3658053874969482,
    "irregular_pigmentation": 3.794116497039795,
    "irregular_dots_globules": 3.7345333099365234,
    "regression_structures": 3.5023269653320312,
    "symmetric_uniform": 4.263455867767334,
    "reticular_network": 5.51988410949707,
    "arborizing_vessels": 4.511269569396973,
    "blue_grey_ovoid_nests": 5.242664813995361,
    "ulceration": 5.005268573760986,
    "scaly_surface": 5.83805513381958,
    "strawberry_pattern": 4.605525970458984,
    "milia_like_cysts": 4.200429439544678,
    "comedo_like_openings": 5.256653785705566,
    "cerebriform_surface": 5.43448543548584,
    "central_white_patch": 5.2911458015441895,
    "red_lacunae": 5.7708635330200195,
    "healthy_skin": 4.887434005737305
  }
}