{
  "step": 34,
  "lambda_s": 3.648381096719621,
  "n_active": 16,
  "val_balacc": 0.5261357076118733,
  "val_auc": 0.8371713535237492,
  "val_loss": 1.5691556930541992,
  "train_loss": 1.1455801263824628,
  "epochs_used": 8,
  "time_sec": 9.009736061096191,
  "just_eliminated": [],
  "issue4_fix": "best_within_step_checkpoint_restored",
  "norms": {
    "asymmetry": 2.2340927124023438,
    "border_irregularity": 0.0,
    "colour_variation": 0.0,
    "diameter_large": 3.555121421813965,
    "atypical_pigment_network": 1.9984893798828125,
    "blue_white_veil": 2.5675148963928223,
    "atypical_vascular_pattern": 0.0,
    "irregular_streaks": 0.0,
    "irregular_pigmentation": 0.0,
    "irregular_dots_globules": 2.773223876953125,
    "regression_structures": 0.0,
    "symmetric_uniform": 0.0,
    "reticular_network": 4.531906604766846,
    "arborizing_vessels": 2.5870895385742188,
    "blue_grey_ovoid_nests": 3.352633237838745,
    "ulceration": 3.5200047492980957,
    "scaly_surface": 4.427770614624023,
    "strawberry_pattern": 1.8017292022705078,
    "milia_like_cysts": 2.1252856254577637,
    "comedo_like_openings": 3.3392574787139893,
    "cerebriform_surface": 3.3457298278808594,
    "central_white_patch": 4.024857997894287,
    "red_lacunae": 4.466768741607666,
    "healthy_skin": 0.0
  }
}