{
  "step": 41,
  "lambda_s": 4.801020627936657,
  "n_active": 15,
  "val_balacc": 0.5148110314227351,
  "val_auc": 0.8338664461081704,
  "val_loss": 1.5581096485257149,
  "train_loss": 1.1646057705804322,
  "epochs_used": 13,
  "time_sec": 15.829326629638672,
  "just_eliminated": [],
  "issue4_fix": "best_within_step_checkpoint_restored",
  "norms": {
    "asymmetry": 2.1461193561553955,
    "border_irregularity": 0.0,
    "colour_variation": 0.0,
    "diameter_large": 3.3152999877929688,
    "atypical_pigment_network": 2.1841351985931396,
    "blue_white_veil": 2.3373470306396484,
    "atypical_vascular_pattern": 0.0,
    "irregular_streaks": 0.0,
    "irregular_pigmentation": 0.0,
    "irregular_dots_globules": 2.6311144828796387,
    "regression_structures": 0.0,
    "symmetric_uniform": 0.0,
    "reticular_network": 4.460403919219971,
    "arborizing_vessels": 2.168398141860962,
    "blue_grey_ovoid_nests": 3.2638444900512695,
    "ulceration": 3.147416114807129,
    "scaly_surface": 4.40566349029541,
    "strawberry_pattern": 0.0,
    "milia_like_cysts": 2.2066638469696045,
    "comedo_like_openings": 3.208603620529175,
    "cerebriform_surface": 2.6366255283355713,
    "central_white_patch": 4.020726680755615,
    "red_lacunae": 4.144572734832764,
    "healthy_skin": 0.0
  }
}