{
  "step": 27,
  "lambda_s": 2.772469784746919,
  "n_active": 21,
  "val_balacc": 0.5096267112833452,
  "val_auc": 0.8386012397057938,
  "val_loss": 1.5764563158154488,
  "train_loss": 1.1989843895045693,
  "epochs_used": 13,
  "time_sec": 16.820593118667603,
  "just_eliminated": [],
  "issue4_fix": "best_within_step_checkpoint_restored",
  "norms": {
    "asymmetry": 2.7737531661987305,
    "border_irregularity": 0.0,
    "colour_variation": 1.0185391902923584,
    "diameter_large": 3.6737401485443115,
    "atypical_pigment_network": 2.1365115642547607,
    "blue_white_veil": 2.7335307598114014,
    "atypical_vascular_pattern": 1.8437280654907227,
    "irregular_streaks": 0.0,
    "irregular_pigmentation": 0.005753666162490845,
    "irregular_dots_globules": 2.52504301071167,
    "regression_structures": 0.0,
    "symmetric_uniform": 1.3506745100021362,
    "reticular_network": 4.623972415924072,
    "arborizing_vessels": 2.985292434692383,
    "blue_grey_ovoid_nests": 3.604396104812622,
    "ulceration": 3.8204658031463623,
    "scaly_surface": 4.562490940093994,
    "strawberry_pattern": 2.4154696464538574,
    "milia_like_cysts": 2.07837176322937,
    "comedo_like_openings": 3.6438772678375244,
    "cerebriform_surface": 3.961834669113159,
    "central_white_patch": 3.9621059894561768,
    "red_lacunae": 4.73864221572876,
    "healthy_skin": 1.430672526359558
  }
}