{
  "step": 12,
  "lambda_s": 1.5394540563150783,
  "n_active": 24,
  "val_balacc": 0.5160898865204617,
  "val_auc": 0.8389793495479156,
  "val_loss": 1.6121062636375427,
  "train_loss": 1.1071863213921571,
  "epochs_used": 11,
  "time_sec": 16.215256690979004,
  "just_eliminated": [],
  "issue4_fix": "best_within_step_checkpoint_restored",
  "norms": {
    "asymmetry": 4.321489334106445,
    "border_irregularity": 3.825110673904419,
    "colour_variation": 4.251100063323975,
    "diameter_large": 4.99873685836792,
    "atypical_pigment_network": 4.1995062828063965,
    "blue_white_veil": 4.575562000274658,
    "atypical_vascular_pattern": 4.760633945465088,
    "irregular_streaks": 3.120242118835449,
    "irregular_pigmentation": 3.6322546005249023,
    "irregular_dots_globules": 3.580432653427124,
    "regression_structures": 3.3466334342956543,
    "symmetric_uniform": 4.145412921905518,
    "reticular_network": 5.4678850173950195,
    "arborizing_vessels": 4.438968658447266,
    "blue_grey_ovoid_nests": 5.178040504455566,
    "ulceration": 4.905142307281494,
    "scaly_surface": 5.782643795013428,
    "strawberry_pattern": 4.522028923034668,
    "milia_like_cysts": 4.104066371917725,
    "comedo_like_openings": 5.191715717315674,
    "cerebriform_surface": 5.386752605438232,
    "central_white_patch": 5.224926948547363,
    "red_lacunae": 5.710709571838379,
    "healthy_skin": 4.777034282684326
  }
}