{
  "step": 61,
  "lambda_s": 10.519627408052855,
  "n_active": 11,
  "val_balacc": 0.4971247417057684,
  "val_auc": 0.8162471687885622,
  "val_loss": 1.5288504101336002,
  "train_loss": 1.3292667329487469,
  "epochs_used": 9,
  "time_sec": 11.93646788597107,
  "just_eliminated": [],
  "issue4_fix": "best_within_step_checkpoint_restored",
  "norms": {
    "asymmetry": 2.357353925704956,
    "border_irregularity": 0.0,
    "colour_variation": 0.0,
    "diameter_large": 2.526383876800537,
    "atypical_pigment_network": 2.7541894912719727,
    "blue_white_veil": 0.0,
    "atypical_vascular_pattern": 0.0,
    "irregular_streaks": 0.0,
    "irregular_pigmentation": 0.0,
    "irregular_dots_globules": 0.0,
    "regression_structures": 0.0,
    "symmetric_uniform": 0.0,
    "reticular_network": 3.9615235328674316,
    "arborizing_vessels": 0.0,
    "blue_grey_ovoid_nests": 2.7312943935394287,
    "ulceration": 2.1740798950195312,
    "scaly_surface": 4.158519268035889,
    "strawberry_pattern": 0.0,
    "milia_like_cysts": 1.9761323928833008,
    "comedo_like_openings": 3.12437105178833,
    "cerebriform_surface": 0.0,
    "central_white_patch": 3.586935043334961,
    "red_lacunae": 3.4786376953125,
    "healthy_skin": 0.0
  }
}