{
  "step": 18,
  "lambda_s": 1.947900495556281,
  "n_active": 24,
  "val_balacc": 0.5072805485924093,
  "val_auc": 0.8336083156411225,
  "val_loss": 1.6187453716993332,
  "train_loss": 1.1132754150287414,
  "epochs_used": 7,
  "time_sec": 8.292060136795044,
  "just_eliminated": [],
  "issue4_fix": "best_within_step_checkpoint_restored",
  "norms": {
    "asymmetry": 4.033060550689697,
    "border_irregularity": 3.296391010284424,
    "colour_variation": 3.8911914825439453,
    "diameter_large": 4.734580993652344,
    "atypical_pigment_network": 3.783817768096924,
    "blue_white_veil": 4.203891754150391,
    "atypical_vascular_pattern": 4.399898052215576,
    "irregular_streaks": 2.3026204109191895,
    "irregular_pigmentation": 3.1942403316497803,
    "irregular_dots_globules": 3.096421718597412,
    "regression_structures": 2.82807993888855,
    "symmetric_uniform": 3.777268171310425,
    "reticular_network": 5.28000020980835,
    "arborizing_vessels": 4.163433074951172,
    "blue_grey_ovoid_nests": 4.903043270111084,
    "ulceration": 4.545392990112305,
    "scaly_surface": 5.564764976501465,
    "strawberry_pattern": 4.162563800811768,
    "milia_like_cysts": 3.7677557468414307,
    "comedo_like_openings": 4.902936935424805,
    "cerebriform_surface": 5.192502021789551,
    "central_white_patch": 4.952747821807861,
    "red_lacunae": 5.4550981521606445,
    "healthy_skin": 4.40695333480835
  }
}