{
  "step": 15,
  "lambda_s": 1.7316764476028044,
  "n_active": 24,
  "val_balacc": 0.49091517139445207,
  "val_auc": 0.838991371167935,
  "val_loss": 1.6047882959246635,
  "train_loss": 1.09940196490551,
  "epochs_used": 7,
  "time_sec": 8.124204397201538,
  "just_eliminated": [],
  "issue4_fix": "best_within_step_checkpoint_restored",
  "norms": {
    "asymmetry": 4.1832685470581055,
    "border_irregularity": 3.562237024307251,
    "colour_variation": 4.078138828277588,
    "diameter_large": 4.856659889221191,
    "atypical_pigment_network": 4.000787258148193,
    "blue_white_veil": 4.420581817626953,
    "atypical_vascular_pattern": 4.582139492034912,
    "irregular_streaks": 2.683391809463501,
    "irregular_pigmentation": 3.38362717628479,
    "irregular_dots_globules": 3.314788818359375,
    "regression_structures": 3.0958995819091797,
    "symmetric_uniform": 3.955864429473877,
    "reticular_network": 5.365227222442627,
    "arborizing_vessels": 4.297713756561279,
    "blue_grey_ovoid_nests": 5.04559326171875,
    "ulceration": 4.76101541519165,
    "scaly_surface": 5.675140380859375,
    "strawberry_pattern": 4.341754913330078,
    "milia_like_cysts": 3.931220769882202,
    "comedo_like_openings": 5.0156097412109375,
    "cerebriform_surface": 5.300326824188232,
    "central_white_patch": 5.100855827331543,
    "red_lacunae": 5.567430019378662,
    "healthy_skin": 4.592997074127197
  }
}