{
  "step": 3,
  "lambda_s": 1.0816000000000001,
  "n_active": 24,
  "val_balacc": 0.5021687871721244,
  "val_auc": 0.8379988087393573,
  "val_loss": 1.6206286251544952,
  "train_loss": 1.113015333039081,
  "epochs_used": 10,
  "time_sec": 11.630834817886353,
  "just_eliminated": [],
  "issue4_fix": "best_within_step_checkpoint_restored",
  "norms": {
    "asymmetry": 5.754203796386719,
    "border_irregularity": 5.879035949707031,
    "colour_variation": 5.729804515838623,
    "diameter_large": 6.251842498779297,
    "atypical_pigment_network": 6.173935413360596,
    "blue_white_veil": 6.083259105682373,
    "atypical_vascular_pattern": 6.242644786834717,
    "irregular_streaks": 5.9698100090026855,
    "irregular_pigmentation": 5.766263484954834,
    "irregular_dots_globules": 5.8293890953063965,
    "regression_structures": 5.4928998947143555,
    "symmetric_uniform": 5.944570541381836,
    "reticular_network": 6.602988243103027,
    "arborizing_vessels": 5.747401237487793,
    "blue_grey_ovoid_nests": 6.401551246643066,
    "ulceration": 6.180327892303467,
    "scaly_surface": 6.82031774520874,
    "strawberry_pattern": 6.170827388763428,
    "milia_like_cysts": 5.802999019622803,
    "comedo_like_openings": 6.438689708709717,
    "cerebriform_surface": 6.095493316650391,
    "central_white_patch": 6.490837574005127,
    "red_lacunae": 6.690469741821289,
    "healthy_skin": 6.1394758224487305
  }
}