{
  "step": 14,
  "lambda_s": 1.6650735073103888,
  "n_active": 24,
  "val_balacc": 0.5102151886809532,
  "val_auc": 0.8408791325364157,
  "val_loss": 1.6080147698521614,
  "train_loss": 1.1571593846823969,
  "epochs_used": 8,
  "time_sec": 9.543442487716675,
  "just_eliminated": [],
  "issue4_fix": "best_within_step_checkpoint_restored",
  "norms": {
    "asymmetry": 4.219519138336182,
    "border_irregularity": 3.5994958877563477,
    "colour_variation": 4.103653430938721,
    "diameter_large": 4.874788761138916,
    "atypical_pigment_network": 4.02423620223999,
    "blue_white_veil": 4.433387279510498,
    "atypical_vascular_pattern": 4.6177520751953125,
    "irregular_streaks": 2.747276544570923,
    "irregular_pigmentation": 3.4202492237091064,
    "irregular_dots_globules": 3.344428539276123,
    "regression_structures": 3.1207642555236816,
    "symmetric_uniform": 3.9887607097625732,
    "reticular_network": 5.360414981842041,
    "arborizing_vessels": 4.313325881958008,
    "blue_grey_ovoid_nests": 5.064330577850342,
    "ulceration": 4.784733295440674,
    "scaly_surface": 5.681119441986084,
    "strawberry_pattern": 4.371793746948242,
    "milia_like_cysts": 3.957519769668579,
    "comedo_like_openings": 5.032102108001709,
    "cerebriform_surface": 5.322127819061279,
    "central_white_patch": 5.12608528137207,
    "red_lacunae": 5.629016876220703,
    "healthy_skin": 4.623483180999756
  }
}