{
  "step": 46,
  "lambda_s": 5.841175681461405,
  "n_active": 15,
  "val_balacc": 0.5158899048778929,
  "val_auc": 0.833900689766453,
  "val_loss": 1.570626363158226,
  "train_loss": 1.2105069510062918,
  "epochs_used": 8,
  "time_sec": 9.711089372634888,
  "just_eliminated": [],
  "issue4_fix": "best_within_step_checkpoint_restored",
  "norms": {
    "asymmetry": 2.2100446224212646,
    "border_irregularity": 0.0,
    "colour_variation": 0.0,
    "diameter_large": 3.263164758682251,
    "atypical_pigment_network": 2.4179391860961914,
    "blue_white_veil": 2.2242064476013184,
    "atypical_vascular_pattern": 0.0,
    "irregular_streaks": 0.0,
    "irregular_pigmentation": 0.0,
    "irregular_dots_globules": 2.5253500938415527,
    "regression_structures": 0.0,
    "symmetric_uniform": 0.0,
    "reticular_network": 4.313195705413818,
    "arborizing_vessels": 1.9730501174926758,
    "blue_grey_ovoid_nests": 3.2091257572174072,
    "ulceration": 2.9783992767333984,
    "scaly_surface": 4.403015613555908,
    "strawberry_pattern": 0.0,
    "milia_like_cysts": 2.1061601638793945,
    "comedo_like_openings": 3.2961506843566895,
    "cerebriform_surface": 2.414318323135376,
    "central_white_patch": 4.015090465545654,
    "red_lacunae": 4.013275623321533,
    "healthy_skin": 0.0
  }
}