{
  "dense_val_balacc": 0.5624085070223768,
  "dense_val_auc": 0.8525633388729178,
  "hidden_dims": [
    64,
    32
  ],
  "dropout": 0.1,
  "weight_decay": 0.0001,
  "concurvity_lambda": 0.0,
  "warmup_dense": 0,
  "seed": 46,
  "timestamp": "2026-06-06T08:09:57.899833+00:00"
}