{
  "lambda": 0.00114868566764928,
  "n_active": 24,
  "val_balacc": 0.5853256294072955,
  "val_auc": 0.8518936398921315,
  "val_loss": 1.325571984052658,
  "actual_epochs": 3,
  "norms": {
    "asymmetry": 7.350034236907959,
    "border_irregularity": 7.113029956817627,
    "colour_variation": 7.263046741485596,
    "diameter_large": 7.201361656188965,
    "atypical_pigment_network": 7.060903072357178,
    "blue_white_veil": 7.0142645835876465,
    "atypical_vascular_pattern": 6.892909526824951,
    "irregular_streaks": 6.89465856552124,
    "irregular_pigmentation": 6.827031135559082,
    "irregular_dots_globules": 7.163036346435547,
    "regression_structures": 7.201964378356934,
    "symmetric_uniform": 6.685825824737549,
    "reticular_network": 7.100123405456543,
    "arborizing_vessels": 6.914482593536377,
    "blue_grey_ovoid_nests": 7.446113586425781,
    "ulceration": 7.5585784912109375,
    "scaly_surface": 7.1071062088012695,
    "strawberry_pattern": 6.741541385650635,
    "milia_like_cysts": 7.3881306648254395,
    "comedo_like_openings": 7.2882080078125,
    "cerebriform_surface": 7.346004962921143,
    "central_white_patch": 6.929007053375244,
    "red_lacunae": 7.507352352142334,
    "healthy_skin": 7.017505168914795
  },
  "just_eliminated": []
}