{
  "lambda": 0.0011950925686223112,
  "n_active": 24,
  "val_balacc": 0.5954229395046056,
  "val_auc": 0.845643462386505,
  "val_loss": 1.3173480331897736,
  "actual_epochs": 3,
  "norms": {
    "asymmetry": 7.383613109588623,
    "border_irregularity": 7.078271389007568,
    "colour_variation": 7.245562553405762,
    "diameter_large": 7.197734355926514,
    "atypical_pigment_network": 7.033701419830322,
    "blue_white_veil": 7.01500940322876,
    "atypical_vascular_pattern": 6.8833208084106445,
    "irregular_streaks": 6.894227027893066,
    "irregular_pigmentation": 6.853755474090576,
    "irregular_dots_globules": 7.136332988739014,
    "regression_structures": 7.2147321701049805,
    "symmetric_uniform": 6.668996810913086,
    "reticular_network": 7.156071186065674,
    "arborizing_vessels": 6.944967746734619,
    "blue_grey_ovoid_nests": 7.448649883270264,
    "ulceration": 7.569650650024414,
    "scaly_surface": 7.129816055297852,
    "strawberry_pattern": 6.740866661071777,
    "milia_like_cysts": 7.3285040855407715,
    "comedo_like_openings": 7.343876838684082,
    "cerebriform_surface": 7.401387691497803,
    "central_white_patch": 6.9560980796813965,
    "red_lacunae": 7.540205001831055,
    "healthy_skin": 7.0726752281188965
  },
  "just_eliminated": []
}