{
  "lambda": 0.0011716593810022658,
  "n_active": 24,
  "val_balacc": 0.6078858635787737,
  "val_auc": 0.847027908579889,
  "val_loss": 1.347499132156372,
  "actual_epochs": 3,
  "norms": {
    "asymmetry": 7.361592769622803,
    "border_irregularity": 7.094624996185303,
    "colour_variation": 7.2504801750183105,
    "diameter_large": 7.19192361831665,
    "atypical_pigment_network": 7.042599678039551,
    "blue_white_veil": 7.018462181091309,
    "atypical_vascular_pattern": 6.883507251739502,
    "irregular_streaks": 6.8887763023376465,
    "irregular_pigmentation": 6.842657089233398,
    "irregular_dots_globules": 7.144583225250244,
    "regression_structures": 7.205976486206055,
    "symmetric_uniform": 6.671143531799316,
    "reticular_network": 7.128588676452637,
    "arborizing_vessels": 6.9353556632995605,
    "blue_grey_ovoid_nests": 7.437591075897217,
    "ulceration": 7.577390670776367,
    "scaly_surface": 7.116050720214844,
    "strawberry_pattern": 6.749152183532715,
    "milia_like_cysts": 7.3570027351379395,
    "comedo_like_openings": 7.313355922698975,
    "cerebriform_surface": 7.360117435455322,
    "central_white_patch": 6.954839706420898,
    "red_lacunae": 7.534437656402588,
    "healthy_skin": 7.0524115562438965
  },
  "just_eliminated": []
}