{
  "lambda": 0.0011040808032000001,
  "n_active": 24,
  "val_balacc": 0.600597202972405,
  "val_auc": 0.8487199428932712,
  "val_loss": 1.3250433951616287,
  "actual_epochs": 3,
  "norms": {
    "asymmetry": 7.310056209564209,
    "border_irregularity": 7.138141632080078,
    "colour_variation": 7.2983622550964355,
    "diameter_large": 7.218827724456787,
    "atypical_pigment_network": 7.120473384857178,
    "blue_white_veil": 7.010941028594971,
    "atypical_vascular_pattern": 6.9184064865112305,
    "irregular_streaks": 6.943356037139893,
    "irregular_pigmentation": 6.779728412628174,
    "irregular_dots_globules": 7.215757846832275,
    "regression_structures": 7.240751266479492,
    "symmetric_uniform": 6.738429069519043,
    "reticular_network": 7.054758548736572,
    "arborizing_vessels": 6.8949456214904785,
    "blue_grey_ovoid_nests": 7.451021671295166,
    "ulceration": 7.556675910949707,
    "scaly_surface": 7.0733537673950195,
    "strawberry_pattern": 6.794018745422363,
    "milia_like_cysts": 7.443809509277344,
    "comedo_like_openings": 7.266444683074951,
    "cerebriform_surface": 7.2884521484375,
    "central_white_patch": 6.880747318267822,
    "red_lacunae": 7.51426362991333,
    "healthy_skin": 6.968043327331543
  },
  "just_eliminated": []
}