{
  "lambda": 0.001126162419264,
  "n_active": 24,
  "val_balacc": 0.5984983249109443,
  "val_auc": 0.8471568076399972,
  "val_loss": 1.3236306011676788,
  "actual_epochs": 3,
  "norms": {
    "asymmetry": 7.318436145782471,
    "border_irregularity": 7.121948719024658,
    "colour_variation": 7.276212215423584,
    "diameter_large": 7.210866928100586,
    "atypical_pigment_network": 7.0717058181762695,
    "blue_white_veil": 7.01328182220459,
    "atypical_vascular_pattern": 6.890941619873047,
    "irregular_streaks": 6.915347576141357,
    "irregular_pigmentation": 6.7915873527526855,
    "irregular_dots_globules": 7.185334205627441,
    "regression_structures": 7.1964802742004395,
    "symmetric_uniform": 6.706726551055908,
    "reticular_network": 7.0798020362854,
    "arborizing_vessels": 6.896276473999023,
    "blue_grey_ovoid_nests": 7.431038856506348,
    "ulceration": 7.549680709838867,
    "scaly_surface": 7.082420825958252,
    "strawberry_pattern": 6.76169490814209,
    "milia_like_cysts": 7.421720504760742,
    "comedo_like_openings": 7.278727054595947,
    "cerebriform_surface": 7.304440975189209,
    "central_white_patch": 6.909663200378418,
    "red_lacunae": 7.509548664093018,
    "healthy_skin": 6.995072364807129
  },
  "just_eliminated": []
}