{
  "lambda": 0.0010404,
  "n_active": 24,
  "val_balacc": 0.583108326137355,
  "val_auc": 0.8429161493222673,
  "val_loss": 1.3798163384199142,
  "actual_epochs": 3,
  "norms": {
    "asymmetry": 7.330624580383301,
    "border_irregularity": 7.198798179626465,
    "colour_variation": 7.3911285400390625,
    "diameter_large": 7.296336650848389,
    "atypical_pigment_network": 7.253194808959961,
    "blue_white_veil": 7.056948661804199,
    "atypical_vascular_pattern": 7.020904541015625,
    "irregular_streaks": 7.090668201446533,
    "irregular_pigmentation": 6.805751323699951,
    "irregular_dots_globules": 7.359512805938721,
    "regression_structures": 7.387988090515137,
    "symmetric_uniform": 6.906374454498291,
    "reticular_network": 7.019510269165039,
    "arborizing_vessels": 6.921504974365234,
    "blue_grey_ovoid_nests": 7.503759860992432,
    "ulceration": 7.583090305328369,
    "scaly_surface": 7.123808860778809,
    "strawberry_pattern": 6.91232442855835,
    "milia_like_cysts": 7.56398344039917,
    "comedo_like_openings": 7.3399338722229,
    "cerebriform_surface": 7.28207540512085,
    "central_white_patch": 6.881656169891357,
    "red_lacunae": 7.561869144439697,
    "healthy_skin": 6.933204650878906
  },
  "just_eliminated": []
}