{
  "lambda": 0.00102,
  "n_active": 24,
  "val_balacc": 0.5971641503110369,
  "val_auc": 0.8338614302102035,
  "val_loss": 1.4058985859155655,
  "actual_epochs": 3,
  "norms": {
    "asymmetry": 7.348567962646484,
    "border_irregularity": 7.241516590118408,
    "colour_variation": 7.4325432777404785,
    "diameter_large": 7.326928615570068,
    "atypical_pigment_network": 7.305115699768066,
    "blue_white_veil": 7.091515064239502,
    "atypical_vascular_pattern": 7.077763080596924,
    "irregular_streaks": 7.123986721038818,
    "irregular_pigmentation": 6.83945369720459,
    "irregular_dots_globules": 7.403060436248779,
    "regression_structures": 7.458706378936768,
    "symmetric_uniform": 6.98247766494751,
    "reticular_network": 7.019600868225098,
    "arborizing_vessels": 6.966772079467773,
    "blue_grey_ovoid_nests": 7.52322244644165,
    "ulceration": 7.612812042236328,
    "scaly_surface": 7.1465630531311035,
    "strawberry_pattern": 6.973608016967773,
    "milia_like_cysts": 7.6134114265441895,
    "comedo_like_openings": 7.368802547454834,
    "cerebriform_surface": 7.297647953033447,
    "central_white_patch": 6.879458904266357,
    "red_lacunae": 7.592551231384277,
    "healthy_skin": 6.958656311035156
  },
  "just_eliminated": []
}