{
  "lambda": 0.0010612080000000001,
  "n_active": 24,
  "val_balacc": 0.590408817245392,
  "val_auc": 0.8478270104470059,
  "val_loss": 1.3666534125804901,
  "actual_epochs": 3,
  "norms": {
    "asymmetry": 7.341156005859375,
    "border_irregularity": 7.178454399108887,
    "colour_variation": 7.3632330894470215,
    "diameter_large": 7.258678436279297,
    "atypical_pigment_network": 7.2170233726501465,
    "blue_white_veil": 7.033603191375732,
    "atypical_vascular_pattern": 6.9927849769592285,
    "irregular_streaks": 7.030500888824463,
    "irregular_pigmentation": 6.777420997619629,
    "irregular_dots_globules": 7.299652576446533,
    "regression_structures": 7.325084686279297,
    "symmetric_uniform": 6.831335544586182,
    "reticular_network": 7.040013313293457,
    "arborizing_vessels": 6.902185440063477,
    "blue_grey_ovoid_nests": 7.481905460357666,
    "ulceration": 7.557161331176758,
    "scaly_surface": 7.110783100128174,
    "strawberry_pattern": 6.882698059082031,
    "milia_like_cysts": 7.526805400848389,
    "comedo_like_openings": 7.3141703605651855,
    "cerebriform_surface": 7.265418529510498,
    "central_white_patch": 6.871929168701172,
    "red_lacunae": 7.559252738952637,
    "healthy_skin": 6.931702136993408
  },
  "just_eliminated": []
}