{
  "step": 1,
  "lambda_s": 1.0,
  "n_active": 24,
  "val_balacc": 0.48907171278391876,
  "val_auc": 0.825402975797131,
  "val_loss": 1.566427819430828,
  "train_loss": 1.228514435282383,
  "epochs_used": 20,
  "time_sec": 21.53584384918213,
  "just_eliminated": [],
  "issue4_fix": "best_within_step_checkpoint_restored",
  "norms": {
    "asymmetry": 6.63230562210083,
    "border_irregularity": 6.375186920166016,
    "colour_variation": 6.495147228240967,
    "diameter_large": 7.114384174346924,
    "atypical_pigment_network": 6.823993682861328,
    "blue_white_veil": 6.4160475730896,
    "atypical_vascular_pattern": 6.4568071365356445,
    "irregular_streaks": 6.887691497802734,
    "irregular_pigmentation": 6.074889183044434,
    "irregular_dots_globules": 6.485202789306641,
    "regression_structures": 6.115501403808594,
    "symmetric_uniform": 6.825590133666992,
    "reticular_network": 7.070809364318848,
    "arborizing_vessels": 6.91172456741333,
    "blue_grey_ovoid_nests": 6.738734245300293,
    "ulceration": 6.360345363616943,
    "scaly_surface": 7.127769947052002,
    "strawberry_pattern": 6.611467361450195,
    "milia_like_cysts": 6.580929756164551,
    "comedo_like_openings": 6.3022236824035645,
    "cerebriform_surface": 6.385695457458496,
    "central_white_patch": 6.345605373382568,
    "red_lacunae": 7.106426239013672,
    "healthy_skin": 6.333930969238281
  }
}