{
  "step": 37,
  "lambda_s": 4.10393255398042,
  "n_active": 15,
  "val_balacc": 0.5154685239544603,
  "val_auc": 0.8259130073446375,
  "val_loss": 1.4148753993213177,
  "train_loss": 1.1972847531177335,
  "epochs_used": 12,
  "time_sec": 14.103113889694214,
  "just_eliminated": [],
  "issue4_fix": "best_within_step_checkpoint_restored",
  "norms": {
    "asymmetry": 0.6068753600120544,
    "border_irregularity": 0.0,
    "colour_variation": 0.0,
    "diameter_large": 3.5705411434173584,
    "atypical_pigment_network": 3.903193950653076,
    "blue_white_veil": 0.0,
    "atypical_vascular_pattern": 0.0,
    "irregular_streaks": 0.0,
    "irregular_pigmentation": 0.0,
    "irregular_dots_globules": 0.0,
    "regression_structures": 0.0,
    "symmetric_uniform": 2.977923631668091,
    "reticular_network": 4.245012283325195,
    "arborizing_vessels": 3.212691068649292,
    "blue_grey_ovoid_nests": 3.607226848602295,
    "ulceration": 2.2384278774261475,
    "scaly_surface": 4.6138997077941895,
    "strawberry_pattern": 2.4481239318847656,
    "milia_like_cysts": 1.7893179655075073,
    "comedo_like_openings": 3.6620404720306396,
    "cerebriform_surface": 2.153820753097534,
    "central_white_patch": 4.155681610107422,
    "red_lacunae": 4.1701273918151855,
    "healthy_skin": 0.0
  }
}