{
  "step": 60,
  "lambda_s": 10.115026353896976,
  "n_active": 12,
  "val_balacc": 0.4914776771752597,
  "val_auc": 0.8070344613973714,
  "val_loss": 1.4657120183110237,
  "train_loss": 1.3612173391902729,
  "epochs_used": 9,
  "time_sec": 9.831362009048462,
  "just_eliminated": [],
  "issue4_fix": "best_within_step_checkpoint_restored",
  "norms": {
    "asymmetry": 0.0,
    "border_irregularity": 0.0,
    "colour_variation": 0.0,
    "diameter_large": 3.5011703968048096,
    "atypical_pigment_network": 3.084829330444336,
    "blue_white_veil": 0.0,
    "atypical_vascular_pattern": 0.0,
    "irregular_streaks": 0.0,
    "irregular_pigmentation": 0.0,
    "irregular_dots_globules": 0.0,
    "regression_structures": 0.0,
    "symmetric_uniform": 2.33937931060791,
    "reticular_network": 3.5804710388183594,
    "arborizing_vessels": 0.829426109790802,
    "blue_grey_ovoid_nests": 3.2366220951080322,
    "ulceration": 1.2771607637405396,
    "scaly_surface": 4.049427032470703,
    "strawberry_pattern": 0.0,
    "milia_like_cysts": 1.9451684951782227,
    "comedo_like_openings": 3.388901472091675,
    "cerebriform_surface": 0.0,
    "central_white_patch": 3.6314697265625,
    "red_lacunae": 3.5896334648132324,
    "healthy_skin": 0.0
  }
}