{
  "step": 84,
  "lambda_s": 25.927889180933953,
  "n_active": 8,
  "val_balacc": 0.45079789680441806,
  "val_auc": 0.7509737004494323,
  "val_loss": 1.606948796659708,
  "train_loss": 1.562510724976232,
  "epochs_used": 7,
  "time_sec": 7.468505382537842,
  "just_eliminated": [],
  "issue4_fix": "best_within_step_checkpoint_restored",
  "norms": {
    "asymmetry": 0.0,
    "border_irregularity": 0.0,
    "colour_variation": 0.0,
    "diameter_large": 2.7986385822296143,
    "atypical_pigment_network": 0.0,
    "blue_white_veil": 0.0,
    "atypical_vascular_pattern": 0.0,
    "irregular_streaks": 0.0,
    "irregular_pigmentation": 0.0,
    "irregular_dots_globules": 0.0,
    "regression_structures": 0.0,
    "symmetric_uniform": 3.166456937789917,
    "reticular_network": 1.272720217704773,
    "arborizing_vessels": 0.0,
    "blue_grey_ovoid_nests": 1.3029043674468994,
    "ulceration": 0.0,
    "scaly_surface": 3.175572633743286,
    "strawberry_pattern": 0.0,
    "milia_like_cysts": 0.0,
    "comedo_like_openings": 2.3255715370178223,
    "cerebriform_surface": 0.0,
    "central_white_patch": 2.5812766551971436,
    "red_lacunae": 2.3209526538848877,
    "healthy_skin": 0.0
  }
}