{
  "step": 62,
  "lambda_s": 10.94041250437497,
  "n_active": 10,
  "val_balacc": 0.4777758937152258,
  "val_auc": 0.8044001168885354,
  "val_loss": 1.4882503598928452,
  "train_loss": 1.3220751744278638,
  "epochs_used": 11,
  "time_sec": 12.17805290222168,
  "just_eliminated": [
    "arborizing_vessels",
    "ulceration"
  ],
  "issue4_fix": "best_within_step_checkpoint_restored",
  "norms": {
    "asymmetry": 0.0,
    "border_irregularity": 0.0,
    "colour_variation": 0.0,
    "diameter_large": 3.463395833969116,
    "atypical_pigment_network": 3.07006573677063,
    "blue_white_veil": 0.0,
    "atypical_vascular_pattern": 0.0,
    "irregular_streaks": 0.0,
    "irregular_pigmentation": 0.0,
    "irregular_dots_globules": 0.0,
    "regression_structures": 0.0,
    "symmetric_uniform": 2.2512362003326416,
    "reticular_network": 3.5740206241607666,
    "arborizing_vessels": 0.0,
    "blue_grey_ovoid_nests": 3.142047882080078,
    "ulceration": 0.0,
    "scaly_surface": 3.844350576400757,
    "strawberry_pattern": 0.0,
    "milia_like_cysts": 1.969897985458374,
    "comedo_like_openings": 3.3426644802093506,
    "cerebriform_surface": 0.0,
    "central_white_patch": 3.388655662536621,
    "red_lacunae": 3.406493663787842,
    "healthy_skin": 0.0
  }
}