{
  "step": 27,
  "lambda_s": 2.772469784746919,
  "n_active": 20,
  "val_balacc": 0.522186370743778,
  "val_auc": 0.8261989169701303,
  "val_loss": 1.4325775615870953,
  "train_loss": 1.2255751013310434,
  "epochs_used": 10,
  "time_sec": 10.808943033218384,
  "just_eliminated": [],
  "issue4_fix": "best_within_step_checkpoint_restored",
  "norms": {
    "asymmetry": 3.032989263534546,
    "border_irregularity": 0.0,
    "colour_variation": 0.0,
    "diameter_large": 4.121041774749756,
    "atypical_pigment_network": 3.981518507003784,
    "blue_white_veil": 2.4229342937469482,
    "atypical_vascular_pattern": 1.4661529064178467,
    "irregular_streaks": 1.0391619205474854,
    "irregular_pigmentation": 0.0,
    "irregular_dots_globules": 1.5346145629882812,
    "regression_structures": 0.0,
    "symmetric_uniform": 3.342567205429077,
    "reticular_network": 4.574153423309326,
    "arborizing_vessels": 3.9549319744110107,
    "blue_grey_ovoid_nests": 3.8581769466400146,
    "ulceration": 2.5643017292022705,
    "scaly_surface": 5.096884250640869,
    "strawberry_pattern": 3.5544793605804443,
    "milia_like_cysts": 2.7630059719085693,
    "comedo_like_openings": 3.857863426208496,
    "cerebriform_surface": 3.118513584136963,
    "central_white_patch": 4.090699195861816,
    "red_lacunae": 4.783514022827148,
    "healthy_skin": 2.302492141723633
  }
}