{
  "step": 83,
  "lambda_s": 24.930662673974954,
  "n_active": 8,
  "val_balacc": 0.44819698894035237,
  "val_auc": 0.7555376557158812,
  "val_loss": 1.601302606984973,
  "train_loss": 1.5452905667674348,
  "epochs_used": 7,
  "time_sec": 7.396987676620483,
  "just_eliminated": [],
  "issue4_fix": "best_within_step_checkpoint_restored",
  "norms": {
    "asymmetry": 0.0,
    "border_irregularity": 0.0,
    "colour_variation": 0.0,
    "diameter_large": 2.9484989643096924,
    "atypical_pigment_network": 0.0,
    "blue_white_veil": 0.0,
    "atypical_vascular_pattern": 0.0,
    "irregular_streaks": 0.0,
    "irregular_pigmentation": 0.0,
    "irregular_dots_globules": 0.0,
    "regression_structures": 0.0,
    "symmetric_uniform": 3.1427619457244873,
    "reticular_network": 1.6232895851135254,
    "arborizing_vessels": 0.0,
    "blue_grey_ovoid_nests": 1.6385420560836792,
    "ulceration": 0.0,
    "scaly_surface": 3.162224769592285,
    "strawberry_pattern": 0.0,
    "milia_like_cysts": 0.0,
    "comedo_like_openings": 2.3343312740325928,
    "cerebriform_surface": 0.0,
    "central_white_patch": 2.6411681175231934,
    "red_lacunae": 2.33998966217041,
    "healthy_skin": 0.0
  }
}