{
  "step": 61,
  "lambda_s": 10.519627408052855,
  "n_active": 12,
  "val_balacc": 0.4768904596271041,
  "val_auc": 0.8093534325878672,
  "val_loss": 1.4770288541913033,
  "train_loss": 1.2998206465508544,
  "epochs_used": 7,
  "time_sec": 7.699755668640137,
  "just_eliminated": [],
  "issue4_fix": "best_within_step_checkpoint_restored",
  "norms": {
    "asymmetry": 0.0,
    "border_irregularity": 0.0,
    "colour_variation": 0.0,
    "diameter_large": 3.505784034729004,
    "atypical_pigment_network": 3.1025071144104004,
    "blue_white_veil": 0.0,
    "atypical_vascular_pattern": 0.0,
    "irregular_streaks": 0.0,
    "irregular_pigmentation": 0.0,
    "irregular_dots_globules": 0.0,
    "regression_structures": 0.0,
    "symmetric_uniform": 2.3401918411254883,
    "reticular_network": 3.656930685043335,
    "arborizing_vessels": 0.6376139521598816,
    "blue_grey_ovoid_nests": 3.274015188217163,
    "ulceration": 1.1494141817092896,
    "scaly_surface": 4.016058444976807,
    "strawberry_pattern": 0.0,
    "milia_like_cysts": 1.897634506225586,
    "comedo_like_openings": 3.44670033454895,
    "cerebriform_surface": 0.0,
    "central_white_patch": 3.61240816116333,
    "red_lacunae": 3.58801007270813,
    "healthy_skin": 0.0
  }
}