{
  "step": 67,
  "lambda_s": 13.310684626901063,
  "n_active": 10,
  "val_balacc": 0.47840782003057214,
  "val_auc": 0.8023268085581231,
  "val_loss": 1.5064782314002514,
  "train_loss": 1.3696474764741966,
  "epochs_used": 8,
  "time_sec": 9.516955852508545,
  "just_eliminated": [],
  "issue4_fix": "best_within_step_checkpoint_restored",
  "norms": {
    "asymmetry": 0.0,
    "border_irregularity": 0.0,
    "colour_variation": 0.0,
    "diameter_large": 3.343764066696167,
    "atypical_pigment_network": 2.9617016315460205,
    "blue_white_veil": 0.0,
    "atypical_vascular_pattern": 0.0,
    "irregular_streaks": 0.0,
    "irregular_pigmentation": 0.0,
    "irregular_dots_globules": 0.0,
    "regression_structures": 0.0,
    "symmetric_uniform": 2.4290835857391357,
    "reticular_network": 3.5383925437927246,
    "arborizing_vessels": 0.0,
    "blue_grey_ovoid_nests": 2.9812240600585938,
    "ulceration": 0.0,
    "scaly_surface": 3.743638753890991,
    "strawberry_pattern": 0.0,
    "milia_like_cysts": 1.906935691833496,
    "comedo_like_openings": 3.3736908435821533,
    "cerebriform_surface": 0.0,
    "central_white_patch": 3.0947184562683105,
    "red_lacunae": 3.2005951404571533,
    "healthy_skin": 0.0
  }
}