{
  "step": 10,
  "lambda_s": 1.423311812421485,
  "n_active": 24,
  "val_balacc": 0.490487415945225,
  "val_auc": 0.8346357039263781,
  "val_loss": 1.4927951246500015,
  "train_loss": 1.1265831747803265,
  "epochs_used": 17,
  "time_sec": 21.058849573135376,
  "just_eliminated": [],
  "issue4_fix": "best_within_step_checkpoint_restored",
  "norms": {
    "asymmetry": 4.97237491607666,
    "border_irregularity": 3.7367053031921387,
    "colour_variation": 3.4570465087890625,
    "diameter_large": 5.554683208465576,
    "atypical_pigment_network": 5.049873352050781,
    "blue_white_veil": 4.456173896789551,
    "atypical_vascular_pattern": 4.35984468460083,
    "irregular_streaks": 3.986541748046875,
    "irregular_pigmentation": 3.482783317565918,
    "irregular_dots_globules": 4.142653942108154,
    "regression_structures": 2.925100326538086,
    "symmetric_uniform": 4.963042259216309,
    "reticular_network": 5.6428070068359375,
    "arborizing_vessels": 5.402620315551758,
    "blue_grey_ovoid_nests": 5.116604328155518,
    "ulceration": 4.281938552856445,
    "scaly_surface": 5.92122220993042,
    "strawberry_pattern": 4.852536201477051,
    "milia_like_cysts": 4.703344821929932,
    "comedo_like_openings": 4.852062702178955,
    "cerebriform_surface": 4.532337665557861,
    "central_white_patch": 4.936929225921631,
    "red_lacunae": 5.87955379486084,
    "healthy_skin": 4.413812160491943
  }
}