{
  "step": 45,
  "lambda_s": 5.616515078328274,
  "n_active": 14,
  "val_balacc": 0.5018260491335388,
  "val_auc": 0.8201467511538976,
  "val_loss": 1.425336565822363,
  "train_loss": 1.2958242584432789,
  "epochs_used": 7,
  "time_sec": 8.737926721572876,
  "just_eliminated": [],
  "issue4_fix": "best_within_step_checkpoint_restored",
  "norms": {
    "asymmetry": 0.0,
    "border_irregularity": 0.0,
    "colour_variation": 0.0,
    "diameter_large": 3.5757577419281006,
    "atypical_pigment_network": 3.440687656402588,
    "blue_white_veil": 0.0,
    "atypical_vascular_pattern": 0.0,
    "irregular_streaks": 0.0,
    "irregular_pigmentation": 0.0,
    "irregular_dots_globules": 0.0,
    "regression_structures": 0.0,
    "symmetric_uniform": 2.8738136291503906,
    "reticular_network": 3.933696746826172,
    "arborizing_vessels": 2.8088250160217285,
    "blue_grey_ovoid_nests": 3.498100519180298,
    "ulceration": 2.082663059234619,
    "scaly_surface": 4.383824825286865,
    "strawberry_pattern": 1.2448031902313232,
    "milia_like_cysts": 1.9701836109161377,
    "comedo_like_openings": 3.5540771484375,
    "cerebriform_surface": 1.5870596170425415,
    "central_white_patch": 4.0199432373046875,
    "red_lacunae": 3.9606053829193115,
    "healthy_skin": 0.0
  }
}