{
  "step": 70,
  "lambda_s": 14.972709952154437,
  "n_active": 9,
  "val_balacc": 0.469698280881668,
  "val_auc": 0.7814614159428791,
  "val_loss": 1.4943957421928644,
  "train_loss": 1.4276006276699555,
  "epochs_used": 7,
  "time_sec": 8.53031611442566,
  "just_eliminated": [],
  "issue4_fix": "best_within_step_checkpoint_restored",
  "norms": {
    "asymmetry": 0.0,
    "border_irregularity": 0.0,
    "colour_variation": 0.0,
    "diameter_large": 3.3359017372131348,
    "atypical_pigment_network": 2.4241116046905518,
    "blue_white_veil": 0.0,
    "atypical_vascular_pattern": 0.0,
    "irregular_streaks": 0.0,
    "irregular_pigmentation": 0.0,
    "irregular_dots_globules": 0.0,
    "regression_structures": 0.0,
    "symmetric_uniform": 2.6118485927581787,
    "reticular_network": 3.3582379817962646,
    "arborizing_vessels": 0.0,
    "blue_grey_ovoid_nests": 2.8337273597717285,
    "ulceration": 0.0,
    "scaly_surface": 3.5475010871887207,
    "strawberry_pattern": 0.0,
    "milia_like_cysts": 0.0,
    "comedo_like_openings": 2.6765875816345215,
    "cerebriform_surface": 0.0,
    "central_white_patch": 3.0732455253601074,
    "red_lacunae": 2.6812589168548584,
    "healthy_skin": 0.0
  }
}