{
  "step": 25,
  "lambda_s": 2.5633041648917523,
  "n_active": 24,
  "val_balacc": 0.5001470128141625,
  "val_auc": 0.83088481724037,
  "val_loss": 1.6175868213176727,
  "train_loss": 1.1948677375634313,
  "epochs_used": 7,
  "time_sec": 7.640161514282227,
  "just_eliminated": [],
  "issue4_fix": "best_within_step_checkpoint_restored",
  "norms": {
    "asymmetry": 3.731121778488159,
    "border_irregularity": 0.6008986830711365,
    "colour_variation": 0.2641899883747101,
    "diameter_large": 4.440093994140625,
    "atypical_pigment_network": 4.106281757354736,
    "blue_white_veil": 3.1487159729003906,
    "atypical_vascular_pattern": 2.545027732849121,
    "irregular_streaks": 2.220226764678955,
    "irregular_pigmentation": 0.5699641704559326,
    "irregular_dots_globules": 2.274442434310913,
    "regression_structures": 0.24592284858226776,
    "symmetric_uniform": 3.6668543815612793,
    "reticular_network": 4.845884799957275,
    "arborizing_vessels": 4.512594699859619,
    "blue_grey_ovoid_nests": 4.087161540985107,
    "ulceration": 3.028589963912964,
    "scaly_surface": 5.283417224884033,
    "strawberry_pattern": 3.9448795318603516,
    "milia_like_cysts": 3.3859713077545166,
    "comedo_like_openings": 4.1562604904174805,
    "cerebriform_surface": 3.5906031131744385,
    "central_white_patch": 4.281917095184326,
    "red_lacunae": 5.04207706451416,
    "healthy_skin": 2.9002630710601807
  }
}