{
  "step": 36,
  "lambda_s": 3.946088994211942,
  "n_active": 15,
  "val_balacc": 0.516896194547535,
  "val_auc": 0.8263512631075054,
  "val_loss": 1.41792568936944,
  "train_loss": 1.1928702634417105,
  "epochs_used": 8,
  "time_sec": 9.65830683708191,
  "just_eliminated": [],
  "issue4_fix": "best_within_step_checkpoint_restored",
  "norms": {
    "asymmetry": 1.1173062324523926,
    "border_irregularity": 0.0,
    "colour_variation": 0.0,
    "diameter_large": 3.7134835720062256,
    "atypical_pigment_network": 3.9540247917175293,
    "blue_white_veil": 0.0,
    "atypical_vascular_pattern": 0.0,
    "irregular_streaks": 0.0,
    "irregular_pigmentation": 0.0,
    "irregular_dots_globules": 0.0,
    "regression_structures": 0.0,
    "symmetric_uniform": 3.02710223197937,
    "reticular_network": 4.251861095428467,
    "arborizing_vessels": 3.310603141784668,
    "blue_grey_ovoid_nests": 3.660289764404297,
    "ulceration": 2.21771240234375,
    "scaly_surface": 4.704482078552246,
    "strawberry_pattern": 2.577432155609131,
    "milia_like_cysts": 1.8457189798355103,
    "comedo_like_openings": 3.711301565170288,
    "cerebriform_surface": 2.2697737216949463,
    "central_white_patch": 4.168726921081543,
    "red_lacunae": 4.232553005218506,
    "healthy_skin": 0.0
  }
}