{
  "step": 17,
  "lambda_s": 1.8729812457271933,
  "n_active": 24,
  "val_balacc": 0.4911435018394375,
  "val_auc": 0.8346381082516042,
  "val_loss": 1.5166842117905617,
  "train_loss": 1.131614070009918,
  "epochs_used": 15,
  "time_sec": 18.39393973350525,
  "just_eliminated": [],
  "issue4_fix": "best_within_step_checkpoint_restored",
  "norms": {
    "asymmetry": 4.349742889404297,
    "border_irregularity": 2.386624813079834,
    "colour_variation": 1.8410407304763794,
    "diameter_large": 4.933022499084473,
    "atypical_pigment_network": 4.468972682952881,
    "blue_white_veil": 3.7904927730560303,
    "atypical_vascular_pattern": 3.435739278793335,
    "irregular_streaks": 3.0582079887390137,
    "irregular_pigmentation": 2.2270243167877197,
    "irregular_dots_globules": 3.1876885890960693,
    "regression_structures": 1.504578948020935,
    "symmetric_uniform": 4.227399826049805,
    "reticular_network": 5.1814656257629395,
    "arborizing_vessels": 4.916845798492432,
    "blue_grey_ovoid_nests": 4.515066146850586,
    "ulceration": 3.571030378341675,
    "scaly_surface": 5.550106048583984,
    "strawberry_pattern": 4.400627613067627,
    "milia_like_cysts": 3.9818079471588135,
    "comedo_like_openings": 4.426996231079102,
    "cerebriform_surface": 4.0158538818359375,
    "central_white_patch": 4.551321029663086,
    "red_lacunae": 5.430514335632324,
    "healthy_skin": 3.697037696838379
  }
}