{
  "step": 68,
  "lambda_s": 13.843112011977105,
  "n_active": 10,
  "val_balacc": 0.4732483806902489,
  "val_auc": 0.7980251371210202,
  "val_loss": 1.5145178847014904,
  "train_loss": 1.3945950140543328,
  "epochs_used": 11,
  "time_sec": 13.39439868927002,
  "just_eliminated": [],
  "issue4_fix": "best_within_step_checkpoint_restored",
  "norms": {
    "asymmetry": 0.0,
    "border_irregularity": 0.0,
    "colour_variation": 0.0,
    "diameter_large": 3.3981270790100098,
    "atypical_pigment_network": 2.8276782035827637,
    "blue_white_veil": 0.0,
    "atypical_vascular_pattern": 0.0,
    "irregular_streaks": 0.0,
    "irregular_pigmentation": 0.0,
    "irregular_dots_globules": 0.0,
    "regression_structures": 0.0,
    "symmetric_uniform": 2.5109620094299316,
    "reticular_network": 3.4756271839141846,
    "arborizing_vessels": 0.0,
    "blue_grey_ovoid_nests": 2.875762462615967,
    "ulceration": 0.0,
    "scaly_surface": 3.6807308197021484,
    "strawberry_pattern": 0.0,
    "milia_like_cysts": 1.7484344244003296,
    "comedo_like_openings": 3.229069948196411,
    "cerebriform_surface": 0.0,
    "central_white_patch": 3.1102240085601807,
    "red_lacunae": 2.9949707984924316,
    "healthy_skin": 0.0
  }
}