{
  "step": 43,
  "lambda_s": 5.192783911176289,
  "n_active": 14,
  "val_balacc": 0.5138264517834374,
  "val_auc": 0.819272096221152,
  "val_loss": 1.4088869281113148,
  "train_loss": 1.2079078359888915,
  "epochs_used": 8,
  "time_sec": 10.355568885803223,
  "just_eliminated": [],
  "issue4_fix": "best_within_step_checkpoint_restored",
  "norms": {
    "asymmetry": 0.0,
    "border_irregularity": 0.0,
    "colour_variation": 0.0,
    "diameter_large": 3.574678421020508,
    "atypical_pigment_network": 3.5002942085266113,
    "blue_white_veil": 0.0,
    "atypical_vascular_pattern": 0.0,
    "irregular_streaks": 0.0,
    "irregular_pigmentation": 0.0,
    "irregular_dots_globules": 0.0,
    "regression_structures": 0.0,
    "symmetric_uniform": 2.8983709812164307,
    "reticular_network": 3.9932708740234375,
    "arborizing_vessels": 2.877209424972534,
    "blue_grey_ovoid_nests": 3.505403995513916,
    "ulceration": 2.081921100616455,
    "scaly_surface": 4.4308905601501465,
    "strawberry_pattern": 1.6467992067337036,
    "milia_like_cysts": 1.839479923248291,
    "comedo_like_openings": 3.588752508163452,
    "cerebriform_surface": 1.7702288627624512,
    "central_white_patch": 4.028650760650635,
    "red_lacunae": 3.983530044555664,
    "healthy_skin": 0.0
  }
}