{
  "step": 59,
  "lambda_s": 9.725986878747092,
  "n_active": 12,
  "val_balacc": 0.49123616583764135,
  "val_auc": 0.8135155611880229,
  "val_loss": 1.4570854753255844,
  "train_loss": 1.3212378347202078,
  "epochs_used": 8,
  "time_sec": 8.61555290222168,
  "just_eliminated": [],
  "issue4_fix": "best_within_step_checkpoint_restored",
  "norms": {
    "asymmetry": 0.0,
    "border_irregularity": 0.0,
    "colour_variation": 0.0,
    "diameter_large": 3.5199785232543945,
    "atypical_pigment_network": 3.1338860988616943,
    "blue_white_veil": 0.0,
    "atypical_vascular_pattern": 0.0,
    "irregular_streaks": 0.0,
    "irregular_pigmentation": 0.0,
    "irregular_dots_globules": 0.0,
    "regression_structures": 0.0,
    "symmetric_uniform": 2.3666043281555176,
    "reticular_network": 3.565908908843994,
    "arborizing_vessels": 1.32290780544281,
    "blue_grey_ovoid_nests": 3.3242275714874268,
    "ulceration": 1.437420129776001,
    "scaly_surface": 4.104286193847656,
    "strawberry_pattern": 0.0,
    "milia_like_cysts": 2.0484707355499268,
    "comedo_like_openings": 3.4139111042022705,
    "cerebriform_surface": 0.0,
    "central_white_patch": 3.6130213737487793,
    "red_lacunae": 3.6375675201416016,
    "healthy_skin": 0.0
  }
}