{
  "step": 34,
  "lambda_s": 3.648381096719621,
  "n_active": 15,
  "val_balacc": 0.5224617771716119,
  "val_auc": 0.8261386703331021,
  "val_loss": 1.4200454093515873,
  "train_loss": 1.199019546081239,
  "epochs_used": 8,
  "time_sec": 9.312418222427368,
  "just_eliminated": [],
  "issue4_fix": "best_within_step_checkpoint_restored",
  "norms": {
    "asymmetry": 1.2771726846694946,
    "border_irregularity": 0.0,
    "colour_variation": 0.0,
    "diameter_large": 3.7711431980133057,
    "atypical_pigment_network": 3.9993815422058105,
    "blue_white_veil": 0.0,
    "atypical_vascular_pattern": 0.0,
    "irregular_streaks": 0.0,
    "irregular_pigmentation": 0.0,
    "irregular_dots_globules": 0.0,
    "regression_structures": 0.0,
    "symmetric_uniform": 3.081051826477051,
    "reticular_network": 4.310008525848389,
    "arborizing_vessels": 3.3222765922546387,
    "blue_grey_ovoid_nests": 3.6601319313049316,
    "ulceration": 2.2927660942077637,
    "scaly_surface": 4.71906852722168,
    "strawberry_pattern": 2.5616564750671387,
    "milia_like_cysts": 1.8755165338516235,
    "comedo_like_openings": 3.7405683994293213,
    "cerebriform_surface": 2.3308329582214355,
    "central_white_patch": 4.200387001037598,
    "red_lacunae": 4.202365875244141,
    "healthy_skin": 0.0
  }
}