{
  "step": 23,
  "lambda_s": 2.369918791504948,
  "n_active": 24,
  "val_balacc": 0.4999605647142041,
  "val_auc": 0.8358992991306391,
  "val_loss": 1.6014032438397408,
  "train_loss": 1.1021851832661802,
  "epochs_used": 8,
  "time_sec": 8.817004203796387,
  "just_eliminated": [],
  "issue4_fix": "best_within_step_checkpoint_restored",
  "norms": {
    "asymmetry": 3.7734081745147705,
    "border_irregularity": 0.7241020202636719,
    "colour_variation": 0.34633970260620117,
    "diameter_large": 4.478480815887451,
    "atypical_pigment_network": 4.132768630981445,
    "blue_white_veil": 3.1987266540527344,
    "atypical_vascular_pattern": 2.620778799057007,
    "irregular_streaks": 2.2923905849456787,
    "irregular_pigmentation": 0.7692400217056274,
    "irregular_dots_globules": 2.3483715057373047,
    "regression_structures": 0.2960021197795868,
    "symmetric_uniform": 3.710983991622925,
    "reticular_network": 4.91837739944458,
    "arborizing_vessels": 4.5556206703186035,
    "blue_grey_ovoid_nests": 4.129457473754883,
    "ulceration": 3.0513579845428467,
    "scaly_surface": 5.311577320098877,
    "strawberry_pattern": 3.9902470111846924,
    "milia_like_cysts": 3.4365832805633545,
    "comedo_like_openings": 4.159731864929199,
    "cerebriform_surface": 3.624403953552246,
    "central_white_patch": 4.311502933502197,
    "red_lacunae": 5.078244209289551,
    "healthy_skin": 2.9819395542144775
  }
}