{
  "step": 21,
  "lambda_s": 2.191123143033421,
  "n_active": 24,
  "val_balacc": 0.4947130428752193,
  "val_auc": 0.8312113686309518,
  "val_loss": 1.560903713107109,
  "train_loss": 1.1674523031429513,
  "epochs_used": 10,
  "time_sec": 11.597170352935791,
  "just_eliminated": [],
  "issue4_fix": "best_within_step_checkpoint_restored",
  "norms": {
    "asymmetry": 3.825859308242798,
    "border_irregularity": 0.9489905834197998,
    "colour_variation": 0.5134444832801819,
    "diameter_large": 4.540396213531494,
    "atypical_pigment_network": 4.179477214813232,
    "blue_white_veil": 3.259751081466675,
    "atypical_vascular_pattern": 2.7233004570007324,
    "irregular_streaks": 2.3858025074005127,
    "irregular_pigmentation": 1.004878282546997,
    "irregular_dots_globules": 2.435171127319336,
    "regression_structures": 0.41273120045661926,
    "symmetric_uniform": 3.7558610439300537,
    "reticular_network": 4.950428485870361,
    "arborizing_vessels": 4.606090068817139,
    "blue_grey_ovoid_nests": 4.192770004272461,
    "ulceration": 3.086282968521118,
    "scaly_surface": 5.3283915519714355,
    "strawberry_pattern": 3.9891104698181152,
    "milia_like_cysts": 3.516420364379883,
    "comedo_like_openings": 4.185823917388916,
    "cerebriform_surface": 3.654468536376953,
    "central_white_patch": 4.342050552368164,
    "red_lacunae": 5.121209144592285,
    "healthy_skin": 3.0550436973571777
  }
}