{
  "step": 78,
  "lambda_s": 20.491187441213594,
  "n_active": 9,
  "val_balacc": 0.45626834045416487,
  "val_auc": 0.7769503912550763,
  "val_loss": 1.5670609064400196,
  "train_loss": 1.4592222252937213,
  "epochs_used": 7,
  "time_sec": 7.616249084472656,
  "just_eliminated": [],
  "issue4_fix": "best_within_step_checkpoint_restored",
  "norms": {
    "asymmetry": 0.0,
    "border_irregularity": 0.0,
    "colour_variation": 0.0,
    "diameter_large": 3.317941665649414,
    "atypical_pigment_network": 1.775542140007019,
    "blue_white_veil": 0.0,
    "atypical_vascular_pattern": 0.0,
    "irregular_streaks": 0.0,
    "irregular_pigmentation": 0.0,
    "irregular_dots_globules": 0.0,
    "regression_structures": 0.0,
    "symmetric_uniform": 2.859142541885376,
    "reticular_network": 2.4870569705963135,
    "arborizing_vessels": 0.0,
    "blue_grey_ovoid_nests": 2.484907388687134,
    "ulceration": 0.0,
    "scaly_surface": 3.4197239875793457,
    "strawberry_pattern": 0.0,
    "milia_like_cysts": 0.0,
    "comedo_like_openings": 2.5274996757507324,
    "cerebriform_surface": 0.0,
    "central_white_patch": 2.8436107635498047,
    "red_lacunae": 2.611083507537842,
    "healthy_skin": 0.0
  }
}