{
  "step": 58,
  "lambda_s": 9.351910460333741,
  "n_active": 12,
  "val_balacc": 0.48683505457598075,
  "val_auc": 0.8118853720788132,
  "val_loss": 1.45552646368742,
  "train_loss": 1.3011429271246695,
  "epochs_used": 8,
  "time_sec": 8.806191205978394,
  "just_eliminated": [],
  "issue4_fix": "best_within_step_checkpoint_restored",
  "norms": {
    "asymmetry": 0.0,
    "border_irregularity": 0.0,
    "colour_variation": 0.0,
    "diameter_large": 3.5454342365264893,
    "atypical_pigment_network": 3.2496063709259033,
    "blue_white_veil": 0.0,
    "atypical_vascular_pattern": 0.0,
    "irregular_streaks": 0.0,
    "irregular_pigmentation": 0.0,
    "irregular_dots_globules": 0.0,
    "regression_structures": 0.0,
    "symmetric_uniform": 2.410245656967163,
    "reticular_network": 3.65852952003479,
    "arborizing_vessels": 1.5275508165359497,
    "blue_grey_ovoid_nests": 3.4051129817962646,
    "ulceration": 1.6015554666519165,
    "scaly_surface": 4.089385986328125,
    "strawberry_pattern": 0.0,
    "milia_like_cysts": 2.0471267700195312,
    "comedo_like_openings": 3.4293875694274902,
    "cerebriform_surface": 0.0,
    "central_white_patch": 3.623833656311035,
    "red_lacunae": 3.677539587020874,
    "healthy_skin": 0.0
  }
}