{
  "step": 85,
  "lambda_s": 26.96500474817131,
  "n_active": 8,
  "val_balacc": 0.4557605806304838,
  "val_auc": 0.7448164327378133,
  "val_loss": 1.6275930404663086,
  "train_loss": 1.5885707471023311,
  "epochs_used": 7,
  "time_sec": 7.56195592880249,
  "just_eliminated": [],
  "issue4_fix": "best_within_step_checkpoint_restored",
  "norms": {
    "asymmetry": 0.0,
    "border_irregularity": 0.0,
    "colour_variation": 0.0,
    "diameter_large": 2.6500179767608643,
    "atypical_pigment_network": 0.0,
    "blue_white_veil": 0.0,
    "atypical_vascular_pattern": 0.0,
    "irregular_streaks": 0.0,
    "irregular_pigmentation": 0.0,
    "irregular_dots_globules": 0.0,
    "regression_structures": 0.0,
    "symmetric_uniform": 3.1031792163848877,
    "reticular_network": 0.6597469449043274,
    "arborizing_vessels": 0.0,
    "blue_grey_ovoid_nests": 0.8357066512107849,
    "ulceration": 0.0,
    "scaly_surface": 3.0605385303497314,
    "strawberry_pattern": 0.0,
    "milia_like_cysts": 0.0,
    "comedo_like_openings": 2.24931263923645,
    "cerebriform_surface": 0.0,
    "central_white_patch": 2.4505505561828613,
    "red_lacunae": 2.1653075218200684,
    "healthy_skin": 0.0
  }
}