{
  "step": 64,
  "lambda_s": 11.833150164731968,
  "n_active": 10,
  "val_balacc": 0.4903914026649683,
  "val_auc": 0.808572964439603,
  "val_loss": 1.4927629120647907,
  "train_loss": 1.3804710209740796,
  "epochs_used": 10,
  "time_sec": 11.392065048217773,
  "just_eliminated": [],
  "issue4_fix": "best_within_step_checkpoint_restored",
  "norms": {
    "asymmetry": 0.0,
    "border_irregularity": 0.0,
    "colour_variation": 0.0,
    "diameter_large": 3.4933624267578125,
    "atypical_pigment_network": 3.003154993057251,
    "blue_white_veil": 0.0,
    "atypical_vascular_pattern": 0.0,
    "irregular_streaks": 0.0,
    "irregular_pigmentation": 0.0,
    "irregular_dots_globules": 0.0,
    "regression_structures": 0.0,
    "symmetric_uniform": 2.4358785152435303,
    "reticular_network": 3.552905321121216,
    "arborizing_vessels": 0.0,
    "blue_grey_ovoid_nests": 3.160177230834961,
    "ulceration": 0.0,
    "scaly_surface": 3.7974302768707275,
    "strawberry_pattern": 0.0,
    "milia_like_cysts": 2.0621185302734375,
    "comedo_like_openings": 3.407162666320801,
    "cerebriform_surface": 0.0,
    "central_white_patch": 3.304412841796875,
    "red_lacunae": 3.278839588165283,
    "healthy_skin": 0.0
  }
}