{
  "step": 73,
  "lambda_s": 16.84226240762025,
  "n_active": 9,
  "val_balacc": 0.4611330429128993,
  "val_auc": 0.7839524162700818,
  "val_loss": 1.5133408345282078,
  "train_loss": 1.4203451738262534,
  "epochs_used": 7,
  "time_sec": 8.588031530380249,
  "just_eliminated": [],
  "issue4_fix": "best_within_step_checkpoint_restored",
  "norms": {
    "asymmetry": 0.0,
    "border_irregularity": 0.0,
    "colour_variation": 0.0,
    "diameter_large": 3.3254177570343018,
    "atypical_pigment_network": 2.35097599029541,
    "blue_white_veil": 0.0,
    "atypical_vascular_pattern": 0.0,
    "irregular_streaks": 0.0,
    "irregular_pigmentation": 0.0,
    "irregular_dots_globules": 0.0,
    "regression_structures": 0.0,
    "symmetric_uniform": 2.7123587131500244,
    "reticular_network": 3.1496241092681885,
    "arborizing_vessels": 0.0,
    "blue_grey_ovoid_nests": 2.7962992191314697,
    "ulceration": 0.0,
    "scaly_surface": 3.5602986812591553,
    "strawberry_pattern": 0.0,
    "milia_like_cysts": 0.0,
    "comedo_like_openings": 2.6768157482147217,
    "cerebriform_surface": 0.0,
    "central_white_patch": 3.03475022315979,
    "red_lacunae": 2.8220109939575195,
    "healthy_skin": 0.0
  }
}