{
  "step": 26,
  "lambda_s": 2.665836331487422,
  "n_active": 20,
  "val_balacc": 0.5087038611872285,
  "val_auc": 0.8325681956957162,
  "val_loss": 1.4361467473208904,
  "train_loss": 1.1412012697305358,
  "epochs_used": 27,
  "time_sec": 31.32522201538086,
  "just_eliminated": [
    "border_irregularity",
    "colour_variation",
    "irregular_pigmentation",
    "regression_structures"
  ],
  "issue4_fix": "best_within_step_checkpoint_restored",
  "norms": {
    "asymmetry": 3.1549601554870605,
    "border_irregularity": 0.0,
    "colour_variation": 0.0,
    "diameter_large": 4.149415493011475,
    "atypical_pigment_network": 3.9746060371398926,
    "blue_white_veil": 2.525566577911377,
    "atypical_vascular_pattern": 1.6432981491088867,
    "irregular_streaks": 1.2626936435699463,
    "irregular_pigmentation": 0.0,
    "irregular_dots_globules": 1.63133704662323,
    "regression_structures": 0.0,
    "symmetric_uniform": 3.378645896911621,
    "reticular_network": 4.63260555267334,
    "arborizing_vessels": 4.010430812835693,
    "blue_grey_ovoid_nests": 3.878380060195923,
    "ulceration": 2.6067612171173096,
    "scaly_surface": 5.088069915771484,
    "strawberry_pattern": 3.5834689140319824,
    "milia_like_cysts": 2.8527185916900635,
    "comedo_like_openings": 3.8777849674224854,
    "cerebriform_surface": 3.208702325820923,
    "central_white_patch": 4.099390983581543,
    "red_lacunae": 4.755398750305176,
    "healthy_skin": 2.404097318649292
  }
}