{
  "step": 54,
  "lambda_s": 7.994052255628014,
  "n_active": 12,
  "val_balacc": 0.493147428937232,
  "val_auc": 0.8166384646493547,
  "val_loss": 1.4350044280290604,
  "train_loss": 1.3104528072910617,
  "epochs_used": 8,
  "time_sec": 8.733880043029785,
  "just_eliminated": [],
  "issue4_fix": "best_within_step_checkpoint_restored",
  "norms": {
    "asymmetry": 0.0,
    "border_irregularity": 0.0,
    "colour_variation": 0.0,
    "diameter_large": 3.4898414611816406,
    "atypical_pigment_network": 3.3082315921783447,
    "blue_white_veil": 0.0,
    "atypical_vascular_pattern": 0.0,
    "irregular_streaks": 0.0,
    "irregular_pigmentation": 0.0,
    "irregular_dots_globules": 0.0,
    "regression_structures": 0.0,
    "symmetric_uniform": 2.526893138885498,
    "reticular_network": 3.7561137676239014,
    "arborizing_vessels": 1.830901861190796,
    "blue_grey_ovoid_nests": 3.4839751720428467,
    "ulceration": 1.7164108753204346,
    "scaly_surface": 4.137809753417969,
    "strawberry_pattern": 0.0,
    "milia_like_cysts": 2.1721930503845215,
    "comedo_like_openings": 3.4957008361816406,
    "cerebriform_surface": 0.0,
    "central_white_patch": 3.8341643810272217,
    "red_lacunae": 3.7623870372772217,
    "healthy_skin": 0.0
  }
}