{
  "step": 77,
  "lambda_s": 19.703064847320764,
  "n_active": 9,
  "val_balacc": 0.4513439464019136,
  "val_auc": 0.776329915549594,
  "val_loss": 1.562393356114626,
  "train_loss": 1.4772612200875954,
  "epochs_used": 7,
  "time_sec": 7.691540479660034,
  "just_eliminated": [],
  "issue4_fix": "best_within_step_checkpoint_restored",
  "norms": {
    "asymmetry": 0.0,
    "border_irregularity": 0.0,
    "colour_variation": 0.0,
    "diameter_large": 3.3478305339813232,
    "atypical_pigment_network": 1.8850218057632446,
    "blue_white_veil": 0.0,
    "atypical_vascular_pattern": 0.0,
    "irregular_streaks": 0.0,
    "irregular_pigmentation": 0.0,
    "irregular_dots_globules": 0.0,
    "regression_structures": 0.0,
    "symmetric_uniform": 2.8562541007995605,
    "reticular_network": 2.5369648933410645,
    "arborizing_vessels": 0.0,
    "blue_grey_ovoid_nests": 2.5081169605255127,
    "ulceration": 0.0,
    "scaly_surface": 3.4393701553344727,
    "strawberry_pattern": 0.0,
    "milia_like_cysts": 0.0,
    "comedo_like_openings": 2.548717975616455,
    "cerebriform_surface": 0.0,
    "central_white_patch": 2.8297598361968994,
    "red_lacunae": 2.6472983360290527,
    "healthy_skin": 0.0
  }
}