{
  "step": 38,
  "lambda_s": 4.268089856139636,
  "n_active": 15,
  "val_balacc": 0.516765613980883,
  "val_auc": 0.8230668183570922,
  "val_loss": 1.4157210141420364,
  "train_loss": 1.2255043322835142,
  "epochs_used": 7,
  "time_sec": 8.404304265975952,
  "just_eliminated": [],
  "issue4_fix": "best_within_step_checkpoint_restored",
  "norms": {
    "asymmetry": 0.4077739417552948,
    "border_irregularity": 0.0,
    "colour_variation": 0.0,
    "diameter_large": 3.6137828826904297,
    "atypical_pigment_network": 3.876539945602417,
    "blue_white_veil": 0.0,
    "atypical_vascular_pattern": 0.0,
    "irregular_streaks": 0.0,
    "irregular_pigmentation": 0.0,
    "irregular_dots_globules": 0.0,
    "regression_structures": 0.0,
    "symmetric_uniform": 2.985440254211426,
    "reticular_network": 4.1900811195373535,
    "arborizing_vessels": 3.1470580101013184,
    "blue_grey_ovoid_nests": 3.608592987060547,
    "ulceration": 2.2367920875549316,
    "scaly_surface": 4.612115383148193,
    "strawberry_pattern": 2.4371747970581055,
    "milia_like_cysts": 1.8459442853927612,
    "comedo_like_openings": 3.6759049892425537,
    "cerebriform_surface": 2.1473331451416016,
    "central_white_patch": 4.109557628631592,
    "red_lacunae": 4.2067060470581055,
    "healthy_skin": 0.0
  }
}