{
  "step": 74,
  "lambda_s": 17.51595290392506,
  "n_active": 9,
  "val_balacc": 0.4679299122978723,
  "val_auc": 0.7799564663973002,
  "val_loss": 1.5250612199306488,
  "train_loss": 1.4682005869496062,
  "epochs_used": 9,
  "time_sec": 10.629330158233643,
  "just_eliminated": [],
  "issue4_fix": "best_within_step_checkpoint_restored",
  "norms": {
    "asymmetry": 0.0,
    "border_irregularity": 0.0,
    "colour_variation": 0.0,
    "diameter_large": 3.321790933609009,
    "atypical_pigment_network": 2.3167951107025146,
    "blue_white_veil": 0.0,
    "atypical_vascular_pattern": 0.0,
    "irregular_streaks": 0.0,
    "irregular_pigmentation": 0.0,
    "irregular_dots_globules": 0.0,
    "regression_structures": 0.0,
    "symmetric_uniform": 2.7086806297302246,
    "reticular_network": 2.9131686687469482,
    "arborizing_vessels": 0.0,
    "blue_grey_ovoid_nests": 2.622331380844116,
    "ulceration": 0.0,
    "scaly_surface": 3.4490485191345215,
    "strawberry_pattern": 0.0,
    "milia_like_cysts": 0.0,
    "comedo_like_openings": 2.5666675567626953,
    "cerebriform_surface": 0.0,
    "central_white_patch": 3.0009608268737793,
    "red_lacunae": 2.7360455989837646,
    "healthy_skin": 0.0
  }
}