{
  "step": 39,
  "lambda_s": 4.438813450385222,
  "n_active": 15,
  "val_balacc": 0.527464199539491,
  "val_auc": 0.8244304058965499,
  "val_loss": 1.4221865683794022,
  "train_loss": 1.1944312026462103,
  "epochs_used": 7,
  "time_sec": 8.795236587524414,
  "just_eliminated": [],
  "issue4_fix": "best_within_step_checkpoint_restored",
  "norms": {
    "asymmetry": 0.22073239088058472,
    "border_irregularity": 0.0,
    "colour_variation": 0.0,
    "diameter_large": 3.6344592571258545,
    "atypical_pigment_network": 3.8330416679382324,
    "blue_white_veil": 0.0,
    "atypical_vascular_pattern": 0.0,
    "irregular_streaks": 0.0,
    "irregular_pigmentation": 0.0,
    "irregular_dots_globules": 0.0,
    "regression_structures": 0.0,
    "symmetric_uniform": 2.9761383533477783,
    "reticular_network": 4.219663143157959,
    "arborizing_vessels": 3.1337475776672363,
    "blue_grey_ovoid_nests": 3.588181734085083,
    "ulceration": 2.243826150894165,
    "scaly_surface": 4.62999963760376,
    "strawberry_pattern": 2.3701069355010986,
    "milia_like_cysts": 1.8017545938491821,
    "comedo_like_openings": 3.6596286296844482,
    "cerebriform_surface": 2.1109585762023926,
    "central_white_patch": 4.1357550621032715,
    "red_lacunae": 4.1799702644348145,
    "healthy_skin": 0.0
  }
}