{
  "step": 47,
  "lambda_s": 6.074822708719862,
  "n_active": 14,
  "val_balacc": 0.5086459615887848,
  "val_auc": 0.8185309206339632,
  "val_loss": 1.431039210408926,
  "train_loss": 1.2321361505228139,
  "epochs_used": 9,
  "time_sec": 10.81987190246582,
  "just_eliminated": [],
  "issue4_fix": "best_within_step_checkpoint_restored",
  "norms": {
    "asymmetry": 0.0,
    "border_irregularity": 0.0,
    "colour_variation": 0.0,
    "diameter_large": 3.5175561904907227,
    "atypical_pigment_network": 3.368227958679199,
    "blue_white_veil": 0.0,
    "atypical_vascular_pattern": 0.0,
    "irregular_streaks": 0.0,
    "irregular_pigmentation": 0.0,
    "irregular_dots_globules": 0.0,
    "regression_structures": 0.0,
    "symmetric_uniform": 2.7491681575775146,
    "reticular_network": 3.885458469390869,
    "arborizing_vessels": 2.560837745666504,
    "blue_grey_ovoid_nests": 3.511291027069092,
    "ulceration": 1.998302698135376,
    "scaly_surface": 4.286606311798096,
    "strawberry_pattern": 0.6500576138496399,
    "milia_like_cysts": 1.9562636613845825,
    "comedo_like_openings": 3.476302146911621,
    "cerebriform_surface": 1.2964328527450562,
    "central_white_patch": 4.02324104309082,
    "red_lacunae": 3.902981996536255,
    "healthy_skin": 0.0
  }
}