{
  "step": 18,
  "lambda_s": 1.947900495556281,
  "n_active": 24,
  "val_balacc": 0.48448652061062314,
  "val_auc": 0.8344067155769506,
  "val_loss": 1.517739623785019,
  "train_loss": 1.1445768880072151,
  "epochs_used": 11,
  "time_sec": 13.66678237915039,
  "just_eliminated": [],
  "issue4_fix": "best_within_step_checkpoint_restored",
  "norms": {
    "asymmetry": 4.271052837371826,
    "border_irregularity": 2.1159873008728027,
    "colour_variation": 1.554511547088623,
    "diameter_large": 4.864124298095703,
    "atypical_pigment_network": 4.369297027587891,
    "blue_white_veil": 3.6671807765960693,
    "atypical_vascular_pattern": 3.3028178215026855,
    "irregular_streaks": 2.8821942806243896,
    "irregular_pigmentation": 1.9914495944976807,
    "irregular_dots_globules": 3.0099282264709473,
    "regression_structures": 1.2435890436172485,
    "symmetric_uniform": 4.147372722625732,
    "reticular_network": 5.158584117889404,
    "arborizing_vessels": 4.849188327789307,
    "blue_grey_ovoid_nests": 4.422342777252197,
    "ulceration": 3.426084041595459,
    "scaly_surface": 5.503187656402588,
    "strawberry_pattern": 4.301873207092285,
    "milia_like_cysts": 3.8878753185272217,
    "comedo_like_openings": 4.378999710083008,
    "cerebriform_surface": 3.928243637084961,
    "central_white_patch": 4.511101722717285,
    "red_lacunae": 5.408914566040039,
    "healthy_skin": 3.5333943367004395
  }
}