{
  "step": 81,
  "lambda_s": 23.04979906987329,
  "n_active": 9,
  "val_balacc": 0.46078382517681643,
  "val_auc": 0.7685618824708045,
  "val_loss": 1.5929328631609678,
  "train_loss": 1.488443061839302,
  "epochs_used": 7,
  "time_sec": 8.272242307662964,
  "just_eliminated": [],
  "issue4_fix": "best_within_step_checkpoint_restored",
  "norms": {
    "asymmetry": 0.0,
    "border_irregularity": 0.0,
    "colour_variation": 0.0,
    "diameter_large": 3.197061777114868,
    "atypical_pigment_network": 1.0758968591690063,
    "blue_white_veil": 0.0,
    "atypical_vascular_pattern": 0.0,
    "irregular_streaks": 0.0,
    "irregular_pigmentation": 0.0,
    "irregular_dots_globules": 0.0,
    "regression_structures": 0.0,
    "symmetric_uniform": 2.942685127258301,
    "reticular_network": 2.167910099029541,
    "arborizing_vessels": 0.0,
    "blue_grey_ovoid_nests": 2.1891846656799316,
    "ulceration": 0.0,
    "scaly_surface": 3.2643942832946777,
    "strawberry_pattern": 0.0,
    "milia_like_cysts": 0.0,
    "comedo_like_openings": 2.4486100673675537,
    "cerebriform_surface": 0.0,
    "central_white_patch": 2.7872211933135986,
    "red_lacunae": 2.4307873249053955,
    "healthy_skin": 0.0
  }
}