{
  "step": 75,
  "lambda_s": 18.216591020082063,
  "n_active": 9,
  "val_balacc": 0.4540023405661374,
  "val_auc": 0.7788303110643678,
  "val_loss": 1.5324533954262733,
  "train_loss": 1.4359175850118824,
  "epochs_used": 10,
  "time_sec": 11.54183840751648,
  "just_eliminated": [],
  "issue4_fix": "best_within_step_checkpoint_restored",
  "norms": {
    "asymmetry": 0.0,
    "border_irregularity": 0.0,
    "colour_variation": 0.0,
    "diameter_large": 3.3361153602600098,
    "atypical_pigment_network": 2.008161783218384,
    "blue_white_veil": 0.0,
    "atypical_vascular_pattern": 0.0,
    "irregular_streaks": 0.0,
    "irregular_pigmentation": 0.0,
    "irregular_dots_globules": 0.0,
    "regression_structures": 0.0,
    "symmetric_uniform": 2.8395862579345703,
    "reticular_network": 2.7527413368225098,
    "arborizing_vessels": 0.0,
    "blue_grey_ovoid_nests": 2.6609907150268555,
    "ulceration": 0.0,
    "scaly_surface": 3.454449415206909,
    "strawberry_pattern": 0.0,
    "milia_like_cysts": 0.0,
    "comedo_like_openings": 2.4945151805877686,
    "cerebriform_surface": 0.0,
    "central_white_patch": 2.9880778789520264,
    "red_lacunae": 2.6122560501098633,
    "healthy_skin": 0.0
  }
}