{
  "step": 66,
  "lambda_s": 12.798735218174098,
  "n_active": 10,
  "val_balacc": 0.4823593429432966,
  "val_auc": 0.8029366738670817,
  "val_loss": 1.492925237864256,
  "train_loss": 1.3635042812280904,
  "epochs_used": 9,
  "time_sec": 10.499266862869263,
  "just_eliminated": [],
  "issue4_fix": "best_within_step_checkpoint_restored",
  "norms": {
    "asymmetry": 0.0,
    "border_irregularity": 0.0,
    "colour_variation": 0.0,
    "diameter_large": 3.4774014949798584,
    "atypical_pigment_network": 2.9583942890167236,
    "blue_white_veil": 0.0,
    "atypical_vascular_pattern": 0.0,
    "irregular_streaks": 0.0,
    "irregular_pigmentation": 0.0,
    "irregular_dots_globules": 0.0,
    "regression_structures": 0.0,
    "symmetric_uniform": 2.3805248737335205,
    "reticular_network": 3.5874507427215576,
    "arborizing_vessels": 0.0,
    "blue_grey_ovoid_nests": 3.0971057415008545,
    "ulceration": 0.0,
    "scaly_surface": 3.7718148231506348,
    "strawberry_pattern": 0.0,
    "milia_like_cysts": 1.940090298652649,
    "comedo_like_openings": 3.300990343093872,
    "cerebriform_surface": 0.0,
    "central_white_patch": 3.1732115745544434,
    "red_lacunae": 3.1974658966064453,
    "healthy_skin": 0.0
  }
}