{
  "step": 46,
  "lambda_s": 5.841175681461405,
  "n_active": 14,
  "val_balacc": 0.5145873282606699,
  "val_auc": 0.8188258813128376,
  "val_loss": 1.4284678101539612,
  "train_loss": 1.2361168542211112,
  "epochs_used": 9,
  "time_sec": 11.11390209197998,
  "just_eliminated": [],
  "issue4_fix": "best_within_step_checkpoint_restored",
  "norms": {
    "asymmetry": 0.0,
    "border_irregularity": 0.0,
    "colour_variation": 0.0,
    "diameter_large": 3.497762441635132,
    "atypical_pigment_network": 3.4351320266723633,
    "blue_white_veil": 0.0,
    "atypical_vascular_pattern": 0.0,
    "irregular_streaks": 0.0,
    "irregular_pigmentation": 0.0,
    "irregular_dots_globules": 0.0,
    "regression_structures": 0.0,
    "symmetric_uniform": 2.7928433418273926,
    "reticular_network": 3.8633763790130615,
    "arborizing_vessels": 2.6672821044921875,
    "blue_grey_ovoid_nests": 3.4566240310668945,
    "ulceration": 2.064589738845825,
    "scaly_surface": 4.304120063781738,
    "strawberry_pattern": 0.9547569751739502,
    "milia_like_cysts": 1.9196605682373047,
    "comedo_like_openings": 3.4995293617248535,
    "cerebriform_surface": 1.4624193906784058,
    "central_white_patch": 4.047018527984619,
    "red_lacunae": 3.901365041732788,
    "healthy_skin": 0.0
  }
}