{
  "step": 20,
  "lambda_s": 2.106849175993674,
  "n_active": 24,
  "val_balacc": 0.5135455134467057,
  "val_auc": 0.8292311360596376,
  "val_loss": 1.5500173568725586,
  "train_loss": 1.1763600388618365,
  "epochs_used": 10,
  "time_sec": 11.79016375541687,
  "just_eliminated": [],
  "issue4_fix": "best_within_step_checkpoint_restored",
  "norms": {
    "asymmetry": 3.910874128341675,
    "border_irregularity": 1.2755100727081299,
    "colour_variation": 0.724845826625824,
    "diameter_large": 4.609567642211914,
    "atypical_pigment_network": 4.230900764465332,
    "blue_white_veil": 3.35650897026062,
    "atypical_vascular_pattern": 2.858963966369629,
    "irregular_streaks": 2.5403525829315186,
    "irregular_pigmentation": 1.2707256078720093,
    "irregular_dots_globules": 2.592895984649658,
    "regression_structures": 0.5807458162307739,
    "symmetric_uniform": 3.871210813522339,
    "reticular_network": 5.021698474884033,
    "arborizing_vessels": 4.679145812988281,
    "blue_grey_ovoid_nests": 4.248445987701416,
    "ulceration": 3.174522876739502,
    "scaly_surface": 5.364835262298584,
    "strawberry_pattern": 4.080061435699463,
    "milia_like_cysts": 3.5930025577545166,
    "comedo_like_openings": 4.2443108558654785,
    "cerebriform_surface": 3.733553171157837,
    "central_white_patch": 4.373508453369141,
    "red_lacunae": 5.187674522399902,
    "healthy_skin": 3.1646430492401123
  }
}