{
  "step": 16,
  "lambda_s": 1.8009435055069165,
  "n_active": 24,
  "val_balacc": 0.4972993769021699,
  "val_auc": 0.830438035471983,
  "val_loss": 1.5210077315568924,
  "train_loss": 1.1098564503944084,
  "epochs_used": 7,
  "time_sec": 9.079511642456055,
  "just_eliminated": [],
  "issue4_fix": "best_within_step_checkpoint_restored",
  "norms": {
    "asymmetry": 4.540224552154541,
    "border_irregularity": 2.810509204864502,
    "colour_variation": 2.312607526779175,
    "diameter_large": 5.131450176239014,
    "atypical_pigment_network": 4.634469509124756,
    "blue_white_veil": 3.9774222373962402,
    "atypical_vascular_pattern": 3.723484992980957,
    "irregular_streaks": 3.311513662338257,
    "irregular_pigmentation": 2.634152889251709,
    "irregular_dots_globules": 3.475085735321045,
    "regression_structures": 1.9719319343566895,
    "symmetric_uniform": 4.439311981201172,
    "reticular_network": 5.346256732940674,
    "arborizing_vessels": 5.105695724487305,
    "blue_grey_ovoid_nests": 4.727179050445557,
    "ulceration": 3.8103809356689453,
    "scaly_surface": 5.685758113861084,
    "strawberry_pattern": 4.562648773193359,
    "milia_like_cysts": 4.224221706390381,
    "comedo_like_openings": 4.561647891998291,
    "cerebriform_surface": 4.192620754241943,
    "central_white_patch": 4.684638023376465,
    "red_lacunae": 5.566250801086426,
    "healthy_skin": 3.920837879180908
  }
}