{
  "step": 3,
  "lambda_s": 1.0816000000000001,
  "n_active": 24,
  "val_balacc": 0.5170706575455933,
  "val_auc": 0.826679578669989,
  "val_loss": 1.5396260619163513,
  "train_loss": 1.1789839315236283,
  "epochs_used": 9,
  "time_sec": 9.890262126922607,
  "just_eliminated": [],
  "issue4_fix": "best_within_step_checkpoint_restored",
  "norms": {
    "asymmetry": 6.415576934814453,
    "border_irregularity": 6.060464859008789,
    "colour_variation": 6.134354114532471,
    "diameter_large": 6.8884992599487305,
    "atypical_pigment_network": 6.595088481903076,
    "blue_white_veil": 6.180749893188477,
    "atypical_vascular_pattern": 6.2013726234436035,
    "irregular_streaks": 6.575052738189697,
    "irregular_pigmentation": 5.785393714904785,
    "irregular_dots_globules": 6.233329772949219,
    "regression_structures": 5.759615421295166,
    "symmetric_uniform": 6.60321044921875,
    "reticular_network": 6.866466045379639,
    "arborizing_vessels": 6.677335739135742,
    "blue_grey_ovoid_nests": 6.504857063293457,
    "ulceration": 6.090054035186768,
    "scaly_surface": 6.98431921005249,
    "strawberry_pattern": 6.401913642883301,
    "milia_like_cysts": 6.355899810791016,
    "comedo_like_openings": 6.0818915367126465,
    "cerebriform_surface": 6.065164089202881,
    "central_white_patch": 6.146652698516846,
    "red_lacunae": 6.936913967132568,
    "healthy_skin": 6.100849628448486
  }
}