{
  "step": 4,
  "lambda_s": 1.124864,
  "n_active": 24,
  "val_balacc": 0.49067335709520016,
  "val_auc": 0.8307185039852546,
  "val_loss": 1.567796528339386,
  "train_loss": 1.114527002218206,
  "epochs_used": 7,
  "time_sec": 7.808628082275391,
  "just_eliminated": [],
  "issue4_fix": "best_within_step_checkpoint_restored",
  "norms": {
    "asymmetry": 6.373203277587891,
    "border_irregularity": 6.00616979598999,
    "colour_variation": 6.074709892272949,
    "diameter_large": 6.853994846343994,
    "atypical_pigment_network": 6.5558342933654785,
    "blue_white_veil": 6.130267143249512,
    "atypical_vascular_pattern": 6.147054195404053,
    "irregular_streaks": 6.513699531555176,
    "irregular_pigmentation": 5.742077350616455,
    "irregular_dots_globules": 6.1800761222839355,
    "regression_structures": 5.692412376403809,
    "symmetric_uniform": 6.567226409912109,
    "reticular_network": 6.831413269042969,
    "arborizing_vessels": 6.626166820526123,
    "blue_grey_ovoid_nests": 6.455357551574707,
    "ulceration": 6.055023193359375,
    "scaly_surface": 6.97171688079834,
    "strawberry_pattern": 6.364067554473877,
    "milia_like_cysts": 6.3234429359436035,
    "comedo_like_openings": 6.052580833435059,
    "cerebriform_surface": 6.008812427520752,
    "central_white_patch": 6.118083953857422,
    "red_lacunae": 6.901195526123047,
    "healthy_skin": 6.0550336837768555
  }
}