{
  "step": 56,
  "lambda_s": 8.64636691968726,
  "n_active": 12,
  "val_balacc": 0.48365077864946127,
  "val_auc": 0.8130254743441794,
  "val_loss": 1.4476275630295277,
  "train_loss": 1.3018254837390049,
  "epochs_used": 7,
  "time_sec": 7.652022361755371,
  "just_eliminated": [],
  "issue4_fix": "best_within_step_checkpoint_restored",
  "norms": {
    "asymmetry": 0.0,
    "border_irregularity": 0.0,
    "colour_variation": 0.0,
    "diameter_large": 3.5447983741760254,
    "atypical_pigment_network": 3.248711109161377,
    "blue_white_veil": 0.0,
    "atypical_vascular_pattern": 0.0,
    "irregular_streaks": 0.0,
    "irregular_pigmentation": 0.0,
    "irregular_dots_globules": 0.0,
    "regression_structures": 0.0,
    "symmetric_uniform": 2.4484894275665283,
    "reticular_network": 3.7565412521362305,
    "arborizing_vessels": 1.7091771364212036,
    "blue_grey_ovoid_nests": 3.4604694843292236,
    "ulceration": 1.5888125896453857,
    "scaly_surface": 4.117170333862305,
    "strawberry_pattern": 0.0,
    "milia_like_cysts": 2.073768138885498,
    "comedo_like_openings": 3.461027145385742,
    "cerebriform_surface": 0.0,
    "central_white_patch": 3.6869990825653076,
    "red_lacunae": 3.7134499549865723,
    "healthy_skin": 0.0
  }
}