{
  "step": 53,
  "lambda_s": 7.686588707334629,
  "n_active": 12,
  "val_balacc": 0.49753249450074427,
  "val_auc": 0.8166812009340833,
  "val_loss": 1.4339151307940483,
  "train_loss": 1.2953784701833095,
  "epochs_used": 10,
  "time_sec": 10.889293909072876,
  "just_eliminated": [],
  "issue4_fix": "best_within_step_checkpoint_restored",
  "norms": {
    "asymmetry": 0.0,
    "border_irregularity": 0.0,
    "colour_variation": 0.0,
    "diameter_large": 3.4967145919799805,
    "atypical_pigment_network": 3.274583339691162,
    "blue_white_veil": 0.0,
    "atypical_vascular_pattern": 0.0,
    "irregular_streaks": 0.0,
    "irregular_pigmentation": 0.0,
    "irregular_dots_globules": 0.0,
    "regression_structures": 0.0,
    "symmetric_uniform": 2.5184788703918457,
    "reticular_network": 3.739544630050659,
    "arborizing_vessels": 1.9411389827728271,
    "blue_grey_ovoid_nests": 3.4368109703063965,
    "ulceration": 1.7390425205230713,
    "scaly_surface": 4.176541328430176,
    "strawberry_pattern": 0.0,
    "milia_like_cysts": 2.1385321617126465,
    "comedo_like_openings": 3.402116060256958,
    "cerebriform_surface": 0.0,
    "central_white_patch": 3.753171682357788,
    "red_lacunae": 3.7619659900665283,
    "healthy_skin": 0.0
  }
}