{
  "step": 13,
  "lambda_s": 1.6010322185676815,
  "n_active": 24,
  "val_balacc": 0.49620252237010026,
  "val_auc": 0.8323984896021617,
  "val_loss": 1.4879424571990967,
  "train_loss": 1.1302222004566216,
  "epochs_used": 17,
  "time_sec": 21.624839782714844,
  "just_eliminated": [],
  "issue4_fix": "best_within_step_checkpoint_restored",
  "norms": {
    "asymmetry": 4.71872091293335,
    "border_irregularity": 3.186659574508667,
    "colour_variation": 2.7568700313568115,
    "diameter_large": 5.304840087890625,
    "atypical_pigment_network": 4.780313968658447,
    "blue_white_veil": 4.149172782897949,
    "atypical_vascular_pattern": 3.953629732131958,
    "irregular_streaks": 3.5607423782348633,
    "irregular_pigmentation": 2.965134620666504,
    "irregular_dots_globules": 3.71504545211792,
    "regression_structures": 2.339670419692993,
    "symmetric_uniform": 4.628767013549805,
    "reticular_network": 5.4617156982421875,
    "arborizing_vessels": 5.254173278808594,
    "blue_grey_ovoid_nests": 4.8813629150390625,
    "ulceration": 3.971928596496582,
    "scaly_surface": 5.76604700088501,
    "strawberry_pattern": 4.711935520172119,
    "milia_like_cysts": 4.3763651847839355,
    "comedo_like_openings": 4.672295570373535,
    "cerebriform_surface": 4.301005840301514,
    "central_white_patch": 4.768433570861816,
    "red_lacunae": 5.674826622009277,
    "healthy_skin": 4.090259552001953
  }
}