{
  "step": 50,
  "lambda_s": 6.833349371421459,
  "n_active": 14,
  "val_balacc": 0.5056423001205953,
  "val_auc": 0.8169762625078656,
  "val_loss": 1.4583197720348835,
  "train_loss": 1.246755890501837,
  "epochs_used": 9,
  "time_sec": 10.550587177276611,
  "just_eliminated": [],
  "issue4_fix": "best_within_step_checkpoint_restored",
  "norms": {
    "asymmetry": 0.0,
    "border_irregularity": 0.0,
    "colour_variation": 0.0,
    "diameter_large": 3.5418026447296143,
    "atypical_pigment_network": 3.304311990737915,
    "blue_white_veil": 0.0,
    "atypical_vascular_pattern": 0.0,
    "irregular_streaks": 0.0,
    "irregular_pigmentation": 0.0,
    "irregular_dots_globules": 0.0,
    "regression_structures": 0.0,
    "symmetric_uniform": 2.7392046451568604,
    "reticular_network": 3.8319101333618164,
    "arborizing_vessels": 2.4256348609924316,
    "blue_grey_ovoid_nests": 3.4523587226867676,
    "ulceration": 1.9085923433303833,
    "scaly_surface": 4.284882068634033,
    "strawberry_pattern": 0.006957532837986946,
    "milia_like_cysts": 1.9414170980453491,
    "comedo_like_openings": 3.37086820602417,
    "cerebriform_surface": 0.9764368534088135,
    "central_white_patch": 3.9252336025238037,
    "red_lacunae": 3.884272813796997,
    "healthy_skin": 0.0
  }
}