{
  "step": 65,
  "lambda_s": 12.306476171321247,
  "n_active": 10,
  "val_balacc": 0.488370740977618,
  "val_auc": 0.8053571393679536,
  "val_loss": 1.4939427636563778,
  "train_loss": 1.3262450846461846,
  "epochs_used": 8,
  "time_sec": 9.118590354919434,
  "just_eliminated": [],
  "issue4_fix": "best_within_step_checkpoint_restored",
  "norms": {
    "asymmetry": 0.0,
    "border_irregularity": 0.0,
    "colour_variation": 0.0,
    "diameter_large": 3.4397084712982178,
    "atypical_pigment_network": 3.002187490463257,
    "blue_white_veil": 0.0,
    "atypical_vascular_pattern": 0.0,
    "irregular_streaks": 0.0,
    "irregular_pigmentation": 0.0,
    "irregular_dots_globules": 0.0,
    "regression_structures": 0.0,
    "symmetric_uniform": 2.3639230728149414,
    "reticular_network": 3.53194260597229,
    "arborizing_vessels": 0.0,
    "blue_grey_ovoid_nests": 3.0965993404388428,
    "ulceration": 0.0,
    "scaly_surface": 3.6986629962921143,
    "strawberry_pattern": 0.0,
    "milia_like_cysts": 1.970799446105957,
    "comedo_like_openings": 3.376502752304077,
    "cerebriform_surface": 0.0,
    "central_white_patch": 3.242511510848999,
    "red_lacunae": 3.1872241497039795,
    "healthy_skin": 0.0
  }
}