{
  "step": 76,
  "lambda_s": 18.945254660885347,
  "n_active": 9,
  "val_balacc": 0.45719094275019445,
  "val_auc": 0.7772613448024981,
  "val_loss": 1.5480045042932034,
  "train_loss": 1.488600235205065,
  "epochs_used": 7,
  "time_sec": 7.8505942821502686,
  "just_eliminated": [],
  "issue4_fix": "best_within_step_checkpoint_restored",
  "norms": {
    "asymmetry": 0.0,
    "border_irregularity": 0.0,
    "colour_variation": 0.0,
    "diameter_large": 3.340240240097046,
    "atypical_pigment_network": 1.926518201828003,
    "blue_white_veil": 0.0,
    "atypical_vascular_pattern": 0.0,
    "irregular_streaks": 0.0,
    "irregular_pigmentation": 0.0,
    "irregular_dots_globules": 0.0,
    "regression_structures": 0.0,
    "symmetric_uniform": 2.8216142654418945,
    "reticular_network": 2.648257255554199,
    "arborizing_vessels": 0.0,
    "blue_grey_ovoid_nests": 2.5487749576568604,
    "ulceration": 0.0,
    "scaly_surface": 3.4611997604370117,
    "strawberry_pattern": 0.0,
    "milia_like_cysts": 0.0,
    "comedo_like_openings": 2.520540475845337,
    "cerebriform_surface": 0.0,
    "central_white_patch": 2.916691541671753,
    "red_lacunae": 2.6273062229156494,
    "healthy_skin": 0.0
  }
}