{
  "step": 6,
  "lambda_s": 1.2166529024000001,
  "n_active": 24,
  "val_balacc": 0.5050867921281597,
  "val_auc": 0.8317066337762418,
  "val_loss": 1.5284067243337631,
  "train_loss": 1.187496181145997,
  "epochs_used": 10,
  "time_sec": 11.472080707550049,
  "just_eliminated": [],
  "issue4_fix": "best_within_step_checkpoint_restored",
  "norms": {
    "asymmetry": 6.035153865814209,
    "border_irregularity": 5.593343257904053,
    "colour_variation": 5.577152252197266,
    "diameter_large": 6.536224842071533,
    "atypical_pigment_network": 6.200972557067871,
    "blue_white_veil": 5.764130592346191,
    "atypical_vascular_pattern": 5.742321491241455,
    "irregular_streaks": 6.031709671020508,
    "irregular_pigmentation": 5.305428504943848,
    "irregular_dots_globules": 5.761698246002197,
    "regression_structures": 5.139589786529541,
    "symmetric_uniform": 6.24033260345459,
    "reticular_network": 6.532626628875732,
    "arborizing_vessels": 6.325859069824219,
    "blue_grey_ovoid_nests": 6.118404865264893,
    "ulceration": 5.6902337074279785,
    "scaly_surface": 6.714062213897705,
    "strawberry_pattern": 6.008260250091553,
    "milia_like_cysts": 5.99712610244751,
    "comedo_like_openings": 5.768187522888184,
    "cerebriform_surface": 5.647557258605957,
    "central_white_patch": 5.855917453765869,
    "red_lacunae": 6.690361976623535,
    "healthy_skin": 5.713797092437744
  }
}