{
  "step": 63,
  "lambda_s": 11.378029004549969,
  "n_active": 10,
  "val_balacc": 0.486175296219101,
  "val_auc": 0.8030566270090976,
  "val_loss": 1.4914218671619892,
  "train_loss": 1.3314204444623974,
  "epochs_used": 10,
  "time_sec": 11.504306554794312,
  "just_eliminated": [],
  "issue4_fix": "best_within_step_checkpoint_restored",
  "norms": {
    "asymmetry": 0.0,
    "border_irregularity": 0.0,
    "colour_variation": 0.0,
    "diameter_large": 3.5836730003356934,
    "atypical_pigment_network": 3.0815820693969727,
    "blue_white_veil": 0.0,
    "atypical_vascular_pattern": 0.0,
    "irregular_streaks": 0.0,
    "irregular_pigmentation": 0.0,
    "irregular_dots_globules": 0.0,
    "regression_structures": 0.0,
    "symmetric_uniform": 2.309035062789917,
    "reticular_network": 3.585625410079956,
    "arborizing_vessels": 0.0,
    "blue_grey_ovoid_nests": 3.2099342346191406,
    "ulceration": 0.0,
    "scaly_surface": 3.8570022583007812,
    "strawberry_pattern": 0.0,
    "milia_like_cysts": 1.8780403137207031,
    "comedo_like_openings": 3.351527452468872,
    "cerebriform_surface": 0.0,
    "central_white_patch": 3.3069896697998047,
    "red_lacunae": 3.331111192703247,
    "healthy_skin": 0.0
  }
}