{
  "step": 19,
  "lambda_s": 2.0258165153785326,
  "n_active": 24,
  "val_balacc": 0.5010606585469902,
  "val_auc": 0.8322715583917468,
  "val_loss": 1.526812307536602,
  "train_loss": 1.1430906375051286,
  "epochs_used": 16,
  "time_sec": 19.181818962097168,
  "just_eliminated": [],
  "issue4_fix": "best_within_step_checkpoint_restored",
  "norms": {
    "asymmetry": 4.032572269439697,
    "border_irregularity": 1.555785894393921,
    "colour_variation": 0.978347659111023,
    "diameter_large": 4.662558555603027,
    "atypical_pigment_network": 4.276400566101074,
    "blue_white_veil": 3.4537203311920166,
    "atypical_vascular_pattern": 2.9828426837921143,
    "irregular_streaks": 2.633007287979126,
    "irregular_pigmentation": 1.4814375638961792,
    "irregular_dots_globules": 2.7277402877807617,
    "regression_structures": 0.7509981989860535,
    "symmetric_uniform": 3.9230504035949707,
    "reticular_network": 5.0311808586120605,
    "arborizing_vessels": 4.742227554321289,
    "blue_grey_ovoid_nests": 4.296909809112549,
    "ulceration": 3.2290334701538086,
    "scaly_surface": 5.407858371734619,
    "strawberry_pattern": 4.14882755279541,
    "milia_like_cysts": 3.66996693611145,
    "comedo_like_openings": 4.262436389923096,
    "cerebriform_surface": 3.7966344356536865,
    "central_white_patch": 4.396389484405518,
    "red_lacunae": 5.25008487701416,
    "healthy_skin": 3.2759461402893066
  }
}