{
  "step": 11,
  "lambda_s": 1.4802442849183444,
  "n_active": 24,
  "val_balacc": 0.5162466223512926,
  "val_auc": 0.8298317079364386,
  "val_loss": 1.4932831302285194,
  "train_loss": 1.2096145963609441,
  "epochs_used": 7,
  "time_sec": 8.812884330749512,
  "just_eliminated": [],
  "issue4_fix": "best_within_step_checkpoint_restored",
  "norms": {
    "asymmetry": 4.936275959014893,
    "border_irregularity": 3.702118158340454,
    "colour_variation": 3.4111194610595703,
    "diameter_large": 5.536611557006836,
    "atypical_pigment_network": 5.035388946533203,
    "blue_white_veil": 4.421885967254639,
    "atypical_vascular_pattern": 4.327083587646484,
    "irregular_streaks": 3.9466469287872314,
    "irregular_pigmentation": 3.4345340728759766,
    "irregular_dots_globules": 4.099396228790283,
    "regression_structures": 2.8792173862457275,
    "symmetric_uniform": 4.921674728393555,
    "reticular_network": 5.616100788116455,
    "arborizing_vessels": 5.386983394622803,
    "blue_grey_ovoid_nests": 5.123795032501221,
    "ulceration": 4.253348350524902,
    "scaly_surface": 5.906201362609863,
    "strawberry_pattern": 4.844772815704346,
    "milia_like_cysts": 4.687272548675537,
    "comedo_like_openings": 4.822169303894043,
    "cerebriform_surface": 4.515773773193359,
    "central_white_patch": 4.929363250732422,
    "red_lacunae": 5.869962215423584,
    "healthy_skin": 4.377531051635742
  }
}