{
  "step": 55,
  "lambda_s": 8.313814345853135,
  "n_active": 12,
  "val_balacc": 0.49316974046405576,
  "val_auc": 0.8160615887704712,
  "val_loss": 1.4423513002693653,
  "train_loss": 1.2503074333350062,
  "epochs_used": 7,
  "time_sec": 7.6557958126068115,
  "just_eliminated": [],
  "issue4_fix": "best_within_step_checkpoint_restored",
  "norms": {
    "asymmetry": 0.0,
    "border_irregularity": 0.0,
    "colour_variation": 0.0,
    "diameter_large": 3.5643560886383057,
    "atypical_pigment_network": 3.290759801864624,
    "blue_white_veil": 0.0,
    "atypical_vascular_pattern": 0.0,
    "irregular_streaks": 0.0,
    "irregular_pigmentation": 0.0,
    "irregular_dots_globules": 0.0,
    "regression_structures": 0.0,
    "symmetric_uniform": 2.4853098392486572,
    "reticular_network": 3.820204973220825,
    "arborizing_vessels": 1.7704026699066162,
    "blue_grey_ovoid_nests": 3.482426881790161,
    "ulceration": 1.639258861541748,
    "scaly_surface": 4.137999534606934,
    "strawberry_pattern": 0.0,
    "milia_like_cysts": 2.0447847843170166,
    "comedo_like_openings": 3.5085389614105225,
    "cerebriform_surface": 0.0,
    "central_white_patch": 3.784775733947754,
    "red_lacunae": 3.740109443664551,
    "healthy_skin": 0.0
  }
}