{
  "step": 35,
  "lambda_s": 3.7943163405884057,
  "n_active": 15,
  "val_balacc": 0.5068115868376062,
  "val_auc": 0.8225210702629486,
  "val_loss": 1.4023460932075977,
  "train_loss": 1.2236987527548004,
  "epochs_used": 7,
  "time_sec": 8.515169858932495,
  "just_eliminated": [],
  "issue4_fix": "best_within_step_checkpoint_restored",
  "norms": {
    "asymmetry": 1.2269235849380493,
    "border_irregularity": 0.0,
    "colour_variation": 0.0,
    "diameter_large": 3.7812581062316895,
    "atypical_pigment_network": 3.9943923950195312,
    "blue_white_veil": 0.0,
    "atypical_vascular_pattern": 0.0,
    "irregular_streaks": 0.0,
    "irregular_pigmentation": 0.0,
    "irregular_dots_globules": 0.0,
    "regression_structures": 0.0,
    "symmetric_uniform": 3.0493884086608887,
    "reticular_network": 4.28246545791626,
    "arborizing_vessels": 3.3300251960754395,
    "blue_grey_ovoid_nests": 3.682637929916382,
    "ulceration": 2.2446255683898926,
    "scaly_surface": 4.686526775360107,
    "strawberry_pattern": 2.575791835784912,
    "milia_like_cysts": 1.848738193511963,
    "comedo_like_openings": 3.7302322387695312,
    "cerebriform_surface": 2.3252885341644287,
    "central_white_patch": 4.169245719909668,
    "red_lacunae": 4.210084438323975,
    "healthy_skin": 0.0
  }
}