{
  "step": 30,
  "lambda_s": 3.118651451949559,
  "n_active": 20,
  "val_balacc": 0.5224221904710674,
  "val_auc": 0.829535840782211,
  "val_loss": 1.433757670223713,
  "train_loss": 1.1670445503660039,
  "epochs_used": 17,
  "time_sec": 18.958182334899902,
  "just_eliminated": [],
  "issue4_fix": "best_within_step_checkpoint_restored",
  "norms": {
    "asymmetry": 2.5080695152282715,
    "border_irregularity": 0.0,
    "colour_variation": 0.0,
    "diameter_large": 3.9117136001586914,
    "atypical_pigment_network": 3.9721713066101074,
    "blue_white_veil": 1.6895418167114258,
    "atypical_vascular_pattern": 0.5196365714073181,
    "irregular_streaks": 0.009262015111744404,
    "irregular_pigmentation": 0.0,
    "irregular_dots_globules": 0.8668515086174011,
    "regression_structures": 0.0,
    "symmetric_uniform": 3.257160186767578,
    "reticular_network": 4.406083583831787,
    "arborizing_vessels": 3.6246345043182373,
    "blue_grey_ovoid_nests": 3.640087842941284,
    "ulceration": 2.503473997116089,
    "scaly_surface": 4.835503101348877,
    "strawberry_pattern": 3.267014265060425,
    "milia_like_cysts": 2.3279848098754883,
    "comedo_like_openings": 3.8422532081604004,
    "cerebriform_surface": 2.8162753582000732,
    "central_white_patch": 4.120635032653809,
    "red_lacunae": 4.529912948608398,
    "healthy_skin": 1.7020277976989746
  }
}