{
  "step": 42,
  "lambda_s": 4.993061453054123,
  "n_active": 14,
  "val_balacc": 0.511731298792428,
  "val_auc": 0.8190187356498694,
  "val_loss": 1.4021292589604855,
  "train_loss": 1.2589898734431189,
  "epochs_used": 8,
  "time_sec": 9.906424760818481,
  "just_eliminated": [],
  "issue4_fix": "best_within_step_checkpoint_restored",
  "norms": {
    "asymmetry": 0.0,
    "border_irregularity": 0.0,
    "colour_variation": 0.0,
    "diameter_large": 3.5717899799346924,
    "atypical_pigment_network": 3.549042224884033,
    "blue_white_veil": 0.0,
    "atypical_vascular_pattern": 0.0,
    "irregular_streaks": 0.0,
    "irregular_pigmentation": 0.0,
    "irregular_dots_globules": 0.0,
    "regression_structures": 0.0,
    "symmetric_uniform": 2.8852806091308594,
    "reticular_network": 4.048611164093018,
    "arborizing_vessels": 2.8757941722869873,
    "blue_grey_ovoid_nests": 3.540388345718384,
    "ulceration": 2.053825616836548,
    "scaly_surface": 4.4832234382629395,
    "strawberry_pattern": 1.7792437076568604,
    "milia_like_cysts": 1.8168963193893433,
    "comedo_like_openings": 3.6078126430511475,
    "cerebriform_surface": 1.8620936870574951,
    "central_white_patch": 4.059418201446533,
    "red_lacunae": 4.033745765686035,
    "healthy_skin": 0.0
  }
}