{
  "step": 80,
  "lambda_s": 22.163268336416625,
  "n_active": 9,
  "val_balacc": 0.46790608174904336,
  "val_auc": 0.7752382228253759,
  "val_loss": 1.5772460233420134,
  "train_loss": 1.5016304063025032,
  "epochs_used": 7,
  "time_sec": 9.767840147018433,
  "just_eliminated": [],
  "issue4_fix": "best_within_step_checkpoint_restored",
  "norms": {
    "asymmetry": 0.0,
    "border_irregularity": 0.0,
    "colour_variation": 0.0,
    "diameter_large": 3.209656000137329,
    "atypical_pigment_network": 1.339798927307129,
    "blue_white_veil": 0.0,
    "atypical_vascular_pattern": 0.0,
    "irregular_streaks": 0.0,
    "irregular_pigmentation": 0.0,
    "irregular_dots_globules": 0.0,
    "regression_structures": 0.0,
    "symmetric_uniform": 2.8782761096954346,
    "reticular_network": 2.2835395336151123,
    "arborizing_vessels": 0.0,
    "blue_grey_ovoid_nests": 2.2958931922912598,
    "ulceration": 0.0,
    "scaly_surface": 3.3459601402282715,
    "strawberry_pattern": 0.0,
    "milia_like_cysts": 0.0,
    "comedo_like_openings": 2.538074254989624,
    "cerebriform_surface": 0.0,
    "central_white_patch": 2.872485637664795,
    "red_lacunae": 2.4941210746765137,
    "healthy_skin": 0.0
  }
}