{
  "step": 79,
  "lambda_s": 21.31083493886214,
  "n_active": 9,
  "val_balacc": 0.45466331639508634,
  "val_auc": 0.7751912634929597,
  "val_loss": 1.5682926699519157,
  "train_loss": 1.4916333013572551,
  "epochs_used": 7,
  "time_sec": 7.573160171508789,
  "just_eliminated": [],
  "issue4_fix": "best_within_step_checkpoint_restored",
  "norms": {
    "asymmetry": 0.0,
    "border_irregularity": 0.0,
    "colour_variation": 0.0,
    "diameter_large": 3.2611546516418457,
    "atypical_pigment_network": 1.5596603155136108,
    "blue_white_veil": 0.0,
    "atypical_vascular_pattern": 0.0,
    "irregular_streaks": 0.0,
    "irregular_pigmentation": 0.0,
    "irregular_dots_globules": 0.0,
    "regression_structures": 0.0,
    "symmetric_uniform": 2.8662188053131104,
    "reticular_network": 2.414141893386841,
    "arborizing_vessels": 0.0,
    "blue_grey_ovoid_nests": 2.31276798248291,
    "ulceration": 0.0,
    "scaly_surface": 3.3685426712036133,
    "strawberry_pattern": 0.0,
    "milia_like_cysts": 0.0,
    "comedo_like_openings": 2.53348970413208,
    "cerebriform_surface": 0.0,
    "central_white_patch": 2.8415894508361816,
    "red_lacunae": 2.536294460296631,
    "healthy_skin": 0.0
  }
}