{
  "step": 29,
  "lambda_s": 2.998703319182268,
  "n_active": 20,
  "val_balacc": 0.5297873139846659,
  "val_auc": 0.8279429108145342,
  "val_loss": 1.4583977982401848,
  "train_loss": 1.184427635607357,
  "epochs_used": 9,
  "time_sec": 9.845399618148804,
  "just_eliminated": [],
  "issue4_fix": "best_within_step_checkpoint_restored",
  "norms": {
    "asymmetry": 2.8127048015594482,
    "border_irregularity": 0.0,
    "colour_variation": 0.0,
    "diameter_large": 4.068149566650391,
    "atypical_pigment_network": 3.9452779293060303,
    "blue_white_veil": 2.1258976459503174,
    "atypical_vascular_pattern": 0.9968184232711792,
    "irregular_streaks": 0.4765872657299042,
    "irregular_pigmentation": 0.0,
    "irregular_dots_globules": 1.2212910652160645,
    "regression_structures": 0.0,
    "symmetric_uniform": 3.268165349960327,
    "reticular_network": 4.502168655395508,
    "arborizing_vessels": 3.8116302490234375,
    "blue_grey_ovoid_nests": 3.790311098098755,
    "ulceration": 2.5054728984832764,
    "scaly_surface": 4.9979753494262695,
    "strawberry_pattern": 3.4354324340820312,
    "milia_like_cysts": 2.5513274669647217,
    "comedo_like_openings": 3.8241050243377686,
    "cerebriform_surface": 2.9851925373077393,
    "central_white_patch": 4.0599894523620605,
    "red_lacunae": 4.64369535446167,
    "healthy_skin": 2.0307021141052246
  }
}