{
  "step": 71,
  "lambda_s": 15.571618350240616,
  "n_active": 9,
  "val_balacc": 0.46853650884511827,
  "val_auc": 0.783366582185408,
  "val_loss": 1.508982166647911,
  "train_loss": 1.4373994801439354,
  "epochs_used": 7,
  "time_sec": 8.459549188613892,
  "just_eliminated": [],
  "issue4_fix": "best_within_step_checkpoint_restored",
  "norms": {
    "asymmetry": 0.0,
    "border_irregularity": 0.0,
    "colour_variation": 0.0,
    "diameter_large": 3.3059256076812744,
    "atypical_pigment_network": 2.4408533573150635,
    "blue_white_veil": 0.0,
    "atypical_vascular_pattern": 0.0,
    "irregular_streaks": 0.0,
    "irregular_pigmentation": 0.0,
    "irregular_dots_globules": 0.0,
    "regression_structures": 0.0,
    "symmetric_uniform": 2.59024977684021,
    "reticular_network": 3.3587646484375,
    "arborizing_vessels": 0.0,
    "blue_grey_ovoid_nests": 2.869126558303833,
    "ulceration": 0.0,
    "scaly_surface": 3.540290355682373,
    "strawberry_pattern": 0.0,
    "milia_like_cysts": 0.0,
    "comedo_like_openings": 2.6776559352874756,
    "cerebriform_surface": 0.0,
    "central_white_patch": 3.05458664894104,
    "red_lacunae": 2.747138023376465,
    "healthy_skin": 0.0
  }
}