{
  "step": 15,
  "lambda_s": 1.7316764476028044,
  "n_active": 24,
  "val_balacc": 0.4966732716765652,
  "val_auc": 0.8366384114846631,
  "val_loss": 1.5241561606526375,
  "train_loss": 1.0597819324448279,
  "epochs_used": 10,
  "time_sec": 12.477778673171997,
  "just_eliminated": [],
  "issue4_fix": "best_within_step_checkpoint_restored",
  "norms": {
    "asymmetry": 4.576901912689209,
    "border_irregularity": 2.8583221435546875,
    "colour_variation": 2.3768208026885986,
    "diameter_large": 5.170536518096924,
    "atypical_pigment_network": 4.648579120635986,
    "blue_white_veil": 4.011976718902588,
    "atypical_vascular_pattern": 3.7547667026519775,
    "irregular_streaks": 3.3405938148498535,
    "irregular_pigmentation": 2.6818113327026367,
    "irregular_dots_globules": 3.5109002590179443,
    "regression_structures": 2.019984245300293,
    "symmetric_uniform": 4.451410293579102,
    "reticular_network": 5.358100414276123,
    "arborizing_vessels": 5.135371685028076,
    "blue_grey_ovoid_nests": 4.751969337463379,
    "ulceration": 3.8349785804748535,
    "scaly_surface": 5.684248447418213,
    "strawberry_pattern": 4.578449726104736,
    "milia_like_cysts": 4.232556343078613,
    "comedo_like_openings": 4.587008476257324,
    "cerebriform_surface": 4.214956283569336,
    "central_white_patch": 4.676612854003906,
    "red_lacunae": 5.575577735900879,
    "healthy_skin": 3.9497756958007812
  }
}