{
  "step": 72,
  "lambda_s": 16.19448308425024,
  "n_active": 9,
  "val_balacc": 0.4594415247781297,
  "val_auc": 0.7814208352837712,
  "val_loss": 1.5135376676917076,
  "train_loss": 1.4248144806247869,
  "epochs_used": 8,
  "time_sec": 9.555549621582031,
  "just_eliminated": [],
  "issue4_fix": "best_within_step_checkpoint_restored",
  "norms": {
    "asymmetry": 0.0,
    "border_irregularity": 0.0,
    "colour_variation": 0.0,
    "diameter_large": 3.345665454864502,
    "atypical_pigment_network": 2.382213592529297,
    "blue_white_veil": 0.0,
    "atypical_vascular_pattern": 0.0,
    "irregular_streaks": 0.0,
    "irregular_pigmentation": 0.0,
    "irregular_dots_globules": 0.0,
    "regression_structures": 0.0,
    "symmetric_uniform": 2.7144742012023926,
    "reticular_network": 3.280517339706421,
    "arborizing_vessels": 0.0,
    "blue_grey_ovoid_nests": 2.883967399597168,
    "ulceration": 0.0,
    "scaly_surface": 3.5399413108825684,
    "strawberry_pattern": 0.0,
    "milia_like_cysts": 0.0,
    "comedo_like_openings": 2.7188150882720947,
    "cerebriform_surface": 0.0,
    "central_white_patch": 3.0051944255828857,
    "red_lacunae": 2.8143534660339355,
    "healthy_skin": 0.0
  }
}