{
  "step": 8,
  "lambda_s": 1.3159317792358403,
  "n_active": 24,
  "val_balacc": 0.502845917826815,
  "val_auc": 0.8341063431735168,
  "val_loss": 1.5062218457460403,
  "train_loss": 1.1885677507775807,
  "epochs_used": 28,
  "time_sec": 32.23616433143616,
  "just_eliminated": [],
  "issue4_fix": "best_within_step_checkpoint_restored",
  "norms": {
    "asymmetry": 5.46606969833374,
    "border_irregularity": 4.657320022583008,
    "colour_variation": 4.51278829574585,
    "diameter_large": 5.991571426391602,
    "atypical_pigment_network": 5.528350353240967,
    "blue_white_veil": 5.006283760070801,
    "atypical_vascular_pattern": 4.981421947479248,
    "irregular_streaks": 4.90717887878418,
    "irregular_pigmentation": 4.355790615081787,
    "irregular_dots_globules": 4.875527381896973,
    "regression_structures": 3.975132465362549,
    "symmetric_uniform": 5.535529613494873,
    "reticular_network": 6.040769577026367,
    "arborizing_vessels": 5.782583713531494,
    "blue_grey_ovoid_nests": 5.59796142578125,
    "ulceration": 4.919528961181641,
    "scaly_surface": 6.248935222625732,
    "strawberry_pattern": 5.314703941345215,
    "milia_like_cysts": 5.275704383850098,
    "comedo_like_openings": 5.225841045379639,
    "cerebriform_surface": 4.957391262054443,
    "central_white_patch": 5.321045398712158,
    "red_lacunae": 6.259929180145264,
    "healthy_skin": 5.004089832305908
  }
}