balanced_accuracy,macro_f1,weighted_f1,top1_accuracy,auc_ovr_weighted
0.6076165598244957,0.4852817870127467,0.6747864506406626,0.6355889724310777,0.890795134105205
