balanced_accuracy,macro_f1,weighted_f1,top1_accuracy,auc_ovr_weighted
0.554709689522481,0.4479681565745756,0.6390036266289263,0.5944862155388471,0.8601534924606842
