seed,balanced_accuracy,macro_f1,weighted_f1,top1_accuracy,auc_ovr_weighted,r_perp_val_at_best,r_perp_train_at_best,r_sparse_train_at_best,n_selected
42,0.5180470745834952,0.39203916488568347,0.5981557813517843,0.5538847117794486,0.8264680634130417,0.11595059186220169,0.08018348451990348,170.65352043738733,24.0
43,0.5029106180812767,0.37538932691082433,0.5873046293475299,0.5348370927318296,0.8256916893035828,0.13661111891269684,0.07883782885395564,172.75410344050482,24.0
44,0.5120831945018068,0.3805042744549904,0.5844268122527428,0.5343358395989974,0.827153833260263,0.08766847103834152,0.06977885187818454,169.06864342322717,24.0
45,0.5293564005742336,0.3933858025537457,0.5943614821381631,0.5428571428571428,0.8326196107276894,0.10149651020765305,0.0739278165766826,170.30489818866437,24.0
46,0.5184462792428841,0.37589205002761444,0.5839220134638635,0.5318295739348371,0.828529433625236,0.10060077160596848,0.0743312368599268,170.1366899930514,24.0
mean,0.5161687133967392,0.38344212376657166,0.5896341437108167,0.5395488721804511,0.8280925260659627,0.10846549272537231,0.07541184373773062,170.58357109656703,
std,0.009683738896439047,0.008707295404822592,0.006327270476512433,0.009019771221474156,0.0027372168348339526,0.018648992259864033,0.004171527744708411,1.3498583936926931,
