,precision,recall,f1-score,support,auc
nv,0.9111118846444167,0.5774121166791324,0.7068050884136741,1337,0.8424463424670302
mel,0.26384069947798217,0.44403669724770645,0.3307020711309234,218,0.7370013371675797
bkl,0.37985164218237744,0.44036697247706424,0.4069023227105997,218,0.7923543958738829
bcc,0.2691104294478528,0.42000000000000004,0.32766457483220474,100,0.8397203166226912
akiec,0.2153198719292886,0.532258064516129,0.3055128660382259,62,0.8586235669108688
vasc,0.3294315959894786,0.75625,0.45836951205603016,32,0.9772159959246052
df,0.0899665723309134,0.4428571428571429,0.14813843118434383,28,0.8505955407073861
