{
  "step": 7,
  "lambda_s": 1.2653190184960004,
  "n_active": 24,
  "val_balacc": 0.5400279959959823,
  "val_auc": 0.8481834639696794,
  "val_loss": 1.214555025100708,
  "train_loss": 1.1162718473603093,
  "epochs_used": 7,
  "time_sec": 7.736752271652222,
  "just_eliminated": [],
  "issue4_fix": "best_within_step_checkpoint_restored",
  "norms": {
    "asymmetry": 6.060973644256592,
    "border_irregularity": 5.463336944580078,
    "colour_variation": 6.122793674468994,
    "diameter_large": 6.571562767028809,
    "atypical_pigment_network": 6.165558815002441,
    "blue_white_veil": 5.923376083374023,
    "atypical_vascular_pattern": 5.587086200714111,
    "irregular_streaks": 6.237180233001709,
    "irregular_pigmentation": 5.467883586883545,
    "irregular_dots_globules": 5.775078296661377,
    "regression_structures": 5.175074100494385,
    "symmetric_uniform": 5.812392711639404,
    "reticular_network": 6.260144233703613,
    "arborizing_vessels": 6.224967956542969,
    "blue_grey_ovoid_nests": 5.933055400848389,
    "ulceration": 5.4845781326293945,
    "scaly_surface": 6.511959552764893,
    "strawberry_pattern": 5.9024481773376465,
    "milia_like_cysts": 5.643702507019043,
    "comedo_like_openings": 5.535486698150635,
    "cerebriform_surface": 5.822652816772461,
    "central_white_patch": 5.756803512573242,
    "red_lacunae": 6.522922992706299,
    "healthy_skin": 5.604708671569824
  }
}