{
  "step": 78,
  "lambda_s": 20.491187441213594,
  "n_active": 15,
  "val_balacc": 0.4902458656114542,
  "val_auc": 0.8191331973284401,
  "val_loss": 1.3920413255691528,
  "train_loss": 1.354930781338313,
  "epochs_used": 7,
  "time_sec": 9.272791147232056,
  "just_eliminated": [],
  "issue4_fix": "best_within_step_checkpoint_restored",
  "norms": {
    "asymmetry": 1.9460139274597168,
    "border_irregularity": 0.0,
    "colour_variation": 2.2021217346191406,
    "diameter_large": 2.9854013919830322,
    "atypical_pigment_network": 1.4126611948013306,
    "blue_white_veil": 0.5562028884887695,
    "atypical_vascular_pattern": 0.0,
    "irregular_streaks": 0.0,
    "irregular_pigmentation": 0.0,
    "irregular_dots_globules": 0.0,
    "regression_structures": 0.0,
    "symmetric_uniform": 0.0,
    "reticular_network": 3.6041972637176514,
    "arborizing_vessels": 1.795602798461914,
    "blue_grey_ovoid_nests": 2.4910693168640137,
    "ulceration": 1.48972749710083,
    "scaly_surface": 3.165334939956665,
    "strawberry_pattern": 0.0,
    "milia_like_cysts": 2.060363531112671,
    "comedo_like_openings": 2.424954414367676,
    "cerebriform_surface": 1.955776333808899,
    "central_white_patch": 2.6404967308044434,
    "red_lacunae": 2.8173129558563232,
    "healthy_skin": 0.0
  }
}