{
  "step": 39,
  "lambda_s": 4.438813450385222,
  "n_active": 23,
  "val_balacc": 0.5385903902800023,
  "val_auc": 0.8445924147328402,
  "val_loss": 1.2090438604354858,
  "train_loss": 1.0902386379717,
  "epochs_used": 10,
  "time_sec": 12.120008707046509,
  "just_eliminated": [],
  "issue4_fix": "best_within_step_checkpoint_restored",
  "norms": {
    "asymmetry": 2.754387855529785,
    "border_irregularity": 0.0,
    "colour_variation": 3.0880861282348633,
    "diameter_large": 4.016493320465088,
    "atypical_pigment_network": 3.3704891204833984,
    "blue_white_veil": 2.6093437671661377,
    "atypical_vascular_pattern": 1.8536244630813599,
    "irregular_streaks": 2.3618929386138916,
    "irregular_pigmentation": 2.953090190887451,
    "irregular_dots_globules": 2.293482542037964,
    "regression_structures": 1.7872072458267212,
    "symmetric_uniform": 2.1504552364349365,
    "reticular_network": 3.6679577827453613,
    "arborizing_vessels": 2.8431215286254883,
    "blue_grey_ovoid_nests": 3.2350592613220215,
    "ulceration": 2.43525767326355,
    "scaly_surface": 4.166957378387451,
    "strawberry_pattern": 2.6168603897094727,
    "milia_like_cysts": 1.9716298580169678,
    "comedo_like_openings": 2.834911584854126,
    "cerebriform_surface": 3.004261016845703,
    "central_white_patch": 3.4269917011260986,
    "red_lacunae": 3.9852442741394043,
    "healthy_skin": 1.9983199834823608
  }
}