{
  "step": 75,
  "lambda_s": 18.216591020082063,
  "n_active": 15,
  "val_balacc": 0.5016067615814009,
  "val_auc": 0.8247110626095241,
  "val_loss": 1.3665249347686768,
  "train_loss": 1.3855776366676815,
  "epochs_used": 7,
  "time_sec": 8.58226466178894,
  "just_eliminated": [],
  "issue4_fix": "best_within_step_checkpoint_restored",
  "norms": {
    "asymmetry": 2.0007967948913574,
    "border_irregularity": 0.0,
    "colour_variation": 2.303169012069702,
    "diameter_large": 3.0318706035614014,
    "atypical_pigment_network": 1.7200270891189575,
    "blue_white_veil": 0.8728711009025574,
    "atypical_vascular_pattern": 0.0,
    "irregular_streaks": 0.0,
    "irregular_pigmentation": 0.0,
    "irregular_dots_globules": 0.0,
    "regression_structures": 0.0,
    "symmetric_uniform": 0.0,
    "reticular_network": 3.612459659576416,
    "arborizing_vessels": 1.8714778423309326,
    "blue_grey_ovoid_nests": 2.628115177154541,
    "ulceration": 1.648321270942688,
    "scaly_surface": 3.136706590652466,
    "strawberry_pattern": 0.0,
    "milia_like_cysts": 2.0944840908050537,
    "comedo_like_openings": 2.5801026821136475,
    "cerebriform_surface": 1.9769481420516968,
    "central_white_patch": 2.736358165740967,
    "red_lacunae": 2.834468126296997,
    "healthy_skin": 0.0
  }
}