{
  "step": 84,
  "lambda_s": 25.927889180933953,
  "n_active": 14,
  "val_balacc": 0.4830794762403352,
  "val_auc": 0.8009344715386567,
  "val_loss": 1.448664665222168,
  "train_loss": 1.417874663140379,
  "epochs_used": 7,
  "time_sec": 7.741504669189453,
  "just_eliminated": [],
  "issue4_fix": "best_within_step_checkpoint_restored",
  "norms": {
    "asymmetry": 1.750841736793518,
    "border_irregularity": 0.0,
    "colour_variation": 1.791577696800232,
    "diameter_large": 2.5881052017211914,
    "atypical_pigment_network": 0.45469003915786743,
    "blue_white_veil": 0.0,
    "atypical_vascular_pattern": 0.0,
    "irregular_streaks": 0.0,
    "irregular_pigmentation": 0.0,
    "irregular_dots_globules": 0.0,
    "regression_structures": 0.0,
    "symmetric_uniform": 0.0,
    "reticular_network": 3.363318920135498,
    "arborizing_vessels": 1.3926160335540771,
    "blue_grey_ovoid_nests": 1.8903862237930298,
    "ulceration": 0.7924270033836365,
    "scaly_surface": 2.744950294494629,
    "strawberry_pattern": 0.0,
    "milia_like_cysts": 2.0549421310424805,
    "comedo_like_openings": 2.1882097721099854,
    "cerebriform_surface": 1.703749179840088,
    "central_white_patch": 2.3806278705596924,
    "red_lacunae": 2.4802069664001465,
    "healthy_skin": 0.0
  }
}