{
  "step": 67,
  "lambda_s": 13.310684626901063,
  "n_active": 17,
  "val_balacc": 0.5191754679337842,
  "val_auc": 0.8327994806981932,
  "val_loss": 1.3193769454956055,
  "train_loss": 1.2408010272279029,
  "epochs_used": 7,
  "time_sec": 8.108537197113037,
  "just_eliminated": [],
  "issue4_fix": "best_within_step_checkpoint_restored",
  "norms": {
    "asymmetry": 1.9612776041030884,
    "border_irregularity": 0.0,
    "colour_variation": 2.3679680824279785,
    "diameter_large": 3.4475882053375244,
    "atypical_pigment_network": 2.3349297046661377,
    "blue_white_veil": 1.5025572776794434,
    "atypical_vascular_pattern": 0.8910408616065979,
    "irregular_streaks": 0.0,
    "irregular_pigmentation": 0.7292560338973999,
    "irregular_dots_globules": 0.0,
    "regression_structures": 0.0,
    "symmetric_uniform": 0.0,
    "reticular_network": 3.6609561443328857,
    "arborizing_vessels": 2.2254397869110107,
    "blue_grey_ovoid_nests": 3.2116098403930664,
    "ulceration": 1.966352939605713,
    "scaly_surface": 3.5291192531585693,
    "strawberry_pattern": 0.0,
    "milia_like_cysts": 2.3025052547454834,
    "comedo_like_openings": 2.895695447921753,
    "cerebriform_surface": 2.290809154510498,
    "central_white_patch": 3.013415575027466,
    "red_lacunae": 3.2295782566070557,
    "healthy_skin": 0.0
  }
}