{
  "step": 74,
  "lambda_s": 17.51595290392506,
  "n_active": 15,
  "val_balacc": 0.4955207489180877,
  "val_auc": 0.8226397267504345,
  "val_loss": 1.3564505577087402,
  "train_loss": 1.356774268827284,
  "epochs_used": 7,
  "time_sec": 8.53790831565857,
  "just_eliminated": [],
  "issue4_fix": "best_within_step_checkpoint_restored",
  "norms": {
    "asymmetry": 1.9959354400634766,
    "border_irregularity": 0.0,
    "colour_variation": 2.345350503921509,
    "diameter_large": 3.0372917652130127,
    "atypical_pigment_network": 1.8941915035247803,
    "blue_white_veil": 0.8440308570861816,
    "atypical_vascular_pattern": 0.0,
    "irregular_streaks": 0.0,
    "irregular_pigmentation": 0.0,
    "irregular_dots_globules": 0.0,
    "regression_structures": 0.0,
    "symmetric_uniform": 0.0,
    "reticular_network": 3.6391305923461914,
    "arborizing_vessels": 1.9945068359375,
    "blue_grey_ovoid_nests": 2.6474239826202393,
    "ulceration": 1.630843997001648,
    "scaly_surface": 3.1912124156951904,
    "strawberry_pattern": 0.0,
    "milia_like_cysts": 2.1802752017974854,
    "comedo_like_openings": 2.6252989768981934,
    "cerebriform_surface": 2.006880283355713,
    "central_white_patch": 2.761028528213501,
    "red_lacunae": 2.8456666469573975,
    "healthy_skin": 0.0
  }
}