{
  "step": 76,
  "lambda_s": 18.945254660885347,
  "n_active": 15,
  "val_balacc": 0.5047710073778844,
  "val_auc": 0.8215230503776141,
  "val_loss": 1.3775579929351807,
  "train_loss": 1.3277000331344224,
  "epochs_used": 7,
  "time_sec": 8.388281345367432,
  "just_eliminated": [],
  "issue4_fix": "best_within_step_checkpoint_restored",
  "norms": {
    "asymmetry": 2.00183367729187,
    "border_irregularity": 0.0,
    "colour_variation": 2.278794765472412,
    "diameter_large": 3.0596084594726562,
    "atypical_pigment_network": 1.6643389463424683,
    "blue_white_veil": 0.8463895320892334,
    "atypical_vascular_pattern": 0.0,
    "irregular_streaks": 0.0,
    "irregular_pigmentation": 0.0,
    "irregular_dots_globules": 0.0,
    "regression_structures": 0.0,
    "symmetric_uniform": 0.0,
    "reticular_network": 3.6131985187530518,
    "arborizing_vessels": 1.8731772899627686,
    "blue_grey_ovoid_nests": 2.5821897983551025,
    "ulceration": 1.6227458715438843,
    "scaly_surface": 3.128356695175171,
    "strawberry_pattern": 0.0,
    "milia_like_cysts": 2.1098475456237793,
    "comedo_like_openings": 2.566305637359619,
    "cerebriform_surface": 1.9617000818252563,
    "central_white_patch": 2.7662148475646973,
    "red_lacunae": 2.7793450355529785,
    "healthy_skin": 0.0
  }
}