{
  "step": 90,
  "lambda_s": 32.80705129009241,
  "n_active": 12,
  "val_balacc": 0.4672258232975577,
  "val_auc": 0.7626558493288126,
  "val_loss": 1.595740795135498,
  "train_loss": 1.5634371863207217,
  "epochs_used": 7,
  "time_sec": 7.771929025650024,
  "just_eliminated": [],
  "issue4_fix": "best_within_step_checkpoint_restored",
  "norms": {
    "asymmetry": 1.4771703481674194,
    "border_irregularity": 0.0,
    "colour_variation": 1.4048267602920532,
    "diameter_large": 2.2901487350463867,
    "atypical_pigment_network": 0.0,
    "blue_white_veil": 0.0,
    "atypical_vascular_pattern": 0.0,
    "irregular_streaks": 0.0,
    "irregular_pigmentation": 0.0,
    "irregular_dots_globules": 0.0,
    "regression_structures": 0.0,
    "symmetric_uniform": 0.0,
    "reticular_network": 3.0494842529296875,
    "arborizing_vessels": 0.3556077778339386,
    "blue_grey_ovoid_nests": 0.8189060688018799,
    "ulceration": 0.0,
    "scaly_surface": 2.2368619441986084,
    "strawberry_pattern": 0.0,
    "milia_like_cysts": 1.4907917976379395,
    "comedo_like_openings": 1.705001950263977,
    "cerebriform_surface": 1.1266541481018066,
    "central_white_patch": 1.9310641288757324,
    "red_lacunae": 1.7665013074874878,
    "healthy_skin": 0.0
  }
}