{
  "step": 13,
  "lambda_s": 1.6010322185676815,
  "n_active": 24,
  "val_balacc": 0.5238919309665637,
  "val_auc": 0.855757495902491,
  "val_loss": 1.2170579433441162,
  "train_loss": 0.8935039824299319,
  "epochs_used": 7,
  "time_sec": 8.29925012588501,
  "just_eliminated": [],
  "issue4_fix": "best_within_step_checkpoint_restored",
  "norms": {
    "asymmetry": 5.135016441345215,
    "border_irregularity": 4.269690990447998,
    "colour_variation": 5.317416191101074,
    "diameter_large": 5.930549621582031,
    "atypical_pigment_network": 5.401182174682617,
    "blue_white_veil": 5.05296516418457,
    "atypical_vascular_pattern": 4.413133144378662,
    "irregular_streaks": 5.242274284362793,
    "irregular_pigmentation": 4.616302013397217,
    "irregular_dots_globules": 4.78712272644043,
    "regression_structures": 4.034337997436523,
    "symmetric_uniform": 4.708444118499756,
    "reticular_network": 5.426281452178955,
    "arborizing_vessels": 5.439941883087158,
    "blue_grey_ovoid_nests": 5.047229290008545,
    "ulceration": 4.397463798522949,
    "scaly_surface": 5.656239032745361,
    "strawberry_pattern": 5.013448238372803,
    "milia_like_cysts": 4.610156536102295,
    "comedo_like_openings": 4.637824535369873,
    "cerebriform_surface": 5.133312225341797,
    "central_white_patch": 4.936347007751465,
    "red_lacunae": 5.732930660247803,
    "healthy_skin": 4.622342109680176
  }
}