{
  "step": 51,
  "lambda_s": 7.106683346278317,
  "n_active": 23,
  "val_balacc": 0.5203286628275101,
  "val_auc": 0.8432978588043525,
  "val_loss": 1.2476184368133545,
  "train_loss": 1.1492113516309936,
  "epochs_used": 10,
  "time_sec": 10.19819450378418,
  "just_eliminated": [],
  "issue4_fix": "best_within_step_checkpoint_restored",
  "norms": {
    "asymmetry": 2.292372941970825,
    "border_irregularity": 0.0,
    "colour_variation": 2.6029374599456787,
    "diameter_large": 3.844332456588745,
    "atypical_pigment_network": 2.627387285232544,
    "blue_white_veil": 2.28547739982605,
    "atypical_vascular_pattern": 1.3388952016830444,
    "irregular_streaks": 1.4267104864120483,
    "irregular_pigmentation": 2.482114553451538,
    "irregular_dots_globules": 1.8238060474395752,
    "regression_structures": 0.6949285864830017,
    "symmetric_uniform": 1.7602640390396118,
    "reticular_network": 3.514294385910034,
    "arborizing_vessels": 2.56355619430542,
    "blue_grey_ovoid_nests": 3.176478385925293,
    "ulceration": 2.2942147254943848,
    "scaly_surface": 4.073665618896484,
    "strawberry_pattern": 1.8168264627456665,
    "milia_like_cysts": 1.9511908292770386,
    "comedo_like_openings": 2.9504661560058594,
    "cerebriform_surface": 2.5954368114471436,
    "central_white_patch": 3.217395782470703,
    "red_lacunae": 3.769906520843506,
    "healthy_skin": 1.6206810474395752
  }
}