{
  "step": 98,
  "lambda_s": 44.89871503067889,
  "n_active": 9,
  "val_balacc": 0.2206880838459786,
  "val_auc": 0.6409437900995086,
  "val_loss": 1.8897165060043335,
  "train_loss": 1.8174003303273678,
  "epochs_used": 7,
  "time_sec": 7.6884589195251465,
  "just_eliminated": [],
  "issue4_fix": "best_within_step_checkpoint_restored",
  "norms": {
    "asymmetry": 0.45686283707618713,
    "border_irregularity": 0.0,
    "colour_variation": 0.435444712638855,
    "diameter_large": 1.18222975730896,
    "atypical_pigment_network": 0.0,
    "blue_white_veil": 0.0,
    "atypical_vascular_pattern": 0.0,
    "irregular_streaks": 0.0,
    "irregular_pigmentation": 0.0,
    "irregular_dots_globules": 0.0,
    "regression_structures": 0.0,
    "symmetric_uniform": 0.0,
    "reticular_network": 1.8904255628585815,
    "arborizing_vessels": 0.0,
    "blue_grey_ovoid_nests": 0.0,
    "ulceration": 0.0,
    "scaly_surface": 0.8602098226547241,
    "strawberry_pattern": 0.0,
    "milia_like_cysts": 0.2591076195240021,
    "comedo_like_openings": 0.45251065492630005,
    "cerebriform_surface": 0.0,
    "central_white_patch": 0.6726582050323486,
    "red_lacunae": 0.27624276280403137,
    "healthy_skin": 0.0
  }
}