{
  "step": 57,
  "lambda_s": 8.992221596474751,
  "n_active": 22,
  "val_balacc": 0.5203275090288463,
  "val_auc": 0.8390587516049322,
  "val_loss": 1.265698790550232,
  "train_loss": 1.2399029323499497,
  "epochs_used": 7,
  "time_sec": 7.3400890827178955,
  "just_eliminated": [],
  "issue4_fix": "best_within_step_checkpoint_restored",
  "norms": {
    "asymmetry": 2.209420680999756,
    "border_irregularity": 0.0,
    "colour_variation": 2.6428146362304688,
    "diameter_large": 3.6972103118896484,
    "atypical_pigment_network": 2.580207347869873,
    "blue_white_veil": 2.0145065784454346,
    "atypical_vascular_pattern": 1.3030074834823608,
    "irregular_streaks": 0.9259751439094543,
    "irregular_pigmentation": 2.1375279426574707,
    "irregular_dots_globules": 1.1090915203094482,
    "regression_structures": 0.0,
    "symmetric_uniform": 1.4902141094207764,
    "reticular_network": 3.5359325408935547,
    "arborizing_vessels": 2.4759461879730225,
    "blue_grey_ovoid_nests": 3.275115966796875,
    "ulceration": 2.177302598953247,
    "scaly_surface": 3.9870030879974365,
    "strawberry_pattern": 1.1345540285110474,
    "milia_like_cysts": 2.1420674324035645,
    "comedo_like_openings": 2.9967377185821533,
    "cerebriform_surface": 2.40543532371521,
    "central_white_patch": 3.146799087524414,
    "red_lacunae": 3.629683017730713,
    "healthy_skin": 1.5919095277786255
  }
}