{
  "step": 29,
  "lambda_s": 2.998703319182268,
  "n_active": 24,
  "val_balacc": 0.5301682659975921,
  "val_auc": 0.851402315020151,
  "val_loss": 1.195175051689148,
  "train_loss": 1.0731885744952325,
  "epochs_used": 10,
  "time_sec": 11.147807121276855,
  "just_eliminated": [],
  "issue4_fix": "best_within_step_checkpoint_restored",
  "norms": {
    "asymmetry": 3.2228472232818604,
    "border_irregularity": 1.7941780090332031,
    "colour_variation": 3.6839394569396973,
    "diameter_large": 4.497129917144775,
    "atypical_pigment_network": 3.8578879833221436,
    "blue_white_veil": 3.0530009269714355,
    "atypical_vascular_pattern": 2.359274387359619,
    "irregular_streaks": 3.2321090698242188,
    "irregular_pigmentation": 3.2681918144226074,
    "irregular_dots_globules": 2.7985119819641113,
    "regression_structures": 2.401794672012329,
    "symmetric_uniform": 2.5245985984802246,
    "reticular_network": 3.8375892639160156,
    "arborizing_vessels": 3.544517993927002,
    "blue_grey_ovoid_nests": 3.2744386196136475,
    "ulceration": 2.6327974796295166,
    "scaly_surface": 4.236217498779297,
    "strawberry_pattern": 3.2563517093658447,
    "milia_like_cysts": 2.6533925533294678,
    "comedo_like_openings": 2.9835832118988037,
    "cerebriform_surface": 3.5657567977905273,
    "central_white_patch": 3.57669734954834,
    "red_lacunae": 4.292657375335693,
    "healthy_skin": 2.8272101879119873
  }
}