{
  "step": 94,
  "lambda_s": 38.37960978007366,
  "n_active": 10,
  "val_balacc": 0.43534098663536774,
  "val_auc": 0.7151277856502208,
  "val_loss": 1.7331416606903076,
  "train_loss": 1.6793690750637507,
  "epochs_used": 7,
  "time_sec": 7.832555055618286,
  "just_eliminated": [],
  "issue4_fix": "best_within_step_checkpoint_restored",
  "norms": {
    "asymmetry": 1.0390530824661255,
    "border_irregularity": 0.0,
    "colour_variation": 1.0135376453399658,
    "diameter_large": 1.901542067527771,
    "atypical_pigment_network": 0.0,
    "blue_white_veil": 0.0,
    "atypical_vascular_pattern": 0.0,
    "irregular_streaks": 0.0,
    "irregular_pigmentation": 0.0,
    "irregular_dots_globules": 0.0,
    "regression_structures": 0.0,
    "symmetric_uniform": 0.0,
    "reticular_network": 2.5941643714904785,
    "arborizing_vessels": 0.0,
    "blue_grey_ovoid_nests": 0.0,
    "ulceration": 0.0,
    "scaly_surface": 1.6555746793746948,
    "strawberry_pattern": 0.0,
    "milia_like_cysts": 1.0515881776809692,
    "comedo_like_openings": 1.2419016361236572,
    "cerebriform_surface": 0.5820437073707581,
    "central_white_patch": 1.464929223060608,
    "red_lacunae": 1.18924880027771,
    "healthy_skin": 0.0
  }
}