{
  "step": 2,
  "lambda_s": 1.04,
  "n_active": 24,
  "val_balacc": 0.517416331079792,
  "val_auc": 0.8377975758154652,
  "val_loss": 1.199758529663086,
  "train_loss": 1.1445610199592182,
  "epochs_used": 8,
  "time_sec": 8.554418802261353,
  "just_eliminated": [],
  "issue4_fix": "best_within_step_checkpoint_restored",
  "norms": {
    "asymmetry": 6.908974647521973,
    "border_irregularity": 6.554713249206543,
    "colour_variation": 6.872079372406006,
    "diameter_large": 7.2710862159729,
    "atypical_pigment_network": 6.939675807952881,
    "blue_white_veil": 6.739852428436279,
    "atypical_vascular_pattern": 6.693145275115967,
    "irregular_streaks": 7.191106796264648,
    "irregular_pigmentation": 6.310399532318115,
    "irregular_dots_globules": 6.717531681060791,
    "regression_structures": 6.337104797363281,
    "symmetric_uniform": 6.797338485717773,
    "reticular_network": 7.127739429473877,
    "arborizing_vessels": 7.035445690155029,
    "blue_grey_ovoid_nests": 6.833577632904053,
    "ulceration": 6.524677276611328,
    "scaly_surface": 7.2581987380981445,
    "strawberry_pattern": 6.755142688751221,
    "milia_like_cysts": 6.593001365661621,
    "comedo_like_openings": 6.37737512588501,
    "cerebriform_surface": 6.585516929626465,
    "central_white_patch": 6.46420431137085,
    "red_lacunae": 7.194796085357666,
    "healthy_skin": 6.48360538482666
  }
}