{
  "step": 77,
  "lambda_s": 19.703064847320764,
  "n_active": 15,
  "val_balacc": 0.4942897061878025,
  "val_auc": 0.8236857546570746,
  "val_loss": 1.3818033933639526,
  "train_loss": 1.3538305288827879,
  "epochs_used": 7,
  "time_sec": 8.22324275970459,
  "just_eliminated": [],
  "issue4_fix": "best_within_step_checkpoint_restored",
  "norms": {
    "asymmetry": 1.9523987770080566,
    "border_irregularity": 0.0,
    "colour_variation": 2.2866275310516357,
    "diameter_large": 2.9883360862731934,
    "atypical_pigment_network": 1.5686677694320679,
    "blue_white_veil": 0.6604378819465637,
    "atypical_vascular_pattern": 0.0,
    "irregular_streaks": 0.0,
    "irregular_pigmentation": 0.0,
    "irregular_dots_globules": 0.0,
    "regression_structures": 0.0,
    "symmetric_uniform": 0.0,
    "reticular_network": 3.5989160537719727,
    "arborizing_vessels": 1.8424701690673828,
    "blue_grey_ovoid_nests": 2.5343222618103027,
    "ulceration": 1.5534611940383911,
    "scaly_surface": 3.118147373199463,
    "strawberry_pattern": 0.0,
    "milia_like_cysts": 2.03049898147583,
    "comedo_like_openings": 2.4950926303863525,
    "cerebriform_surface": 1.961297631263733,
    "central_white_patch": 2.723759889602661,
    "red_lacunae": 2.8339107036590576,
    "healthy_skin": 0.0
  }
}