{
  "step": 79,
  "lambda_s": 21.31083493886214,
  "n_active": 15,
  "val_balacc": 0.4806421714332919,
  "val_auc": 0.8161015533315845,
  "val_loss": 1.4032618999481201,
  "train_loss": 1.3836869675373824,
  "epochs_used": 8,
  "time_sec": 9.599621534347534,
  "just_eliminated": [],
  "issue4_fix": "best_within_step_checkpoint_restored",
  "norms": {
    "asymmetry": 1.8501145839691162,
    "border_irregularity": 0.0,
    "colour_variation": 2.032384157180786,
    "diameter_large": 2.864217758178711,
    "atypical_pigment_network": 1.2421678304672241,
    "blue_white_veil": 0.07239428162574768,
    "atypical_vascular_pattern": 0.0,
    "irregular_streaks": 0.0,
    "irregular_pigmentation": 0.0,
    "irregular_dots_globules": 0.0,
    "regression_structures": 0.0,
    "symmetric_uniform": 0.0,
    "reticular_network": 3.5803511142730713,
    "arborizing_vessels": 1.6156564950942993,
    "blue_grey_ovoid_nests": 2.3081507682800293,
    "ulceration": 1.2769615650177002,
    "scaly_surface": 2.9932563304901123,
    "strawberry_pattern": 0.0,
    "milia_like_cysts": 2.057166576385498,
    "comedo_like_openings": 2.357246160507202,
    "cerebriform_surface": 1.830530047416687,
    "central_white_patch": 2.5969491004943848,
    "red_lacunae": 2.7767081260681152,
    "healthy_skin": 0.0
  }
}