{
  "step": 66,
  "lambda_s": 12.798735218174098,
  "n_active": 17,
  "val_balacc": 0.508526462327266,
  "val_auc": 0.8354455840574273,
  "val_loss": 1.3036577701568604,
  "train_loss": 1.2292594364838463,
  "epochs_used": 7,
  "time_sec": 7.778487205505371,
  "just_eliminated": [],
  "issue4_fix": "best_within_step_checkpoint_restored",
  "norms": {
    "asymmetry": 1.9367973804473877,
    "border_irregularity": 0.0,
    "colour_variation": 2.3188345432281494,
    "diameter_large": 3.5184009075164795,
    "atypical_pigment_network": 2.32857084274292,
    "blue_white_veil": 1.445784091949463,
    "atypical_vascular_pattern": 0.9582206010818481,
    "irregular_streaks": 0.0,
    "irregular_pigmentation": 0.8690494894981384,
    "irregular_dots_globules": 0.0,
    "regression_structures": 0.0,
    "symmetric_uniform": 0.0,
    "reticular_network": 3.581388473510742,
    "arborizing_vessels": 2.220756769180298,
    "blue_grey_ovoid_nests": 3.159121036529541,
    "ulceration": 2.0111541748046875,
    "scaly_surface": 3.5292651653289795,
    "strawberry_pattern": 0.0,
    "milia_like_cysts": 2.354405641555786,
    "comedo_like_openings": 2.9459102153778076,
    "cerebriform_surface": 2.3420207500457764,
    "central_white_patch": 3.0652942657470703,
    "red_lacunae": 3.2213027477264404,
    "healthy_skin": 0.0
  }
}