{
  "step": 1,
  "lambda_s": 1.0,
  "n_active": 24,
  "val_balacc": 0.5198597417094222,
  "val_auc": 0.8457621886332333,
  "val_loss": 1.1994656324386597,
  "train_loss": 1.0873197232504117,
  "epochs_used": 10,
  "time_sec": 10.80946683883667,
  "just_eliminated": [],
  "issue4_fix": "best_within_step_checkpoint_restored",
  "norms": {
    "asymmetry": 7.004108428955078,
    "border_irregularity": 6.664078235626221,
    "colour_variation": 6.956268787384033,
    "diameter_large": 7.364552974700928,
    "atypical_pigment_network": 7.025354385375977,
    "blue_white_veil": 6.820207595825195,
    "atypical_vascular_pattern": 6.8051652908325195,
    "irregular_streaks": 7.2977447509765625,
    "irregular_pigmentation": 6.387668132781982,
    "irregular_dots_globules": 6.829358100891113,
    "regression_structures": 6.5048508644104,
    "symmetric_uniform": 6.919347286224365,
    "reticular_network": 7.233796119689941,
    "arborizing_vessels": 7.113800048828125,
    "blue_grey_ovoid_nests": 6.919070720672607,
    "ulceration": 6.652020454406738,
    "scaly_surface": 7.328075408935547,
    "strawberry_pattern": 6.86032772064209,
    "milia_like_cysts": 6.718440055847168,
    "comedo_like_openings": 6.49593448638916,
    "cerebriform_surface": 6.7169976234436035,
    "central_white_patch": 6.5406880378723145,
    "red_lacunae": 7.263589859008789,
    "healthy_skin": 6.582768440246582
  }
}