{
  "step": 44,
  "lambda_s": 5.40049526762334,
  "n_active": 23,
  "val_balacc": 0.530961614997581,
  "val_auc": 0.8423033904175279,
  "val_loss": 1.2085421085357666,
  "train_loss": 1.166841220736949,
  "epochs_used": 7,
  "time_sec": 9.988296270370483,
  "just_eliminated": [],
  "issue4_fix": "best_within_step_checkpoint_restored",
  "norms": {
    "asymmetry": 2.608704090118408,
    "border_irregularity": 0.0,
    "colour_variation": 2.990690231323242,
    "diameter_large": 3.9584622383117676,
    "atypical_pigment_network": 3.195915937423706,
    "blue_white_veil": 2.533111810684204,
    "atypical_vascular_pattern": 1.6851401329040527,
    "irregular_streaks": 2.2824490070343018,
    "irregular_pigmentation": 2.909057140350342,
    "irregular_dots_globules": 2.203235149383545,
    "regression_structures": 1.6857777833938599,
    "symmetric_uniform": 2.031094789505005,
    "reticular_network": 3.612253189086914,
    "arborizing_vessels": 2.710456132888794,
    "blue_grey_ovoid_nests": 3.1847777366638184,
    "ulceration": 2.4087352752685547,
    "scaly_surface": 4.180418968200684,
    "strawberry_pattern": 2.470684766769409,
    "milia_like_cysts": 1.9068776369094849,
    "comedo_like_openings": 2.8957605361938477,
    "cerebriform_surface": 2.944432497024536,
    "central_white_patch": 3.459791660308838,
    "red_lacunae": 3.862260103225708,
    "healthy_skin": 1.9142789840698242
  }
}