{
  "step": 68,
  "lambda_s": 13.843112011977105,
  "n_active": 17,
  "val_balacc": 0.4961682931925341,
  "val_auc": 0.8301151290308997,
  "val_loss": 1.3087968826293945,
  "train_loss": 1.2861683977347975,
  "epochs_used": 8,
  "time_sec": 9.385087966918945,
  "just_eliminated": [],
  "issue4_fix": "best_within_step_checkpoint_restored",
  "norms": {
    "asymmetry": 1.9228321313858032,
    "border_irregularity": 0.0,
    "colour_variation": 2.418943405151367,
    "diameter_large": 3.4742825031280518,
    "atypical_pigment_network": 2.2680418491363525,
    "blue_white_veil": 1.3768932819366455,
    "atypical_vascular_pattern": 0.7576389908790588,
    "irregular_streaks": 0.0,
    "irregular_pigmentation": 0.5110734701156616,
    "irregular_dots_globules": 0.0,
    "regression_structures": 0.0,
    "symmetric_uniform": 0.0,
    "reticular_network": 3.6813735961914062,
    "arborizing_vessels": 2.1732676029205322,
    "blue_grey_ovoid_nests": 3.161358118057251,
    "ulceration": 1.8331198692321777,
    "scaly_surface": 3.490143060684204,
    "strawberry_pattern": 0.0,
    "milia_like_cysts": 2.2992618083953857,
    "comedo_like_openings": 2.8908519744873047,
    "cerebriform_surface": 2.2861099243164062,
    "central_white_patch": 2.939565658569336,
    "red_lacunae": 3.075855255126953,
    "healthy_skin": 0.0
  }
}