{
  "step": 87,
  "lambda_s": 29.16534913562209,
  "n_active": 13,
  "val_balacc": 0.4789268227496935,
  "val_auc": 0.7847901971234579,
  "val_loss": 1.5241976976394653,
  "train_loss": 1.5115040760408451,
  "epochs_used": 7,
  "time_sec": 7.243075132369995,
  "just_eliminated": [],
  "issue4_fix": "best_within_step_checkpoint_restored",
  "norms": {
    "asymmetry": 1.676861047744751,
    "border_irregularity": 0.0,
    "colour_variation": 1.6034337282180786,
    "diameter_large": 2.492150068283081,
    "atypical_pigment_network": 0.0,
    "blue_white_veil": 0.0,
    "atypical_vascular_pattern": 0.0,
    "irregular_streaks": 0.0,
    "irregular_pigmentation": 0.0,
    "irregular_dots_globules": 0.0,
    "regression_structures": 0.0,
    "symmetric_uniform": 0.0,
    "reticular_network": 3.1781327724456787,
    "arborizing_vessels": 0.9588170647621155,
    "blue_grey_ovoid_nests": 1.3802123069763184,
    "ulceration": 0.37361833453178406,
    "scaly_surface": 2.53564453125,
    "strawberry_pattern": 0.0,
    "milia_like_cysts": 1.7484889030456543,
    "comedo_like_openings": 1.9281553030014038,
    "cerebriform_surface": 1.3836075067520142,
    "central_white_patch": 2.192396640777588,
    "red_lacunae": 2.1633968353271484,
    "healthy_skin": 0.0
  }
}