{
  "step": 43,
  "lambda_s": 5.192783911176289,
  "n_active": 23,
  "val_balacc": 0.5382908950756919,
  "val_auc": 0.8480381252056628,
  "val_loss": 1.2225207090377808,
  "train_loss": 1.0656791382085342,
  "epochs_used": 7,
  "time_sec": 10.588194131851196,
  "just_eliminated": [],
  "issue4_fix": "best_within_step_checkpoint_restored",
  "norms": {
    "asymmetry": 2.6694839000701904,
    "border_irregularity": 0.0,
    "colour_variation": 3.0104880332946777,
    "diameter_large": 3.9708120822906494,
    "atypical_pigment_network": 3.2244982719421387,
    "blue_white_veil": 2.5358800888061523,
    "atypical_vascular_pattern": 1.7563531398773193,
    "irregular_streaks": 2.303025722503662,
    "irregular_pigmentation": 2.8712809085845947,
    "irregular_dots_globules": 2.2461090087890625,
    "regression_structures": 1.6593968868255615,
    "symmetric_uniform": 2.0451512336730957,
    "reticular_network": 3.6308553218841553,
    "arborizing_vessels": 2.802443265914917,
    "blue_grey_ovoid_nests": 3.22078537940979,
    "ulceration": 2.375723361968994,
    "scaly_surface": 4.142777919769287,
    "strawberry_pattern": 2.5487329959869385,
    "milia_like_cysts": 1.849461555480957,
    "comedo_like_openings": 2.808084726333618,
    "cerebriform_surface": 2.93074631690979,
    "central_white_patch": 3.4379031658172607,
    "red_lacunae": 3.9395601749420166,
    "healthy_skin": 1.9412437677383423
  }
}