{
  "step": 59,
  "lambda_s": 9.725986878747092,
  "n_active": 22,
  "val_balacc": 0.5195911463861533,
  "val_auc": 0.8384238097370236,
  "val_loss": 1.270426869392395,
  "train_loss": 1.2263745369382695,
  "epochs_used": 9,
  "time_sec": 10.03392505645752,
  "just_eliminated": [],
  "issue4_fix": "best_within_step_checkpoint_restored",
  "norms": {
    "asymmetry": 2.1597788333892822,
    "border_irregularity": 0.0,
    "colour_variation": 2.55132794380188,
    "diameter_large": 3.6276206970214844,
    "atypical_pigment_network": 2.5296754837036133,
    "blue_white_veil": 2.0092830657958984,
    "atypical_vascular_pattern": 1.267027735710144,
    "irregular_streaks": 0.6719191670417786,
    "irregular_pigmentation": 1.9604133367538452,
    "irregular_dots_globules": 0.8914010524749756,
    "regression_structures": 0.0,
    "symmetric_uniform": 1.3418431282043457,
    "reticular_network": 3.5621237754821777,
    "arborizing_vessels": 2.3998892307281494,
    "blue_grey_ovoid_nests": 3.250851631164551,
    "ulceration": 2.1202120780944824,
    "scaly_surface": 3.9501256942749023,
    "strawberry_pattern": 0.9173757433891296,
    "milia_like_cysts": 2.1516191959381104,
    "comedo_like_openings": 3.025712251663208,
    "cerebriform_surface": 2.3493549823760986,
    "central_white_patch": 3.1486499309539795,
    "red_lacunae": 3.5712943077087402,
    "healthy_skin": 1.4472534656524658
  }
}