{
  "step": 12,
  "lambda_s": 1.5394540563150783,
  "n_active": 24,
  "val_balacc": 0.5431346280845656,
  "val_auc": 0.8497605944540689,
  "val_loss": 1.1859294176101685,
  "train_loss": 1.0236059299590132,
  "epochs_used": 13,
  "time_sec": 15.645742654800415,
  "just_eliminated": [],
  "issue4_fix": "best_within_step_checkpoint_restored",
  "norms": {
    "asymmetry": 5.164913177490234,
    "border_irregularity": 4.297001361846924,
    "colour_variation": 5.345854759216309,
    "diameter_large": 5.9533491134643555,
    "atypical_pigment_network": 5.422492027282715,
    "blue_white_veil": 5.092316627502441,
    "atypical_vascular_pattern": 4.4349775314331055,
    "irregular_streaks": 5.277998447418213,
    "irregular_pigmentation": 4.636114597320557,
    "irregular_dots_globules": 4.828375339508057,
    "regression_structures": 4.068798065185547,
    "symmetric_uniform": 4.740997791290283,
    "reticular_network": 5.442656517028809,
    "arborizing_vessels": 5.45763635635376,
    "blue_grey_ovoid_nests": 5.054879188537598,
    "ulceration": 4.422735691070557,
    "scaly_surface": 5.659323692321777,
    "strawberry_pattern": 5.050155162811279,
    "milia_like_cysts": 4.635147571563721,
    "comedo_like_openings": 4.646994113922119,
    "cerebriform_surface": 5.1283745765686035,
    "central_white_patch": 4.944536209106445,
    "red_lacunae": 5.764317989349365,
    "healthy_skin": 4.649994850158691
  }
}