{
  "step": 50,
  "lambda_s": 6.833349371421459,
  "n_active": 23,
  "val_balacc": 0.5387076856495867,
  "val_auc": 0.8418734878331793,
  "val_loss": 1.2507457733154297,
  "train_loss": 1.1817094547810916,
  "epochs_used": 11,
  "time_sec": 11.415875434875488,
  "just_eliminated": [],
  "issue4_fix": "best_within_step_checkpoint_restored",
  "norms": {
    "asymmetry": 2.3256571292877197,
    "border_irregularity": 0.0,
    "colour_variation": 2.6336638927459717,
    "diameter_large": 3.83223819732666,
    "atypical_pigment_network": 2.694232225418091,
    "blue_white_veil": 2.355607271194458,
    "atypical_vascular_pattern": 1.339836835861206,
    "irregular_streaks": 1.4800761938095093,
    "irregular_pigmentation": 2.5081593990325928,
    "irregular_dots_globules": 1.8893487453460693,
    "regression_structures": 0.9133975505828857,
    "symmetric_uniform": 1.7546594142913818,
    "reticular_network": 3.493617057800293,
    "arborizing_vessels": 2.617682695388794,
    "blue_grey_ovoid_nests": 3.1837501525878906,
    "ulceration": 2.2420082092285156,
    "scaly_surface": 4.021159648895264,
    "strawberry_pattern": 1.9273796081542969,
    "milia_like_cysts": 1.9230504035949707,
    "comedo_like_openings": 3.0061118602752686,
    "cerebriform_surface": 2.6052863597869873,
    "central_white_patch": 3.245086193084717,
    "red_lacunae": 3.73248028755188,
    "healthy_skin": 1.6590099334716797
  }
}