{
  "step": 45,
  "lambda_s": 5.616515078328274,
  "n_active": 23,
  "val_balacc": 0.5159405405140205,
  "val_auc": 0.8442479437375454,
  "val_loss": 1.2194639444351196,
  "train_loss": 1.1822727721179853,
  "epochs_used": 9,
  "time_sec": 13.12013030052185,
  "just_eliminated": [],
  "issue4_fix": "best_within_step_checkpoint_restored",
  "norms": {
    "asymmetry": 2.5526721477508545,
    "border_irregularity": 0.0,
    "colour_variation": 2.8630545139312744,
    "diameter_large": 3.908900022506714,
    "atypical_pigment_network": 3.1016995906829834,
    "blue_white_veil": 2.5119545459747314,
    "atypical_vascular_pattern": 1.7245527505874634,
    "irregular_streaks": 2.1364917755126953,
    "irregular_pigmentation": 2.860074758529663,
    "irregular_dots_globules": 2.1853280067443848,
    "regression_structures": 1.5796940326690674,
    "symmetric_uniform": 1.9650120735168457,
    "reticular_network": 3.526474952697754,
    "arborizing_vessels": 2.6868741512298584,
    "blue_grey_ovoid_nests": 3.228959560394287,
    "ulceration": 2.320194959640503,
    "scaly_surface": 4.176022052764893,
    "strawberry_pattern": 2.4141554832458496,
    "milia_like_cysts": 1.8876540660858154,
    "comedo_like_openings": 2.8231756687164307,
    "cerebriform_surface": 2.810995101928711,
    "central_white_patch": 3.4093406200408936,
    "red_lacunae": 3.9178075790405273,
    "healthy_skin": 1.8645602464675903
  }
}