{
  "step": 47,
  "lambda_s": 6.074822708719862,
  "n_active": 23,
  "val_balacc": 0.5267054371411792,
  "val_auc": 0.8457736902306331,
  "val_loss": 1.2264368534088135,
  "train_loss": 1.1538900153277671,
  "epochs_used": 10,
  "time_sec": 11.109113693237305,
  "just_eliminated": [],
  "issue4_fix": "best_within_step_checkpoint_restored",
  "norms": {
    "asymmetry": 2.4479143619537354,
    "border_irregularity": 0.0,
    "colour_variation": 2.812959671020508,
    "diameter_large": 3.865999937057495,
    "atypical_pigment_network": 2.925609588623047,
    "blue_white_veil": 2.401726245880127,
    "atypical_vascular_pattern": 1.605573296546936,
    "irregular_streaks": 1.8196213245391846,
    "irregular_pigmentation": 2.698380470275879,
    "irregular_dots_globules": 2.0923585891723633,
    "regression_structures": 1.427688479423523,
    "symmetric_uniform": 1.946556568145752,
    "reticular_network": 3.5186502933502197,
    "arborizing_vessels": 2.655930757522583,
    "blue_grey_ovoid_nests": 3.193437099456787,
    "ulceration": 2.2923784255981445,
    "scaly_surface": 4.138055324554443,
    "strawberry_pattern": 2.21433424949646,
    "milia_like_cysts": 1.8280812501907349,
    "comedo_like_openings": 2.8281946182250977,
    "cerebriform_surface": 2.7203006744384766,
    "central_white_patch": 3.3872647285461426,
    "red_lacunae": 3.8778305053710938,
    "healthy_skin": 1.7761653661727905
  }
}