{
  "step": 81,
  "lambda_s": 23.04979906987329,
  "n_active": 14,
  "val_balacc": 0.4818823635749398,
  "val_auc": 0.8104068895443849,
  "val_loss": 1.4231013059616089,
  "train_loss": 1.4145894302971485,
  "epochs_used": 7,
  "time_sec": 8.045907497406006,
  "just_eliminated": [],
  "issue4_fix": "best_within_step_checkpoint_restored",
  "norms": {
    "asymmetry": 1.7688806056976318,
    "border_irregularity": 0.0,
    "colour_variation": 1.9974308013916016,
    "diameter_large": 2.748358726501465,
    "atypical_pigment_network": 1.0705605745315552,
    "blue_white_veil": 0.0,
    "atypical_vascular_pattern": 0.0,
    "irregular_streaks": 0.0,
    "irregular_pigmentation": 0.0,
    "irregular_dots_globules": 0.0,
    "regression_structures": 0.0,
    "symmetric_uniform": 0.0,
    "reticular_network": 3.4980521202087402,
    "arborizing_vessels": 1.5610800981521606,
    "blue_grey_ovoid_nests": 2.0814149379730225,
    "ulceration": 1.1734246015548706,
    "scaly_surface": 2.9109749794006348,
    "strawberry_pattern": 0.0,
    "milia_like_cysts": 2.1274349689483643,
    "comedo_like_openings": 2.3647892475128174,
    "cerebriform_surface": 1.819911241531372,
    "central_white_patch": 2.473294973373413,
    "red_lacunae": 2.6855218410491943,
    "healthy_skin": 0.0
  }
}