{
  "step": 72,
  "lambda_s": 16.19448308425024,
  "n_active": 16,
  "val_balacc": 0.5017903186650304,
  "val_auc": 0.8282199005025107,
  "val_loss": 1.3320221900939941,
  "train_loss": 1.2720243271676868,
  "epochs_used": 7,
  "time_sec": 8.498108386993408,
  "just_eliminated": [],
  "issue4_fix": "best_within_step_checkpoint_restored",
  "norms": {
    "asymmetry": 1.8691071271896362,
    "border_irregularity": 0.0,
    "colour_variation": 2.2733023166656494,
    "diameter_large": 3.3223185539245605,
    "atypical_pigment_network": 2.0796828269958496,
    "blue_white_veil": 1.2006282806396484,
    "atypical_vascular_pattern": 0.36466604471206665,
    "irregular_streaks": 0.0,
    "irregular_pigmentation": 0.0,
    "irregular_dots_globules": 0.0,
    "regression_structures": 0.0,
    "symmetric_uniform": 0.0,
    "reticular_network": 3.6581063270568848,
    "arborizing_vessels": 2.184049129486084,
    "blue_grey_ovoid_nests": 2.958437919616699,
    "ulceration": 1.7623907327651978,
    "scaly_surface": 3.374265432357788,
    "strawberry_pattern": 0.0,
    "milia_like_cysts": 2.245767116546631,
    "comedo_like_openings": 2.7314231395721436,
    "cerebriform_surface": 2.150336980819702,
    "central_white_patch": 2.8194894790649414,
    "red_lacunae": 3.0886573791503906,
    "healthy_skin": 0.0
  }
}