{
  "step": 26,
  "lambda_s": 2.665836331487422,
  "n_active": 24,
  "val_balacc": 0.5233918797682713,
  "val_auc": 0.8483266641109589,
  "val_loss": 1.1965689659118652,
  "train_loss": 1.1106378375964325,
  "epochs_used": 12,
  "time_sec": 13.295564651489258,
  "just_eliminated": [],
  "issue4_fix": "best_within_step_checkpoint_restored",
  "norms": {
    "asymmetry": 3.398036241531372,
    "border_irregularity": 2.1192777156829834,
    "colour_variation": 3.83404803276062,
    "diameter_large": 4.65200138092041,
    "atypical_pigment_network": 3.9843246936798096,
    "blue_white_veil": 3.185861349105835,
    "atypical_vascular_pattern": 2.465208053588867,
    "irregular_streaks": 3.4129135608673096,
    "irregular_pigmentation": 3.3258397579193115,
    "irregular_dots_globules": 2.9857513904571533,
    "regression_structures": 2.466146469116211,
    "symmetric_uniform": 2.7851057052612305,
    "reticular_network": 3.957746744155884,
    "arborizing_vessels": 3.703305959701538,
    "blue_grey_ovoid_nests": 3.348320722579956,
    "ulceration": 2.6692206859588623,
    "scaly_surface": 4.234102725982666,
    "strawberry_pattern": 3.4237425327301025,
    "milia_like_cysts": 2.781524419784546,
    "comedo_like_openings": 3.089085578918457,
    "cerebriform_surface": 3.7598876953125,
    "central_white_patch": 3.716938018798828,
    "red_lacunae": 4.392296314239502,
    "healthy_skin": 2.9126906394958496
  }
}