{
  "step": 30,
  "lambda_s": 3.118651451949559,
  "n_active": 24,
  "val_balacc": 0.5382874841919042,
  "val_auc": 0.8497058015860967,
  "val_loss": 1.2026177644729614,
  "train_loss": 1.0415225183384802,
  "epochs_used": 11,
  "time_sec": 12.261283874511719,
  "just_eliminated": [],
  "issue4_fix": "best_within_step_checkpoint_restored",
  "norms": {
    "asymmetry": 3.177907943725586,
    "border_irregularity": 1.6458420753479004,
    "colour_variation": 3.623764991760254,
    "diameter_large": 4.463928699493408,
    "atypical_pigment_network": 3.8333780765533447,
    "blue_white_veil": 3.0378799438476562,
    "atypical_vascular_pattern": 2.341639518737793,
    "irregular_streaks": 3.2388577461242676,
    "irregular_pigmentation": 3.3016018867492676,
    "irregular_dots_globules": 2.7171900272369385,
    "regression_structures": 2.384277582168579,
    "symmetric_uniform": 2.4700613021850586,
    "reticular_network": 3.854609251022339,
    "arborizing_vessels": 3.40791654586792,
    "blue_grey_ovoid_nests": 3.2481842041015625,
    "ulceration": 2.57763409614563,
    "scaly_surface": 4.193838119506836,
    "strawberry_pattern": 3.254471778869629,
    "milia_like_cysts": 2.5825212001800537,
    "comedo_like_openings": 3.0148870944976807,
    "cerebriform_surface": 3.492004632949829,
    "central_white_patch": 3.563777208328247,
    "red_lacunae": 4.241125106811523,
    "healthy_skin": 2.709235191345215
  }
}