{
  "step": 16,
  "lambda_s": 1.8009435055069165,
  "n_active": 24,
  "val_balacc": 0.5392270898462849,
  "val_auc": 0.8519291277275258,
  "val_loss": 1.1992467641830444,
  "train_loss": 0.9686834194591898,
  "epochs_used": 9,
  "time_sec": 10.803662776947021,
  "just_eliminated": [],
  "issue4_fix": "best_within_step_checkpoint_restored",
  "norms": {
    "asymmetry": 4.9680094718933105,
    "border_irregularity": 4.088746070861816,
    "colour_variation": 5.159359455108643,
    "diameter_large": 5.7989935874938965,
    "atypical_pigment_network": 5.203878402709961,
    "blue_white_veil": 4.859830379486084,
    "atypical_vascular_pattern": 4.222825527191162,
    "irregular_streaks": 5.075972080230713,
    "irregular_pigmentation": 4.448148250579834,
    "irregular_dots_globules": 4.570058345794678,
    "regression_structures": 3.8284502029418945,
    "symmetric_uniform": 4.503527641296387,
    "reticular_network": 5.239357948303223,
    "arborizing_vessels": 5.2974114418029785,
    "blue_grey_ovoid_nests": 4.871464729309082,
    "ulceration": 4.248467445373535,
    "scaly_surface": 5.490636348724365,
    "strawberry_pattern": 4.875783443450928,
    "milia_like_cysts": 4.422801494598389,
    "comedo_like_openings": 4.476003170013428,
    "cerebriform_surface": 5.0294294357299805,
    "central_white_patch": 4.7735514640808105,
    "red_lacunae": 5.5781636238098145,
    "healthy_skin": 4.413820743560791
  }
}