{
  "step": 8,
  "lambda_s": 1.3159317792358403,
  "n_active": 24,
  "val_balacc": 0.517453787615503,
  "val_auc": 0.8460994986670676,
  "val_loss": 1.2160767316818237,
  "train_loss": 1.0713347581077186,
  "epochs_used": 18,
  "time_sec": 20.79367756843567,
  "just_eliminated": [],
  "issue4_fix": "best_within_step_checkpoint_restored",
  "norms": {
    "asymmetry": 5.723879814147949,
    "border_irregularity": 5.050275802612305,
    "colour_variation": 5.829304218292236,
    "diameter_large": 6.332196235656738,
    "atypical_pigment_network": 5.8699235916137695,
    "blue_white_veil": 5.613531112670898,
    "atypical_vascular_pattern": 5.18187952041626,
    "irregular_streaks": 5.882714748382568,
    "irregular_pigmentation": 5.181845664978027,
    "irregular_dots_globules": 5.4359636306762695,
    "regression_structures": 4.7937517166137695,
    "symmetric_uniform": 5.434815406799316,
    "reticular_network": 5.960590839385986,
    "arborizing_vessels": 5.970947265625,
    "blue_grey_ovoid_nests": 5.67624044418335,
    "ulceration": 5.088791370391846,
    "scaly_surface": 6.225906848907471,
    "strawberry_pattern": 5.608364582061768,
    "milia_like_cysts": 5.300647735595703,
    "comedo_like_openings": 5.192356586456299,
    "cerebriform_surface": 5.563726425170898,
    "central_white_patch": 5.475937843322754,
    "red_lacunae": 6.257753372192383,
    "healthy_skin": 5.258130073547363
  }
}