{
  "step": 70,
  "lambda_s": 14.972709952154437,
  "n_active": 17,
  "val_balacc": 0.509274228054282,
  "val_auc": 0.8295819826136803,
  "val_loss": 1.316168189048767,
  "train_loss": 1.274484215905034,
  "epochs_used": 7,
  "time_sec": 8.386940479278564,
  "just_eliminated": [],
  "issue4_fix": "best_within_step_checkpoint_restored",
  "norms": {
    "asymmetry": 1.9901131391525269,
    "border_irregularity": 0.0,
    "colour_variation": 2.3130884170532227,
    "diameter_large": 3.3581559658050537,
    "atypical_pigment_network": 2.1893839836120605,
    "blue_white_veil": 1.2911678552627563,
    "atypical_vascular_pattern": 0.6967560648918152,
    "irregular_streaks": 0.0,
    "irregular_pigmentation": 0.08666916936635971,
    "irregular_dots_globules": 0.0,
    "regression_structures": 0.0,
    "symmetric_uniform": 0.0,
    "reticular_network": 3.664198398590088,
    "arborizing_vessels": 2.1576082706451416,
    "blue_grey_ovoid_nests": 3.088538408279419,
    "ulceration": 1.7649650573730469,
    "scaly_surface": 3.441904067993164,
    "strawberry_pattern": 0.0,
    "milia_like_cysts": 2.2650818824768066,
    "comedo_like_openings": 2.7273452281951904,
    "cerebriform_surface": 2.2544610500335693,
    "central_white_patch": 2.8728718757629395,
    "red_lacunae": 3.2347018718719482,
    "healthy_skin": 0.0
  }
}