{
  "step": 69,
  "lambda_s": 14.39683649245619,
  "n_active": 17,
  "val_balacc": 0.5076839792718194,
  "val_auc": 0.8319617573498778,
  "val_loss": 1.3103216886520386,
  "train_loss": 1.2969120298494883,
  "epochs_used": 7,
  "time_sec": 8.080645322799683,
  "just_eliminated": [],
  "issue4_fix": "best_within_step_checkpoint_restored",
  "norms": {
    "asymmetry": 2.0093390941619873,
    "border_irregularity": 0.0,
    "colour_variation": 2.354990243911743,
    "diameter_large": 3.4050662517547607,
    "atypical_pigment_network": 2.209946393966675,
    "blue_white_veil": 1.3772259950637817,
    "atypical_vascular_pattern": 0.7499011158943176,
    "irregular_streaks": 0.0,
    "irregular_pigmentation": 0.24885952472686768,
    "irregular_dots_globules": 0.0,
    "regression_structures": 0.0,
    "symmetric_uniform": 0.0,
    "reticular_network": 3.6505284309387207,
    "arborizing_vessels": 2.1738336086273193,
    "blue_grey_ovoid_nests": 3.1441469192504883,
    "ulceration": 1.7490859031677246,
    "scaly_surface": 3.47336745262146,
    "strawberry_pattern": 0.0,
    "milia_like_cysts": 2.281386375427246,
    "comedo_like_openings": 2.8025999069213867,
    "cerebriform_surface": 2.3153679370880127,
    "central_white_patch": 2.902373790740967,
    "red_lacunae": 3.1186094284057617,
    "healthy_skin": 0.0
  }
}