{
  "step": 61,
  "lambda_s": 10.519627408052855,
  "n_active": 19,
  "val_balacc": 0.5069316619626217,
  "val_auc": 0.8356783604384352,
  "val_loss": 1.2707840204238892,
  "train_loss": 1.2552629848791386,
  "epochs_used": 8,
  "time_sec": 8.72563099861145,
  "just_eliminated": [],
  "issue4_fix": "best_within_step_checkpoint_restored",
  "norms": {
    "asymmetry": 2.170520544052124,
    "border_irregularity": 0.0,
    "colour_variation": 2.47157621383667,
    "diameter_large": 3.5853981971740723,
    "atypical_pigment_network": 2.424577236175537,
    "blue_white_veil": 1.710200309753418,
    "atypical_vascular_pattern": 1.171802282333374,
    "irregular_streaks": 0.0,
    "irregular_pigmentation": 1.5407382249832153,
    "irregular_dots_globules": 0.0,
    "regression_structures": 0.0,
    "symmetric_uniform": 1.0029436349868774,
    "reticular_network": 3.504002809524536,
    "arborizing_vessels": 2.381214141845703,
    "blue_grey_ovoid_nests": 3.1760454177856445,
    "ulceration": 2.1247901916503906,
    "scaly_surface": 3.7457544803619385,
    "strawberry_pattern": 0.0,
    "milia_like_cysts": 2.136409282684326,
    "comedo_like_openings": 3.008610248565674,
    "cerebriform_surface": 2.4345901012420654,
    "central_white_patch": 3.174976110458374,
    "red_lacunae": 3.466233253479004,
    "healthy_skin": 1.1429696083068848
  }
}