{
  "step": 21,
  "lambda_s": 2.191123143033421,
  "n_active": 24,
  "val_balacc": 0.5320634111342891,
  "val_auc": 0.8519940571175204,
  "val_loss": 1.1850247383117676,
  "train_loss": 0.9962418987920245,
  "epochs_used": 14,
  "time_sec": 14.69530701637268,
  "just_eliminated": [],
  "issue4_fix": "best_within_step_checkpoint_restored",
  "norms": {
    "asymmetry": 4.0774712562561035,
    "border_irregularity": 3.115280866622925,
    "colour_variation": 4.383322715759277,
    "diameter_large": 5.150835037231445,
    "atypical_pigment_network": 4.5137104988098145,
    "blue_white_veil": 3.9077789783477783,
    "atypical_vascular_pattern": 3.2193222045898438,
    "irregular_streaks": 4.117550373077393,
    "irregular_pigmentation": 3.7838165760040283,
    "irregular_dots_globules": 3.631013870239258,
    "regression_structures": 2.9436519145965576,
    "symmetric_uniform": 3.5639185905456543,
    "reticular_network": 4.495700836181641,
    "arborizing_vessels": 4.4912943840026855,
    "blue_grey_ovoid_nests": 4.012995719909668,
    "ulceration": 3.310615301132202,
    "scaly_surface": 4.739075660705566,
    "strawberry_pattern": 4.095146656036377,
    "milia_like_cysts": 3.634990930557251,
    "comedo_like_openings": 3.6452155113220215,
    "cerebriform_surface": 4.4602532386779785,
    "central_white_patch": 4.1112518310546875,
    "red_lacunae": 4.871608734130859,
    "healthy_skin": 3.5464770793914795
  }
}