{
  "step": 11,
  "lambda_s": 1.4802442849183444,
  "n_active": 24,
  "val_balacc": 0.5500711027817279,
  "val_auc": 0.8551892060271414,
  "val_loss": 1.2067344188690186,
  "train_loss": 0.9516377263467012,
  "epochs_used": 9,
  "time_sec": 10.887727975845337,
  "just_eliminated": [],
  "issue4_fix": "best_within_step_checkpoint_restored",
  "norms": {
    "asymmetry": 5.297994613647461,
    "border_irregularity": 4.500295639038086,
    "colour_variation": 5.505516052246094,
    "diameter_large": 6.085152626037598,
    "atypical_pigment_network": 5.559378147125244,
    "blue_white_veil": 5.279087543487549,
    "atypical_vascular_pattern": 4.644726753234863,
    "irregular_streaks": 5.4707231521606445,
    "irregular_pigmentation": 4.782666206359863,
    "irregular_dots_globules": 4.992275714874268,
    "regression_structures": 4.23121452331543,
    "symmetric_uniform": 4.928051471710205,
    "reticular_network": 5.625728130340576,
    "arborizing_vessels": 5.604631423950195,
    "blue_grey_ovoid_nests": 5.229905605316162,
    "ulceration": 4.637445449829102,
    "scaly_surface": 5.808591365814209,
    "strawberry_pattern": 5.206204414367676,
    "milia_like_cysts": 4.82619047164917,
    "comedo_like_openings": 4.80560827255249,
    "cerebriform_surface": 5.282039165496826,
    "central_white_patch": 5.084247589111328,
    "red_lacunae": 5.922649383544922,
    "healthy_skin": 4.8343071937561035
  }
}