{
  "step": 10,
  "lambda_s": 1.423311812421485,
  "n_active": 24,
  "val_balacc": 0.5494064100101252,
  "val_auc": 0.8502696218801186,
  "val_loss": 1.190920352935791,
  "train_loss": 1.018074841754671,
  "epochs_used": 15,
  "time_sec": 17.59890580177307,
  "just_eliminated": [],
  "issue4_fix": "best_within_step_checkpoint_restored",
  "norms": {
    "asymmetry": 5.3737592697143555,
    "border_irregularity": 4.6004252433776855,
    "colour_variation": 5.548959255218506,
    "diameter_large": 6.123232364654541,
    "atypical_pigment_network": 5.612472057342529,
    "blue_white_veil": 5.323699951171875,
    "atypical_vascular_pattern": 4.747226715087891,
    "irregular_streaks": 5.55281925201416,
    "irregular_pigmentation": 4.851725101470947,
    "irregular_dots_globules": 5.07592248916626,
    "regression_structures": 4.319387912750244,
    "symmetric_uniform": 5.037715911865234,
    "reticular_network": 5.678910255432129,
    "arborizing_vessels": 5.658514022827148,
    "blue_grey_ovoid_nests": 5.307841777801514,
    "ulceration": 4.709059715270996,
    "scaly_surface": 5.900984287261963,
    "strawberry_pattern": 5.281252861022949,
    "milia_like_cysts": 4.9209747314453125,
    "comedo_like_openings": 4.892245769500732,
    "cerebriform_surface": 5.332893371582031,
    "central_white_patch": 5.16723108291626,
    "red_lacunae": 5.966436862945557,
    "healthy_skin": 4.937748908996582
  }
}