{
  "step": 42,
  "lambda_s": 4.993061453054123,
  "n_active": 23,
  "val_balacc": 0.5473125844725212,
  "val_auc": 0.8472470778781623,
  "val_loss": 1.2225829362869263,
  "train_loss": 1.1326064527554351,
  "epochs_used": 7,
  "time_sec": 9.761646509170532,
  "just_eliminated": [],
  "issue4_fix": "best_within_step_checkpoint_restored",
  "norms": {
    "asymmetry": 2.635239601135254,
    "border_irregularity": 0.0,
    "colour_variation": 3.086555004119873,
    "diameter_large": 3.9888198375701904,
    "atypical_pigment_network": 3.2419965267181396,
    "blue_white_veil": 2.5395820140838623,
    "atypical_vascular_pattern": 1.7791372537612915,
    "irregular_streaks": 2.262671709060669,
    "irregular_pigmentation": 2.8342247009277344,
    "irregular_dots_globules": 2.2468161582946777,
    "regression_structures": 1.7396080493927002,
    "symmetric_uniform": 2.0568792819976807,
    "reticular_network": 3.653980255126953,
    "arborizing_vessels": 2.8359756469726562,
    "blue_grey_ovoid_nests": 3.2252533435821533,
    "ulceration": 2.4048075675964355,
    "scaly_surface": 4.163043022155762,
    "strawberry_pattern": 2.5547196865081787,
    "milia_like_cysts": 1.934367299079895,
    "comedo_like_openings": 2.7894818782806396,
    "cerebriform_surface": 2.9945268630981445,
    "central_white_patch": 3.455268621444702,
    "red_lacunae": 3.941962957382202,
    "healthy_skin": 1.9209882020950317
  }
}