{
  "step": 33,
  "lambda_s": 3.508058746845789,
  "n_active": 24,
  "val_balacc": 0.5260722693467571,
  "val_auc": 0.8520482974720432,
  "val_loss": 1.2016316652297974,
  "train_loss": 1.0882796060994435,
  "epochs_used": 20,
  "time_sec": 22.67536163330078,
  "just_eliminated": [],
  "issue4_fix": "best_within_step_checkpoint_restored",
  "norms": {
    "asymmetry": 2.99662184715271,
    "border_irregularity": 0.9266836047172546,
    "colour_variation": 3.420318365097046,
    "diameter_large": 4.255690097808838,
    "atypical_pigment_network": 3.6211178302764893,
    "blue_white_veil": 2.8149020671844482,
    "atypical_vascular_pattern": 1.992295742034912,
    "irregular_streaks": 2.8463633060455322,
    "irregular_pigmentation": 3.1357228755950928,
    "irregular_dots_globules": 2.5508434772491455,
    "regression_structures": 2.115774631500244,
    "symmetric_uniform": 2.304713010787964,
    "reticular_network": 3.7081308364868164,
    "arborizing_vessels": 3.0976052284240723,
    "blue_grey_ovoid_nests": 3.0915753841400146,
    "ulceration": 2.4943151473999023,
    "scaly_surface": 4.094666481018066,
    "strawberry_pattern": 3.0377347469329834,
    "milia_like_cysts": 2.2483696937561035,
    "comedo_like_openings": 2.92414927482605,
    "cerebriform_surface": 3.2097432613372803,
    "central_white_patch": 3.458313465118408,
    "red_lacunae": 4.118334770202637,
    "healthy_skin": 2.4282991886138916
  }
}