{
  "step": 62,
  "lambda_s": 10.94041250437497,
  "n_active": 19,
  "val_balacc": 0.5139374802885112,
  "val_auc": 0.8398862863598858,
  "val_loss": 1.2797447443008423,
  "train_loss": 1.2268626537002336,
  "epochs_used": 8,
  "time_sec": 8.632498025894165,
  "just_eliminated": [],
  "issue4_fix": "best_within_step_checkpoint_restored",
  "norms": {
    "asymmetry": 2.141411304473877,
    "border_irregularity": 0.0,
    "colour_variation": 2.4859912395477295,
    "diameter_large": 3.6023781299591064,
    "atypical_pigment_network": 2.409677028656006,
    "blue_white_veil": 1.6626263856887817,
    "atypical_vascular_pattern": 1.1445610523223877,
    "irregular_streaks": 0.0,
    "irregular_pigmentation": 1.5117359161376953,
    "irregular_dots_globules": 0.0,
    "regression_structures": 0.0,
    "symmetric_uniform": 0.8471409678459167,
    "reticular_network": 3.6013143062591553,
    "arborizing_vessels": 2.36661696434021,
    "blue_grey_ovoid_nests": 3.1866395473480225,
    "ulceration": 2.053950071334839,
    "scaly_surface": 3.770432233810425,
    "strawberry_pattern": 0.0,
    "milia_like_cysts": 2.1902060508728027,
    "comedo_like_openings": 3.104832649230957,
    "cerebriform_surface": 2.48837947845459,
    "central_white_patch": 3.1507861614227295,
    "red_lacunae": 3.5100996494293213,
    "healthy_skin": 0.9835196733474731
  }
}