{
  "step": 95,
  "lambda_s": 39.914794171276604,
  "n_active": 10,
  "val_balacc": 0.40403611702274506,
  "val_auc": 0.6987036601293516,
  "val_loss": 1.7679940462112427,
  "train_loss": 1.7038722075382768,
  "epochs_used": 7,
  "time_sec": 7.452291011810303,
  "just_eliminated": [],
  "issue4_fix": "best_within_step_checkpoint_restored",
  "norms": {
    "asymmetry": 0.9278591275215149,
    "border_irregularity": 0.0,
    "colour_variation": 0.8952730298042297,
    "diameter_large": 1.7771722078323364,
    "atypical_pigment_network": 0.0,
    "blue_white_veil": 0.0,
    "atypical_vascular_pattern": 0.0,
    "irregular_streaks": 0.0,
    "irregular_pigmentation": 0.0,
    "irregular_dots_globules": 0.0,
    "regression_structures": 0.0,
    "symmetric_uniform": 0.0,
    "reticular_network": 2.4929518699645996,
    "arborizing_vessels": 0.0,
    "blue_grey_ovoid_nests": 0.0,
    "ulceration": 0.0,
    "scaly_surface": 1.504263997077942,
    "strawberry_pattern": 0.0,
    "milia_like_cysts": 0.9041756391525269,
    "comedo_like_openings": 1.0945274829864502,
    "cerebriform_surface": 0.4105012118816376,
    "central_white_patch": 1.316617727279663,
    "red_lacunae": 1.0456130504608154,
    "healthy_skin": 0.0
  }
}