{
  "step": 5,
  "lambda_s": 1.1698585600000002,
  "n_active": 24,
  "val_balacc": 0.5434712943605639,
  "val_auc": 0.8509585630422352,
  "val_loss": 1.2016687393188477,
  "train_loss": 0.9864701051937688,
  "epochs_used": 13,
  "time_sec": 14.729614496231079,
  "just_eliminated": [],
  "issue4_fix": "best_within_step_checkpoint_restored",
  "norms": {
    "asymmetry": 6.1998209953308105,
    "border_irregularity": 5.645927429199219,
    "colour_variation": 6.245649814605713,
    "diameter_large": 6.6925482749938965,
    "atypical_pigment_network": 6.285855293273926,
    "blue_white_veil": 6.060100555419922,
    "atypical_vascular_pattern": 5.789803981781006,
    "irregular_streaks": 6.365128517150879,
    "irregular_pigmentation": 5.626014232635498,
    "irregular_dots_globules": 5.9456987380981445,
    "regression_structures": 5.379378318786621,
    "symmetric_uniform": 5.980749130249023,
    "reticular_network": 6.401712894439697,
    "arborizing_vessels": 6.381731986999512,
    "blue_grey_ovoid_nests": 6.075976848602295,
    "ulceration": 5.6435747146606445,
    "scaly_surface": 6.620865821838379,
    "strawberry_pattern": 6.0164995193481445,
    "milia_like_cysts": 5.800380706787109,
    "comedo_like_openings": 5.651046276092529,
    "cerebriform_surface": 5.932994842529297,
    "central_white_patch": 5.880155086517334,
    "red_lacunae": 6.608529567718506,
    "healthy_skin": 5.761474609375
  }
}