{
  "step": 52,
  "lambda_s": 7.390950680129451,
  "n_active": 23,
  "val_balacc": 0.5206207937302728,
  "val_auc": 0.8406148446960385,
  "val_loss": 1.241533875465393,
  "train_loss": 1.163932008286045,
  "epochs_used": 11,
  "time_sec": 11.58627200126648,
  "just_eliminated": [],
  "issue4_fix": "best_within_step_checkpoint_restored",
  "norms": {
    "asymmetry": 2.2340598106384277,
    "border_irregularity": 0.0,
    "colour_variation": 2.6513354778289795,
    "diameter_large": 3.8214986324310303,
    "atypical_pigment_network": 2.5139002799987793,
    "blue_white_veil": 2.172867774963379,
    "atypical_vascular_pattern": 1.3219099044799805,
    "irregular_streaks": 1.3424427509307861,
    "irregular_pigmentation": 2.3899624347686768,
    "irregular_dots_globules": 1.550126314163208,
    "regression_structures": 0.3464096784591675,
    "symmetric_uniform": 1.8128302097320557,
    "reticular_network": 3.4862935543060303,
    "arborizing_vessels": 2.526393175125122,
    "blue_grey_ovoid_nests": 3.145242691040039,
    "ulceration": 2.2074460983276367,
    "scaly_surface": 4.057418346405029,
    "strawberry_pattern": 1.6247990131378174,
    "milia_like_cysts": 2.0242104530334473,
    "comedo_like_openings": 2.967379331588745,
    "cerebriform_surface": 2.4983882904052734,
    "central_white_patch": 3.1897470951080322,
    "red_lacunae": 3.750617027282715,
    "healthy_skin": 1.6094119548797607
  }
}