{
  "step": 24,
  "lambda_s": 2.464715543165146,
  "n_active": 24,
  "val_balacc": 0.5291156847114953,
  "val_auc": 0.8499384852437688,
  "val_loss": 1.1959351301193237,
  "train_loss": 1.0443492654251725,
  "epochs_used": 11,
  "time_sec": 11.586131811141968,
  "just_eliminated": [],
  "issue4_fix": "best_within_step_checkpoint_restored",
  "norms": {
    "asymmetry": 3.711289644241333,
    "border_irregularity": 2.5780482292175293,
    "colour_variation": 4.113966941833496,
    "diameter_large": 4.85417366027832,
    "atypical_pigment_network": 4.2675933837890625,
    "blue_white_veil": 3.4943108558654785,
    "atypical_vascular_pattern": 2.7253806591033936,
    "irregular_streaks": 3.757176160812378,
    "irregular_pigmentation": 3.4931087493896484,
    "irregular_dots_globules": 3.28493595123291,
    "regression_structures": 2.5865590572357178,
    "symmetric_uniform": 3.181779623031616,
    "reticular_network": 4.205338954925537,
    "arborizing_vessels": 4.094345569610596,
    "blue_grey_ovoid_nests": 3.675752639770508,
    "ulceration": 2.9247255325317383,
    "scaly_surface": 4.451247692108154,
    "strawberry_pattern": 3.76688814163208,
    "milia_like_cysts": 3.2301464080810547,
    "comedo_like_openings": 3.3367066383361816,
    "cerebriform_surface": 4.1350836753845215,
    "central_white_patch": 3.899986743927002,
    "red_lacunae": 4.626839637756348,
    "healthy_skin": 3.1887259483337402
  }
}