{
  "step": 46,
  "lambda_s": 5.841175681461405,
  "n_active": 23,
  "val_balacc": 0.5279389230413537,
  "val_auc": 0.8480193709903535,
  "val_loss": 1.2193849086761475,
  "train_loss": 1.0683705275263613,
  "epochs_used": 7,
  "time_sec": 7.836444616317749,
  "just_eliminated": [],
  "issue4_fix": "best_within_step_checkpoint_restored",
  "norms": {
    "asymmetry": 2.552002191543579,
    "border_irregularity": 0.0,
    "colour_variation": 2.888268232345581,
    "diameter_large": 3.9094042778015137,
    "atypical_pigment_network": 3.073073148727417,
    "blue_white_veil": 2.5044047832489014,
    "atypical_vascular_pattern": 1.69936203956604,
    "irregular_streaks": 2.044748306274414,
    "irregular_pigmentation": 2.797499418258667,
    "irregular_dots_globules": 2.1486783027648926,
    "regression_structures": 1.5192351341247559,
    "symmetric_uniform": 2.0630438327789307,
    "reticular_network": 3.54219388961792,
    "arborizing_vessels": 2.6839089393615723,
    "blue_grey_ovoid_nests": 3.1911237239837646,
    "ulceration": 2.368953227996826,
    "scaly_surface": 4.174668788909912,
    "strawberry_pattern": 2.398754358291626,
    "milia_like_cysts": 1.8732988834381104,
    "comedo_like_openings": 2.8747010231018066,
    "cerebriform_surface": 2.831120491027832,
    "central_white_patch": 3.3890228271484375,
    "red_lacunae": 3.90507173538208,
    "healthy_skin": 1.8379156589508057
  }
}