{
  "step": 38,
  "lambda_s": 4.268089856139636,
  "n_active": 23,
  "val_balacc": 0.5257905339652261,
  "val_auc": 0.8435218979243743,
  "val_loss": 1.20237135887146,
  "train_loss": 1.146215196415912,
  "epochs_used": 7,
  "time_sec": 8.592210054397583,
  "just_eliminated": [],
  "issue4_fix": "best_within_step_checkpoint_restored",
  "norms": {
    "asymmetry": 2.80776047706604,
    "border_irregularity": 0.0,
    "colour_variation": 3.1188302040100098,
    "diameter_large": 4.093521595001221,
    "atypical_pigment_network": 3.417832136154175,
    "blue_white_veil": 2.602339506149292,
    "atypical_vascular_pattern": 1.8362724781036377,
    "irregular_streaks": 2.465064287185669,
    "irregular_pigmentation": 3.010477304458618,
    "irregular_dots_globules": 2.4102587699890137,
    "regression_structures": 1.7084962129592896,
    "symmetric_uniform": 2.216275691986084,
    "reticular_network": 3.6651225090026855,
    "arborizing_vessels": 2.8324289321899414,
    "blue_grey_ovoid_nests": 3.17706036567688,
    "ulceration": 2.43499493598938,
    "scaly_surface": 4.215041637420654,
    "strawberry_pattern": 2.676795482635498,
    "milia_like_cysts": 2.069904327392578,
    "comedo_like_openings": 2.8772940635681152,
    "cerebriform_surface": 3.0962789058685303,
    "central_white_patch": 3.4761476516723633,
    "red_lacunae": 3.8718581199645996,
    "healthy_skin": 2.0321500301361084
  }
}