{
  "step": 88,
  "lambda_s": 30.331963101046977,
  "n_active": 13,
  "val_balacc": 0.47049450682281185,
  "val_auc": 0.7808968315088924,
  "val_loss": 1.5447971820831299,
  "train_loss": 1.5353885930620719,
  "epochs_used": 7,
  "time_sec": 7.176811456680298,
  "just_eliminated": [],
  "issue4_fix": "best_within_step_checkpoint_restored",
  "norms": {
    "asymmetry": 1.5779508352279663,
    "border_irregularity": 0.0,
    "colour_variation": 1.4741910696029663,
    "diameter_large": 2.4227452278137207,
    "atypical_pigment_network": 0.0,
    "blue_white_veil": 0.0,
    "atypical_vascular_pattern": 0.0,
    "irregular_streaks": 0.0,
    "irregular_pigmentation": 0.0,
    "irregular_dots_globules": 0.0,
    "regression_structures": 0.0,
    "symmetric_uniform": 0.0,
    "reticular_network": 3.156959295272827,
    "arborizing_vessels": 0.8354763984680176,
    "blue_grey_ovoid_nests": 1.2807978391647339,
    "ulceration": 0.09808298200368881,
    "scaly_surface": 2.4490907192230225,
    "strawberry_pattern": 0.0,
    "milia_like_cysts": 1.6540372371673584,
    "comedo_like_openings": 1.8446576595306396,
    "cerebriform_surface": 1.2611802816390991,
    "central_white_patch": 2.1334903240203857,
    "red_lacunae": 2.0748517513275146,
    "healthy_skin": 0.0
  }
}