{
  "step": 27,
  "lambda_s": 2.772469784746919,
  "n_active": 24,
  "val_balacc": 0.5395871638065829,
  "val_auc": 0.8500364107829231,
  "val_loss": 1.1900804042816162,
  "train_loss": 1.059829995611388,
  "epochs_used": 7,
  "time_sec": 7.668050289154053,
  "just_eliminated": [],
  "issue4_fix": "best_within_step_checkpoint_restored",
  "norms": {
    "asymmetry": 3.409113883972168,
    "border_irregularity": 2.1227076053619385,
    "colour_variation": 3.846506357192993,
    "diameter_large": 4.6747894287109375,
    "atypical_pigment_network": 3.952854633331299,
    "blue_white_veil": 3.1650588512420654,
    "atypical_vascular_pattern": 2.490520715713501,
    "irregular_streaks": 3.4071056842803955,
    "irregular_pigmentation": 3.2912826538085938,
    "irregular_dots_globules": 2.942897319793701,
    "regression_structures": 2.4567008018493652,
    "symmetric_uniform": 2.7459096908569336,
    "reticular_network": 3.96990704536438,
    "arborizing_vessels": 3.6787824630737305,
    "blue_grey_ovoid_nests": 3.3446972370147705,
    "ulceration": 2.6685702800750732,
    "scaly_surface": 4.228873252868652,
    "strawberry_pattern": 3.425386905670166,
    "milia_like_cysts": 2.774428129196167,
    "comedo_like_openings": 3.0692903995513916,
    "cerebriform_surface": 3.7399375438690186,
    "central_white_patch": 3.686589479446411,
    "red_lacunae": 4.368874549865723,
    "healthy_skin": 2.896514654159546
  }
}