{
  "step": 41,
  "lambda_s": 4.801020627936657,
  "n_active": 23,
  "val_balacc": 0.5402137416168112,
  "val_auc": 0.8488996541403805,
  "val_loss": 1.2087377309799194,
  "train_loss": 1.140690432242112,
  "epochs_used": 7,
  "time_sec": 10.094573020935059,
  "just_eliminated": [],
  "issue4_fix": "best_within_step_checkpoint_restored",
  "norms": {
    "asymmetry": 2.690720319747925,
    "border_irregularity": 0.0,
    "colour_variation": 3.1115221977233887,
    "diameter_large": 3.994473934173584,
    "atypical_pigment_network": 3.3239312171936035,
    "blue_white_veil": 2.5645833015441895,
    "atypical_vascular_pattern": 1.7873919010162354,
    "irregular_streaks": 2.2924673557281494,
    "irregular_pigmentation": 2.860621690750122,
    "irregular_dots_globules": 2.281146287918091,
    "regression_structures": 1.7548394203186035,
    "symmetric_uniform": 2.0575051307678223,
    "reticular_network": 3.6412618160247803,
    "arborizing_vessels": 2.894430637359619,
    "blue_grey_ovoid_nests": 3.2195990085601807,
    "ulceration": 2.396711826324463,
    "scaly_surface": 4.170493125915527,
    "strawberry_pattern": 2.6039111614227295,
    "milia_like_cysts": 1.9226566553115845,
    "comedo_like_openings": 2.795849323272705,
    "cerebriform_surface": 2.990950584411621,
    "central_white_patch": 3.5012519359588623,
    "red_lacunae": 3.912163734436035,
    "healthy_skin": 1.9748167991638184
  }
}