{
  "step": 6,
  "lambda_s": 1.2166529024000001,
  "n_active": 24,
  "val_balacc": 0.5363360361054847,
  "val_auc": 0.8478324757154682,
  "val_loss": 1.2041393518447876,
  "train_loss": 1.0656953748700628,
  "epochs_used": 10,
  "time_sec": 10.971197843551636,
  "just_eliminated": [],
  "issue4_fix": "best_within_step_checkpoint_restored",
  "norms": {
    "asymmetry": 6.095978260040283,
    "border_irregularity": 5.505697250366211,
    "colour_variation": 6.157573223114014,
    "diameter_large": 6.599227428436279,
    "atypical_pigment_network": 6.197113990783691,
    "blue_white_veil": 5.949842929840088,
    "atypical_vascular_pattern": 5.632327079772949,
    "irregular_streaks": 6.259947299957275,
    "irregular_pigmentation": 5.5026164054870605,
    "irregular_dots_globules": 5.820981979370117,
    "regression_structures": 5.226016521453857,
    "symmetric_uniform": 5.856116771697998,
    "reticular_network": 6.29965877532959,
    "arborizing_vessels": 6.251967906951904,
    "blue_grey_ovoid_nests": 5.9536614418029785,
    "ulceration": 5.503286361694336,
    "scaly_surface": 6.53797721862793,
    "strawberry_pattern": 5.924914360046387,
    "milia_like_cysts": 5.675153732299805,
    "comedo_like_openings": 5.5517168045043945,
    "cerebriform_surface": 5.84325647354126,
    "central_white_patch": 5.78248405456543,
    "red_lacunae": 6.520331382751465,
    "healthy_skin": 5.636720657348633
  }
}