{
  "step": 9,
  "lambda_s": 1.3685690504052739,
  "n_active": 24,
  "val_balacc": 0.5361172689691892,
  "val_auc": 0.8454284408395775,
  "val_loss": 1.1965935230255127,
  "train_loss": 1.0374480399812291,
  "epochs_used": 10,
  "time_sec": 11.53248119354248,
  "just_eliminated": [],
  "issue4_fix": "best_within_step_checkpoint_restored",
  "norms": {
    "asymmetry": 5.5977301597595215,
    "border_irregularity": 4.920469284057617,
    "colour_variation": 5.754856586456299,
    "diameter_large": 6.288024425506592,
    "atypical_pigment_network": 5.785172462463379,
    "blue_white_veil": 5.5145978927612305,
    "atypical_vascular_pattern": 5.049966812133789,
    "irregular_streaks": 5.775181770324707,
    "irregular_pigmentation": 5.083716869354248,
    "irregular_dots_globules": 5.320279598236084,
    "regression_structures": 4.648748397827148,
    "symmetric_uniform": 5.303696155548096,
    "reticular_network": 5.863864421844482,
    "arborizing_vessels": 5.870646953582764,
    "blue_grey_ovoid_nests": 5.5500712394714355,
    "ulceration": 4.9578704833984375,
    "scaly_surface": 6.1227569580078125,
    "strawberry_pattern": 5.507059097290039,
    "milia_like_cysts": 5.184018135070801,
    "comedo_like_openings": 5.089955806732178,
    "cerebriform_surface": 5.480270862579346,
    "central_white_patch": 5.399341106414795,
    "red_lacunae": 6.138565540313721,
    "healthy_skin": 5.178558349609375
  }
}