{
  "step": 34,
  "lambda_s": 3.648381096719621,
  "n_active": 24,
  "val_balacc": 0.5344782424586126,
  "val_auc": 0.8499082319040662,
  "val_loss": 1.1971827745437622,
  "train_loss": 1.103239568500115,
  "epochs_used": 9,
  "time_sec": 10.652268886566162,
  "just_eliminated": [],
  "issue4_fix": "best_within_step_checkpoint_restored",
  "norms": {
    "asymmetry": 2.9593417644500732,
    "border_irregularity": 0.8054878115653992,
    "colour_variation": 3.4034805297851562,
    "diameter_large": 4.25994348526001,
    "atypical_pigment_network": 3.6228716373443604,
    "blue_white_veil": 2.812080144882202,
    "atypical_vascular_pattern": 1.967609167098999,
    "irregular_streaks": 2.815537929534912,
    "irregular_pigmentation": 3.173367977142334,
    "irregular_dots_globules": 2.5222439765930176,
    "regression_structures": 2.085897922515869,
    "symmetric_uniform": 2.2829017639160156,
    "reticular_network": 3.747795581817627,
    "arborizing_vessels": 3.1027092933654785,
    "blue_grey_ovoid_nests": 3.1076977252960205,
    "ulceration": 2.424173355102539,
    "scaly_surface": 4.176814556121826,
    "strawberry_pattern": 2.9906320571899414,
    "milia_like_cysts": 2.301785945892334,
    "comedo_like_openings": 2.936391830444336,
    "cerebriform_surface": 3.222489356994629,
    "central_white_patch": 3.4963557720184326,
    "red_lacunae": 4.0769453048706055,
    "healthy_skin": 2.3963003158569336
  }
}