{
  "step": 23,
  "lambda_s": 2.369918791504948,
  "n_active": 24,
  "val_balacc": 0.5330031767338269,
  "val_auc": 0.8511653714163637,
  "val_loss": 1.195528507232666,
  "train_loss": 1.099559472328699,
  "epochs_used": 10,
  "time_sec": 10.433708190917969,
  "just_eliminated": [],
  "issue4_fix": "best_within_step_checkpoint_restored",
  "norms": {
    "asymmetry": 3.816108226776123,
    "border_irregularity": 2.693645715713501,
    "colour_variation": 4.201193809509277,
    "diameter_large": 4.930447578430176,
    "atypical_pigment_network": 4.351441383361816,
    "blue_white_veil": 3.6270241737365723,
    "atypical_vascular_pattern": 2.8617260456085205,
    "irregular_streaks": 3.808509111404419,
    "irregular_pigmentation": 3.587311029434204,
    "irregular_dots_globules": 3.3601770401000977,
    "regression_structures": 2.6582629680633545,
    "symmetric_uniform": 3.2910287380218506,
    "reticular_network": 4.240837574005127,
    "arborizing_vessels": 4.190173149108887,
    "blue_grey_ovoid_nests": 3.722417116165161,
    "ulceration": 3.0071065425872803,
    "scaly_surface": 4.46766996383667,
    "strawberry_pattern": 3.8336265087127686,
    "milia_like_cysts": 3.3535654544830322,
    "comedo_like_openings": 3.410074234008789,
    "cerebriform_surface": 4.214775562286377,
    "central_white_patch": 3.9364676475524902,
    "red_lacunae": 4.686287879943848,
    "healthy_skin": 3.2721023559570312
  }
}