{
  "step": 18,
  "lambda_s": 1.947900495556281,
  "n_active": 24,
  "val_balacc": 0.516274336612259,
  "val_auc": 0.8469214498116583,
  "val_loss": 1.1923788785934448,
  "train_loss": 1.0376769268646335,
  "epochs_used": 12,
  "time_sec": 13.321374416351318,
  "just_eliminated": [],
  "issue4_fix": "best_within_step_checkpoint_restored",
  "norms": {
    "asymmetry": 4.628692626953125,
    "border_irregularity": 3.683994770050049,
    "colour_variation": 4.860323429107666,
    "diameter_large": 5.5145392417907715,
    "atypical_pigment_network": 4.9730048179626465,
    "blue_white_veil": 4.472733974456787,
    "atypical_vascular_pattern": 3.7937467098236084,
    "irregular_streaks": 4.735926151275635,
    "irregular_pigmentation": 4.13108491897583,
    "irregular_dots_globules": 4.204639434814453,
    "regression_structures": 3.4831717014312744,
    "symmetric_uniform": 4.11354398727417,
    "reticular_network": 4.932797431945801,
    "arborizing_vessels": 4.9743452072143555,
    "blue_grey_ovoid_nests": 4.4999847412109375,
    "ulceration": 3.814450263977051,
    "scaly_surface": 5.132355213165283,
    "strawberry_pattern": 4.550844192504883,
    "milia_like_cysts": 4.116275787353516,
    "comedo_like_openings": 4.138134956359863,
    "cerebriform_surface": 4.783328533172607,
    "central_white_patch": 4.492147445678711,
    "red_lacunae": 5.263783931732178,
    "healthy_skin": 4.036884784698486
  }
}