{
  "step": 19,
  "lambda_s": 2.0258165153785326,
  "n_active": 24,
  "val_balacc": 0.5511383851298877,
  "val_auc": 0.8490069193452056,
  "val_loss": 1.1727776527404785,
  "train_loss": 1.0170105158317728,
  "epochs_used": 13,
  "time_sec": 14.035058975219727,
  "just_eliminated": [],
  "issue4_fix": "best_within_step_checkpoint_restored",
  "norms": {
    "asymmetry": 4.414097309112549,
    "border_irregularity": 3.4778354167938232,
    "colour_variation": 4.686469554901123,
    "diameter_large": 5.357931613922119,
    "atypical_pigment_network": 4.790620803833008,
    "blue_white_veil": 4.267571449279785,
    "atypical_vascular_pattern": 3.5662195682525635,
    "irregular_streaks": 4.512609958648682,
    "irregular_pigmentation": 3.946216583251953,
    "irregular_dots_globules": 3.9656152725219727,
    "regression_structures": 3.2970752716064453,
    "symmetric_uniform": 3.906468152999878,
    "reticular_network": 4.785199165344238,
    "arborizing_vessels": 4.796202659606934,
    "blue_grey_ovoid_nests": 4.353930473327637,
    "ulceration": 3.581934928894043,
    "scaly_surface": 5.0099968910217285,
    "strawberry_pattern": 4.396135330200195,
    "milia_like_cysts": 3.943105459213257,
    "comedo_like_openings": 3.9421846866607666,
    "cerebriform_surface": 4.672133445739746,
    "central_white_patch": 4.346147060394287,
    "red_lacunae": 5.093264579772949,
    "healthy_skin": 3.857640504837036
  }
}