{
  "step": 54,
  "lambda_s": 7.994052255628014,
  "n_active": 22,
  "val_balacc": 0.5072260884592088,
  "val_auc": 0.8399360533522677,
  "val_loss": 1.2479084730148315,
  "train_loss": 1.163837646339483,
  "epochs_used": 7,
  "time_sec": 7.291349411010742,
  "just_eliminated": [],
  "issue4_fix": "best_within_step_checkpoint_restored",
  "norms": {
    "asymmetry": 2.2168757915496826,
    "border_irregularity": 0.0,
    "colour_variation": 2.6941630840301514,
    "diameter_large": 3.8465168476104736,
    "atypical_pigment_network": 2.5518524646759033,
    "blue_white_veil": 2.164034843444824,
    "atypical_vascular_pattern": 1.2948122024536133,
    "irregular_streaks": 1.2366033792495728,
    "irregular_pigmentation": 2.292017698287964,
    "irregular_dots_globules": 1.3530761003494263,
    "regression_structures": 0.0,
    "symmetric_uniform": 1.7073122262954712,
    "reticular_network": 3.530782461166382,
    "arborizing_vessels": 2.459791421890259,
    "blue_grey_ovoid_nests": 3.206369638442993,
    "ulceration": 2.2946183681488037,
    "scaly_surface": 4.114383220672607,
    "strawberry_pattern": 1.4517160654067993,
    "milia_like_cysts": 1.9426963329315186,
    "comedo_like_openings": 2.9822981357574463,
    "cerebriform_surface": 2.4154703617095947,
    "central_white_patch": 3.207163095474243,
    "red_lacunae": 3.7329392433166504,
    "healthy_skin": 1.553861141204834
  }
}