{
  "step": 20,
  "lambda_s": 2.106849175993674,
  "n_active": 24,
  "val_balacc": 0.5251486605844026,
  "val_auc": 0.8506168289293172,
  "val_loss": 1.1923203468322754,
  "train_loss": 1.0178393161163235,
  "epochs_used": 12,
  "time_sec": 13.219743967056274,
  "just_eliminated": [],
  "issue4_fix": "best_within_step_checkpoint_restored",
  "norms": {
    "asymmetry": 4.269588947296143,
    "border_irregularity": 3.285428524017334,
    "colour_variation": 4.546549320220947,
    "diameter_large": 5.26707649230957,
    "atypical_pigment_network": 4.684159755706787,
    "blue_white_veil": 4.137400150299072,
    "atypical_vascular_pattern": 3.427825927734375,
    "irregular_streaks": 4.366097927093506,
    "irregular_pigmentation": 3.870436668395996,
    "irregular_dots_globules": 3.7839903831481934,
    "regression_structures": 3.1215786933898926,
    "symmetric_uniform": 3.742823600769043,
    "reticular_network": 4.644722938537598,
    "arborizing_vessels": 4.672616481781006,
    "blue_grey_ovoid_nests": 4.198459148406982,
    "ulceration": 3.444044589996338,
    "scaly_surface": 4.911121368408203,
    "strawberry_pattern": 4.273073196411133,
    "milia_like_cysts": 3.809117078781128,
    "comedo_like_openings": 3.7951481342315674,
    "cerebriform_surface": 4.577954292297363,
    "central_white_patch": 4.245133399963379,
    "red_lacunae": 5.001046180725098,
    "healthy_skin": 3.748760223388672
  }
}