{
  "step": 58,
  "lambda_s": 9.351910460333741,
  "n_active": 22,
  "val_balacc": 0.5327970657988443,
  "val_auc": 0.8398465850030645,
  "val_loss": 1.2696688175201416,
  "train_loss": 1.1706147205785085,
  "epochs_used": 7,
  "time_sec": 7.325504541397095,
  "just_eliminated": [],
  "issue4_fix": "best_within_step_checkpoint_restored",
  "norms": {
    "asymmetry": 2.161017894744873,
    "border_irregularity": 0.0,
    "colour_variation": 2.657764196395874,
    "diameter_large": 3.727085590362549,
    "atypical_pigment_network": 2.6014997959136963,
    "blue_white_veil": 1.9749575853347778,
    "atypical_vascular_pattern": 1.3361133337020874,
    "irregular_streaks": 0.8685171008110046,
    "irregular_pigmentation": 2.1264357566833496,
    "irregular_dots_globules": 1.099518060684204,
    "regression_structures": 0.0,
    "symmetric_uniform": 1.3732632398605347,
    "reticular_network": 3.580026388168335,
    "arborizing_vessels": 2.462874174118042,
    "blue_grey_ovoid_nests": 3.2871108055114746,
    "ulceration": 2.11614727973938,
    "scaly_surface": 3.9962337017059326,
    "strawberry_pattern": 1.0227549076080322,
    "milia_like_cysts": 2.2219293117523193,
    "comedo_like_openings": 3.0517685413360596,
    "cerebriform_surface": 2.446458578109741,
    "central_white_patch": 3.1698813438415527,
    "red_lacunae": 3.592302083969116,
    "healthy_skin": 1.474042534828186
  }
}