{
  "step": 35,
  "lambda_s": 3.7943163405884057,
  "n_active": 24,
  "val_balacc": 0.5238222110858959,
  "val_auc": 0.8499285802124694,
  "val_loss": 1.2045694589614868,
  "train_loss": 1.0683721550374963,
  "epochs_used": 11,
  "time_sec": 12.88771915435791,
  "just_eliminated": [],
  "issue4_fix": "best_within_step_checkpoint_restored",
  "norms": {
    "asymmetry": 2.9405577182769775,
    "border_irregularity": 0.5157859921455383,
    "colour_variation": 3.28326678276062,
    "diameter_large": 4.192789554595947,
    "atypical_pigment_network": 3.592069387435913,
    "blue_white_veil": 2.79728627204895,
    "atypical_vascular_pattern": 1.921985149383545,
    "irregular_streaks": 2.7346017360687256,
    "irregular_pigmentation": 3.0866005420684814,
    "irregular_dots_globules": 2.5049924850463867,
    "regression_structures": 2.001354694366455,
    "symmetric_uniform": 2.2890896797180176,
    "reticular_network": 3.736539125442505,
    "arborizing_vessels": 3.0430965423583984,
    "blue_grey_ovoid_nests": 3.179313898086548,
    "ulceration": 2.4394259452819824,
    "scaly_surface": 4.175012111663818,
    "strawberry_pattern": 2.9293789863586426,
    "milia_like_cysts": 2.1846721172332764,
    "comedo_like_openings": 2.9500997066497803,
    "cerebriform_surface": 3.1533098220825195,
    "central_white_patch": 3.5121517181396484,
    "red_lacunae": 4.02122688293457,
    "healthy_skin": 2.308445453643799
  }
}