{
  "step": 63,
  "lambda_s": 11.378029004549969,
  "n_active": 19,
  "val_balacc": 0.5174644848694648,
  "val_auc": 0.8364503906029952,
  "val_loss": 1.2927783727645874,
  "train_loss": 1.2797454539152933,
  "epochs_used": 8,
  "time_sec": 8.752739906311035,
  "just_eliminated": [],
  "issue4_fix": "best_within_step_checkpoint_restored",
  "norms": {
    "asymmetry": 2.0317862033843994,
    "border_irregularity": 0.0,
    "colour_variation": 2.4814565181732178,
    "diameter_large": 3.557894706726074,
    "atypical_pigment_network": 2.37701416015625,
    "blue_white_veil": 1.6102638244628906,
    "atypical_vascular_pattern": 1.0683355331420898,
    "irregular_streaks": 0.0,
    "irregular_pigmentation": 1.3046051263809204,
    "irregular_dots_globules": 0.0,
    "regression_structures": 0.0,
    "symmetric_uniform": 0.7079029679298401,
    "reticular_network": 3.5493521690368652,
    "arborizing_vessels": 2.374340534210205,
    "blue_grey_ovoid_nests": 3.16964054107666,
    "ulceration": 2.072246789932251,
    "scaly_surface": 3.6808760166168213,
    "strawberry_pattern": 0.0,
    "milia_like_cysts": 2.1979141235351562,
    "comedo_like_openings": 3.0331501960754395,
    "cerebriform_surface": 2.4073455333709717,
    "central_white_patch": 3.0868945121765137,
    "red_lacunae": 3.4399490356445312,
    "healthy_skin": 0.8341096043586731
  }
}