{
  "step": 55,
  "lambda_s": 8.313814345853135,
  "n_active": 22,
  "val_balacc": 0.5085746087442287,
  "val_auc": 0.8382199515212926,
  "val_loss": 1.2593705654144287,
  "train_loss": 1.214319593285861,
  "epochs_used": 10,
  "time_sec": 10.740115880966187,
  "just_eliminated": [],
  "issue4_fix": "best_within_step_checkpoint_restored",
  "norms": {
    "asymmetry": 2.211949348449707,
    "border_irregularity": 0.0,
    "colour_variation": 2.609461784362793,
    "diameter_large": 3.7337539196014404,
    "atypical_pigment_network": 2.583775281906128,
    "blue_white_veil": 2.060847759246826,
    "atypical_vascular_pattern": 1.3255153894424438,
    "irregular_streaks": 1.0748810768127441,
    "irregular_pigmentation": 2.2099881172180176,
    "irregular_dots_globules": 1.1827088594436646,
    "regression_structures": 0.0,
    "symmetric_uniform": 1.6007201671600342,
    "reticular_network": 3.5721960067749023,
    "arborizing_vessels": 2.490391969680786,
    "blue_grey_ovoid_nests": 3.21095609664917,
    "ulceration": 2.1909704208374023,
    "scaly_surface": 4.013643741607666,
    "strawberry_pattern": 1.2121825218200684,
    "milia_like_cysts": 2.129730701446533,
    "comedo_like_openings": 3.034111738204956,
    "cerebriform_surface": 2.3973474502563477,
    "central_white_patch": 3.147261619567871,
    "red_lacunae": 3.688209295272827,
    "healthy_skin": 1.5430970191955566
  }
}