{
  "step": 32,
  "lambda_s": 3.3731334104286432,
  "n_active": 24,
  "val_balacc": 0.5436138272479752,
  "val_auc": 0.850344630170047,
  "val_loss": 1.1970601081848145,
  "train_loss": 1.1332040342269176,
  "epochs_used": 7,
  "time_sec": 7.95775580406189,
  "just_eliminated": [],
  "issue4_fix": "best_within_step_checkpoint_restored",
  "norms": {
    "asymmetry": 3.1233692169189453,
    "border_irregularity": 1.5731043815612793,
    "colour_variation": 3.5704331398010254,
    "diameter_large": 4.427886962890625,
    "atypical_pigment_network": 3.722522020339966,
    "blue_white_veil": 2.963258981704712,
    "atypical_vascular_pattern": 2.2417032718658447,
    "irregular_streaks": 3.1814124584198,
    "irregular_pigmentation": 3.2436108589172363,
    "irregular_dots_globules": 2.672722339630127,
    "regression_structures": 2.35892653465271,
    "symmetric_uniform": 2.46187686920166,
    "reticular_network": 3.8212368488311768,
    "arborizing_vessels": 3.32973313331604,
    "blue_grey_ovoid_nests": 3.199540615081787,
    "ulceration": 2.5673575401306152,
    "scaly_surface": 4.178355693817139,
    "strawberry_pattern": 3.139758348464966,
    "milia_like_cysts": 2.546262264251709,
    "comedo_like_openings": 2.985501766204834,
    "cerebriform_surface": 3.4048643112182617,
    "central_white_patch": 3.603919267654419,
    "red_lacunae": 4.160365581512451,
    "healthy_skin": 2.663585662841797
  }
}