{
  "step": 49,
  "lambda_s": 6.570528241751402,
  "n_active": 23,
  "val_balacc": 0.5140239329307902,
  "val_auc": 0.8481499762304853,
  "val_loss": 1.2387301921844482,
  "train_loss": 1.095607530729263,
  "epochs_used": 9,
  "time_sec": 9.491042613983154,
  "just_eliminated": [],
  "issue4_fix": "best_within_step_checkpoint_restored",
  "norms": {
    "asymmetry": 2.370520830154419,
    "border_irregularity": 0.0,
    "colour_variation": 2.6729748249053955,
    "diameter_large": 3.8469581604003906,
    "atypical_pigment_network": 2.7507457733154297,
    "blue_white_veil": 2.3060426712036133,
    "atypical_vascular_pattern": 1.4212617874145508,
    "irregular_streaks": 1.6234396696090698,
    "irregular_pigmentation": 2.5643696784973145,
    "irregular_dots_globules": 1.943581461906433,
    "regression_structures": 1.132719874382019,
    "symmetric_uniform": 1.8730922937393188,
    "reticular_network": 3.5229930877685547,
    "arborizing_vessels": 2.6193885803222656,
    "blue_grey_ovoid_nests": 3.160121202468872,
    "ulceration": 2.3118538856506348,
    "scaly_surface": 4.089310169219971,
    "strawberry_pattern": 2.0285558700561523,
    "milia_like_cysts": 1.829622507095337,
    "comedo_like_openings": 2.9701590538024902,
    "cerebriform_surface": 2.635270118713379,
    "central_white_patch": 3.2687549591064453,
    "red_lacunae": 3.8994526863098145,
    "healthy_skin": 1.7356352806091309
  }
}