{
  "lambda": 0.5757545387546589,
  "n_active": 24,
  "val_balacc": 0.5306661786862111,
  "val_auc": 0.8462965878727835,
  "val_loss": 1.4609475061297417,
  "actual_epochs": 14,
  "norms": {
    "asymmetry": 10.429243087768555,
    "border_irregularity": 9.10447883605957,
    "colour_variation": 10.64417839050293,
    "diameter_large": 9.352721214294434,
    "atypical_pigment_network": 10.997119903564453,
    "blue_white_veil": 12.14911937713623,
    "atypical_vascular_pattern": 10.35589599609375,
    "irregular_streaks": 10.18639087677002,
    "irregular_pigmentation": 10.41027545928955,
    "irregular_dots_globules": 8.49572467803955,
    "regression_structures": 10.102301597595215,
    "symmetric_uniform": 9.158316612243652,
    "reticular_network": 12.747093200683594,
    "arborizing_vessels": 9.907074928283691,
    "blue_grey_ovoid_nests": 9.314047813415527,
    "ulceration": 10.360358238220215,
    "scaly_surface": 10.984323501586914,
    "strawberry_pattern": 10.441819190979004,
    "milia_like_cysts": 9.6478853225708,
    "comedo_like_openings": 10.820968627929688,
    "cerebriform_surface": 11.158517837524414,
    "central_white_patch": 10.312463760375977,
    "red_lacunae": 10.086054801940918,
    "healthy_skin": 10.571492195129395
  },
  "just_eliminated": []
}