{
  "lambda": 0.02660019880468749,
  "n_active": 24,
  "val_balacc": 0.5509836733894602,
  "val_auc": 0.8524038991358608,
  "val_loss": 1.3738650903105736,
  "actual_epochs": 12,
  "norms": {
    "asymmetry": 8.473605155944824,
    "border_irregularity": 7.82147216796875,
    "colour_variation": 8.50271224975586,
    "diameter_large": 8.342458724975586,
    "atypical_pigment_network": 9.022002220153809,
    "blue_white_veil": 8.724985122680664,
    "atypical_vascular_pattern": 8.118782043457031,
    "irregular_streaks": 7.914559841156006,
    "irregular_pigmentation": 7.940273284912109,
    "irregular_dots_globules": 6.825786590576172,
    "regression_structures": 7.751936435699463,
    "symmetric_uniform": 7.967616081237793,
    "reticular_network": 8.857147216796875,
    "arborizing_vessels": 7.976541519165039,
    "blue_grey_ovoid_nests": 8.415922164916992,
    "ulceration": 7.685716152191162,
    "scaly_surface": 9.049254417419434,
    "strawberry_pattern": 8.18925666809082,
    "milia_like_cysts": 7.694768905639648,
    "comedo_like_openings": 9.060937881469727,
    "cerebriform_surface": 8.79767894744873,
    "central_white_patch": 8.541336059570312,
    "red_lacunae": 8.22441291809082,
    "healthy_skin": 8.584105491638184
  },
  "just_eliminated": []
}