{
  "lambda": 0.28625176191121404,
  "n_active": 24,
  "val_balacc": 0.5463013971574766,
  "val_auc": 0.8447328231112531,
  "val_loss": 1.466414600610733,
  "actual_epochs": 21,
  "norms": {
    "asymmetry": 11.439254760742188,
    "border_irregularity": 9.75424575805664,
    "colour_variation": 11.02770709991455,
    "diameter_large": 10.855608940124512,
    "atypical_pigment_network": 13.120384216308594,
    "blue_white_veil": 11.947249412536621,
    "atypical_vascular_pattern": 10.80424976348877,
    "irregular_streaks": 10.735167503356934,
    "irregular_pigmentation": 10.76079273223877,
    "irregular_dots_globules": 9.955330848693848,
    "regression_structures": 3.162426710128784,
    "symmetric_uniform": 10.336356163024902,
    "reticular_network": 11.567004203796387,
    "arborizing_vessels": 11.053671836853027,
    "blue_grey_ovoid_nests": 9.875194549560547,
    "ulceration": 10.997879028320312,
    "scaly_surface": 11.607672691345215,
    "strawberry_pattern": 10.60269832611084,
    "milia_like_cysts": 11.160110473632812,
    "comedo_like_openings": 11.13808822631836,
    "cerebriform_surface": 10.8092622756958,
    "central_white_patch": 9.901960372924805,
    "red_lacunae": 11.120981216430664,
    "healthy_skin": 10.616130828857422
  },
  "just_eliminated": []
}