{
  "lambda": 1.7612462972611331,
  "n_active": 24,
  "val_balacc": 0.5516522162218365,
  "val_auc": 0.8523392136813553,
  "val_loss": 1.3401496186852455,
  "actual_epochs": 34,
  "norms": {
    "asymmetry": 8.810837745666504,
    "border_irregularity": 7.155445575714111,
    "colour_variation": 8.80878734588623,
    "diameter_large": 7.587248802185059,
    "atypical_pigment_network": 9.551582336425781,
    "blue_white_veil": 10.784375190734863,
    "atypical_vascular_pattern": 8.647582054138184,
    "irregular_streaks": 8.541250228881836,
    "irregular_pigmentation": 8.667559623718262,
    "irregular_dots_globules": 6.673656463623047,
    "regression_structures": 8.316417694091797,
    "symmetric_uniform": 7.474161624908447,
    "reticular_network": 11.710249900817871,
    "arborizing_vessels": 8.14013957977295,
    "blue_grey_ovoid_nests": 7.676360130310059,
    "ulceration": 8.792461395263672,
    "scaly_surface": 9.182188034057617,
    "strawberry_pattern": 9.129364013671875,
    "milia_like_cysts": 7.835065841674805,
    "comedo_like_openings": 9.31151008605957,
    "cerebriform_surface": 9.616716384887695,
    "central_white_patch": 8.702648162841797,
    "red_lacunae": 8.477810859680176,
    "healthy_skin": 8.977822303771973
  },
  "just_eliminated": []
}