{
  "lambda": 0.6621177195678577,
  "n_active": 24,
  "val_balacc": 0.5319349793585278,
  "val_auc": 0.8478376450086295,
  "val_loss": 1.4511675164103508,
  "actual_epochs": 14,
  "norms": {
    "asymmetry": 8.55589771270752,
    "border_irregularity": 8.642389297485352,
    "colour_variation": 10.74708080291748,
    "diameter_large": 10.42225170135498,
    "atypical_pigment_network": 10.681248664855957,
    "blue_white_veil": 11.696449279785156,
    "atypical_vascular_pattern": 9.792441368103027,
    "irregular_streaks": 10.184062957763672,
    "irregular_pigmentation": 10.63051986694336,
    "irregular_dots_globules": 8.173684120178223,
    "regression_structures": 9.572861671447754,
    "symmetric_uniform": 9.496187210083008,
    "reticular_network": 11.039661407470703,
    "arborizing_vessels": 10.275650978088379,
    "blue_grey_ovoid_nests": 10.159967422485352,
    "ulceration": 10.670365333557129,
    "scaly_surface": 10.923599243164062,
    "strawberry_pattern": 9.279943466186523,
    "milia_like_cysts": 10.483663558959961,
    "comedo_like_openings": 10.529065132141113,
    "cerebriform_surface": 11.184669494628906,
    "central_white_patch": 9.343605995178223,
    "red_lacunae": 10.133868217468262,
    "healthy_skin": 9.864187240600586
  },
  "just_eliminated": []
}