{
  "lambda": 1.0069982867477654,
  "n_active": 24,
  "val_balacc": 0.5407193916602465,
  "val_auc": 0.8456487691320902,
  "val_loss": 1.418621338903904,
  "actual_epochs": 11,
  "norms": {
    "asymmetry": 10.09991455078125,
    "border_irregularity": 8.803396224975586,
    "colour_variation": 10.24026107788086,
    "diameter_large": 8.919757843017578,
    "atypical_pigment_network": 10.802620887756348,
    "blue_white_veil": 12.017083168029785,
    "atypical_vascular_pattern": 10.071466445922852,
    "irregular_streaks": 9.832813262939453,
    "irregular_pigmentation": 10.020800590515137,
    "irregular_dots_globules": 8.086356163024902,
    "regression_structures": 9.713985443115234,
    "symmetric_uniform": 8.899197578430176,
    "reticular_network": 12.715754508972168,
    "arborizing_vessels": 9.49264907836914,
    "blue_grey_ovoid_nests": 8.88222885131836,
    "ulceration": 10.025970458984375,
    "scaly_surface": 10.638629913330078,
    "strawberry_pattern": 10.255287170410156,
    "milia_like_cysts": 9.251401901245117,
    "comedo_like_openings": 10.476147651672363,
    "cerebriform_surface": 10.917569160461426,
    "central_white_patch": 9.913713455200195,
    "red_lacunae": 9.738914489746094,
    "healthy_skin": 10.220771789550781
  },
  "just_eliminated": []
}