{
  "lambda": 0.5757545387546589,
  "n_active": 24,
  "val_balacc": 0.5349865982635446,
  "val_auc": 0.8491095213359514,
  "val_loss": 1.510861150920391,
  "actual_epochs": 21,
  "norms": {
    "asymmetry": 9.253361701965332,
    "border_irregularity": 9.618227005004883,
    "colour_variation": 10.91925048828125,
    "diameter_large": 10.050329208374023,
    "atypical_pigment_network": 11.250232696533203,
    "blue_white_veil": 11.292198181152344,
    "atypical_vascular_pattern": 10.552449226379395,
    "irregular_streaks": 10.9430513381958,
    "irregular_pigmentation": 10.840015411376953,
    "irregular_dots_globules": 11.211311340332031,
    "regression_structures": 9.19438362121582,
    "symmetric_uniform": 10.303886413574219,
    "reticular_network": 10.739675521850586,
    "arborizing_vessels": 10.880773544311523,
    "blue_grey_ovoid_nests": 10.308727264404297,
    "ulceration": 11.153716087341309,
    "scaly_surface": 10.89957046508789,
    "strawberry_pattern": 10.64168643951416,
    "milia_like_cysts": 10.400568008422852,
    "comedo_like_openings": 11.12663745880127,
    "cerebriform_surface": 11.593825340270996,
    "central_white_patch": 10.193992614746094,
    "red_lacunae": 11.177258491516113,
    "healthy_skin": 11.283902168273926
  },
  "just_eliminated": []
}