{
  "lambda": 0.12375453605252242,
  "n_active": 24,
  "val_balacc": 0.549354320174647,
  "val_auc": 0.8509017742061389,
  "val_loss": 1.432142935693264,
  "actual_epochs": 28,
  "norms": {
    "asymmetry": 10.683608055114746,
    "border_irregularity": 9.3414306640625,
    "colour_variation": 10.55959701538086,
    "diameter_large": 10.534074783325195,
    "atypical_pigment_network": 12.015378952026367,
    "blue_white_veil": 11.397994041442871,
    "atypical_vascular_pattern": 10.335039138793945,
    "irregular_streaks": 10.014851570129395,
    "irregular_pigmentation": 10.117300987243652,
    "irregular_dots_globules": 9.519026756286621,
    "regression_structures": 4.026675701141357,
    "symmetric_uniform": 9.772624015808105,
    "reticular_network": 10.826309204101562,
    "arborizing_vessels": 10.534127235412598,
    "blue_grey_ovoid_nests": 9.500672340393066,
    "ulceration": 10.341514587402344,
    "scaly_surface": 11.075760841369629,
    "strawberry_pattern": 10.105636596679688,
    "milia_like_cysts": 10.79559326171875,
    "comedo_like_openings": 10.508772850036621,
    "cerebriform_surface": 10.433259963989258,
    "central_white_patch": 9.667664527893066,
    "red_lacunae": 10.630672454833984,
    "healthy_skin": 10.096394538879395
  },
  "just_eliminated": []
}