{
  "lambda": 0.020113571874999993,
  "n_active": 24,
  "val_balacc": 0.5578176585457526,
  "val_auc": 0.8575678084649344,
  "val_loss": 1.3330655843019485,
  "actual_epochs": 16,
  "norms": {
    "asymmetry": 8.211479187011719,
    "border_irregularity": 7.60945987701416,
    "colour_variation": 8.195011138916016,
    "diameter_large": 8.105690002441406,
    "atypical_pigment_network": 8.681164741516113,
    "blue_white_veil": 8.369609832763672,
    "atypical_vascular_pattern": 7.791449069976807,
    "irregular_streaks": 7.642178535461426,
    "irregular_pigmentation": 7.724308967590332,
    "irregular_dots_globules": 6.8326873779296875,
    "regression_structures": 7.5098958015441895,
    "symmetric_uniform": 7.733086109161377,
    "reticular_network": 8.546541213989258,
    "arborizing_vessels": 7.68189811706543,
    "blue_grey_ovoid_nests": 8.141846656799316,
    "ulceration": 7.443449020385742,
    "scaly_surface": 8.687256813049316,
    "strawberry_pattern": 7.915928840637207,
    "milia_like_cysts": 7.5261311531066895,
    "comedo_like_openings": 8.623374938964844,
    "cerebriform_surface": 8.452797889709473,
    "central_white_patch": 8.265532493591309,
    "red_lacunae": 7.975769519805908,
    "healthy_skin": 8.253190994262695
  },
  "just_eliminated": []
}