{
  "lambda": 0.09357620873536668,
  "n_active": 24,
  "val_balacc": 0.5443226591928758,
  "val_auc": 0.8492700488188554,
  "val_loss": 1.4148400649428368,
  "actual_epochs": 23,
  "norms": {
    "asymmetry": 9.68562126159668,
    "border_irregularity": 8.346378326416016,
    "colour_variation": 9.707380294799805,
    "diameter_large": 9.070362091064453,
    "atypical_pigment_network": 9.478826522827148,
    "blue_white_veil": 10.322093963623047,
    "atypical_vascular_pattern": 9.29520320892334,
    "irregular_streaks": 9.108480453491211,
    "irregular_pigmentation": 9.253061294555664,
    "irregular_dots_globules": 8.16021728515625,
    "regression_structures": 9.192094802856445,
    "symmetric_uniform": 8.36833667755127,
    "reticular_network": 10.682387351989746,
    "arborizing_vessels": 9.272107124328613,
    "blue_grey_ovoid_nests": 8.922635078430176,
    "ulceration": 9.170225143432617,
    "scaly_surface": 9.848176002502441,
    "strawberry_pattern": 8.987346649169922,
    "milia_like_cysts": 9.00125789642334,
    "comedo_like_openings": 10.180793762207031,
    "cerebriform_surface": 10.229304313659668,
    "central_white_patch": 9.835615158081055,
    "red_lacunae": 9.566905975341797,
    "healthy_skin": 9.598271369934082
  },
  "just_eliminated": []
}