{
  "lambda": 0.8756506841284916,
  "n_active": 24,
  "val_balacc": 0.5375238938854985,
  "val_auc": 0.8483308108519302,
  "val_loss": 1.4243705719709396,
  "actual_epochs": 17,
  "norms": {
    "asymmetry": 8.285627365112305,
    "border_irregularity": 8.41615104675293,
    "colour_variation": 10.519721984863281,
    "diameter_large": 10.263773918151855,
    "atypical_pigment_network": 10.526567459106445,
    "blue_white_veil": 11.581891059875488,
    "atypical_vascular_pattern": 9.593448638916016,
    "irregular_streaks": 10.041550636291504,
    "irregular_pigmentation": 10.549068450927734,
    "irregular_dots_globules": 8.014928817749023,
    "regression_structures": 9.42805004119873,
    "symmetric_uniform": 9.30705738067627,
    "reticular_network": 10.969820976257324,
    "arborizing_vessels": 10.107769012451172,
    "blue_grey_ovoid_nests": 9.97859001159668,
    "ulceration": 10.573437690734863,
    "scaly_surface": 10.751744270324707,
    "strawberry_pattern": 9.07927417755127,
    "milia_like_cysts": 10.363845825195312,
    "comedo_like_openings": 10.368806838989258,
    "cerebriform_surface": 10.931000709533691,
    "central_white_patch": 9.147367477416992,
    "red_lacunae": 9.98567008972168,
    "healthy_skin": 9.623059272766113
  },
  "just_eliminated": []
}