{
  "lambda": 0.10761264004567168,
  "n_active": 24,
  "val_balacc": 0.5358838610571052,
  "val_auc": 0.853005085561891,
  "val_loss": 1.4526332169771194,
  "actual_epochs": 15,
  "norms": {
    "asymmetry": 10.050268173217773,
    "border_irregularity": 8.809510231018066,
    "colour_variation": 10.337719917297363,
    "diameter_large": 10.02571964263916,
    "atypical_pigment_network": 10.813007354736328,
    "blue_white_veil": 10.98641586303711,
    "atypical_vascular_pattern": 9.766292572021484,
    "irregular_streaks": 9.44328784942627,
    "irregular_pigmentation": 9.16988754272461,
    "irregular_dots_globules": 7.265142917633057,
    "regression_structures": 9.378496170043945,
    "symmetric_uniform": 9.208950996398926,
    "reticular_network": 10.606108665466309,
    "arborizing_vessels": 9.228896141052246,
    "blue_grey_ovoid_nests": 9.811064720153809,
    "ulceration": 9.54694652557373,
    "scaly_surface": 11.152249336242676,
    "strawberry_pattern": 9.795467376708984,
    "milia_like_cysts": 9.02138900756836,
    "comedo_like_openings": 10.771502494812012,
    "cerebriform_surface": 10.608171463012695,
    "central_white_patch": 9.702241897583008,
    "red_lacunae": 9.532594680786133,
    "healthy_skin": 10.391454696655273
  },
  "just_eliminated": []
}