{
  "lambda": 3.0804307816990786,
  "n_active": 23,
  "val_balacc": 0.5848633999121421,
  "val_auc": 0.8553542807374239,
  "val_loss": 1.2533107623457909,
  "actual_epochs": 18,
  "norms": {
    "asymmetry": 8.223041534423828,
    "border_irregularity": 4.700336456298828,
    "colour_variation": 6.954809188842773,
    "diameter_large": 7.284245014190674,
    "atypical_pigment_network": 9.593608856201172,
    "blue_white_veil": 7.633316993713379,
    "atypical_vascular_pattern": 6.440178871154785,
    "irregular_streaks": 7.229231357574463,
    "irregular_pigmentation": 7.434593200683594,
    "irregular_dots_globules": 5.27170467376709,
    "regression_structures": 0.0,
    "symmetric_uniform": 6.497405052185059,
    "reticular_network": 8.05602741241455,
    "arborizing_vessels": 7.043072700500488,
    "blue_grey_ovoid_nests": 6.3352508544921875,
    "ulceration": 7.488213539123535,
    "scaly_surface": 7.514715671539307,
    "strawberry_pattern": 6.764610290527344,
    "milia_like_cysts": 6.825371742248535,
    "comedo_like_openings": 7.4450483322143555,
    "cerebriform_surface": 6.755237102508545,
    "central_white_patch": 6.482723236083984,
    "red_lacunae": 7.187066078186035,
    "healthy_skin": 6.210013389587402
  },
  "just_eliminated": []
}