{
  "lambda": 0.1636653739294609,
  "n_active": 24,
  "val_balacc": 0.5351268544613078,
  "val_auc": 0.8515461074626002,
  "val_loss": 1.4777636751532555,
  "actual_epochs": 12,
  "norms": {
    "asymmetry": 10.388212203979492,
    "border_irregularity": 9.075582504272461,
    "colour_variation": 10.741825103759766,
    "diameter_large": 10.412976264953613,
    "atypical_pigment_network": 11.33057689666748,
    "blue_white_veil": 11.659971237182617,
    "atypical_vascular_pattern": 10.109357833862305,
    "irregular_streaks": 9.754417419433594,
    "irregular_pigmentation": 9.563161849975586,
    "irregular_dots_globules": 7.41984748840332,
    "regression_structures": 9.80004596710205,
    "symmetric_uniform": 9.504395484924316,
    "reticular_network": 11.02080249786377,
    "arborizing_vessels": 9.466978073120117,
    "blue_grey_ovoid_nests": 10.118365287780762,
    "ulceration": 10.128490447998047,
    "scaly_surface": 11.659615516662598,
    "strawberry_pattern": 10.0858154296875,
    "milia_like_cysts": 9.472476959228516,
    "comedo_like_openings": 10.976835250854492,
    "cerebriform_surface": 10.913464546203613,
    "central_white_patch": 9.918722152709961,
    "red_lacunae": 9.807877540588379,
    "healthy_skin": 10.752503395080566
  },
  "just_eliminated": []
}