{
  "lambda": 0.18821518001888,
  "n_active": 24,
  "val_balacc": 0.5505470032797625,
  "val_auc": 0.8468991182821816,
  "val_loss": 1.5291073769330978,
  "actual_epochs": 21,
  "norms": {
    "asymmetry": 9.097835540771484,
    "border_irregularity": 9.60621166229248,
    "colour_variation": 10.677237510681152,
    "diameter_large": 10.064915657043457,
    "atypical_pigment_network": 10.643437385559082,
    "blue_white_veil": 10.790560722351074,
    "atypical_vascular_pattern": 10.225861549377441,
    "irregular_streaks": 10.344661712646484,
    "irregular_pigmentation": 10.411931037902832,
    "irregular_dots_globules": 10.596816062927246,
    "regression_structures": 9.117918968200684,
    "symmetric_uniform": 9.890716552734375,
    "reticular_network": 10.54769229888916,
    "arborizing_vessels": 10.579999923706055,
    "blue_grey_ovoid_nests": 9.991827964782715,
    "ulceration": 10.631295204162598,
    "scaly_surface": 10.52678394317627,
    "strawberry_pattern": 10.207002639770508,
    "milia_like_cysts": 10.230918884277344,
    "comedo_like_openings": 10.677668571472168,
    "cerebriform_surface": 11.240459442138672,
    "central_white_patch": 10.165336608886719,
    "red_lacunae": 10.869999885559082,
    "healthy_skin": 10.613444328308105
  },
  "just_eliminated": []
}