{
  "lambda": 12.462060578215462,
  "n_active": 12,
  "val_balacc": 0.5273244962597313,
  "val_auc": 0.822930234003521,
  "val_loss": 1.3757734894752502,
  "actual_epochs": 12,
  "norms": {
    "asymmetry": 1.6422064304351807,
    "border_irregularity": 0.0,
    "colour_variation": 3.392180919647217,
    "diameter_large": 3.2985591888427734,
    "atypical_pigment_network": 0.0,
    "blue_white_veil": 0.0,
    "atypical_vascular_pattern": 0.0,
    "irregular_streaks": 0.0,
    "irregular_pigmentation": 0.0,
    "irregular_dots_globules": 0.0,
    "regression_structures": 0.0,
    "symmetric_uniform": 0.0,
    "reticular_network": 3.940993070602417,
    "arborizing_vessels": 0.44719523191452026,
    "blue_grey_ovoid_nests": 2.4328339099884033,
    "ulceration": 1.9259675741195679,
    "scaly_surface": 3.4850051403045654,
    "strawberry_pattern": 0.0,
    "milia_like_cysts": 0.0,
    "comedo_like_openings": 2.8887269496917725,
    "cerebriform_surface": 2.3863685131073,
    "central_white_patch": 3.2676658630371094,
    "red_lacunae": 3.0212912559509277,
    "healthy_skin": 0.0
  },
  "just_eliminated": []
}