{
  "lambda": 0.21644745702171198,
  "n_active": 24,
  "val_balacc": 0.5331916384216078,
  "val_auc": 0.8490723153269762,
  "val_loss": 1.4418069794774055,
  "actual_epochs": 27,
  "norms": {
    "asymmetry": 8.819507598876953,
    "border_irregularity": 8.879668235778809,
    "colour_variation": 10.725604057312012,
    "diameter_large": 10.491772651672363,
    "atypical_pigment_network": 10.6468505859375,
    "blue_white_veil": 11.126155853271484,
    "atypical_vascular_pattern": 9.701085090637207,
    "irregular_streaks": 10.019036293029785,
    "irregular_pigmentation": 10.336065292358398,
    "irregular_dots_globules": 8.188248634338379,
    "regression_structures": 9.468193054199219,
    "symmetric_uniform": 9.580839157104492,
    "reticular_network": 10.652900695800781,
    "arborizing_vessels": 10.10634994506836,
    "blue_grey_ovoid_nests": 9.89261245727539,
    "ulceration": 10.120494842529297,
    "scaly_surface": 10.691800117492676,
    "strawberry_pattern": 9.208993911743164,
    "milia_like_cysts": 10.114123344421387,
    "comedo_like_openings": 10.41626262664795,
    "cerebriform_surface": 11.233016967773438,
    "central_white_patch": 9.573070526123047,
    "red_lacunae": 10.069947242736816,
    "healthy_skin": 9.867267608642578
  },
  "just_eliminated": []
}