{
  "lambda": 0.43535314839671757,
  "n_active": 24,
  "val_balacc": 0.5447902016486215,
  "val_auc": 0.8488254882469565,
  "val_loss": 1.4460521340370178,
  "actual_epochs": 25,
  "norms": {
    "asymmetry": 10.435430526733398,
    "border_irregularity": 9.199981689453125,
    "colour_variation": 10.706243515014648,
    "diameter_large": 9.433162689208984,
    "atypical_pigment_network": 10.97169017791748,
    "blue_white_veil": 12.063592910766602,
    "atypical_vascular_pattern": 10.344077110290527,
    "irregular_streaks": 10.17995834350586,
    "irregular_pigmentation": 10.378307342529297,
    "irregular_dots_globules": 8.576190948486328,
    "regression_structures": 10.15524959564209,
    "symmetric_uniform": 9.19080638885498,
    "reticular_network": 12.62693977355957,
    "arborizing_vessels": 9.982605934143066,
    "blue_grey_ovoid_nests": 9.393170356750488,
    "ulceration": 10.353641510009766,
    "scaly_surface": 10.966519355773926,
    "strawberry_pattern": 10.369037628173828,
    "milia_like_cysts": 9.679993629455566,
    "comedo_like_openings": 10.882795333862305,
    "cerebriform_surface": 11.139278411865234,
    "central_white_patch": 10.433406829833984,
    "red_lacunae": 10.142029762268066,
    "healthy_skin": 10.542306900024414
  },
  "just_eliminated": []
}