{
  "lambda": 0.06152787621294761,
  "n_active": 24,
  "val_balacc": 0.564862494388834,
  "val_auc": 0.8456401670310296,
  "val_loss": 1.459946021437645,
  "actual_epochs": 27,
  "norms": {
    "asymmetry": 8.524212837219238,
    "border_irregularity": 8.73962688446045,
    "colour_variation": 9.72896957397461,
    "diameter_large": 9.074429512023926,
    "atypical_pigment_network": 9.298835754394531,
    "blue_white_veil": 9.506556510925293,
    "atypical_vascular_pattern": 9.013498306274414,
    "irregular_streaks": 9.111715316772461,
    "irregular_pigmentation": 9.340731620788574,
    "irregular_dots_globules": 9.239317893981934,
    "regression_structures": 8.365774154663086,
    "symmetric_uniform": 8.880838394165039,
    "reticular_network": 9.743345260620117,
    "arborizing_vessels": 9.743269920349121,
    "blue_grey_ovoid_nests": 9.079468727111816,
    "ulceration": 9.153749465942383,
    "scaly_surface": 9.461852073669434,
    "strawberry_pattern": 8.95491886138916,
    "milia_like_cysts": 9.20028018951416,
    "comedo_like_openings": 9.783289909362793,
    "cerebriform_surface": 10.071846008300781,
    "central_white_patch": 9.457770347595215,
    "red_lacunae": 9.681625366210938,
    "healthy_skin": 9.368810653686523
  },
  "just_eliminated": []
}