{
  "lambda": 21.796221839177452,
  "n_active": 10,
  "val_balacc": 0.5242467820417892,
  "val_auc": 0.7761944979391794,
  "val_loss": 1.4816258400678635,
  "actual_epochs": 11,
  "norms": {
    "asymmetry": 0.0,
    "border_irregularity": 0.0,
    "colour_variation": 0.0,
    "diameter_large": 1.8804271221160889,
    "atypical_pigment_network": 2.7478132247924805,
    "blue_white_veil": 0.0,
    "atypical_vascular_pattern": 0.0,
    "irregular_streaks": 0.0,
    "irregular_pigmentation": 0.0,
    "irregular_dots_globules": 0.0,
    "regression_structures": 0.0,
    "symmetric_uniform": 2.975205183029175,
    "reticular_network": 0.0,
    "arborizing_vessels": 0.0,
    "blue_grey_ovoid_nests": 0.5207749009132385,
    "ulceration": 1.6011542081832886,
    "scaly_surface": 3.3875179290771484,
    "strawberry_pattern": 0.0,
    "milia_like_cysts": 0.0,
    "comedo_like_openings": 2.5570285320281982,
    "cerebriform_surface": 2.007753372192383,
    "central_white_patch": 2.836711883544922,
    "red_lacunae": 2.4952492713928223,
    "healthy_skin": 0.0
  },
  "just_eliminated": []
}