{
  "lambda": 3.5424953989539403,
  "n_active": 23,
  "val_balacc": 0.5853391356435763,
  "val_auc": 0.8547541304134976,
  "val_loss": 1.241552747786045,
  "actual_epochs": 21,
  "norms": {
    "asymmetry": 7.404510021209717,
    "border_irregularity": 3.680748701095581,
    "colour_variation": 6.159712314605713,
    "diameter_large": 6.854979038238525,
    "atypical_pigment_network": 8.76877212524414,
    "blue_white_veil": 6.785088539123535,
    "atypical_vascular_pattern": 5.588887691497803,
    "irregular_streaks": 6.380334377288818,
    "irregular_pigmentation": 6.583709716796875,
    "irregular_dots_globules": 4.439968109130859,
    "regression_structures": 0.0,
    "symmetric_uniform": 5.681334018707275,
    "reticular_network": 7.308173179626465,
    "arborizing_vessels": 6.274045467376709,
    "blue_grey_ovoid_nests": 5.761063098907471,
    "ulceration": 6.778171539306641,
    "scaly_surface": 6.91450834274292,
    "strawberry_pattern": 5.973679065704346,
    "milia_like_cysts": 5.959303855895996,
    "comedo_like_openings": 6.642678737640381,
    "cerebriform_surface": 6.178134441375732,
    "central_white_patch": 6.013030052185059,
    "red_lacunae": 6.653258800506592,
    "healthy_skin": 5.345972537994385
  },
  "just_eliminated": []
}