{
  "lambda": 0.01,
  "n_active": 24,
  "val_balacc": 0.6011845255952383,
  "val_auc": 0.8487441815911951,
  "val_loss": 1.3091127052903175,
  "actual_epochs": 20,
  "norms": {
    "asymmetry": 7.484222412109375,
    "border_irregularity": 7.249544143676758,
    "colour_variation": 7.395992279052734,
    "diameter_large": 7.336264133453369,
    "atypical_pigment_network": 7.27616548538208,
    "blue_white_veil": 7.173259735107422,
    "atypical_vascular_pattern": 7.073563098907471,
    "irregular_streaks": 7.072331428527832,
    "irregular_pigmentation": 6.935715675354004,
    "irregular_dots_globules": 7.280013084411621,
    "regression_structures": 7.466104984283447,
    "symmetric_uniform": 6.7784881591796875,
    "reticular_network": 7.283435344696045,
    "arborizing_vessels": 7.034968376159668,
    "blue_grey_ovoid_nests": 7.51615571975708,
    "ulceration": 7.614943504333496,
    "scaly_surface": 7.224028587341309,
    "strawberry_pattern": 6.9334306716918945,
    "milia_like_cysts": 7.568562030792236,
    "comedo_like_openings": 7.410943508148193,
    "cerebriform_surface": 7.4591546058654785,
    "central_white_patch": 7.075157642364502,
    "red_lacunae": 7.610857963562012,
    "healthy_skin": 7.168661117553711
  },
  "just_eliminated": []
}