{
  "lambda": 6.195846593366683,
  "n_active": 23,
  "val_balacc": 0.5846278538067462,
  "val_auc": 0.8467775886934185,
  "val_loss": 1.2963218465447426,
  "actual_epochs": 16,
  "norms": {
    "asymmetry": 1.2657833099365234,
    "border_irregularity": 0.0,
    "colour_variation": 4.070713520050049,
    "diameter_large": 4.731525421142578,
    "atypical_pigment_network": 3.5939433574676514,
    "blue_white_veil": 3.7435758113861084,
    "atypical_vascular_pattern": 1.323352575302124,
    "irregular_streaks": 2.7455174922943115,
    "irregular_pigmentation": 4.229013919830322,
    "irregular_dots_globules": 2.1287646293640137,
    "regression_structures": 0.7678112983703613,
    "symmetric_uniform": 0.41043201088905334,
    "reticular_network": 5.095588207244873,
    "arborizing_vessels": 2.9601147174835205,
    "blue_grey_ovoid_nests": 3.603085994720459,
    "ulceration": 3.504803419113159,
    "scaly_surface": 4.487443923950195,
    "strawberry_pattern": 2.5314412117004395,
    "milia_like_cysts": 2.606998920440674,
    "comedo_like_openings": 3.752992630004883,
    "cerebriform_surface": 3.4568018913269043,
    "central_white_patch": 4.227508544921875,
    "red_lacunae": 4.122547149658203,
    "healthy_skin": 2.090151786804199
  },
  "just_eliminated": []
}