{
  "lambda": 4.073869708797031,
  "n_active": 24,
  "val_balacc": 0.5622767883587636,
  "val_auc": 0.8552062527126697,
  "val_loss": 1.2705974206328392,
  "actual_epochs": 21,
  "norms": {
    "asymmetry": 4.468911647796631,
    "border_irregularity": 3.819021463394165,
    "colour_variation": 5.946535110473633,
    "diameter_large": 5.683403015136719,
    "atypical_pigment_network": 6.578082084655762,
    "blue_white_veil": 6.441220283508301,
    "atypical_vascular_pattern": 4.819918155670166,
    "irregular_streaks": 6.838327884674072,
    "irregular_pigmentation": 6.273707389831543,
    "irregular_dots_globules": 5.48173189163208,
    "regression_structures": 3.554960012435913,
    "symmetric_uniform": 5.399349212646484,
    "reticular_network": 6.132891654968262,
    "arborizing_vessels": 5.599404811859131,
    "blue_grey_ovoid_nests": 4.972471237182617,
    "ulceration": 6.307602405548096,
    "scaly_surface": 6.04512882232666,
    "strawberry_pattern": 6.101645469665527,
    "milia_like_cysts": 4.968182563781738,
    "comedo_like_openings": 6.553455829620361,
    "cerebriform_surface": 6.501636505126953,
    "central_white_patch": 5.917074203491211,
    "red_lacunae": 6.074606895446777,
    "healthy_skin": 6.179718494415283
  },
  "just_eliminated": []
}