{
  "lambda": 9.423108187686552,
  "n_active": 14,
  "val_balacc": 0.544233817331789,
  "val_auc": 0.835891946588776,
  "val_loss": 1.3316739983856678,
  "actual_epochs": 11,
  "norms": {
    "asymmetry": 2.654827117919922,
    "border_irregularity": 0.0,
    "colour_variation": 3.149218797683716,
    "diameter_large": 3.311065912246704,
    "atypical_pigment_network": 2.904977560043335,
    "blue_white_veil": 0.43053314089775085,
    "atypical_vascular_pattern": 0.0,
    "irregular_streaks": 0.0,
    "irregular_pigmentation": 0.0,
    "irregular_dots_globules": 0.0,
    "regression_structures": 0.0,
    "symmetric_uniform": 0.0,
    "reticular_network": 4.210495471954346,
    "arborizing_vessels": 1.261124849319458,
    "blue_grey_ovoid_nests": 2.950829267501831,
    "ulceration": 2.162391185760498,
    "scaly_surface": 3.755270481109619,
    "strawberry_pattern": 0.0,
    "milia_like_cysts": 0.0,
    "comedo_like_openings": 3.171093702316284,
    "cerebriform_surface": 2.5452635288238525,
    "central_white_patch": 3.681079864501953,
    "red_lacunae": 3.932706594467163,
    "healthy_skin": 0.0
  },
  "just_eliminated": []
}