{
  "lambda": 21.796221839177452,
  "n_active": 8,
  "val_balacc": 0.5122845036843569,
  "val_auc": 0.7839695761223753,
  "val_loss": 1.4762414004653692,
  "actual_epochs": 11,
  "norms": {
    "asymmetry": 0.0,
    "border_irregularity": 0.0,
    "colour_variation": 2.3961730003356934,
    "diameter_large": 2.7083537578582764,
    "atypical_pigment_network": 0.0,
    "blue_white_veil": 0.0,
    "atypical_vascular_pattern": 0.0,
    "irregular_streaks": 0.0,
    "irregular_pigmentation": 0.0,
    "irregular_dots_globules": 0.0,
    "regression_structures": 0.0,
    "symmetric_uniform": 0.0,
    "reticular_network": 3.5514838695526123,
    "arborizing_vessels": 0.0,
    "blue_grey_ovoid_nests": 0.0,
    "ulceration": 0.0,
    "scaly_surface": 2.8688178062438965,
    "strawberry_pattern": 0.0,
    "milia_like_cysts": 0.0,
    "comedo_like_openings": 2.7022957801818848,
    "cerebriform_surface": 2.0004377365112305,
    "central_white_patch": 2.8152949810028076,
    "red_lacunae": 2.172053098678589,
    "healthy_skin": 0.0
  },
  "just_eliminated": [
    "blue_grey_ovoid_nests"
  ]
}