{
  "lambda": 9.423108187686552,
  "n_active": 17,
  "val_balacc": 0.5469199022856263,
  "val_auc": 0.8336196282558281,
  "val_loss": 1.3532304838299751,
  "actual_epochs": 11,
  "norms": {
    "asymmetry": 0.0,
    "border_irregularity": 0.0,
    "colour_variation": 2.9876835346221924,
    "diameter_large": 3.6784489154815674,
    "atypical_pigment_network": 2.935426950454712,
    "blue_white_veil": 1.184157371520996,
    "atypical_vascular_pattern": 0.0,
    "irregular_streaks": 0.0,
    "irregular_pigmentation": 2.400212526321411,
    "irregular_dots_globules": 0.0,
    "regression_structures": 0.0,
    "symmetric_uniform": 2.529144287109375,
    "reticular_network": 3.5082314014434814,
    "arborizing_vessels": 1.1605812311172485,
    "blue_grey_ovoid_nests": 2.515132427215576,
    "ulceration": 2.759303569793701,
    "scaly_surface": 4.190751075744629,
    "strawberry_pattern": 2.4839229583740234,
    "milia_like_cysts": 0.0,
    "comedo_like_openings": 3.1308400630950928,
    "cerebriform_surface": 2.44490122795105,
    "central_white_patch": 3.7124998569488525,
    "red_lacunae": 3.088085174560547,
    "healthy_skin": 0.6374547481536865
  },
  "just_eliminated": []
}