{
  "lambda": 0.10761264004567168,
  "n_active": 24,
  "val_balacc": 0.5580857919743253,
  "val_auc": 0.8474715647218359,
  "val_loss": 1.4141033589839935,
  "actual_epochs": 17,
  "norms": {
    "asymmetry": 10.47305679321289,
    "border_irregularity": 9.153389930725098,
    "colour_variation": 10.377429008483887,
    "diameter_large": 10.319628715515137,
    "atypical_pigment_network": 11.696320533752441,
    "blue_white_veil": 11.11958122253418,
    "atypical_vascular_pattern": 10.135842323303223,
    "irregular_streaks": 9.783214569091797,
    "irregular_pigmentation": 9.871426582336426,
    "irregular_dots_globules": 9.337285995483398,
    "regression_structures": 4.170975685119629,
    "symmetric_uniform": 9.611398696899414,
    "reticular_network": 10.572282791137695,
    "arborizing_vessels": 10.3472261428833,
    "blue_grey_ovoid_nests": 9.364948272705078,
    "ulceration": 10.141277313232422,
    "scaly_surface": 10.813410758972168,
    "strawberry_pattern": 9.974355697631836,
    "milia_like_cysts": 10.567209243774414,
    "comedo_like_openings": 10.257853507995605,
    "cerebriform_surface": 10.284316062927246,
    "central_white_patch": 9.580055236816406,
    "red_lacunae": 10.441312789916992,
    "healthy_skin": 9.92707633972168
  },
  "just_eliminated": []
}