{
  "lambda": 12.462060578215462,
  "n_active": 10,
  "val_balacc": 0.5380881860954951,
  "val_auc": 0.8258973314548201,
  "val_loss": 1.3512807488441467,
  "actual_epochs": 11,
  "norms": {
    "asymmetry": 0.0,
    "border_irregularity": 0.0,
    "colour_variation": 2.9150948524475098,
    "diameter_large": 3.5961592197418213,
    "atypical_pigment_network": 3.0325136184692383,
    "blue_white_veil": 0.0,
    "atypical_vascular_pattern": 0.0,
    "irregular_streaks": 0.0,
    "irregular_pigmentation": 0.0,
    "irregular_dots_globules": 0.0,
    "regression_structures": 0.0,
    "symmetric_uniform": 0.0,
    "reticular_network": 3.6803231239318848,
    "arborizing_vessels": 0.0,
    "blue_grey_ovoid_nests": 2.567943811416626,
    "ulceration": 2.359797716140747,
    "scaly_surface": 4.009668827056885,
    "strawberry_pattern": 0.0,
    "milia_like_cysts": 3.0533251762390137,
    "comedo_like_openings": 0.0,
    "cerebriform_surface": 0.0,
    "central_white_patch": 3.4635465145111084,
    "red_lacunae": 3.339327335357666,
    "healthy_skin": 0.0
  },
  "just_eliminated": []
}