{
  "lambda": 0.6621177195678577,
  "n_active": 24,
  "val_balacc": 0.5270387103974443,
  "val_auc": 0.8517470035760062,
  "val_loss": 1.4968396127223969,
  "actual_epochs": 27,
  "norms": {
    "asymmetry": 10.772100448608398,
    "border_irregularity": 8.917197227478027,
    "colour_variation": 11.243193626403809,
    "diameter_large": 10.654593467712402,
    "atypical_pigment_network": 11.743810653686523,
    "blue_white_veil": 13.026290893554688,
    "atypical_vascular_pattern": 10.375873565673828,
    "irregular_streaks": 9.78673267364502,
    "irregular_pigmentation": 9.806235313415527,
    "irregular_dots_globules": 7.141517639160156,
    "regression_structures": 10.182632446289062,
    "symmetric_uniform": 9.390284538269043,
    "reticular_network": 11.434341430664062,
    "arborizing_vessels": 9.559745788574219,
    "blue_grey_ovoid_nests": 10.205382347106934,
    "ulceration": 10.77574348449707,
    "scaly_surface": 12.20753288269043,
    "strawberry_pattern": 10.497974395751953,
    "milia_like_cysts": 9.836504936218262,
    "comedo_like_openings": 10.962159156799316,
    "cerebriform_surface": 11.068559646606445,
    "central_white_patch": 9.926068305969238,
    "red_lacunae": 9.774690628051758,
    "healthy_skin": 11.220205307006836
  },
  "just_eliminated": []
}