{
  "lambda": 1.15804802975993,
  "n_active": 24,
  "val_balacc": 0.5255646923798355,
  "val_auc": 0.8525523845104552,
  "val_loss": 1.449803002178669,
  "actual_epochs": 31,
  "norms": {
    "asymmetry": 10.140267372131348,
    "border_irregularity": 8.185678482055664,
    "colour_variation": 10.721872329711914,
    "diameter_large": 10.03704833984375,
    "atypical_pigment_network": 11.239805221557617,
    "blue_white_veil": 13.082282066345215,
    "atypical_vascular_pattern": 9.740226745605469,
    "irregular_streaks": 9.03896427154541,
    "irregular_pigmentation": 9.182968139648438,
    "irregular_dots_globules": 6.237065315246582,
    "regression_structures": 9.56821346282959,
    "symmetric_uniform": 8.579222679138184,
    "reticular_network": 10.882204055786133,
    "arborizing_vessels": 8.755170822143555,
    "blue_grey_ovoid_nests": 9.544024467468262,
    "ulceration": 10.321929931640625,
    "scaly_surface": 11.753816604614258,
    "strawberry_pattern": 9.923532485961914,
    "milia_like_cysts": 9.266179084777832,
    "comedo_like_openings": 10.251541137695312,
    "cerebriform_surface": 10.578557014465332,
    "central_white_patch": 9.319427490234375,
    "red_lacunae": 9.095008850097656,
    "healthy_skin": 10.609627723693848
  },
  "just_eliminated": []
}