{
  "lambda": 0.023130607656249993,
  "n_active": 24,
  "val_balacc": 0.5916205089028997,
  "val_auc": 0.8548304151174103,
  "val_loss": 1.316569171845913,
  "actual_epochs": 14,
  "norms": {
    "asymmetry": 7.826109886169434,
    "border_irregularity": 7.296809196472168,
    "colour_variation": 8.485407829284668,
    "diameter_large": 8.143914222717285,
    "atypical_pigment_network": 8.423434257507324,
    "blue_white_veil": 8.029524803161621,
    "atypical_vascular_pattern": 7.462198734283447,
    "irregular_streaks": 7.323141098022461,
    "irregular_pigmentation": 7.827287673950195,
    "irregular_dots_globules": 6.9842448234558105,
    "regression_structures": 6.905735492706299,
    "symmetric_uniform": 8.091644287109375,
    "reticular_network": 8.220168113708496,
    "arborizing_vessels": 7.7966084480285645,
    "blue_grey_ovoid_nests": 7.650256156921387,
    "ulceration": 7.580343246459961,
    "scaly_surface": 8.076053619384766,
    "strawberry_pattern": 7.468852519989014,
    "milia_like_cysts": 7.578174591064453,
    "comedo_like_openings": 7.993007659912109,
    "cerebriform_surface": 8.768621444702148,
    "central_white_patch": 8.112510681152344,
    "red_lacunae": 7.851931571960449,
    "healthy_skin": 8.018757820129395
  },
  "just_eliminated": []
}