{
  "lambda": 2.025433241850303,
  "n_active": 24,
  "val_balacc": 0.5597894783209075,
  "val_auc": 0.8539101802428241,
  "val_loss": 1.347229689359665,
  "actual_epochs": 33,
  "norms": {
    "asymmetry": 7.265787601470947,
    "border_irregularity": 6.957089900970459,
    "colour_variation": 8.84516716003418,
    "diameter_large": 7.789551734924316,
    "atypical_pigment_network": 9.425857543945312,
    "blue_white_veil": 9.39013385772705,
    "atypical_vascular_pattern": 8.205446243286133,
    "irregular_streaks": 9.793673515319824,
    "irregular_pigmentation": 9.023872375488281,
    "irregular_dots_globules": 8.93288803100586,
    "regression_structures": 6.752113342285156,
    "symmetric_uniform": 8.457062721252441,
    "reticular_network": 8.724385261535645,
    "arborizing_vessels": 8.763237953186035,
    "blue_grey_ovoid_nests": 8.14199161529541,
    "ulceration": 9.385547637939453,
    "scaly_surface": 8.787431716918945,
    "strawberry_pattern": 8.958809852600098,
    "milia_like_cysts": 8.056084632873535,
    "comedo_like_openings": 9.425384521484375,
    "cerebriform_surface": 9.5798921585083,
    "central_white_patch": 8.426161766052246,
    "red_lacunae": 9.0520658493042,
    "healthy_skin": 9.528990745544434
  },
  "just_eliminated": []
}