{
  "lambda": 0.05350250105473706,
  "n_active": 24,
  "val_balacc": 0.562066024199639,
  "val_auc": 0.8503041097855972,
  "val_loss": 1.4075186625123024,
  "actual_epochs": 16,
  "norms": {
    "asymmetry": 9.1959228515625,
    "border_irregularity": 8.0371675491333,
    "colour_variation": 9.208370208740234,
    "diameter_large": 8.786535263061523,
    "atypical_pigment_network": 8.93722152709961,
    "blue_white_veil": 9.605057716369629,
    "atypical_vascular_pattern": 8.832538604736328,
    "irregular_streaks": 8.65989875793457,
    "irregular_pigmentation": 8.765351295471191,
    "irregular_dots_globules": 7.926052093505859,
    "regression_structures": 8.781426429748535,
    "symmetric_uniform": 8.004162788391113,
    "reticular_network": 9.909440040588379,
    "arborizing_vessels": 8.884134292602539,
    "blue_grey_ovoid_nests": 8.678154945373535,
    "ulceration": 8.743973731994629,
    "scaly_surface": 9.32491683959961,
    "strawberry_pattern": 8.457368850708008,
    "milia_like_cysts": 8.586433410644531,
    "comedo_like_openings": 9.691262245178223,
    "cerebriform_surface": 9.775376319885254,
    "central_white_patch": 9.405192375183105,
    "red_lacunae": 9.166213035583496,
    "healthy_skin": 9.153915405273438
  },
  "just_eliminated": []
}