{
  "lambda": 0.07075705764488975,
  "n_active": 24,
  "val_balacc": 0.5630165250741787,
  "val_auc": 0.847591456153626,
  "val_loss": 1.395194299519062,
  "actual_epochs": 11,
  "norms": {
    "asymmetry": 9.408958435058594,
    "border_irregularity": 8.167027473449707,
    "colour_variation": 9.417180061340332,
    "diameter_large": 8.874051094055176,
    "atypical_pigment_network": 9.151975631713867,
    "blue_white_veil": 9.907147407531738,
    "atypical_vascular_pattern": 9.01528549194336,
    "irregular_streaks": 8.864657402038574,
    "irregular_pigmentation": 8.963565826416016,
    "irregular_dots_globules": 8.05506420135498,
    "regression_structures": 8.938215255737305,
    "symmetric_uniform": 8.167512893676758,
    "reticular_network": 10.224236488342285,
    "arborizing_vessels": 9.049908638000488,
    "blue_grey_ovoid_nests": 8.808229446411133,
    "ulceration": 8.924192428588867,
    "scaly_surface": 9.555909156799316,
    "strawberry_pattern": 8.714659690856934,
    "milia_like_cysts": 8.715353965759277,
    "comedo_like_openings": 9.91071605682373,
    "cerebriform_surface": 9.99496078491211,
    "central_white_patch": 9.597941398620605,
    "red_lacunae": 9.365239143371582,
    "healthy_skin": 9.343539237976074
  },
  "just_eliminated": []
}