{
  "lambda": 0.09357620873536668,
  "n_active": 24,
  "val_balacc": 0.5403659290194192,
  "val_auc": 0.8474999071463583,
  "val_loss": 1.4165876135230064,
  "actual_epochs": 31,
  "norms": {
    "asymmetry": 8.602209091186523,
    "border_irregularity": 8.47567367553711,
    "colour_variation": 10.18838882446289,
    "diameter_large": 9.926487922668457,
    "atypical_pigment_network": 9.939244270324707,
    "blue_white_veil": 10.116682052612305,
    "atypical_vascular_pattern": 9.071856498718262,
    "irregular_streaks": 9.276086807250977,
    "irregular_pigmentation": 9.422257423400879,
    "irregular_dots_globules": 7.706149101257324,
    "regression_structures": 8.719948768615723,
    "symmetric_uniform": 9.145753860473633,
    "reticular_network": 9.84208869934082,
    "arborizing_vessels": 9.377298355102539,
    "blue_grey_ovoid_nests": 9.230246543884277,
    "ulceration": 9.123019218444824,
    "scaly_surface": 9.85467529296875,
    "strawberry_pattern": 8.589374542236328,
    "milia_like_cysts": 9.156291007995605,
    "comedo_like_openings": 9.767888069152832,
    "cerebriform_surface": 10.509260177612305,
    "central_white_patch": 9.239982604980469,
    "red_lacunae": 9.339262962341309,
    "healthy_skin": 9.316197395324707
  },
  "just_eliminated": []
}