{
  "lambda": 0.04045557735707907,
  "n_active": 24,
  "val_balacc": 0.5825851378822721,
  "val_auc": 0.8498515090152012,
  "val_loss": 1.3717043921351433,
  "actual_epochs": 17,
  "norms": {
    "asymmetry": 8.985071182250977,
    "border_irregularity": 7.89686393737793,
    "colour_variation": 8.874129295349121,
    "diameter_large": 8.571061134338379,
    "atypical_pigment_network": 8.620213508605957,
    "blue_white_veil": 9.137654304504395,
    "atypical_vascular_pattern": 8.434544563293457,
    "irregular_streaks": 8.376720428466797,
    "irregular_pigmentation": 8.420104026794434,
    "irregular_dots_globules": 7.771873950958252,
    "regression_structures": 8.493989944458008,
    "symmetric_uniform": 7.755102157592773,
    "reticular_network": 9.456562042236328,
    "arborizing_vessels": 8.592181205749512,
    "blue_grey_ovoid_nests": 8.529009819030762,
    "ulceration": 8.480626106262207,
    "scaly_surface": 8.969558715820312,
    "strawberry_pattern": 8.130594253540039,
    "milia_like_cysts": 8.320985794067383,
    "comedo_like_openings": 9.291189193725586,
    "cerebriform_surface": 9.474699974060059,
    "central_white_patch": 9.095287322998047,
    "red_lacunae": 8.96477222442627,
    "healthy_skin": 8.933918952941895
  },
  "just_eliminated": []
}