{
  "lambda": 0.28625176191121404,
  "n_active": 24,
  "val_balacc": 0.5273990201926255,
  "val_auc": 0.8516388638390265,
  "val_loss": 1.503297582268715,
  "actual_epochs": 14,
  "norms": {
    "asymmetry": 10.742525100708008,
    "border_irregularity": 9.15866470336914,
    "colour_variation": 11.10061264038086,
    "diameter_large": 10.68569278717041,
    "atypical_pigment_network": 11.695466041564941,
    "blue_white_veil": 12.38308048248291,
    "atypical_vascular_pattern": 10.427742004394531,
    "irregular_streaks": 9.955635070800781,
    "irregular_pigmentation": 9.829914093017578,
    "irregular_dots_globules": 7.4715752601623535,
    "regression_structures": 10.15299129486084,
    "symmetric_uniform": 9.680246353149414,
    "reticular_network": 11.31458854675293,
    "arborizing_vessels": 9.580554008483887,
    "blue_grey_ovoid_nests": 10.282486915588379,
    "ulceration": 10.579869270324707,
    "scaly_surface": 12.043335914611816,
    "strawberry_pattern": 10.389657974243164,
    "milia_like_cysts": 9.795055389404297,
    "comedo_like_openings": 11.143917083740234,
    "cerebriform_surface": 11.075972557067871,
    "central_white_patch": 10.1000394821167,
    "red_lacunae": 9.942502975463867,
    "healthy_skin": 11.075067520141602
  },
  "just_eliminated": []
}