{
  "lambda": 0.013224999999999999,
  "n_active": 24,
  "val_balacc": 0.5887682665908807,
  "val_auc": 0.8499314882520178,
  "val_loss": 1.3134319111704826,
  "actual_epochs": 14,
  "norms": {
    "asymmetry": 7.592986106872559,
    "border_irregularity": 7.177053928375244,
    "colour_variation": 7.43612003326416,
    "diameter_large": 7.389048099517822,
    "atypical_pigment_network": 7.29309606552124,
    "blue_white_veil": 7.347639560699463,
    "atypical_vascular_pattern": 7.166055202484131,
    "irregular_streaks": 7.072709560394287,
    "irregular_pigmentation": 7.037572383880615,
    "irregular_dots_globules": 7.250611782073975,
    "regression_structures": 7.466097354888916,
    "symmetric_uniform": 6.814956188201904,
    "reticular_network": 7.575855255126953,
    "arborizing_vessels": 7.1747589111328125,
    "blue_grey_ovoid_nests": 7.660788059234619,
    "ulceration": 7.647985935211182,
    "scaly_surface": 7.319359302520752,
    "strawberry_pattern": 6.971871852874756,
    "milia_like_cysts": 7.546077251434326,
    "comedo_like_openings": 7.630517482757568,
    "cerebriform_surface": 7.823459148406982,
    "central_white_patch": 7.405184745788574,
    "red_lacunae": 7.761905193328857,
    "healthy_skin": 7.338891506195068
  },
  "just_eliminated": []
}