{
  "lambda": 0.7614353775030362,
  "n_active": 24,
  "val_balacc": 0.5551015148228731,
  "val_auc": 0.8491315716709158,
  "val_loss": 1.4273237362504005,
  "actual_epochs": 37,
  "norms": {
    "asymmetry": 11.721365928649902,
    "border_irregularity": 9.47468376159668,
    "colour_variation": 10.954504013061523,
    "diameter_large": 10.648185729980469,
    "atypical_pigment_network": 13.536418914794922,
    "blue_white_veil": 11.824079513549805,
    "atypical_vascular_pattern": 10.70645523071289,
    "irregular_streaks": 11.04007339477539,
    "irregular_pigmentation": 10.988076210021973,
    "irregular_dots_globules": 9.761686325073242,
    "regression_structures": 0.5959267020225525,
    "symmetric_uniform": 10.487577438354492,
    "reticular_network": 11.826998710632324,
    "arborizing_vessels": 11.024124145507812,
    "blue_grey_ovoid_nests": 9.629302024841309,
    "ulceration": 11.089166641235352,
    "scaly_surface": 11.664532661437988,
    "strawberry_pattern": 10.575907707214355,
    "milia_like_cysts": 10.96485424041748,
    "comedo_like_openings": 11.340201377868652,
    "cerebriform_surface": 10.43185043334961,
    "central_white_patch": 9.62407398223877,
    "red_lacunae": 10.97802734375,
    "healthy_skin": 10.530685424804688
  },
  "just_eliminated": []
}