{
  "lambda": 0.32918952619789615,
  "n_active": 24,
  "val_balacc": 0.5303326737838855,
  "val_auc": 0.8471996249986674,
  "val_loss": 1.445565640926361,
  "actual_epochs": 11,
  "norms": {
    "asymmetry": 8.817524909973145,
    "border_irregularity": 8.9049654006958,
    "colour_variation": 10.854125022888184,
    "diameter_large": 10.594612121582031,
    "atypical_pigment_network": 10.732980728149414,
    "blue_white_veil": 11.407946586608887,
    "atypical_vascular_pattern": 9.82254409790039,
    "irregular_streaks": 10.106203079223633,
    "irregular_pigmentation": 10.520989418029785,
    "irregular_dots_globules": 8.272550582885742,
    "regression_structures": 9.598038673400879,
    "symmetric_uniform": 9.603668212890625,
    "reticular_network": 10.860004425048828,
    "arborizing_vessels": 10.278609275817871,
    "blue_grey_ovoid_nests": 10.074564933776855,
    "ulceration": 10.420756340026855,
    "scaly_surface": 10.849883079528809,
    "strawberry_pattern": 9.357048988342285,
    "milia_like_cysts": 10.330795288085938,
    "comedo_like_openings": 10.555505752563477,
    "cerebriform_surface": 11.32262134552002,
    "central_white_patch": 9.560896873474121,
    "red_lacunae": 10.200058937072754,
    "healthy_skin": 9.932629585266113
  },
  "just_eliminated": []
}