{
  "lambda": 0.015208749999999998,
  "n_active": 24,
  "val_balacc": 0.5622371476587326,
  "val_auc": 0.851136698092951,
  "val_loss": 1.3660483583807945,
  "actual_epochs": 16,
  "norms": {
    "asymmetry": 7.584305286407471,
    "border_irregularity": 7.444485187530518,
    "colour_variation": 8.023825645446777,
    "diameter_large": 7.0587568283081055,
    "atypical_pigment_network": 7.240653038024902,
    "blue_white_veil": 7.716613292694092,
    "atypical_vascular_pattern": 7.277914524078369,
    "irregular_streaks": 7.29442834854126,
    "irregular_pigmentation": 7.894404411315918,
    "irregular_dots_globules": 7.574477195739746,
    "regression_structures": 7.257051944732666,
    "symmetric_uniform": 7.419443130493164,
    "reticular_network": 7.864046096801758,
    "arborizing_vessels": 7.82382345199585,
    "blue_grey_ovoid_nests": 7.586526393890381,
    "ulceration": 7.331535816192627,
    "scaly_surface": 7.863443374633789,
    "strawberry_pattern": 7.308910369873047,
    "milia_like_cysts": 7.413082122802734,
    "comedo_like_openings": 7.503583908081055,
    "cerebriform_surface": 7.663120269775391,
    "central_white_patch": 8.144850730895996,
    "red_lacunae": 7.790430068969727,
    "healthy_skin": 7.629345893859863
  },
  "just_eliminated": []
}