{
  "lambda": 0.32918952619789615,
  "n_active": 24,
  "val_balacc": 0.5457626624825437,
  "val_auc": 0.8472793804578461,
  "val_loss": 1.4643567502498627,
  "actual_epochs": 15,
  "norms": {
    "asymmetry": 11.496758460998535,
    "border_irregularity": 9.774707794189453,
    "colour_variation": 11.063353538513184,
    "diameter_large": 10.91492748260498,
    "atypical_pigment_network": 13.216127395629883,
    "blue_white_veil": 12.00943660736084,
    "atypical_vascular_pattern": 10.833141326904297,
    "irregular_streaks": 10.844719886779785,
    "irregular_pigmentation": 10.788676261901855,
    "irregular_dots_globules": 9.987733840942383,
    "regression_structures": 2.9860939979553223,
    "symmetric_uniform": 10.413975715637207,
    "reticular_network": 11.653191566467285,
    "arborizing_vessels": 11.082547187805176,
    "blue_grey_ovoid_nests": 9.888691902160645,
    "ulceration": 11.063211441040039,
    "scaly_surface": 11.66054916381836,
    "strawberry_pattern": 10.653849601745605,
    "milia_like_cysts": 11.195733070373535,
    "comedo_like_openings": 11.194887161254883,
    "cerebriform_surface": 10.830904960632324,
    "central_white_patch": 9.909011840820312,
    "red_lacunae": 11.153077125549316,
    "healthy_skin": 10.660749435424805
  },
  "just_eliminated": []
}