{
  "lambda": 0.24891457557496874,
  "n_active": 24,
  "val_balacc": 0.5518424582264648,
  "val_auc": 0.8436391001569288,
  "val_loss": 1.459642007946968,
  "actual_epochs": 14,
  "norms": {
    "asymmetry": 8.818227767944336,
    "border_irregularity": 8.892129898071289,
    "colour_variation": 10.79614543914795,
    "diameter_large": 10.501479148864746,
    "atypical_pigment_network": 10.672971725463867,
    "blue_white_veil": 11.252239227294922,
    "atypical_vascular_pattern": 9.77218246459961,
    "irregular_streaks": 10.060929298400879,
    "irregular_pigmentation": 10.423360824584961,
    "irregular_dots_globules": 8.25146198272705,
    "regression_structures": 9.509561538696289,
    "symmetric_uniform": 9.589995384216309,
    "reticular_network": 10.708043098449707,
    "arborizing_vessels": 10.178123474121094,
    "blue_grey_ovoid_nests": 9.929163932800293,
    "ulceration": 10.233012199401855,
    "scaly_surface": 10.78553295135498,
    "strawberry_pattern": 9.254817008972168,
    "milia_like_cysts": 10.223855972290039,
    "comedo_like_openings": 10.458911895751953,
    "cerebriform_surface": 11.31241226196289,
    "central_white_patch": 9.522721290588379,
    "red_lacunae": 10.128795623779297,
    "healthy_skin": 9.913116455078125
  },
  "just_eliminated": []
}