{
  "lambda": 0.28625176191121404,
  "n_active": 24,
  "val_balacc": 0.5262025088106681,
  "val_auc": 0.8435511277214669,
  "val_loss": 1.4507195726037025,
  "actual_epochs": 13,
  "norms": {
    "asymmetry": 8.821352005004883,
    "border_irregularity": 8.921820640563965,
    "colour_variation": 10.815791130065918,
    "diameter_large": 10.548721313476562,
    "atypical_pigment_network": 10.703584671020508,
    "blue_white_veil": 11.349839210510254,
    "atypical_vascular_pattern": 9.774456024169922,
    "irregular_streaks": 10.079581260681152,
    "irregular_pigmentation": 10.49777889251709,
    "irregular_dots_globules": 8.26967716217041,
    "regression_structures": 9.561173439025879,
    "symmetric_uniform": 9.612649917602539,
    "reticular_network": 10.794046401977539,
    "arborizing_vessels": 10.243648529052734,
    "blue_grey_ovoid_nests": 10.007040023803711,
    "ulceration": 10.335556983947754,
    "scaly_surface": 10.789704322814941,
    "strawberry_pattern": 9.324901580810547,
    "milia_like_cysts": 10.287055015563965,
    "comedo_like_openings": 10.496944427490234,
    "cerebriform_surface": 11.337742805480957,
    "central_white_patch": 9.527758598327637,
    "red_lacunae": 10.155365943908691,
    "healthy_skin": 9.933000564575195
  },
  "just_eliminated": []
}