{
  "lambda": 4.684950165116586,
  "n_active": 23,
  "val_balacc": 0.5844811281556695,
  "val_auc": 0.8535221452455459,
  "val_loss": 1.252073846757412,
  "actual_epochs": 17,
  "norms": {
    "asymmetry": 5.9417338371276855,
    "border_irregularity": 1.74488365650177,
    "colour_variation": 5.056488037109375,
    "diameter_large": 5.7998223304748535,
    "atypical_pigment_network": 7.288908004760742,
    "blue_white_veil": 5.251208305358887,
    "atypical_vascular_pattern": 3.922304630279541,
    "irregular_streaks": 4.759123802185059,
    "irregular_pigmentation": 4.984471321105957,
    "irregular_dots_globules": 2.867727041244507,
    "regression_structures": 0.0,
    "symmetric_uniform": 4.1161980628967285,
    "reticular_network": 6.012628078460693,
    "arborizing_vessels": 4.787634372711182,
    "blue_grey_ovoid_nests": 4.675102233886719,
    "ulceration": 5.536467552185059,
    "scaly_surface": 5.838143825531006,
    "strawberry_pattern": 4.596887588500977,
    "milia_like_cysts": 4.497035503387451,
    "comedo_like_openings": 5.3321614265441895,
    "cerebriform_surface": 4.9663777351379395,
    "central_white_patch": 5.328206539154053,
    "red_lacunae": 5.584772109985352,
    "healthy_skin": 4.021127700805664
  },
  "just_eliminated": []
}