{
  "lambda": 1.0069982867477654,
  "n_active": 24,
  "val_balacc": 0.543946442662363,
  "val_auc": 0.8505034545763885,
  "val_loss": 1.4333115220069885,
  "actual_epochs": 30,
  "norms": {
    "asymmetry": 11.571163177490234,
    "border_irregularity": 9.172436714172363,
    "colour_variation": 10.611465454101562,
    "diameter_large": 10.34347152709961,
    "atypical_pigment_network": 13.255714416503906,
    "blue_white_veil": 11.517599105834961,
    "atypical_vascular_pattern": 10.409165382385254,
    "irregular_streaks": 10.871405601501465,
    "irregular_pigmentation": 10.869098663330078,
    "irregular_dots_globules": 9.440703392028809,
    "regression_structures": 0.06359970569610596,
    "symmetric_uniform": 10.196452140808105,
    "reticular_network": 11.597472190856934,
    "arborizing_vessels": 10.813324928283691,
    "blue_grey_ovoid_nests": 9.405839920043945,
    "ulceration": 10.945633888244629,
    "scaly_surface": 11.392899513244629,
    "strawberry_pattern": 10.355663299560547,
    "milia_like_cysts": 10.664615631103516,
    "comedo_like_openings": 11.072591781616211,
    "cerebriform_surface": 10.140318870544434,
    "central_white_patch": 9.3911714553833,
    "red_lacunae": 10.6797513961792,
    "healthy_skin": 10.276487350463867
  },
  "just_eliminated": []
}