{
  "lambda": 0.21644745702171198,
  "n_active": 24,
  "val_balacc": 0.5309734215644945,
  "val_auc": 0.8522912678674952,
  "val_loss": 1.4783442467451096,
  "actual_epochs": 17,
  "norms": {
    "asymmetry": 10.523113250732422,
    "border_irregularity": 9.113134384155273,
    "colour_variation": 10.94837474822998,
    "diameter_large": 10.546211242675781,
    "atypical_pigment_network": 11.559544563293457,
    "blue_white_veil": 11.995288848876953,
    "atypical_vascular_pattern": 10.23637580871582,
    "irregular_streaks": 9.868551254272461,
    "irregular_pigmentation": 9.73422908782959,
    "irregular_dots_globules": 7.49743127822876,
    "regression_structures": 9.989326477050781,
    "symmetric_uniform": 9.597723960876465,
    "reticular_network": 11.164756774902344,
    "arborizing_vessels": 9.543962478637695,
    "blue_grey_ovoid_nests": 10.235126495361328,
    "ulceration": 10.313172340393066,
    "scaly_surface": 11.890633583068848,
    "strawberry_pattern": 10.215051651000977,
    "milia_like_cysts": 9.639823913574219,
    "comedo_like_openings": 11.071746826171875,
    "cerebriform_surface": 10.98978328704834,
    "central_white_patch": 10.028553009033203,
    "red_lacunae": 9.88654613494873,
    "healthy_skin": 10.891118049621582
  },
  "just_eliminated": []
}