{
  "lambda": 2.025433241850303,
  "n_active": 24,
  "val_balacc": 0.5567844183053677,
  "val_auc": 0.8533644118073612,
  "val_loss": 1.3169157356023788,
  "actual_epochs": 30,
  "norms": {
    "asymmetry": 6.264057159423828,
    "border_irregularity": 6.1320481300354,
    "colour_variation": 8.763066291809082,
    "diameter_large": 8.488304138183594,
    "atypical_pigment_network": 8.785017013549805,
    "blue_white_veil": 10.05155086517334,
    "atypical_vascular_pattern": 7.826914310455322,
    "irregular_streaks": 8.740039825439453,
    "irregular_pigmentation": 9.021089553833008,
    "irregular_dots_globules": 6.110195636749268,
    "regression_structures": 7.777738571166992,
    "symmetric_uniform": 7.3724541664123535,
    "reticular_network": 9.422585487365723,
    "arborizing_vessels": 8.428542137145996,
    "blue_grey_ovoid_nests": 8.349453926086426,
    "ulceration": 9.003158569335938,
    "scaly_surface": 8.940922737121582,
    "strawberry_pattern": 7.354254722595215,
    "milia_like_cysts": 8.812744140625,
    "comedo_like_openings": 8.705127716064453,
    "cerebriform_surface": 8.955732345581055,
    "central_white_patch": 7.6086883544921875,
    "red_lacunae": 8.330002784729004,
    "healthy_skin": 7.738562107086182
  },
  "just_eliminated": []
}