{
  "lambda": 3.5424953989539403,
  "n_active": 24,
  "val_balacc": 0.5549495044580451,
  "val_auc": 0.8538762185275954,
  "val_loss": 1.2875212281942368,
  "actual_epochs": 22,
  "norms": {
    "asymmetry": 5.102972984313965,
    "border_irregularity": 4.496823787689209,
    "colour_variation": 6.551536560058594,
    "diameter_large": 6.000155925750732,
    "atypical_pigment_network": 7.295551300048828,
    "blue_white_veil": 7.087750434875488,
    "atypical_vascular_pattern": 5.625929832458496,
    "irregular_streaks": 7.56278657913208,
    "irregular_pigmentation": 6.84580135345459,
    "irregular_dots_globules": 6.311921119689941,
    "regression_structures": 4.248569488525391,
    "symmetric_uniform": 6.107611656188965,
    "reticular_network": 6.731671333312988,
    "arborizing_vessels": 6.318970203399658,
    "blue_grey_ovoid_nests": 5.6362080574035645,
    "ulceration": 7.0016303062438965,
    "scaly_surface": 6.562661170959473,
    "strawberry_pattern": 6.758453845977783,
    "milia_like_cysts": 5.703427791595459,
    "comedo_like_openings": 7.1725358963012695,
    "cerebriform_surface": 7.149982452392578,
    "central_white_patch": 6.497907638549805,
    "red_lacunae": 6.652166366577148,
    "healthy_skin": 6.941836357116699
  },
  "just_eliminated": []
}