{
  "lambda": 0.030590228625390608,
  "n_active": 24,
  "val_balacc": 0.5529063752494868,
  "val_auc": 0.8562096029383425,
  "val_loss": 1.3506532311439514,
  "actual_epochs": 27,
  "norms": {
    "asymmetry": 8.657608985900879,
    "border_irregularity": 7.941473007202148,
    "colour_variation": 8.698803901672363,
    "diameter_large": 8.554697036743164,
    "atypical_pigment_network": 9.216979026794434,
    "blue_white_veil": 8.933332443237305,
    "atypical_vascular_pattern": 8.323577880859375,
    "irregular_streaks": 8.1179780960083,
    "irregular_pigmentation": 8.12709903717041,
    "irregular_dots_globules": 6.828941822052002,
    "regression_structures": 7.948859214782715,
    "symmetric_uniform": 8.136852264404297,
    "reticular_network": 9.0678071975708,
    "arborizing_vessels": 8.140278816223145,
    "blue_grey_ovoid_nests": 8.609786033630371,
    "ulceration": 7.870622158050537,
    "scaly_surface": 9.309488296508789,
    "strawberry_pattern": 8.39461612701416,
    "milia_like_cysts": 7.811209678649902,
    "comedo_like_openings": 9.350622177124023,
    "cerebriform_surface": 9.053900718688965,
    "central_white_patch": 8.69797420501709,
    "red_lacunae": 8.390323638916016,
    "healthy_skin": 8.821389198303223
  },
  "just_eliminated": []
}