{
  "lambda": 28.825503382312178,
  "n_active": 7,
  "val_balacc": 0.5199877435039756,
  "val_auc": 0.744174828377354,
  "val_loss": 1.6037521976977587,
  "actual_epochs": 11,
  "norms": {
    "asymmetry": 0.0,
    "border_irregularity": 0.0,
    "colour_variation": 2.0233030319213867,
    "diameter_large": 2.15500545501709,
    "atypical_pigment_network": 0.0,
    "blue_white_veil": 0.0,
    "atypical_vascular_pattern": 0.0,
    "irregular_streaks": 0.0,
    "irregular_pigmentation": 0.0,
    "irregular_dots_globules": 0.0,
    "regression_structures": 0.0,
    "symmetric_uniform": 0.0,
    "reticular_network": 3.107975959777832,
    "arborizing_vessels": 0.0,
    "blue_grey_ovoid_nests": 0.0,
    "ulceration": 0.0,
    "scaly_surface": 2.1909780502319336,
    "strawberry_pattern": 0.0,
    "milia_like_cysts": 0.0,
    "comedo_like_openings": 2.3219361305236816,
    "cerebriform_surface": 0.0,
    "central_white_patch": 1.4350886344909668,
    "red_lacunae": 2.1354708671569824,
    "healthy_skin": 0.0
  },
  "just_eliminated": []
}