{
  "lambda": 18.95323638189344,
  "n_active": 9,
  "val_balacc": 0.5282821140140564,
  "val_auc": 0.7977441212503916,
  "val_loss": 1.4380749743431807,
  "actual_epochs": 11,
  "norms": {
    "asymmetry": 0.0,
    "border_irregularity": 0.0,
    "colour_variation": 2.6670680046081543,
    "diameter_large": 2.8110644817352295,
    "atypical_pigment_network": 0.0,
    "blue_white_veil": 0.0,
    "atypical_vascular_pattern": 0.0,
    "irregular_streaks": 0.0,
    "irregular_pigmentation": 0.0,
    "irregular_dots_globules": 0.0,
    "regression_structures": 0.0,
    "symmetric_uniform": 0.0,
    "reticular_network": 3.8270018100738525,
    "arborizing_vessels": 0.0,
    "blue_grey_ovoid_nests": 1.6122841835021973,
    "ulceration": 0.0,
    "scaly_surface": 3.0516180992126465,
    "strawberry_pattern": 0.0,
    "milia_like_cysts": 0.0,
    "comedo_like_openings": 2.7073049545288086,
    "cerebriform_surface": 2.005711078643799,
    "central_white_patch": 3.051689624786377,
    "red_lacunae": 2.48268985748291,
    "healthy_skin": 0.0
  },
  "just_eliminated": []
}