{
  "lambda": 3.0804307816990786,
  "n_active": 24,
  "val_balacc": 0.5756734637024964,
  "val_auc": 0.8559278811859459,
  "val_loss": 1.2597590163350105,
  "actual_epochs": 41,
  "norms": {
    "asymmetry": 6.619361400604248,
    "border_irregularity": 4.261382102966309,
    "colour_variation": 6.465481281280518,
    "diameter_large": 5.839366436004639,
    "atypical_pigment_network": 7.173497676849365,
    "blue_white_veil": 8.283307075500488,
    "atypical_vascular_pattern": 5.856821060180664,
    "irregular_streaks": 5.972186088562012,
    "irregular_pigmentation": 5.945982456207275,
    "irregular_dots_globules": 4.17681884765625,
    "regression_structures": 5.631697654724121,
    "symmetric_uniform": 4.466866493225098,
    "reticular_network": 9.191822052001953,
    "arborizing_vessels": 5.7502851486206055,
    "blue_grey_ovoid_nests": 5.5382184982299805,
    "ulceration": 6.359024524688721,
    "scaly_surface": 6.834717750549316,
    "strawberry_pattern": 6.654867172241211,
    "milia_like_cysts": 5.136570453643799,
    "comedo_like_openings": 7.3449015617370605,
    "cerebriform_surface": 7.153145790100098,
    "central_white_patch": 6.806996822357178,
    "red_lacunae": 6.333746910095215,
    "healthy_skin": 6.463720321655273
  },
  "just_eliminated": []
}