{
  "lambda": 0.02660019880468749,
  "n_active": 24,
  "val_balacc": 0.5785678898778096,
  "val_auc": 0.8517354822738197,
  "val_loss": 1.3432717099785805,
  "actual_epochs": 15,
  "norms": {
    "asymmetry": 7.90022611618042,
    "border_irregularity": 7.407868385314941,
    "colour_variation": 8.671773910522461,
    "diameter_large": 8.358687400817871,
    "atypical_pigment_network": 8.605052947998047,
    "blue_white_veil": 8.205123901367188,
    "atypical_vascular_pattern": 7.606025695800781,
    "irregular_streaks": 7.555758953094482,
    "irregular_pigmentation": 7.977595806121826,
    "irregular_dots_globules": 7.0395283699035645,
    "regression_structures": 7.034428596496582,
    "symmetric_uniform": 8.217405319213867,
    "reticular_network": 8.327960968017578,
    "arborizing_vessels": 7.949764728546143,
    "blue_grey_ovoid_nests": 7.842339038848877,
    "ulceration": 7.643383502960205,
    "scaly_surface": 8.219327926635742,
    "strawberry_pattern": 7.541969299316406,
    "milia_like_cysts": 7.706904888153076,
    "comedo_like_openings": 8.173558235168457,
    "cerebriform_surface": 8.953418731689453,
    "central_white_patch": 8.256091117858887,
    "red_lacunae": 8.007477760314941,
    "healthy_skin": 8.122382164001465
  },
  "just_eliminated": []
}