{
  "lambda": 0.030590228625390608,
  "n_active": 24,
  "val_balacc": 0.5747934072437119,
  "val_auc": 0.8492213533352323,
  "val_loss": 1.3928088992834091,
  "actual_epochs": 16,
  "norms": {
    "asymmetry": 7.944433689117432,
    "border_irregularity": 7.987320423126221,
    "colour_variation": 8.780680656433105,
    "diameter_large": 8.042401313781738,
    "atypical_pigment_network": 8.067707061767578,
    "blue_white_veil": 8.417311668395996,
    "atypical_vascular_pattern": 7.883697986602783,
    "irregular_streaks": 8.169706344604492,
    "irregular_pigmentation": 8.473823547363281,
    "irregular_dots_globules": 8.125004768371582,
    "regression_structures": 7.687041759490967,
    "symmetric_uniform": 8.017220497131348,
    "reticular_network": 8.729875564575195,
    "arborizing_vessels": 8.800982475280762,
    "blue_grey_ovoid_nests": 8.285138130187988,
    "ulceration": 7.979339122772217,
    "scaly_surface": 8.545963287353516,
    "strawberry_pattern": 8.022207260131836,
    "milia_like_cysts": 8.20844554901123,
    "comedo_like_openings": 8.65329647064209,
    "cerebriform_surface": 8.960824012756348,
    "central_white_patch": 8.77571964263916,
    "red_lacunae": 8.684239387512207,
    "healthy_skin": 8.324780464172363
  },
  "just_eliminated": []
}