{
  "lambda": 0.020113571874999993,
  "n_active": 24,
  "val_balacc": 0.5792583088785221,
  "val_auc": 0.8507162545475818,
  "val_loss": 1.356145240366459,
  "actual_epochs": 21,
  "norms": {
    "asymmetry": 8.17747688293457,
    "border_irregularity": 7.426259994506836,
    "colour_variation": 7.904191493988037,
    "diameter_large": 7.849379062652588,
    "atypical_pigment_network": 7.7268757820129395,
    "blue_white_veil": 8.020604133605957,
    "atypical_vascular_pattern": 7.5570502281188965,
    "irregular_streaks": 7.5280375480651855,
    "irregular_pigmentation": 7.572110176086426,
    "irregular_dots_globules": 7.376668453216553,
    "regression_structures": 7.780439853668213,
    "symmetric_uniform": 7.207117080688477,
    "reticular_network": 8.240286827087402,
    "arborizing_vessels": 7.75049352645874,
    "blue_grey_ovoid_nests": 8.040861129760742,
    "ulceration": 7.875888824462891,
    "scaly_surface": 7.8787031173706055,
    "strawberry_pattern": 7.31066370010376,
    "milia_like_cysts": 7.709110260009766,
    "comedo_like_openings": 8.257619857788086,
    "cerebriform_surface": 8.602517127990723,
    "central_white_patch": 8.182652473449707,
    "red_lacunae": 8.180837631225586,
    "healthy_skin": 7.909690856933594
  },
  "just_eliminated": []
}