{
  "lambda": 0.43535314839671757,
  "n_active": 24,
  "val_balacc": 0.5348027271444037,
  "val_auc": 0.8460999598120136,
  "val_loss": 1.507149152457714,
  "actual_epochs": 13,
  "norms": {
    "asymmetry": 9.341636657714844,
    "border_irregularity": 9.675375938415527,
    "colour_variation": 10.948006629943848,
    "diameter_large": 10.154376029968262,
    "atypical_pigment_network": 11.235771179199219,
    "blue_white_veil": 11.253800392150879,
    "atypical_vascular_pattern": 10.581631660461426,
    "irregular_streaks": 10.841498374938965,
    "irregular_pigmentation": 10.835284233093262,
    "irregular_dots_globules": 11.177314758300781,
    "regression_structures": 9.317065238952637,
    "symmetric_uniform": 10.265433311462402,
    "reticular_network": 10.770414352416992,
    "arborizing_vessels": 10.904973030090332,
    "blue_grey_ovoid_nests": 10.323934555053711,
    "ulceration": 11.156970977783203,
    "scaly_surface": 10.885348320007324,
    "strawberry_pattern": 10.589835166931152,
    "milia_like_cysts": 10.520417213439941,
    "comedo_like_openings": 11.073111534118652,
    "cerebriform_surface": 11.671114921569824,
    "central_white_patch": 10.352465629577637,
    "red_lacunae": 11.232474327087402,
    "healthy_skin": 11.212058067321777
  },
  "just_eliminated": []
}