{
  "lambda": 2.6786354623470254,
  "n_active": 23,
  "val_balacc": 0.5795579836964675,
  "val_auc": 0.8546452488355426,
  "val_loss": 1.2636312991380692,
  "actual_epochs": 50,
  "norms": {
    "asymmetry": 8.832328796386719,
    "border_irregularity": 5.406038761138916,
    "colour_variation": 7.536090850830078,
    "diameter_large": 7.758594512939453,
    "atypical_pigment_network": 10.146262168884277,
    "blue_white_veil": 8.270339012145996,
    "atypical_vascular_pattern": 7.067533493041992,
    "irregular_streaks": 7.801846981048584,
    "irregular_pigmentation": 7.994287967681885,
    "irregular_dots_globules": 5.918883800506592,
    "regression_structures": 0.0,
    "symmetric_uniform": 7.088291645050049,
    "reticular_network": 8.64973258972168,
    "arborizing_vessels": 7.622114181518555,
    "blue_grey_ovoid_nests": 6.748579025268555,
    "ulceration": 7.957730770111084,
    "scaly_surface": 8.066006660461426,
    "strawberry_pattern": 7.342072010040283,
    "milia_like_cysts": 7.412552356719971,
    "comedo_like_openings": 8.0090913772583,
    "cerebriform_surface": 7.224847793579102,
    "central_white_patch": 6.855436325073242,
    "red_lacunae": 7.671963214874268,
    "healthy_skin": 6.816833019256592
  },
  "just_eliminated": []
}