{
  "lambda": 0.017490062499999993,
  "n_active": 24,
  "val_balacc": 0.5661925029393895,
  "val_auc": 0.8516201090154335,
  "val_loss": 1.3435976952314377,
  "actual_epochs": 19,
  "norms": {
    "asymmetry": 7.952675819396973,
    "border_irregularity": 7.300975799560547,
    "colour_variation": 7.705323696136475,
    "diameter_large": 7.644076824188232,
    "atypical_pigment_network": 7.530062675476074,
    "blue_white_veil": 7.7626872062683105,
    "atypical_vascular_pattern": 7.383482933044434,
    "irregular_streaks": 7.365001201629639,
    "irregular_pigmentation": 7.362887382507324,
    "irregular_dots_globules": 7.309324741363525,
    "regression_structures": 7.676321983337402,
    "symmetric_uniform": 7.046645641326904,
    "reticular_network": 7.961487770080566,
    "arborizing_vessels": 7.524027347564697,
    "blue_grey_ovoid_nests": 7.879223346710205,
    "ulceration": 7.744359970092773,
    "scaly_surface": 7.6266655921936035,
    "strawberry_pattern": 7.1926093101501465,
    "milia_like_cysts": 7.5998854637146,
    "comedo_like_openings": 8.054695129394531,
    "cerebriform_surface": 8.293054580688477,
    "central_white_patch": 7.91330623626709,
    "red_lacunae": 8.025972366333008,
    "healthy_skin": 7.666720867156982
  },
  "just_eliminated": []
}