{
  "lambda": 0.08137061629162322,
  "n_active": 24,
  "val_balacc": 0.5463152685127016,
  "val_auc": 0.849243182825372,
  "val_loss": 1.4733085483312607,
  "actual_epochs": 23,
  "norms": {
    "asymmetry": 8.739763259887695,
    "border_irregularity": 9.023221015930176,
    "colour_variation": 10.05839729309082,
    "diameter_large": 9.487704277038574,
    "atypical_pigment_network": 9.778064727783203,
    "blue_white_veil": 9.946757316589355,
    "atypical_vascular_pattern": 9.46300983428955,
    "irregular_streaks": 9.51906681060791,
    "irregular_pigmentation": 9.690030097961426,
    "irregular_dots_globules": 9.6575927734375,
    "regression_structures": 8.657183647155762,
    "symmetric_uniform": 9.230047225952148,
    "reticular_network": 10.044929504394531,
    "arborizing_vessels": 10.04844856262207,
    "blue_grey_ovoid_nests": 9.451171875,
    "ulceration": 9.642524719238281,
    "scaly_surface": 9.821653366088867,
    "strawberry_pattern": 9.36752986907959,
    "milia_like_cysts": 9.561511993408203,
    "comedo_like_openings": 10.114550590515137,
    "cerebriform_surface": 10.425470352172852,
    "central_white_patch": 9.746493339538574,
    "red_lacunae": 10.13857650756836,
    "healthy_skin": 9.822676658630371
  },
  "just_eliminated": []
}