{
  "lambda": 4.073869708797031,
  "n_active": 23,
  "val_balacc": 0.5750189087916742,
  "val_auc": 0.8514247767029712,
  "val_loss": 1.271972544491291,
  "actual_epochs": 31,
  "norms": {
    "asymmetry": 5.3199567794799805,
    "border_irregularity": 0.3106248378753662,
    "colour_variation": 5.572159290313721,
    "diameter_large": 6.115849018096924,
    "atypical_pigment_network": 6.667186260223389,
    "blue_white_veil": 8.376742362976074,
    "atypical_vascular_pattern": 3.3691840171813965,
    "irregular_streaks": 4.090489864349365,
    "irregular_pigmentation": 4.141831398010254,
    "irregular_dots_globules": 0.0,
    "regression_structures": 3.3496367931365967,
    "symmetric_uniform": 2.356792449951172,
    "reticular_network": 6.130136966705322,
    "arborizing_vessels": 3.6721928119659424,
    "blue_grey_ovoid_nests": 5.175654888153076,
    "ulceration": 4.781692981719971,
    "scaly_surface": 6.809993743896484,
    "strawberry_pattern": 4.891936779022217,
    "milia_like_cysts": 3.7499117851257324,
    "comedo_like_openings": 4.779708385467529,
    "cerebriform_surface": 5.903502941131592,
    "central_white_patch": 5.415403366088867,
    "red_lacunae": 4.947900295257568,
    "healthy_skin": 5.038517475128174
  },
  "just_eliminated": []
}