{
  "lambda": 3.5424953989539403,
  "n_active": 24,
  "val_balacc": 0.5758903219161345,
  "val_auc": 0.8542001692942321,
  "val_loss": 1.25914316624403,
  "actual_epochs": 12,
  "norms": {
    "asymmetry": 6.235750675201416,
    "border_irregularity": 3.7711148262023926,
    "colour_variation": 6.170803070068359,
    "diameter_large": 5.548338413238525,
    "atypical_pigment_network": 6.7578864097595215,
    "blue_white_veil": 7.871590614318848,
    "atypical_vascular_pattern": 5.435629367828369,
    "irregular_streaks": 5.564332485198975,
    "irregular_pigmentation": 5.573901653289795,
    "irregular_dots_globules": 3.778080940246582,
    "regression_structures": 5.128200531005859,
    "symmetric_uniform": 3.9437687397003174,
    "reticular_network": 8.783167839050293,
    "arborizing_vessels": 5.39552640914917,
    "blue_grey_ovoid_nests": 5.244863033294678,
    "ulceration": 6.032154560089111,
    "scaly_surface": 6.506457805633545,
    "strawberry_pattern": 6.268739223480225,
    "milia_like_cysts": 4.719820022583008,
    "comedo_like_openings": 6.988836288452148,
    "cerebriform_surface": 6.783466339111328,
    "central_white_patch": 6.504458427429199,
    "red_lacunae": 6.012956142425537,
    "healthy_skin": 6.066180229187012
  },
  "just_eliminated": []
}