{
  "lambda": 0.28625176191121404,
  "n_active": 24,
  "val_balacc": 0.5385874187040628,
  "val_auc": 0.8463609968356283,
  "val_loss": 1.5238516256213188,
  "actual_epochs": 12,
  "norms": {
    "asymmetry": 9.248250961303711,
    "border_irregularity": 9.661661148071289,
    "colour_variation": 10.853569984436035,
    "diameter_large": 10.1199312210083,
    "atypical_pigment_network": 10.987128257751465,
    "blue_white_veil": 11.104520797729492,
    "atypical_vascular_pattern": 10.434755325317383,
    "irregular_streaks": 10.59915828704834,
    "irregular_pigmentation": 10.654202461242676,
    "irregular_dots_globules": 10.922249794006348,
    "regression_structures": 9.265913009643555,
    "symmetric_uniform": 10.088456153869629,
    "reticular_network": 10.666596412658691,
    "arborizing_vessels": 10.756122589111328,
    "blue_grey_ovoid_nests": 10.214146614074707,
    "ulceration": 10.990943908691406,
    "scaly_surface": 10.787330627441406,
    "strawberry_pattern": 10.404975891113281,
    "milia_like_cysts": 10.424750328063965,
    "comedo_like_openings": 10.880979537963867,
    "cerebriform_surface": 11.487201690673828,
    "central_white_patch": 10.288297653198242,
    "red_lacunae": 11.121065139770508,
    "healthy_skin": 10.964951515197754
  },
  "just_eliminated": []
}