{
  "lambda": 0.017490062499999993,
  "n_active": 24,
  "val_balacc": 0.581446750473442,
  "val_auc": 0.8565848043047938,
  "val_loss": 1.3015628978610039,
  "actual_epochs": 15,
  "norms": {
    "asymmetry": 7.721327781677246,
    "border_irregularity": 7.165582180023193,
    "colour_variation": 8.2036771774292,
    "diameter_large": 7.868415832519531,
    "atypical_pigment_network": 8.198578834533691,
    "blue_white_veil": 7.798314094543457,
    "atypical_vascular_pattern": 7.228174209594727,
    "irregular_streaks": 7.014369487762451,
    "irregular_pigmentation": 7.653217315673828,
    "irregular_dots_globules": 6.919536113739014,
    "regression_structures": 6.722359657287598,
    "symmetric_uniform": 7.896152973175049,
    "reticular_network": 8.011309623718262,
    "arborizing_vessels": 7.552852630615234,
    "blue_grey_ovoid_nests": 7.388671398162842,
    "ulceration": 7.42736291885376,
    "scaly_surface": 7.8328328132629395,
    "strawberry_pattern": 7.377861499786377,
    "milia_like_cysts": 7.286470413208008,
    "comedo_like_openings": 7.73436164855957,
    "cerebriform_surface": 8.485600471496582,
    "central_white_patch": 7.9104437828063965,
    "red_lacunae": 7.680112838745117,
    "healthy_skin": 7.8875412940979
  },
  "just_eliminated": []
}