{
  "lambda": 0.1636653739294609,
  "n_active": 24,
  "val_balacc": 0.5394109846212947,
  "val_auc": 0.8494460830868967,
  "val_loss": 1.4958681762218475,
  "actual_epochs": 13,
  "norms": {
    "asymmetry": 9.017178535461426,
    "border_irregularity": 9.506444931030273,
    "colour_variation": 10.5345458984375,
    "diameter_large": 9.938446998596191,
    "atypical_pigment_network": 10.483919143676758,
    "blue_white_veil": 10.654743194580078,
    "atypical_vascular_pattern": 10.135394096374512,
    "irregular_streaks": 10.160460472106934,
    "irregular_pigmentation": 10.29623031616211,
    "irregular_dots_globules": 10.430480003356934,
    "regression_structures": 9.028984069824219,
    "symmetric_uniform": 9.761340141296387,
    "reticular_network": 10.450393676757812,
    "arborizing_vessels": 10.449798583984375,
    "blue_grey_ovoid_nests": 9.91633415222168,
    "ulceration": 10.400073051452637,
    "scaly_surface": 10.39085578918457,
    "strawberry_pattern": 10.021964073181152,
    "milia_like_cysts": 10.099111557006836,
    "comedo_like_openings": 10.559276580810547,
    "cerebriform_surface": 11.060338973999023,
    "central_white_patch": 10.079623222351074,
    "red_lacunae": 10.714388847351074,
    "healthy_skin": 10.464982986450195
  },
  "just_eliminated": []
}