{
  "lambda": 0.7614353775030362,
  "n_active": 24,
  "val_balacc": 0.5404549691395185,
  "val_auc": 0.8485642479971816,
  "val_loss": 1.4490893632173538,
  "actual_epochs": 14,
  "norms": {
    "asymmetry": 8.441023826599121,
    "border_irregularity": 8.552545547485352,
    "colour_variation": 10.647168159484863,
    "diameter_large": 10.344944953918457,
    "atypical_pigment_network": 10.631793975830078,
    "blue_white_veil": 11.644315719604492,
    "atypical_vascular_pattern": 9.707090377807617,
    "irregular_streaks": 10.141653060913086,
    "irregular_pigmentation": 10.620628356933594,
    "irregular_dots_globules": 8.116555213928223,
    "regression_structures": 9.499003410339355,
    "symmetric_uniform": 9.432914733886719,
    "reticular_network": 11.050827980041504,
    "arborizing_vessels": 10.195703506469727,
    "blue_grey_ovoid_nests": 10.08269214630127,
    "ulceration": 10.629467010498047,
    "scaly_surface": 10.894569396972656,
    "strawberry_pattern": 9.211798667907715,
    "milia_like_cysts": 10.481157302856445,
    "comedo_like_openings": 10.465956687927246,
    "cerebriform_surface": 11.104479789733887,
    "central_white_patch": 9.289238929748535,
    "red_lacunae": 10.062067985534668,
    "healthy_skin": 9.823147773742676
  },
  "just_eliminated": []
}