{
  "lambda": 0.8756506841284916,
  "n_active": 24,
  "val_balacc": 0.5429396269008006,
  "val_auc": 0.8497797247415109,
  "val_loss": 1.4031931310892105,
  "actual_epochs": 35,
  "norms": {
    "asymmetry": 10.148674964904785,
    "border_irregularity": 8.869243621826172,
    "colour_variation": 10.313767433166504,
    "diameter_large": 9.020873069763184,
    "atypical_pigment_network": 10.861302375793457,
    "blue_white_veil": 12.065444946289062,
    "atypical_vascular_pattern": 10.160602569580078,
    "irregular_streaks": 9.90299129486084,
    "irregular_pigmentation": 10.12386417388916,
    "irregular_dots_globules": 8.168563842773438,
    "regression_structures": 9.77675724029541,
    "symmetric_uniform": 8.97284984588623,
    "reticular_network": 12.735616683959961,
    "arborizing_vessels": 9.588861465454102,
    "blue_grey_ovoid_nests": 8.950512886047363,
    "ulceration": 10.110357284545898,
    "scaly_surface": 10.73718547821045,
    "strawberry_pattern": 10.301219940185547,
    "milia_like_cysts": 9.35611629486084,
    "comedo_like_openings": 10.55274772644043,
    "cerebriform_surface": 10.98434829711914,
    "central_white_patch": 9.943442344665527,
    "red_lacunae": 9.799878120422363,
    "healthy_skin": 10.306884765625
  },
  "just_eliminated": []
}