{
  "lambda": 0.020113571874999993,
  "n_active": 24,
  "val_balacc": 0.5705146536626186,
  "val_auc": 0.8491630711139708,
  "val_loss": 1.3243952095508575,
  "actual_epochs": 21,
  "norms": {
    "asymmetry": 8.267867088317871,
    "border_irregularity": 7.492370128631592,
    "colour_variation": 7.9133830070495605,
    "diameter_large": 8.367000579833984,
    "atypical_pigment_network": 8.531501770019531,
    "blue_white_veil": 8.231207847595215,
    "atypical_vascular_pattern": 7.925713062286377,
    "irregular_streaks": 7.728704452514648,
    "irregular_pigmentation": 7.324501991271973,
    "irregular_dots_globules": 7.690286636352539,
    "regression_structures": 5.737890720367432,
    "symmetric_uniform": 7.897202014923096,
    "reticular_network": 8.543055534362793,
    "arborizing_vessels": 8.307086944580078,
    "blue_grey_ovoid_nests": 7.801300525665283,
    "ulceration": 7.570774555206299,
    "scaly_surface": 8.49892807006836,
    "strawberry_pattern": 7.8878302574157715,
    "milia_like_cysts": 7.720942974090576,
    "comedo_like_openings": 7.675014495849609,
    "cerebriform_surface": 8.248332977294922,
    "central_white_patch": 7.901504993438721,
    "red_lacunae": 8.418497085571289,
    "healthy_skin": 7.705943584442139
  },
  "just_eliminated": []
}