{
  "lambda": 0.6621177195678577,
  "n_active": 24,
  "val_balacc": 0.5417206800902397,
  "val_auc": 0.849436623501412,
  "val_loss": 1.4576063752174377,
  "actual_epochs": 21,
  "norms": {
    "asymmetry": 11.760782241821289,
    "border_irregularity": 9.652673721313477,
    "colour_variation": 11.082230567932129,
    "diameter_large": 10.795689582824707,
    "atypical_pigment_network": 13.579684257507324,
    "blue_white_veil": 11.978528022766113,
    "atypical_vascular_pattern": 10.817822456359863,
    "irregular_streaks": 11.086864471435547,
    "irregular_pigmentation": 11.115793228149414,
    "irregular_dots_globules": 9.880756378173828,
    "regression_structures": 1.128861427307129,
    "symmetric_uniform": 10.5227689743042,
    "reticular_network": 11.914996147155762,
    "arborizing_vessels": 11.102922439575195,
    "blue_grey_ovoid_nests": 9.786474227905273,
    "ulceration": 11.138312339782715,
    "scaly_surface": 11.751227378845215,
    "strawberry_pattern": 10.69691276550293,
    "milia_like_cysts": 11.076573371887207,
    "comedo_like_openings": 11.392645835876465,
    "cerebriform_surface": 10.605618476867676,
    "central_white_patch": 9.754408836364746,
    "red_lacunae": 11.080424308776855,
    "healthy_skin": 10.622109413146973
  },
  "just_eliminated": []
}