{
  "lambda": 4.073869708797031,
  "n_active": 24,
  "val_balacc": 0.5803226420740042,
  "val_auc": 0.8535254502701827,
  "val_loss": 1.2544992938637733,
  "actual_epochs": 13,
  "norms": {
    "asymmetry": 3.477548599243164,
    "border_irregularity": 0.8426995873451233,
    "colour_variation": 5.5196452140808105,
    "diameter_large": 5.93012809753418,
    "atypical_pigment_network": 5.471536636352539,
    "blue_white_veil": 6.251057147979736,
    "atypical_vascular_pattern": 4.128934383392334,
    "irregular_streaks": 5.308950901031494,
    "irregular_pigmentation": 5.610778331756592,
    "irregular_dots_globules": 2.92535400390625,
    "regression_structures": 4.112100124359131,
    "symmetric_uniform": 3.480541944503784,
    "reticular_network": 6.3776164054870605,
    "arborizing_vessels": 4.7217888832092285,
    "blue_grey_ovoid_nests": 5.192420959472656,
    "ulceration": 5.5179219245910645,
    "scaly_surface": 5.6523332595825195,
    "strawberry_pattern": 4.0837178230285645,
    "milia_like_cysts": 4.881674289703369,
    "comedo_like_openings": 5.575716972351074,
    "cerebriform_surface": 5.694887161254883,
    "central_white_patch": 5.108128547668457,
    "red_lacunae": 5.490185737609863,
    "healthy_skin": 4.1170654296875
  },
  "just_eliminated": []
}