{
  "lambda": 1.5315185193575074,
  "n_active": 24,
  "val_balacc": 0.5624901648392833,
  "val_auc": 0.8506564418448138,
  "val_loss": 1.4164253622293472,
  "actual_epochs": 23,
  "norms": {
    "asymmetry": 8.210509300231934,
    "border_irregularity": 8.14492130279541,
    "colour_variation": 9.828909873962402,
    "diameter_large": 8.796951293945312,
    "atypical_pigment_network": 10.356118202209473,
    "blue_white_veil": 10.335258483886719,
    "atypical_vascular_pattern": 9.28144359588623,
    "irregular_streaks": 10.549712181091309,
    "irregular_pigmentation": 9.982008934020996,
    "irregular_dots_globules": 9.994464874267578,
    "regression_structures": 7.886814594268799,
    "symmetric_uniform": 9.481276512145996,
    "reticular_network": 9.64034652709961,
    "arborizing_vessels": 9.773211479187012,
    "blue_grey_ovoid_nests": 9.153084754943848,
    "ulceration": 10.342591285705566,
    "scaly_surface": 9.812950134277344,
    "strawberry_pattern": 9.82402229309082,
    "milia_like_cysts": 9.053262710571289,
    "comedo_like_openings": 10.330580711364746,
    "cerebriform_surface": 10.618389129638672,
    "central_white_patch": 9.264276504516602,
    "red_lacunae": 10.069931983947754,
    "healthy_skin": 10.475719451904297
  },
  "just_eliminated": []
}