{
  "lambda": 0.8756506841284916,
  "n_active": 24,
  "val_balacc": 0.5254897714928801,
  "val_auc": 0.850398307186562,
  "val_loss": 1.4639690443873405,
  "actual_epochs": 27,
  "norms": {
    "asymmetry": 10.530494689941406,
    "border_irregularity": 8.562984466552734,
    "colour_variation": 11.027569770812988,
    "diameter_large": 10.399931907653809,
    "atypical_pigment_network": 11.580977439880371,
    "blue_white_veil": 13.07351303100586,
    "atypical_vascular_pattern": 10.042509078979492,
    "irregular_streaks": 9.473773002624512,
    "irregular_pigmentation": 9.560809135437012,
    "irregular_dots_globules": 6.704292297363281,
    "regression_structures": 9.961295127868652,
    "symmetric_uniform": 9.05369758605957,
    "reticular_network": 11.120634078979492,
    "arborizing_vessels": 9.188882827758789,
    "blue_grey_ovoid_nests": 9.893559455871582,
    "ulceration": 10.673921585083008,
    "scaly_surface": 12.017891883850098,
    "strawberry_pattern": 10.30948543548584,
    "milia_like_cysts": 9.5997953414917,
    "comedo_like_openings": 10.646546363830566,
    "cerebriform_surface": 10.863892555236816,
    "central_white_patch": 9.695491790771484,
    "red_lacunae": 9.438493728637695,
    "healthy_skin": 10.916027069091797
  },
  "just_eliminated": []
}