{
  "lambda": 0.05350250105473706,
  "n_active": 24,
  "val_balacc": 0.5669180017869618,
  "val_auc": 0.8486454984425092,
  "val_loss": 1.384055234491825,
  "actual_epochs": 17,
  "norms": {
    "asymmetry": 9.562828063964844,
    "border_irregularity": 8.484912872314453,
    "colour_variation": 9.47836971282959,
    "diameter_large": 9.643495559692383,
    "atypical_pigment_network": 10.321272850036621,
    "blue_white_veil": 9.994108200073242,
    "atypical_vascular_pattern": 9.269115447998047,
    "irregular_streaks": 8.796541213989258,
    "irregular_pigmentation": 8.817802429199219,
    "irregular_dots_globules": 8.661755561828613,
    "regression_structures": 4.827897071838379,
    "symmetric_uniform": 8.877687454223633,
    "reticular_network": 9.667293548583984,
    "arborizing_vessels": 9.553383827209473,
    "blue_grey_ovoid_nests": 8.846412658691406,
    "ulceration": 9.119697570800781,
    "scaly_surface": 9.83602237701416,
    "strawberry_pattern": 9.086068153381348,
    "milia_like_cysts": 9.419076919555664,
    "comedo_like_openings": 9.169472694396973,
    "cerebriform_surface": 9.490144729614258,
    "central_white_patch": 8.935934066772461,
    "red_lacunae": 9.616473197937012,
    "healthy_skin": 9.076549530029297
  },
  "just_eliminated": []
}