{
  "lambda": 0.015208749999999998,
  "n_active": 24,
  "val_balacc": 0.5824654061459543,
  "val_auc": 0.8535849379712286,
  "val_loss": 1.3067671582102776,
  "actual_epochs": 22,
  "norms": {
    "asymmetry": 7.690389156341553,
    "border_irregularity": 7.123247146606445,
    "colour_variation": 8.004263877868652,
    "diameter_large": 7.701011657714844,
    "atypical_pigment_network": 8.06905460357666,
    "blue_white_veil": 7.671658039093018,
    "atypical_vascular_pattern": 7.128852367401123,
    "irregular_streaks": 6.813832759857178,
    "irregular_pigmentation": 7.5992913246154785,
    "irregular_dots_globules": 6.865077495574951,
    "regression_structures": 6.6715192794799805,
    "symmetric_uniform": 7.781700611114502,
    "reticular_network": 7.869143009185791,
    "arborizing_vessels": 7.395163536071777,
    "blue_grey_ovoid_nests": 7.258768081665039,
    "ulceration": 7.397883415222168,
    "scaly_surface": 7.692502498626709,
    "strawberry_pattern": 7.316508769989014,
    "milia_like_cysts": 7.099288463592529,
    "comedo_like_openings": 7.5621538162231445,
    "cerebriform_surface": 8.335063934326172,
    "central_white_patch": 7.803624153137207,
    "red_lacunae": 7.541574001312256,
    "healthy_skin": 7.813531398773193
  },
  "just_eliminated": []
}