{
  "lambda": 0.32918952619789615,
  "n_active": 24,
  "val_balacc": 0.5462156471873574,
  "val_auc": 0.8494282177423662,
  "val_loss": 1.5127433463931084,
  "actual_epochs": 23,
  "norms": {
    "asymmetry": 9.272171974182129,
    "border_irregularity": 9.682950019836426,
    "colour_variation": 10.910176277160645,
    "diameter_large": 10.204127311706543,
    "atypical_pigment_network": 11.122014999389648,
    "blue_white_veil": 11.189605712890625,
    "atypical_vascular_pattern": 10.480439186096191,
    "irregular_streaks": 10.695826530456543,
    "irregular_pigmentation": 10.713842391967773,
    "irregular_dots_globules": 11.017435073852539,
    "regression_structures": 9.311864852905273,
    "symmetric_uniform": 10.143073081970215,
    "reticular_network": 10.715181350708008,
    "arborizing_vessels": 10.836604118347168,
    "blue_grey_ovoid_nests": 10.267030715942383,
    "ulceration": 11.082948684692383,
    "scaly_surface": 10.817803382873535,
    "strawberry_pattern": 10.488594055175781,
    "milia_like_cysts": 10.448736190795898,
    "comedo_like_openings": 10.970786094665527,
    "cerebriform_surface": 11.57505989074707,
    "central_white_patch": 10.30950927734375,
    "red_lacunae": 11.178813934326172,
    "healthy_skin": 11.055959701538086
  },
  "just_eliminated": []
}