{
  "lambda": 0.02660019880468749,
  "n_active": 24,
  "val_balacc": 0.5695453800593174,
  "val_auc": 0.8491793522654315,
  "val_loss": 1.373883880674839,
  "actual_epochs": 32,
  "norms": {
    "asymmetry": 7.89017915725708,
    "border_irregularity": 7.895597457885742,
    "colour_variation": 8.614471435546875,
    "diameter_large": 7.819485664367676,
    "atypical_pigment_network": 7.886550426483154,
    "blue_white_veil": 8.22075080871582,
    "atypical_vascular_pattern": 7.752663612365723,
    "irregular_streaks": 7.9833197593688965,
    "irregular_pigmentation": 8.385733604431152,
    "irregular_dots_globules": 8.022178649902344,
    "regression_structures": 7.564301013946533,
    "symmetric_uniform": 7.889459609985352,
    "reticular_network": 8.584307670593262,
    "arborizing_vessels": 8.637805938720703,
    "blue_grey_ovoid_nests": 8.163999557495117,
    "ulceration": 7.826422214508057,
    "scaly_surface": 8.40442943572998,
    "strawberry_pattern": 7.841431617736816,
    "milia_like_cysts": 8.040345191955566,
    "comedo_like_openings": 8.382203102111816,
    "cerebriform_surface": 8.705818176269531,
    "central_white_patch": 8.669976234436035,
    "red_lacunae": 8.485336303710938,
    "healthy_skin": 8.176895141601562
  },
  "just_eliminated": []
}