{
  "lambda": 0.21644745702171198,
  "n_active": 24,
  "val_balacc": 0.5401762140733087,
  "val_auc": 0.8500030542700034,
  "val_loss": 1.466946855187416,
  "actual_epochs": 13,
  "norms": {
    "asymmetry": 10.176873207092285,
    "border_irregularity": 8.76905345916748,
    "colour_variation": 10.398114204406738,
    "diameter_large": 9.351167678833008,
    "atypical_pigment_network": 10.430564880371094,
    "blue_white_veil": 11.471487045288086,
    "atypical_vascular_pattern": 9.96957015991211,
    "irregular_streaks": 9.804868698120117,
    "irregular_pigmentation": 9.976616859436035,
    "irregular_dots_globules": 8.449262619018555,
    "regression_structures": 9.852933883666992,
    "symmetric_uniform": 8.882425308227539,
    "reticular_network": 11.794198989868164,
    "arborizing_vessels": 9.794529914855957,
    "blue_grey_ovoid_nests": 9.296541213989258,
    "ulceration": 9.88806438446045,
    "scaly_surface": 10.531096458435059,
    "strawberry_pattern": 9.820448875427246,
    "milia_like_cysts": 9.496808052062988,
    "comedo_like_openings": 10.719916343688965,
    "cerebriform_surface": 10.885601043701172,
    "central_white_patch": 10.30097770690918,
    "red_lacunae": 9.97553825378418,
    "healthy_skin": 10.266183853149414
  },
  "just_eliminated": []
}