{
  "lambda": 3.0804307816990786,
  "n_active": 24,
  "val_balacc": 0.5781218184515822,
  "val_auc": 0.8540922158219434,
  "val_loss": 1.2953610718250275,
  "actual_epochs": 15,
  "norms": {
    "asymmetry": 7.378476142883301,
    "border_irregularity": 4.314813613891602,
    "colour_variation": 7.717401027679443,
    "diameter_large": 7.8196492195129395,
    "atypical_pigment_network": 8.577590942382812,
    "blue_white_veil": 10.927935600280762,
    "atypical_vascular_pattern": 6.520910739898682,
    "irregular_streaks": 6.288795471191406,
    "irregular_pigmentation": 6.262950897216797,
    "irregular_dots_globules": 1.4305299520492554,
    "regression_structures": 6.343051910400391,
    "symmetric_uniform": 5.361102104187012,
    "reticular_network": 8.192497253417969,
    "arborizing_vessels": 5.757094383239746,
    "blue_grey_ovoid_nests": 6.9253740310668945,
    "ulceration": 7.20534610748291,
    "scaly_surface": 9.0169677734375,
    "strawberry_pattern": 7.1194610595703125,
    "milia_like_cysts": 6.1342668533325195,
    "comedo_like_openings": 6.983667850494385,
    "cerebriform_surface": 7.983710289001465,
    "central_white_patch": 6.907550811767578,
    "red_lacunae": 6.521104335784912,
    "healthy_skin": 7.457908630371094
  },
  "just_eliminated": []
}