{
  "lambda": 0.1636653739294609,
  "n_active": 24,
  "val_balacc": 0.5335226552859897,
  "val_auc": 0.8471383045593411,
  "val_loss": 1.4363411962985992,
  "actual_epochs": 22,
  "norms": {
    "asymmetry": 8.761300086975098,
    "border_irregularity": 8.706986427307129,
    "colour_variation": 10.548629760742188,
    "diameter_large": 10.362086296081543,
    "atypical_pigment_network": 10.401917457580566,
    "blue_white_veil": 10.726609230041504,
    "atypical_vascular_pattern": 9.476083755493164,
    "irregular_streaks": 9.754999160766602,
    "irregular_pigmentation": 10.000751495361328,
    "irregular_dots_globules": 8.054110527038574,
    "regression_structures": 9.190481185913086,
    "symmetric_uniform": 9.422517776489258,
    "reticular_network": 10.352603912353516,
    "arborizing_vessels": 9.83360767364502,
    "blue_grey_ovoid_nests": 9.641687393188477,
    "ulceration": 9.757362365722656,
    "scaly_surface": 10.360794067382812,
    "strawberry_pattern": 8.969206809997559,
    "milia_like_cysts": 9.706247329711914,
    "comedo_like_openings": 10.152152061462402,
    "cerebriform_surface": 10.991405487060547,
    "central_white_patch": 9.48678207397461,
    "red_lacunae": 9.852724075317383,
    "healthy_skin": 9.709315299987793
  },
  "just_eliminated": []
}