{
  "lambda": 0.01,
  "n_active": 24,
  "val_balacc": 0.5824631874494993,
  "val_auc": 0.8530422177855939,
  "val_loss": 1.3132410943508148,
  "actual_epochs": 33,
  "norms": {
    "asymmetry": 7.6737799644470215,
    "border_irregularity": 7.1853346824646,
    "colour_variation": 7.584710121154785,
    "diameter_large": 7.39177131652832,
    "atypical_pigment_network": 7.722074031829834,
    "blue_white_veil": 7.544258117675781,
    "atypical_vascular_pattern": 7.042757034301758,
    "irregular_streaks": 6.641564846038818,
    "irregular_pigmentation": 7.466449737548828,
    "irregular_dots_globules": 6.941023349761963,
    "regression_structures": 6.71250057220459,
    "symmetric_uniform": 7.552236557006836,
    "reticular_network": 7.488423824310303,
    "arborizing_vessels": 7.139697074890137,
    "blue_grey_ovoid_nests": 7.038873195648193,
    "ulceration": 7.316797733306885,
    "scaly_surface": 7.385096073150635,
    "strawberry_pattern": 7.279326438903809,
    "milia_like_cysts": 6.739469528198242,
    "comedo_like_openings": 7.3543219566345215,
    "cerebriform_surface": 7.838188171386719,
    "central_white_patch": 7.512882232666016,
    "red_lacunae": 7.366420269012451,
    "healthy_skin": 7.64482307434082
  },
  "just_eliminated": []
}