{
  "lambda": 5.387692689884073,
  "n_active": 24,
  "val_balacc": 0.5805814087310264,
  "val_auc": 0.8509738057258187,
  "val_loss": 1.274523764848709,
  "actual_epochs": 12,
  "norms": {
    "asymmetry": 4.7511162757873535,
    "border_irregularity": 1.297014832496643,
    "colour_variation": 4.793951988220215,
    "diameter_large": 4.477090835571289,
    "atypical_pigment_network": 4.601010799407959,
    "blue_white_veil": 5.690939426422119,
    "atypical_vascular_pattern": 3.326909303665161,
    "irregular_streaks": 3.539459228515625,
    "irregular_pigmentation": 3.903883218765259,
    "irregular_dots_globules": 2.5252890586853027,
    "regression_structures": 2.157550096511841,
    "symmetric_uniform": 1.2498281002044678,
    "reticular_network": 6.701581954956055,
    "arborizing_vessels": 3.731285810470581,
    "blue_grey_ovoid_nests": 3.9552183151245117,
    "ulceration": 4.444530963897705,
    "scaly_surface": 5.035775661468506,
    "strawberry_pattern": 4.290220260620117,
    "milia_like_cysts": 2.0880491733551025,
    "comedo_like_openings": 5.376834392547607,
    "cerebriform_surface": 4.891149520874023,
    "central_white_patch": 5.224371910095215,
    "red_lacunae": 4.681668281555176,
    "healthy_skin": 4.134080410003662
  },
  "just_eliminated": []
}