{
  "lambda": 0.24891457557496874,
  "n_active": 24,
  "val_balacc": 0.552461060729434,
  "val_auc": 0.8487106628093423,
  "val_loss": 1.4499714821577072,
  "actual_epochs": 12,
  "norms": {
    "asymmetry": 10.180195808410645,
    "border_irregularity": 8.845520973205566,
    "colour_variation": 10.44151496887207,
    "diameter_large": 9.374943733215332,
    "atypical_pigment_network": 10.476778984069824,
    "blue_white_veil": 11.576810836791992,
    "atypical_vascular_pattern": 10.018624305725098,
    "irregular_streaks": 9.852136611938477,
    "irregular_pigmentation": 10.016178131103516,
    "irregular_dots_globules": 8.485074996948242,
    "regression_structures": 9.920271873474121,
    "symmetric_uniform": 8.955404281616211,
    "reticular_network": 11.892975807189941,
    "arborizing_vessels": 9.83966064453125,
    "blue_grey_ovoid_nests": 9.329697608947754,
    "ulceration": 9.957355499267578,
    "scaly_surface": 10.622159004211426,
    "strawberry_pattern": 9.920454978942871,
    "milia_like_cysts": 9.525757789611816,
    "comedo_like_openings": 10.732138633728027,
    "cerebriform_surface": 10.931440353393555,
    "central_white_patch": 10.309074401855469,
    "red_lacunae": 10.04797077178955,
    "healthy_skin": 10.311622619628906
  },
  "just_eliminated": []
}