{
  "lambda": 0.023130607656249993,
  "n_active": 24,
  "val_balacc": 0.5721761036907443,
  "val_auc": 0.8532941881587317,
  "val_loss": 1.3486096486449242,
  "actual_epochs": 12,
  "norms": {
    "asymmetry": 7.736933708190918,
    "border_irregularity": 7.745871067047119,
    "colour_variation": 8.373879432678223,
    "diameter_large": 7.547922134399414,
    "atypical_pigment_network": 7.606051445007324,
    "blue_white_veil": 7.995053291320801,
    "atypical_vascular_pattern": 7.5550665855407715,
    "irregular_streaks": 7.695709705352783,
    "irregular_pigmentation": 8.185721397399902,
    "irregular_dots_globules": 7.83983850479126,
    "regression_structures": 7.413422584533691,
    "symmetric_uniform": 7.723714828491211,
    "reticular_network": 8.262198448181152,
    "arborizing_vessels": 8.346898078918457,
    "blue_grey_ovoid_nests": 7.942568302154541,
    "ulceration": 7.59940767288208,
    "scaly_surface": 8.169574737548828,
    "strawberry_pattern": 7.602950572967529,
    "milia_like_cysts": 7.747992038726807,
    "comedo_like_openings": 8.01595687866211,
    "cerebriform_surface": 8.280665397644043,
    "central_white_patch": 8.50847053527832,
    "red_lacunae": 8.193856239318848,
    "healthy_skin": 7.933324337005615
  },
  "just_eliminated": []
}