{
  "lambda": 0.5006561206562252,
  "n_active": 24,
  "val_balacc": 0.5422914315796461,
  "val_auc": 0.8459153093746559,
  "val_loss": 1.5254182070493698,
  "actual_epochs": 21,
  "norms": {
    "asymmetry": 9.32162094116211,
    "border_irregularity": 9.657657623291016,
    "colour_variation": 10.935702323913574,
    "diameter_large": 10.103063583374023,
    "atypical_pigment_network": 11.23638916015625,
    "blue_white_veil": 11.291031837463379,
    "atypical_vascular_pattern": 10.590415954589844,
    "irregular_streaks": 10.901784896850586,
    "irregular_pigmentation": 10.850235939025879,
    "irregular_dots_globules": 11.219979286193848,
    "regression_structures": 9.292343139648438,
    "symmetric_uniform": 10.329818725585938,
    "reticular_network": 10.759739875793457,
    "arborizing_vessels": 10.87679672241211,
    "blue_grey_ovoid_nests": 10.337639808654785,
    "ulceration": 11.168937683105469,
    "scaly_surface": 10.909794807434082,
    "strawberry_pattern": 10.584919929504395,
    "milia_like_cysts": 10.454827308654785,
    "comedo_like_openings": 11.064192771911621,
    "cerebriform_surface": 11.665242195129395,
    "central_white_patch": 10.313982963562012,
    "red_lacunae": 11.23089599609375,
    "healthy_skin": 11.29180908203125
  },
  "just_eliminated": []
}