{
  "lambda": 0.015208749999999998,
  "n_active": 24,
  "val_balacc": 0.5701546137682524,
  "val_auc": 0.8488524400920672,
  "val_loss": 1.3167547807097435,
  "actual_epochs": 19,
  "norms": {
    "asymmetry": 7.861562728881836,
    "border_irregularity": 7.202296257019043,
    "colour_variation": 7.546679973602295,
    "diameter_large": 8.01174259185791,
    "atypical_pigment_network": 8.006298065185547,
    "blue_white_veil": 7.794806957244873,
    "atypical_vascular_pattern": 7.537025451660156,
    "irregular_streaks": 7.4845356941223145,
    "irregular_pigmentation": 7.093435287475586,
    "irregular_dots_globules": 7.380204200744629,
    "regression_structures": 6.072458267211914,
    "symmetric_uniform": 7.610532283782959,
    "reticular_network": 8.184609413146973,
    "arborizing_vessels": 7.933774471282959,
    "blue_grey_ovoid_nests": 7.4287519454956055,
    "ulceration": 7.184774875640869,
    "scaly_surface": 8.124424934387207,
    "strawberry_pattern": 7.533613681793213,
    "milia_like_cysts": 7.3526434898376465,
    "comedo_like_openings": 7.320909023284912,
    "cerebriform_surface": 7.819291591644287,
    "central_white_patch": 7.534502983093262,
    "red_lacunae": 8.064632415771484,
    "healthy_skin": 7.382781505584717
  },
  "just_eliminated": []
}