{
  "lambda": 0.09357620873536668,
  "n_active": 24,
  "val_balacc": 0.5458694600477114,
  "val_auc": 0.8493137978356496,
  "val_loss": 1.4726166427135468,
  "actual_epochs": 18,
  "norms": {
    "asymmetry": 8.79308795928955,
    "border_irregularity": 9.138381958007812,
    "colour_variation": 10.14933967590332,
    "diameter_large": 9.573931694030762,
    "atypical_pigment_network": 9.901947021484375,
    "blue_white_veil": 10.076125144958496,
    "atypical_vascular_pattern": 9.611371994018555,
    "irregular_streaks": 9.663931846618652,
    "irregular_pigmentation": 9.814589500427246,
    "irregular_dots_globules": 9.824420928955078,
    "regression_structures": 8.756068229675293,
    "symmetric_uniform": 9.331657409667969,
    "reticular_network": 10.130244255065918,
    "arborizing_vessels": 10.140218734741211,
    "blue_grey_ovoid_nests": 9.554994583129883,
    "ulceration": 9.798527717590332,
    "scaly_surface": 9.936325073242188,
    "strawberry_pattern": 9.479701042175293,
    "milia_like_cysts": 9.664726257324219,
    "comedo_like_openings": 10.219961166381836,
    "cerebriform_surface": 10.533743858337402,
    "central_white_patch": 9.818160057067871,
    "red_lacunae": 10.262871742248535,
    "healthy_skin": 9.983799934387207
  },
  "just_eliminated": []
}