{
  "lambda": 0.6621177195678577,
  "n_active": 24,
  "val_balacc": 0.5492880321398077,
  "val_auc": 0.8464357561777978,
  "val_loss": 1.498195581138134,
  "actual_epochs": 23,
  "norms": {
    "asymmetry": 9.170427322387695,
    "border_irregularity": 9.454278945922852,
    "colour_variation": 10.882444381713867,
    "diameter_large": 9.945903778076172,
    "atypical_pigment_network": 11.251984596252441,
    "blue_white_veil": 11.199942588806152,
    "atypical_vascular_pattern": 10.442755699157715,
    "irregular_streaks": 10.99614429473877,
    "irregular_pigmentation": 10.809356689453125,
    "irregular_dots_globules": 11.100252151489258,
    "regression_structures": 9.095199584960938,
    "symmetric_uniform": 10.284019470214844,
    "reticular_network": 10.687490463256836,
    "arborizing_vessels": 10.861310005187988,
    "blue_grey_ovoid_nests": 10.250864028930664,
    "ulceration": 11.130913734436035,
    "scaly_surface": 10.845645904541016,
    "strawberry_pattern": 10.61452865600586,
    "milia_like_cysts": 10.287398338317871,
    "comedo_like_openings": 11.122688293457031,
    "cerebriform_surface": 11.54841423034668,
    "central_white_patch": 10.163895606994629,
    "red_lacunae": 11.127219200134277,
    "healthy_skin": 11.267721176147461
  },
  "just_eliminated": []
}