{
  "lambda": 0.37856795512758057,
  "n_active": 24,
  "val_balacc": 0.5445825741579423,
  "val_auc": 0.8489831935348786,
  "val_loss": 1.4388587959110737,
  "actual_epochs": 22,
  "norms": {
    "asymmetry": 11.5840425491333,
    "border_irregularity": 9.810990333557129,
    "colour_variation": 11.105173110961914,
    "diameter_large": 10.940767288208008,
    "atypical_pigment_network": 13.344270706176758,
    "blue_white_veil": 12.049874305725098,
    "atypical_vascular_pattern": 10.863780975341797,
    "irregular_streaks": 10.90296745300293,
    "irregular_pigmentation": 10.90817642211914,
    "irregular_dots_globules": 10.025970458984375,
    "regression_structures": 2.740626335144043,
    "symmetric_uniform": 10.484787940979004,
    "reticular_network": 11.768388748168945,
    "arborizing_vessels": 11.151298522949219,
    "blue_grey_ovoid_nests": 9.91461181640625,
    "ulceration": 11.117086410522461,
    "scaly_surface": 11.728236198425293,
    "strawberry_pattern": 10.70931625366211,
    "milia_like_cysts": 11.22441291809082,
    "comedo_like_openings": 11.293173789978027,
    "cerebriform_surface": 10.843339920043945,
    "central_white_patch": 9.848733901977539,
    "red_lacunae": 11.173064231872559,
    "healthy_skin": 10.715486526489258
  },
  "just_eliminated": []
}