{
  "lambda": 0.017490062499999993,
  "n_active": 24,
  "val_balacc": 0.5783132971958219,
  "val_auc": 0.8538896835001236,
  "val_loss": 1.3527103662490845,
  "actual_epochs": 14,
  "norms": {
    "asymmetry": 7.624020576477051,
    "border_irregularity": 7.567717552185059,
    "colour_variation": 8.136619567871094,
    "diameter_large": 7.20839786529541,
    "atypical_pigment_network": 7.3229780197143555,
    "blue_white_veil": 7.785004138946533,
    "atypical_vascular_pattern": 7.3670268058776855,
    "irregular_streaks": 7.425376892089844,
    "irregular_pigmentation": 7.987832069396973,
    "irregular_dots_globules": 7.637331485748291,
    "regression_structures": 7.285238265991211,
    "symmetric_uniform": 7.498945236206055,
    "reticular_network": 7.9939188957214355,
    "arborizing_vessels": 8.0214262008667,
    "blue_grey_ovoid_nests": 7.679731369018555,
    "ulceration": 7.420447826385498,
    "scaly_surface": 7.95052433013916,
    "strawberry_pattern": 7.37471866607666,
    "milia_like_cysts": 7.5189642906188965,
    "comedo_like_openings": 7.658418655395508,
    "cerebriform_surface": 7.873333930969238,
    "central_white_patch": 8.2665433883667,
    "red_lacunae": 7.921324729919434,
    "healthy_skin": 7.688128471374512
  },
  "just_eliminated": []
}