{
  "lambda": 0.01,
  "n_active": 24,
  "val_balacc": 0.5956323297662928,
  "val_auc": 0.8520163772272566,
  "val_loss": 1.2933076173067093,
  "actual_epochs": 32,
  "norms": {
    "asymmetry": 7.445385456085205,
    "border_irregularity": 7.398619651794434,
    "colour_variation": 7.678475856781006,
    "diameter_large": 6.767180919647217,
    "atypical_pigment_network": 7.1422505378723145,
    "blue_white_veil": 7.475743293762207,
    "atypical_vascular_pattern": 7.29751443862915,
    "irregular_streaks": 7.155647277832031,
    "irregular_pigmentation": 7.581814289093018,
    "irregular_dots_globules": 7.484645366668701,
    "regression_structures": 7.268826961517334,
    "symmetric_uniform": 7.3245673179626465,
    "reticular_network": 7.539856433868408,
    "arborizing_vessels": 7.340942859649658,
    "blue_grey_ovoid_nests": 7.44420051574707,
    "ulceration": 7.115838527679443,
    "scaly_surface": 7.6165242195129395,
    "strawberry_pattern": 7.175157070159912,
    "milia_like_cysts": 7.327747344970703,
    "comedo_like_openings": 7.224583625793457,
    "cerebriform_surface": 7.035934925079346,
    "central_white_patch": 7.82574987411499,
    "red_lacunae": 7.509692668914795,
    "healthy_skin": 7.333308219909668
  },
  "just_eliminated": []
}