{
  "lambda": 0.0351787629191992,
  "n_active": 24,
  "val_balacc": 0.5520625025346805,
  "val_auc": 0.8558282851224933,
  "val_loss": 1.3757028952240944,
  "actual_epochs": 33,
  "norms": {
    "asymmetry": 8.921422958374023,
    "border_irregularity": 8.124292373657227,
    "colour_variation": 9.028007507324219,
    "diameter_large": 8.852099418640137,
    "atypical_pigment_network": 9.46057415008545,
    "blue_white_veil": 9.273494720458984,
    "atypical_vascular_pattern": 8.629619598388672,
    "irregular_streaks": 8.382514953613281,
    "irregular_pigmentation": 8.319281578063965,
    "irregular_dots_globules": 6.91583251953125,
    "regression_structures": 8.218340873718262,
    "symmetric_uniform": 8.33463191986084,
    "reticular_network": 9.349874496459961,
    "arborizing_vessels": 8.337048530578613,
    "blue_grey_ovoid_nests": 8.808869361877441,
    "ulceration": 8.136463165283203,
    "scaly_surface": 9.630049705505371,
    "strawberry_pattern": 8.644439697265625,
    "milia_like_cysts": 7.990233898162842,
    "comedo_like_openings": 9.68233585357666,
    "cerebriform_surface": 9.342825889587402,
    "central_white_patch": 8.870330810546875,
    "red_lacunae": 8.616497993469238,
    "healthy_skin": 9.123052597045898
  },
  "just_eliminated": []
}