{
  "lambda": 16.481075114689947,
  "n_active": 9,
  "val_balacc": 0.5199689880533758,
  "val_auc": 0.798818874766179,
  "val_loss": 1.4143354780972004,
  "actual_epochs": 11,
  "norms": {
    "asymmetry": 0.0,
    "border_irregularity": 0.0,
    "colour_variation": 2.4051249027252197,
    "diameter_large": 3.2253775596618652,
    "atypical_pigment_network": 0.0,
    "blue_white_veil": 0.0,
    "atypical_vascular_pattern": 0.0,
    "irregular_streaks": 0.0,
    "irregular_pigmentation": 2.8093655109405518,
    "irregular_dots_globules": 0.0,
    "regression_structures": 0.0,
    "symmetric_uniform": 0.0,
    "reticular_network": 3.797511577606201,
    "arborizing_vessels": 0.0,
    "blue_grey_ovoid_nests": 2.1022026538848877,
    "ulceration": 1.6309289932250977,
    "scaly_surface": 3.7111001014709473,
    "strawberry_pattern": 0.0,
    "milia_like_cysts": 0.0,
    "comedo_like_openings": 0.0,
    "cerebriform_surface": 0.0,
    "central_white_patch": 2.9927713871002197,
    "red_lacunae": 2.8467509746551514,
    "healthy_skin": 0.0
  },
  "just_eliminated": []
}