{
  "lambda": 4.073869708797031,
  "n_active": 23,
  "val_balacc": 0.5830549913562529,
  "val_auc": 0.8536253699994081,
  "val_loss": 1.246297799050808,
  "actual_epochs": 14,
  "norms": {
    "asymmetry": 6.794005393981934,
    "border_irregularity": 2.9194202423095703,
    "colour_variation": 5.6768269538879395,
    "diameter_large": 6.424190998077393,
    "atypical_pigment_network": 8.196292877197266,
    "blue_white_veil": 6.166139602661133,
    "atypical_vascular_pattern": 4.903767108917236,
    "irregular_streaks": 5.7720746994018555,
    "irregular_pigmentation": 5.959960460662842,
    "irregular_dots_globules": 3.8220152854919434,
    "regression_structures": 0.0,
    "symmetric_uniform": 5.02271032333374,
    "reticular_network": 6.7496771812438965,
    "arborizing_vessels": 5.673476696014404,
    "blue_grey_ovoid_nests": 5.296624183654785,
    "ulceration": 6.235785007476807,
    "scaly_surface": 6.460454940795898,
    "strawberry_pattern": 5.366147994995117,
    "milia_like_cysts": 5.417423248291016,
    "comedo_like_openings": 6.070013523101807,
    "cerebriform_surface": 5.681213855743408,
    "central_white_patch": 5.667098045349121,
    "red_lacunae": 6.191409111022949,
    "healthy_skin": 4.839481830596924
  },
  "just_eliminated": []
}