{
  "lambda": 0.04652391396064092,
  "n_active": 24,
  "val_balacc": 0.5744463528917344,
  "val_auc": 0.848286391472985,
  "val_loss": 1.3611336946487427,
  "actual_epochs": 11,
  "norms": {
    "asymmetry": 8.164804458618164,
    "border_irregularity": 7.766409873962402,
    "colour_variation": 9.20312786102295,
    "diameter_large": 8.938461303710938,
    "atypical_pigment_network": 9.069112777709961,
    "blue_white_veil": 8.848628997802734,
    "atypical_vascular_pattern": 8.088228225708008,
    "irregular_streaks": 8.190348625183105,
    "irregular_pigmentation": 8.446359634399414,
    "irregular_dots_globules": 7.203437805175781,
    "regression_structures": 7.594275951385498,
    "symmetric_uniform": 8.519217491149902,
    "reticular_network": 8.821111679077148,
    "arborizing_vessels": 8.417409896850586,
    "blue_grey_ovoid_nests": 8.267790794372559,
    "ulceration": 8.067219734191895,
    "scaly_surface": 8.796867370605469,
    "strawberry_pattern": 7.8279852867126465,
    "milia_like_cysts": 8.249743461608887,
    "comedo_like_openings": 8.780047416687012,
    "cerebriform_surface": 9.496832847595215,
    "central_white_patch": 8.652313232421875,
    "red_lacunae": 8.486992835998535,
    "healthy_skin": 8.548656463623047
  },
  "just_eliminated": []
}