{
  "lambda": 1.5315185193575074,
  "n_active": 24,
  "val_balacc": 0.5415605137803902,
  "val_auc": 0.8528888363458483,
  "val_loss": 1.3592693507671356,
  "actual_epochs": 24,
  "norms": {
    "asymmetry": 9.291831016540527,
    "border_irregularity": 7.7257771492004395,
    "colour_variation": 9.260887145996094,
    "diameter_large": 8.019598007202148,
    "atypical_pigment_network": 9.984865188598633,
    "blue_white_veil": 11.21059513092041,
    "atypical_vascular_pattern": 9.179610252380371,
    "irregular_streaks": 8.99213981628418,
    "irregular_pigmentation": 9.13402271270752,
    "irregular_dots_globules": 7.159951210021973,
    "regression_structures": 8.777159690856934,
    "symmetric_uniform": 7.97398567199707,
    "reticular_network": 12.100903511047363,
    "arborizing_vessels": 8.573702812194824,
    "blue_grey_ovoid_nests": 8.083598136901855,
    "ulceration": 9.239654541015625,
    "scaly_surface": 9.707868576049805,
    "strawberry_pattern": 9.479979515075684,
    "milia_like_cysts": 8.34068775177002,
    "comedo_like_openings": 9.696517944335938,
    "cerebriform_surface": 10.090651512145996,
    "central_white_patch": 9.03931999206543,
    "red_lacunae": 8.913596153259277,
    "healthy_skin": 9.433002471923828
  },
  "just_eliminated": []
}