{
  "lambda": 0.020113571874999993,
  "n_active": 24,
  "val_balacc": 0.5770583482195862,
  "val_auc": 0.8534379612579452,
  "val_loss": 1.3360803574323654,
  "actual_epochs": 11,
  "norms": {
    "asymmetry": 7.783102989196777,
    "border_irregularity": 7.201671123504639,
    "colour_variation": 8.311944007873535,
    "diameter_large": 7.97346305847168,
    "atypical_pigment_network": 8.281586647033691,
    "blue_white_veil": 7.884300231933594,
    "atypical_vascular_pattern": 7.326240062713623,
    "irregular_streaks": 7.131993293762207,
    "irregular_pigmentation": 7.733574867248535,
    "irregular_dots_globules": 6.94425106048584,
    "regression_structures": 6.791041374206543,
    "symmetric_uniform": 7.971344947814941,
    "reticular_network": 8.097912788391113,
    "arborizing_vessels": 7.6558146476745605,
    "blue_grey_ovoid_nests": 7.5036234855651855,
    "ulceration": 7.474324703216553,
    "scaly_surface": 7.90425443649292,
    "strawberry_pattern": 7.403740882873535,
    "milia_like_cysts": 7.408450126647949,
    "comedo_like_openings": 7.832131862640381,
    "cerebriform_surface": 8.596817016601562,
    "central_white_patch": 8.009160995483398,
    "red_lacunae": 7.741865634918213,
    "healthy_skin": 7.927847385406494
  },
  "just_eliminated": []
}