{
  "lambda": 0.18821518001888,
  "n_active": 24,
  "val_balacc": 0.5344979002215166,
  "val_auc": 0.8474012800355532,
  "val_loss": 1.4530537724494934,
  "actual_epochs": 12,
  "norms": {
    "asymmetry": 11.121662139892578,
    "border_irregularity": 9.581195831298828,
    "colour_variation": 10.825899124145508,
    "diameter_large": 10.760367393493652,
    "atypical_pigment_network": 12.638632774353027,
    "blue_white_veil": 11.733376502990723,
    "atypical_vascular_pattern": 10.62190055847168,
    "irregular_streaks": 10.452218055725098,
    "irregular_pigmentation": 10.46200180053711,
    "irregular_dots_globules": 9.738812446594238,
    "regression_structures": 3.669140100479126,
    "symmetric_uniform": 10.120715141296387,
    "reticular_network": 11.26832103729248,
    "arborizing_vessels": 10.851351737976074,
    "blue_grey_ovoid_nests": 9.693168640136719,
    "ulceration": 10.710281372070312,
    "scaly_surface": 11.367951393127441,
    "strawberry_pattern": 10.392178535461426,
    "milia_like_cysts": 11.049416542053223,
    "comedo_like_openings": 10.844846725463867,
    "cerebriform_surface": 10.641340255737305,
    "central_white_patch": 9.776420593261719,
    "red_lacunae": 10.91220760345459,
    "healthy_skin": 10.315484046936035
  },
  "just_eliminated": []
}