{
  "lambda": 1.15804802975993,
  "n_active": 24,
  "val_balacc": 0.5410231075648476,
  "val_auc": 0.8511812972609081,
  "val_loss": 1.3987799063324928,
  "actual_epochs": 22,
  "norms": {
    "asymmetry": 9.920721054077148,
    "border_irregularity": 8.540579795837402,
    "colour_variation": 9.960052490234375,
    "diameter_large": 8.684985160827637,
    "atypical_pigment_network": 10.609299659729004,
    "blue_white_veil": 11.834799766540527,
    "atypical_vascular_pattern": 9.794844627380371,
    "irregular_streaks": 9.62044620513916,
    "irregular_pigmentation": 9.855600357055664,
    "irregular_dots_globules": 7.852319717407227,
    "regression_structures": 9.463890075683594,
    "symmetric_uniform": 8.67654037475586,
    "reticular_network": 12.543798446655273,
    "arborizing_vessels": 9.205939292907715,
    "blue_grey_ovoid_nests": 8.677874565124512,
    "ulceration": 9.854467391967773,
    "scaly_surface": 10.4159574508667,
    "strawberry_pattern": 10.090948104858398,
    "milia_like_cysts": 9.011794090270996,
    "comedo_like_openings": 10.291418075561523,
    "cerebriform_surface": 10.703782081604004,
    "central_white_patch": 9.662772178649902,
    "red_lacunae": 9.515106201171875,
    "healthy_skin": 10.033815383911133
  },
  "just_eliminated": []
}