{
  "lambda": 0.06152787621294761,
  "n_active": 24,
  "val_balacc": 0.5606677215033106,
  "val_auc": 0.8511693337519858,
  "val_loss": 1.4068052843213081,
  "actual_epochs": 13,
  "norms": {
    "asymmetry": 9.301356315612793,
    "border_irregularity": 8.088196754455566,
    "colour_variation": 9.330565452575684,
    "diameter_large": 8.844593048095703,
    "atypical_pigment_network": 9.04966926574707,
    "blue_white_veil": 9.7632417678833,
    "atypical_vascular_pattern": 8.953546524047852,
    "irregular_streaks": 8.765176773071289,
    "irregular_pigmentation": 8.895277976989746,
    "irregular_dots_globules": 8.0077486038208,
    "regression_structures": 8.866856575012207,
    "symmetric_uniform": 8.120019912719727,
    "reticular_network": 10.096123695373535,
    "arborizing_vessels": 8.966439247131348,
    "blue_grey_ovoid_nests": 8.750083923339844,
    "ulceration": 8.817270278930664,
    "scaly_surface": 9.455225944519043,
    "strawberry_pattern": 8.597559928894043,
    "milia_like_cysts": 8.664986610412598,
    "comedo_like_openings": 9.818037033081055,
    "cerebriform_surface": 9.912910461425781,
    "central_white_patch": 9.532144546508789,
    "red_lacunae": 9.261351585388184,
    "healthy_skin": 9.242524147033691
  },
  "just_eliminated": []
}