{
  "lambda": 0.07075705764488975,
  "n_active": 24,
  "val_balacc": 0.5559382043582785,
  "val_auc": 0.8486928017849736,
  "val_loss": 1.4036490619182587,
  "actual_epochs": 21,
  "norms": {
    "asymmetry": 9.942132949829102,
    "border_irregularity": 8.787445068359375,
    "colour_variation": 9.950286865234375,
    "diameter_large": 10.016644477844238,
    "atypical_pigment_network": 10.996877670288086,
    "blue_white_veil": 10.563928604125977,
    "atypical_vascular_pattern": 9.641027450561523,
    "irregular_streaks": 9.222926139831543,
    "irregular_pigmentation": 9.256115913391113,
    "irregular_dots_globules": 8.956466674804688,
    "regression_structures": 4.5461554527282715,
    "symmetric_uniform": 9.197553634643555,
    "reticular_network": 10.10783863067627,
    "arborizing_vessels": 9.951630592346191,
    "blue_grey_ovoid_nests": 9.115890502929688,
    "ulceration": 9.542813301086426,
    "scaly_surface": 10.277217864990234,
    "strawberry_pattern": 9.462190628051758,
    "milia_like_cysts": 9.967968940734863,
    "comedo_like_openings": 9.681639671325684,
    "cerebriform_surface": 9.856816291809082,
    "central_white_patch": 9.29240608215332,
    "red_lacunae": 9.997773170471191,
    "healthy_skin": 9.506880760192871
  },
  "just_eliminated": []
}