{
  "lambda": 0.09357620873536668,
  "n_active": 24,
  "val_balacc": 0.5519141132965497,
  "val_auc": 0.8523167050451144,
  "val_loss": 1.4481895342469215,
  "actual_epochs": 20,
  "norms": {
    "asymmetry": 9.90126895904541,
    "border_irregularity": 8.782431602478027,
    "colour_variation": 10.163537979125977,
    "diameter_large": 9.848520278930664,
    "atypical_pigment_network": 10.652785301208496,
    "blue_white_veil": 10.803641319274902,
    "atypical_vascular_pattern": 9.647140502929688,
    "irregular_streaks": 9.334768295288086,
    "irregular_pigmentation": 9.071294784545898,
    "irregular_dots_globules": 7.218533039093018,
    "regression_structures": 9.261228561401367,
    "symmetric_uniform": 9.110330581665039,
    "reticular_network": 10.429710388183594,
    "arborizing_vessels": 9.171247482299805,
    "blue_grey_ovoid_nests": 9.676048278808594,
    "ulceration": 9.420195579528809,
    "scaly_surface": 10.999181747436523,
    "strawberry_pattern": 9.679384231567383,
    "milia_like_cysts": 8.892938613891602,
    "comedo_like_openings": 10.667880058288574,
    "cerebriform_surface": 10.483205795288086,
    "central_white_patch": 9.632320404052734,
    "red_lacunae": 9.47458267211914,
    "healthy_skin": 10.215657234191895
  },
  "just_eliminated": []
}