{
  "lambda": 0.01,
  "n_active": 24,
  "val_balacc": 0.600979088584166,
  "val_auc": 0.8520411407474027,
  "val_loss": 1.29494209587574,
  "actual_epochs": 50,
  "norms": {
    "asymmetry": 7.442054748535156,
    "border_irregularity": 7.056626796722412,
    "colour_variation": 7.317791938781738,
    "diameter_large": 7.86453104019165,
    "atypical_pigment_network": 7.527005195617676,
    "blue_white_veil": 7.343843936920166,
    "atypical_vascular_pattern": 7.192295074462891,
    "irregular_streaks": 7.596377849578857,
    "irregular_pigmentation": 6.858503341674805,
    "irregular_dots_globules": 7.214829444885254,
    "regression_structures": 6.668338775634766,
    "symmetric_uniform": 7.440881729125977,
    "reticular_network": 7.832735061645508,
    "arborizing_vessels": 7.598626613616943,
    "blue_grey_ovoid_nests": 7.2814226150512695,
    "ulceration": 7.025041103363037,
    "scaly_surface": 7.795732021331787,
    "strawberry_pattern": 7.386206150054932,
    "milia_like_cysts": 7.127950191497803,
    "comedo_like_openings": 7.034529685974121,
    "cerebriform_surface": 7.308992862701416,
    "central_white_patch": 7.232275009155273,
    "red_lacunae": 7.734241962432861,
    "healthy_skin": 7.163947582244873
  },
  "just_eliminated": []
}