{
  "lambda": 2.6786354623470254,
  "n_active": 24,
  "val_balacc": 0.5740797893620045,
  "val_auc": 0.8558165012219898,
  "val_loss": 1.3057666793465614,
  "actual_epochs": 12,
  "norms": {
    "asymmetry": 7.801362991333008,
    "border_irregularity": 4.944154739379883,
    "colour_variation": 8.18153190612793,
    "diameter_large": 8.159139633178711,
    "atypical_pigment_network": 8.99866008758545,
    "blue_white_veil": 11.36398696899414,
    "atypical_vascular_pattern": 7.046729564666748,
    "irregular_streaks": 6.677396297454834,
    "irregular_pigmentation": 6.6921868324279785,
    "irregular_dots_globules": 2.3529608249664307,
    "regression_structures": 6.845917224884033,
    "symmetric_uniform": 5.828514575958252,
    "reticular_network": 8.638737678527832,
    "arborizing_vessels": 6.166536331176758,
    "blue_grey_ovoid_nests": 7.275620460510254,
    "ulceration": 7.730227947235107,
    "scaly_surface": 9.483135223388672,
    "strawberry_pattern": 7.533847332000732,
    "milia_like_cysts": 6.651768207550049,
    "comedo_like_openings": 7.5187201499938965,
    "cerebriform_surface": 8.415596008300781,
    "central_white_patch": 7.248208045959473,
    "red_lacunae": 6.871200084686279,
    "healthy_skin": 7.910424709320068
  },
  "just_eliminated": []
}