{
  "lambda": 21.796221839177452,
  "n_active": 8,
  "val_balacc": 0.5245696647930373,
  "val_auc": 0.7787047314037057,
  "val_loss": 1.5065619312226772,
  "actual_epochs": 11,
  "norms": {
    "asymmetry": 0.0,
    "border_irregularity": 0.0,
    "colour_variation": 2.8375773429870605,
    "diameter_large": 2.7262487411499023,
    "atypical_pigment_network": 0.0,
    "blue_white_veil": 0.0,
    "atypical_vascular_pattern": 0.0,
    "irregular_streaks": 0.0,
    "irregular_pigmentation": 0.0,
    "irregular_dots_globules": 0.0,
    "regression_structures": 0.0,
    "symmetric_uniform": 0.0,
    "reticular_network": 3.552018165588379,
    "arborizing_vessels": 0.0,
    "blue_grey_ovoid_nests": 0.6903219819068909,
    "ulceration": 0.0,
    "scaly_surface": 2.8378663063049316,
    "strawberry_pattern": 0.0,
    "milia_like_cysts": 0.0,
    "comedo_like_openings": 1.8390731811523438,
    "cerebriform_surface": 0.0,
    "central_white_patch": 2.636268377304077,
    "red_lacunae": 2.116598606109619,
    "healthy_skin": 0.0
  },
  "just_eliminated": []
}