{
  "lambda": 0.04045557735707907,
  "n_active": 24,
  "val_balacc": 0.5553307698677623,
  "val_auc": 0.850442440717381,
  "val_loss": 1.3654581755399704,
  "actual_epochs": 15,
  "norms": {
    "asymmetry": 9.17357349395752,
    "border_irregularity": 8.224470138549805,
    "colour_variation": 9.053021430969238,
    "diameter_large": 9.315051078796387,
    "atypical_pigment_network": 9.840311050415039,
    "blue_white_veil": 9.527992248535156,
    "atypical_vascular_pattern": 8.94261646270752,
    "irregular_streaks": 8.46212100982666,
    "irregular_pigmentation": 8.41613483428955,
    "irregular_dots_globules": 8.460392951965332,
    "regression_structures": 5.0460991859436035,
    "symmetric_uniform": 8.6476411819458,
    "reticular_network": 9.373407363891602,
    "arborizing_vessels": 9.184457778930664,
    "blue_grey_ovoid_nests": 8.627074241638184,
    "ulceration": 8.734366416931152,
    "scaly_surface": 9.512468338012695,
    "strawberry_pattern": 8.741819381713867,
    "milia_like_cysts": 9.032143592834473,
    "comedo_like_openings": 8.759839057922363,
    "cerebriform_surface": 9.231908798217773,
    "central_white_patch": 8.646452903747559,
    "red_lacunae": 9.306791305541992,
    "healthy_skin": 8.72188663482666
  },
  "just_eliminated": []
}