{
  "lambda": 0.7614353775030362,
  "n_active": 24,
  "val_balacc": 0.5305547005241802,
  "val_auc": 0.8499629090431571,
  "val_loss": 1.428257554769516,
  "actual_epochs": 25,
  "norms": {
    "asymmetry": 10.341238021850586,
    "border_irregularity": 8.99789810180664,
    "colour_variation": 10.506028175354004,
    "diameter_large": 9.18040657043457,
    "atypical_pigment_network": 10.940973281860352,
    "blue_white_veil": 12.106477737426758,
    "atypical_vascular_pattern": 10.296509742736816,
    "irregular_streaks": 10.042667388916016,
    "irregular_pigmentation": 10.313545227050781,
    "irregular_dots_globules": 8.350686073303223,
    "regression_structures": 9.912066459655762,
    "symmetric_uniform": 9.08889389038086,
    "reticular_network": 12.79629898071289,
    "arborizing_vessels": 9.749929428100586,
    "blue_grey_ovoid_nests": 9.113897323608398,
    "ulceration": 10.234294891357422,
    "scaly_surface": 10.884632110595703,
    "strawberry_pattern": 10.398124694824219,
    "milia_like_cysts": 9.452533721923828,
    "comedo_like_openings": 10.656761169433594,
    "cerebriform_surface": 11.110472679138184,
    "central_white_patch": 10.095020294189453,
    "red_lacunae": 9.925986289978027,
    "healthy_skin": 10.42275333404541
  },
  "just_eliminated": []
}