{
  "lambda": 1.0069982867477654,
  "n_active": 24,
  "val_balacc": 0.5438994141751853,
  "val_auc": 0.8489068733221234,
  "val_loss": 1.4376695975661278,
  "actual_epochs": 24,
  "norms": {
    "asymmetry": 8.796439170837402,
    "border_irregularity": 8.851313591003418,
    "colour_variation": 10.47935676574707,
    "diameter_large": 9.438797950744629,
    "atypical_pigment_network": 10.95231819152832,
    "blue_white_veil": 10.859418869018555,
    "atypical_vascular_pattern": 9.977378845214844,
    "irregular_streaks": 10.978824615478516,
    "irregular_pigmentation": 10.529788970947266,
    "irregular_dots_globules": 10.60654067993164,
    "regression_structures": 8.583645820617676,
    "symmetric_uniform": 9.998428344726562,
    "reticular_network": 10.291059494018555,
    "arborizing_vessels": 10.416382789611816,
    "blue_grey_ovoid_nests": 9.822930335998535,
    "ulceration": 10.875046730041504,
    "scaly_surface": 10.472689628601074,
    "strawberry_pattern": 10.32370376586914,
    "milia_like_cysts": 9.758240699768066,
    "comedo_like_openings": 10.869041442871094,
    "cerebriform_surface": 11.215981483459473,
    "central_white_patch": 9.818819999694824,
    "red_lacunae": 10.71547794342041,
    "healthy_skin": 11.091961860656738
  },
  "just_eliminated": []
}