{
  "lambda": 0.04652391396064092,
  "n_active": 24,
  "val_balacc": 0.5611603090955661,
  "val_auc": 0.8488197148028247,
  "val_loss": 1.3669481202960014,
  "actual_epochs": 17,
  "norms": {
    "asymmetry": 9.380230903625488,
    "border_irregularity": 8.343656539916992,
    "colour_variation": 9.296597480773926,
    "diameter_large": 9.448203086853027,
    "atypical_pigment_network": 10.054240226745605,
    "blue_white_veil": 9.782500267028809,
    "atypical_vascular_pattern": 9.125018119812012,
    "irregular_streaks": 8.622453689575195,
    "irregular_pigmentation": 8.594361305236816,
    "irregular_dots_globules": 8.56563949584961,
    "regression_structures": 4.9243083000183105,
    "symmetric_uniform": 8.77096176147461,
    "reticular_network": 9.49155044555664,
    "arborizing_vessels": 9.361649513244629,
    "blue_grey_ovoid_nests": 8.74125862121582,
    "ulceration": 8.936894416809082,
    "scaly_surface": 9.688557624816895,
    "strawberry_pattern": 8.890482902526855,
    "milia_like_cysts": 9.23461627960205,
    "comedo_like_openings": 8.962557792663574,
    "cerebriform_surface": 9.356391906738281,
    "central_white_patch": 8.833664894104004,
    "red_lacunae": 9.47254467010498,
    "healthy_skin": 8.878246307373047
  },
  "just_eliminated": []
}