{
  "lambda": 0.5006561206562252,
  "n_active": 24,
  "val_balacc": 0.5351229955864751,
  "val_auc": 0.8471879598126455,
  "val_loss": 1.4922256171703339,
  "actual_epochs": 17,
  "norms": {
    "asymmetry": 10.844189643859863,
    "border_irregularity": 9.068506240844727,
    "colour_variation": 11.26907730102539,
    "diameter_large": 10.720675468444824,
    "atypical_pigment_network": 11.78093433380127,
    "blue_white_veil": 12.863505363464355,
    "atypical_vascular_pattern": 10.474305152893066,
    "irregular_streaks": 9.930840492248535,
    "irregular_pigmentation": 9.889822006225586,
    "irregular_dots_globules": 7.342833518981934,
    "regression_structures": 10.265311241149902,
    "symmetric_uniform": 9.579865455627441,
    "reticular_network": 11.451201438903809,
    "arborizing_vessels": 9.643309593200684,
    "blue_grey_ovoid_nests": 10.310641288757324,
    "ulceration": 10.774310111999512,
    "scaly_surface": 12.253868103027344,
    "strawberry_pattern": 10.500012397766113,
    "milia_like_cysts": 9.914802551269531,
    "comedo_like_openings": 11.116342544555664,
    "cerebriform_surface": 11.141812324523926,
    "central_white_patch": 10.090316772460938,
    "red_lacunae": 9.928328514099121,
    "healthy_skin": 11.20765495300293
  },
  "just_eliminated": []
}