{
  "lambda": 0.0351787629191992,
  "n_active": 24,
  "val_balacc": 0.5741136676321267,
  "val_auc": 0.8516705862884096,
  "val_loss": 1.375938005745411,
  "actual_epochs": 12,
  "norms": {
    "asymmetry": 8.049992561340332,
    "border_irregularity": 7.6169819831848145,
    "colour_variation": 9.014763832092285,
    "diameter_large": 8.719331741333008,
    "atypical_pigment_network": 8.907795906066895,
    "blue_white_veil": 8.580763816833496,
    "atypical_vascular_pattern": 7.876012325286865,
    "irregular_streaks": 7.930805206298828,
    "irregular_pigmentation": 8.234082221984863,
    "irregular_dots_globules": 7.131061553955078,
    "regression_structures": 7.348733901977539,
    "symmetric_uniform": 8.394841194152832,
    "reticular_network": 8.575488090515137,
    "arborizing_vessels": 8.215519905090332,
    "blue_grey_ovoid_nests": 8.075824737548828,
    "ulceration": 7.8626790046691895,
    "scaly_surface": 8.525162696838379,
    "strawberry_pattern": 7.722936153411865,
    "milia_like_cysts": 8.038506507873535,
    "comedo_like_openings": 8.531400680541992,
    "cerebriform_surface": 9.269511222839355,
    "central_white_patch": 8.487452507019043,
    "red_lacunae": 8.300692558288574,
    "healthy_skin": 8.35584545135498
  },
  "just_eliminated": []
}