{
  "lambda": 12.462060578215462,
  "n_active": 12,
  "val_balacc": 0.5366568564174765,
  "val_auc": 0.8243131596061352,
  "val_loss": 1.3664241060614586,
  "actual_epochs": 11,
  "norms": {
    "asymmetry": 1.7044792175292969,
    "border_irregularity": 0.0,
    "colour_variation": 2.733398675918579,
    "diameter_large": 3.3287405967712402,
    "atypical_pigment_network": 2.1684393882751465,
    "blue_white_veil": 0.0,
    "atypical_vascular_pattern": 0.0,
    "irregular_streaks": 0.0,
    "irregular_pigmentation": 0.0,
    "irregular_dots_globules": 0.0,
    "regression_structures": 0.0,
    "symmetric_uniform": 0.0,
    "reticular_network": 4.050486087799072,
    "arborizing_vessels": 0.0,
    "blue_grey_ovoid_nests": 2.5945396423339844,
    "ulceration": 1.6426689624786377,
    "scaly_surface": 3.519758462905884,
    "strawberry_pattern": 0.0,
    "milia_like_cysts": 0.0,
    "comedo_like_openings": 2.840801239013672,
    "cerebriform_surface": 2.562011480331421,
    "central_white_patch": 3.5353591442108154,
    "red_lacunae": 3.4760873317718506,
    "healthy_skin": 0.0
  },
  "just_eliminated": []
}