{
  "lambda": 0.1636653739294609,
  "n_active": 24,
  "val_balacc": 0.5336163521376381,
  "val_auc": 0.8496498833737981,
  "val_loss": 1.443976253271103,
  "actual_epochs": 21,
  "norms": {
    "asymmetry": 10.071769714355469,
    "border_irregularity": 8.67721176147461,
    "colour_variation": 10.246023178100586,
    "diameter_large": 9.28123950958252,
    "atypical_pigment_network": 10.239568710327148,
    "blue_white_veil": 11.240532875061035,
    "atypical_vascular_pattern": 9.805758476257324,
    "irregular_streaks": 9.669468879699707,
    "irregular_pigmentation": 9.786760330200195,
    "irregular_dots_globules": 8.374743461608887,
    "regression_structures": 9.697751998901367,
    "symmetric_uniform": 8.739356994628906,
    "reticular_network": 11.558411598205566,
    "arborizing_vessels": 9.672490119934082,
    "blue_grey_ovoid_nests": 9.215542793273926,
    "ulceration": 9.700892448425293,
    "scaly_surface": 10.363659858703613,
    "strawberry_pattern": 9.637763977050781,
    "milia_like_cysts": 9.412287712097168,
    "comedo_like_openings": 10.598482131958008,
    "cerebriform_surface": 10.726072311401367,
    "central_white_patch": 10.193782806396484,
    "red_lacunae": 9.88547134399414,
    "healthy_skin": 10.103296279907227
  },
  "just_eliminated": []
}