{
  "lambda": 0.21644745702171198,
  "n_active": 24,
  "val_balacc": 0.5609252740789028,
  "val_auc": 0.8454721942182485,
  "val_loss": 1.514562264084816,
  "actual_epochs": 22,
  "norms": {
    "asymmetry": 9.208874702453613,
    "border_irregularity": 9.652618408203125,
    "colour_variation": 10.781062126159668,
    "diameter_large": 10.104968070983887,
    "atypical_pigment_network": 10.842823028564453,
    "blue_white_veil": 10.989660263061523,
    "atypical_vascular_pattern": 10.320968627929688,
    "irregular_streaks": 10.496381759643555,
    "irregular_pigmentation": 10.5482177734375,
    "irregular_dots_globules": 10.786905288696289,
    "regression_structures": 9.227022171020508,
    "symmetric_uniform": 9.99554443359375,
    "reticular_network": 10.689733505249023,
    "arborizing_vessels": 10.691606521606445,
    "blue_grey_ovoid_nests": 10.117737770080566,
    "ulceration": 10.819575309753418,
    "scaly_surface": 10.640349388122559,
    "strawberry_pattern": 10.330357551574707,
    "milia_like_cysts": 10.311981201171875,
    "comedo_like_openings": 10.801912307739258,
    "cerebriform_surface": 11.403339385986328,
    "central_white_patch": 10.23444652557373,
    "red_lacunae": 10.986703872680664,
    "healthy_skin": 10.807093620300293
  },
  "just_eliminated": []
}