{
  "lambda": 1.7612462972611331,
  "n_active": 24,
  "val_balacc": 0.5645410750980854,
  "val_auc": 0.8515635756340952,
  "val_loss": 1.392559215426445,
  "actual_epochs": 32,
  "norms": {
    "asymmetry": 7.807511806488037,
    "border_irregularity": 7.549386501312256,
    "colour_variation": 9.390802383422852,
    "diameter_large": 8.251750946044922,
    "atypical_pigment_network": 9.911352157592773,
    "blue_white_veil": 9.921670913696289,
    "atypical_vascular_pattern": 8.766997337341309,
    "irregular_streaks": 10.20409870147705,
    "irregular_pigmentation": 9.508909225463867,
    "irregular_dots_globules": 9.555305480957031,
    "regression_structures": 7.326481819152832,
    "symmetric_uniform": 9.004480361938477,
    "reticular_network": 9.244094848632812,
    "arborizing_vessels": 9.271936416625977,
    "blue_grey_ovoid_nests": 8.690166473388672,
    "ulceration": 9.930831909179688,
    "scaly_surface": 9.341254234313965,
    "strawberry_pattern": 9.438319206237793,
    "milia_like_cysts": 8.589498519897461,
    "comedo_like_openings": 9.935406684875488,
    "cerebriform_surface": 10.128680229187012,
    "central_white_patch": 8.842060089111328,
    "red_lacunae": 9.591788291931152,
    "healthy_skin": 10.0314302444458
  },
  "just_eliminated": []
}