{
  "lambda": 0.32918952619789615,
  "n_active": 24,
  "val_balacc": 0.5305433489141238,
  "val_auc": 0.849597351982176,
  "val_loss": 1.498149335384369,
  "actual_epochs": 11,
  "norms": {
    "asymmetry": 10.800088882446289,
    "border_irregularity": 9.174102783203125,
    "colour_variation": 11.176117897033691,
    "diameter_large": 10.746795654296875,
    "atypical_pigment_network": 11.729559898376465,
    "blue_white_veil": 12.511268615722656,
    "atypical_vascular_pattern": 10.470024108886719,
    "irregular_streaks": 9.984185218811035,
    "irregular_pigmentation": 9.883565902709961,
    "irregular_dots_globules": 7.4546942710876465,
    "regression_structures": 10.17386531829834,
    "symmetric_uniform": 9.68136978149414,
    "reticular_network": 11.402420997619629,
    "arborizing_vessels": 9.612971305847168,
    "blue_grey_ovoid_nests": 10.320219039916992,
    "ulceration": 10.626298904418945,
    "scaly_surface": 12.117416381835938,
    "strawberry_pattern": 10.427506446838379,
    "milia_like_cysts": 9.828841209411621,
    "comedo_like_openings": 11.176725387573242,
    "cerebriform_surface": 11.099787712097168,
    "central_white_patch": 10.139974594116211,
    "red_lacunae": 9.929617881774902,
    "healthy_skin": 11.132939338684082
  },
  "just_eliminated": []
}