{
  "lambda": 0.013224999999999999,
  "n_active": 24,
  "val_balacc": 0.565611030364528,
  "val_auc": 0.8514320927194216,
  "val_loss": 1.3508706092834473,
  "actual_epochs": 17,
  "norms": {
    "asymmetry": 7.515467643737793,
    "border_irregularity": 7.410367488861084,
    "colour_variation": 7.893927097320557,
    "diameter_large": 6.930321216583252,
    "atypical_pigment_network": 7.199550628662109,
    "blue_white_veil": 7.613868236541748,
    "atypical_vascular_pattern": 7.2301483154296875,
    "irregular_streaks": 7.214010238647461,
    "irregular_pigmentation": 7.784757137298584,
    "irregular_dots_globules": 7.516349792480469,
    "regression_structures": 7.2341413497924805,
    "symmetric_uniform": 7.312261581420898,
    "reticular_network": 7.746860504150391,
    "arborizing_vessels": 7.6350603103637695,
    "blue_grey_ovoid_nests": 7.490925312042236,
    "ulceration": 7.232333183288574,
    "scaly_surface": 7.754274368286133,
    "strawberry_pattern": 7.232856273651123,
    "milia_like_cysts": 7.34491491317749,
    "comedo_like_openings": 7.378882884979248,
    "cerebriform_surface": 7.4440836906433105,
    "central_white_patch": 8.032660484313965,
    "red_lacunae": 7.654735565185547,
    "healthy_skin": 7.547666072845459
  },
  "just_eliminated": []
}