{
  "lambda": 0.5757545387546589,
  "n_active": 24,
  "val_balacc": 0.5174922762618717,
  "val_auc": 0.8472080899081426,
  "val_loss": 1.527228705585003,
  "actual_epochs": 14,
  "norms": {
    "asymmetry": 10.812257766723633,
    "border_irregularity": 9.015761375427246,
    "colour_variation": 11.278727531433105,
    "diameter_large": 10.708207130432129,
    "atypical_pigment_network": 11.774816513061523,
    "blue_white_veil": 12.912984848022461,
    "atypical_vascular_pattern": 10.417935371398926,
    "irregular_streaks": 9.861291885375977,
    "irregular_pigmentation": 9.861187934875488,
    "irregular_dots_globules": 7.28308629989624,
    "regression_structures": 10.258193016052246,
    "symmetric_uniform": 9.530141830444336,
    "reticular_network": 11.455779075622559,
    "arborizing_vessels": 9.600676536560059,
    "blue_grey_ovoid_nests": 10.289970397949219,
    "ulceration": 10.776369094848633,
    "scaly_surface": 12.231589317321777,
    "strawberry_pattern": 10.488760948181152,
    "milia_like_cysts": 9.897536277770996,
    "comedo_like_openings": 11.056971549987793,
    "cerebriform_surface": 11.15808391571045,
    "central_white_patch": 10.049867630004883,
    "red_lacunae": 9.872758865356445,
    "healthy_skin": 11.244645118713379
  },
  "just_eliminated": []
}