{
  "lambda": 0.12375453605252242,
  "n_active": 24,
  "val_balacc": 0.5385215815937245,
  "val_auc": 0.8463009820641739,
  "val_loss": 1.4297863990068436,
  "actual_epochs": 24,
  "norms": {
    "asymmetry": 9.949366569519043,
    "border_irregularity": 8.518997192382812,
    "colour_variation": 10.037278175354004,
    "diameter_large": 9.176478385925293,
    "atypical_pigment_network": 9.873530387878418,
    "blue_white_veil": 10.827756881713867,
    "atypical_vascular_pattern": 9.610223770141602,
    "irregular_streaks": 9.412867546081543,
    "irregular_pigmentation": 9.556384086608887,
    "irregular_dots_globules": 8.252192497253418,
    "regression_structures": 9.470483779907227,
    "symmetric_uniform": 8.557132720947266,
    "reticular_network": 11.138527870178223,
    "arborizing_vessels": 9.489723205566406,
    "blue_grey_ovoid_nests": 9.06177806854248,
    "ulceration": 9.474406242370605,
    "scaly_surface": 10.14585018157959,
    "strawberry_pattern": 9.344010353088379,
    "milia_like_cysts": 9.257108688354492,
    "comedo_like_openings": 10.436140060424805,
    "cerebriform_surface": 10.56227970123291,
    "central_white_patch": 10.001873016357422,
    "red_lacunae": 9.759886741638184,
    "healthy_skin": 9.86466121673584
  },
  "just_eliminated": []
}