{
  "lambda": 0.14231771646040078,
  "n_active": 24,
  "val_balacc": 0.5402172822302241,
  "val_auc": 0.8479584166701873,
  "val_loss": 1.4826150760054588,
  "actual_epochs": 13,
  "norms": {
    "asymmetry": 8.983060836791992,
    "border_irregularity": 9.440932273864746,
    "colour_variation": 10.423410415649414,
    "diameter_large": 9.853609085083008,
    "atypical_pigment_network": 10.371376037597656,
    "blue_white_veil": 10.528912544250488,
    "atypical_vascular_pattern": 10.035377502441406,
    "irregular_streaks": 10.063492774963379,
    "irregular_pigmentation": 10.182938575744629,
    "irregular_dots_globules": 10.358613014221191,
    "regression_structures": 9.012359619140625,
    "symmetric_uniform": 9.685429573059082,
    "reticular_network": 10.434629440307617,
    "arborizing_vessels": 10.364314079284668,
    "blue_grey_ovoid_nests": 9.842829704284668,
    "ulceration": 10.244490623474121,
    "scaly_surface": 10.313570976257324,
    "strawberry_pattern": 9.91537857055664,
    "milia_like_cysts": 10.025406837463379,
    "comedo_like_openings": 10.491724967956543,
    "cerebriform_surface": 10.939570426940918,
    "central_white_patch": 9.976358413696289,
    "red_lacunae": 10.640755653381348,
    "healthy_skin": 10.352945327758789
  },
  "just_eliminated": []
}