{
  "lambda": 1.15804802975993,
  "n_active": 24,
  "val_balacc": 0.5469335011612498,
  "val_auc": 0.8494068729560704,
  "val_loss": 1.4851926937699318,
  "actual_epochs": 20,
  "norms": {
    "asymmetry": 8.614720344543457,
    "border_irregularity": 8.589022636413574,
    "colour_variation": 10.266580581665039,
    "diameter_large": 9.235860824584961,
    "atypical_pigment_network": 10.758864402770996,
    "blue_white_veil": 10.706174850463867,
    "atypical_vascular_pattern": 9.755579948425293,
    "irregular_streaks": 10.877161026000977,
    "irregular_pigmentation": 10.366837501525879,
    "irregular_dots_globules": 10.448321342468262,
    "regression_structures": 8.35772705078125,
    "symmetric_uniform": 9.822059631347656,
    "reticular_network": 10.108585357666016,
    "arborizing_vessels": 10.232379913330078,
    "blue_grey_ovoid_nests": 9.660794258117676,
    "ulceration": 10.736039161682129,
    "scaly_surface": 10.297680854797363,
    "strawberry_pattern": 10.211350440979004,
    "milia_like_cysts": 9.518386840820312,
    "comedo_like_openings": 10.765355110168457,
    "cerebriform_surface": 11.03124713897705,
    "central_white_patch": 9.659697532653809,
    "red_lacunae": 10.495134353637695,
    "healthy_skin": 10.880175590515137
  },
  "just_eliminated": []
}