{
  "lambda": 0.7614353775030362,
  "n_active": 24,
  "val_balacc": 0.548041568194063,
  "val_auc": 0.8486217860028845,
  "val_loss": 1.4971507415175438,
  "actual_epochs": 40,
  "norms": {
    "asymmetry": 9.073555946350098,
    "border_irregularity": 9.259306907653809,
    "colour_variation": 10.788398742675781,
    "diameter_large": 9.818060874938965,
    "atypical_pigment_network": 11.17452621459961,
    "blue_white_veil": 11.131779670715332,
    "atypical_vascular_pattern": 10.324034690856934,
    "irregular_streaks": 11.050716400146484,
    "irregular_pigmentation": 10.715744018554688,
    "irregular_dots_globules": 11.025116920471191,
    "regression_structures": 8.979674339294434,
    "symmetric_uniform": 10.257599830627441,
    "reticular_network": 10.587482452392578,
    "arborizing_vessels": 10.737143516540527,
    "blue_grey_ovoid_nests": 10.127617835998535,
    "ulceration": 11.123733520507812,
    "scaly_surface": 10.755790710449219,
    "strawberry_pattern": 10.565726280212402,
    "milia_like_cysts": 10.134594917297363,
    "comedo_like_openings": 11.079794883728027,
    "cerebriform_surface": 11.464879989624023,
    "central_white_patch": 10.051568031311035,
    "red_lacunae": 11.011094093322754,
    "healthy_skin": 11.201127052307129
  },
  "just_eliminated": []
}