{
  "lambda": 0.04652391396064092,
  "n_active": 24,
  "val_balacc": 0.5806470240583056,
  "val_auc": 0.8489972841414847,
  "val_loss": 1.378445640206337,
  "actual_epochs": 21,
  "norms": {
    "asymmetry": 9.079974174499512,
    "border_irregularity": 7.959213733673096,
    "colour_variation": 9.030898094177246,
    "diameter_large": 8.68673324584961,
    "atypical_pigment_network": 8.777603149414062,
    "blue_white_veil": 9.355929374694824,
    "atypical_vascular_pattern": 8.608926773071289,
    "irregular_streaks": 8.513670921325684,
    "irregular_pigmentation": 8.577696800231934,
    "irregular_dots_globules": 7.845911026000977,
    "regression_structures": 8.623692512512207,
    "symmetric_uniform": 7.87533712387085,
    "reticular_network": 9.657901763916016,
    "arborizing_vessels": 8.730547904968262,
    "blue_grey_ovoid_nests": 8.59815788269043,
    "ulceration": 8.592144012451172,
    "scaly_surface": 9.135167121887207,
    "strawberry_pattern": 8.267610549926758,
    "milia_like_cysts": 8.435269355773926,
    "comedo_like_openings": 9.478357315063477,
    "cerebriform_surface": 9.6218900680542,
    "central_white_patch": 9.25731372833252,
    "red_lacunae": 9.053483009338379,
    "healthy_skin": 9.046479225158691
  },
  "just_eliminated": []
}