{
  "lambda": 1.5315185193575074,
  "n_active": 23,
  "val_balacc": 0.5430200108943138,
  "val_auc": 0.8497898988219209,
  "val_loss": 1.366891972720623,
  "actual_epochs": 11,
  "norms": {
    "asymmetry": 11.020373344421387,
    "border_irregularity": 8.244120597839355,
    "colour_variation": 9.876195907592773,
    "diameter_large": 9.551705360412598,
    "atypical_pigment_network": 12.547388076782227,
    "blue_white_veil": 10.713541984558105,
    "atypical_vascular_pattern": 9.592432022094727,
    "irregular_streaks": 10.117227554321289,
    "irregular_pigmentation": 10.253870964050293,
    "irregular_dots_globules": 8.521159172058105,
    "regression_structures": 0.0,
    "symmetric_uniform": 9.45720386505127,
    "reticular_network": 10.954675674438477,
    "arborizing_vessels": 10.016590118408203,
    "blue_grey_ovoid_nests": 8.73779010772705,
    "ulceration": 10.270722389221191,
    "scaly_surface": 10.538579940795898,
    "strawberry_pattern": 9.62214183807373,
    "milia_like_cysts": 9.927648544311523,
    "comedo_like_openings": 10.384961128234863,
    "cerebriform_surface": 9.39163589477539,
    "central_white_patch": 8.672784805297852,
    "red_lacunae": 9.905620574951172,
    "healthy_skin": 9.43067741394043
  },
  "just_eliminated": []
}