{
  "lambda": 0.04045557735707907,
  "n_active": 24,
  "val_balacc": 0.5617525899505911,
  "val_auc": 0.8508262849226264,
  "val_loss": 1.4106642976403236,
  "actual_epochs": 11,
  "norms": {
    "asymmetry": 8.126900672912598,
    "border_irregularity": 8.18502140045166,
    "colour_variation": 9.051616668701172,
    "diameter_large": 8.357142448425293,
    "atypical_pigment_network": 8.44664478302002,
    "blue_white_veil": 8.71843147277832,
    "atypical_vascular_pattern": 8.186264038085938,
    "irregular_streaks": 8.4684476852417,
    "irregular_pigmentation": 8.718914985656738,
    "irregular_dots_globules": 8.380285263061523,
    "regression_structures": 7.923283576965332,
    "symmetric_uniform": 8.255974769592285,
    "reticular_network": 9.085328102111816,
    "arborizing_vessels": 9.114584922790527,
    "blue_grey_ovoid_nests": 8.554248809814453,
    "ulceration": 8.295954704284668,
    "scaly_surface": 8.83040714263916,
    "strawberry_pattern": 8.304865837097168,
    "milia_like_cysts": 8.51012897491455,
    "comedo_like_openings": 9.012502670288086,
    "cerebriform_surface": 9.323397636413574,
    "central_white_patch": 9.010470390319824,
    "red_lacunae": 8.989836692810059,
    "healthy_skin": 8.605929374694824
  },
  "just_eliminated": []
}