{
  "lambda": 10.836574415839534,
  "n_active": 12,
  "val_balacc": 0.5487810544323578,
  "val_auc": 0.8235613347463789,
  "val_loss": 1.3527901656925678,
  "actual_epochs": 16,
  "norms": {
    "asymmetry": 2.2037529945373535,
    "border_irregularity": 0.0,
    "colour_variation": 3.3153624534606934,
    "diameter_large": 3.1453609466552734,
    "atypical_pigment_network": 0.0,
    "blue_white_veil": 0.0,
    "atypical_vascular_pattern": 0.0,
    "irregular_streaks": 0.0,
    "irregular_pigmentation": 0.0,
    "irregular_dots_globules": 0.0,
    "regression_structures": 0.0,
    "symmetric_uniform": 0.0,
    "reticular_network": 4.106359481811523,
    "arborizing_vessels": 1.3109729290008545,
    "blue_grey_ovoid_nests": 2.560361385345459,
    "ulceration": 2.2372727394104004,
    "scaly_surface": 3.6459953784942627,
    "strawberry_pattern": 0.0,
    "milia_like_cysts": 0.0,
    "comedo_like_openings": 2.926711320877075,
    "cerebriform_surface": 2.519375801086426,
    "central_white_patch": 3.4466609954833984,
    "red_lacunae": 3.270879030227661,
    "healthy_skin": 0.0
  },
  "just_eliminated": [
    "atypical_pigment_network",
    "blue_white_veil"
  ]
}