{
  "lambda": 0.07075705764488975,
  "n_active": 24,
  "val_balacc": 0.5765007827689391,
  "val_auc": 0.8479637689189402,
  "val_loss": 1.4295205026865005,
  "actual_epochs": 20,
  "norms": {
    "asymmetry": 8.434367179870605,
    "border_irregularity": 8.205367088317871,
    "colour_variation": 9.884281158447266,
    "diameter_large": 9.600076675415039,
    "atypical_pigment_network": 9.628761291503906,
    "blue_white_veil": 9.633940696716309,
    "atypical_vascular_pattern": 8.73460865020752,
    "irregular_streaks": 8.862220764160156,
    "irregular_pigmentation": 9.042118072509766,
    "irregular_dots_globules": 7.46565055847168,
    "regression_structures": 8.316834449768066,
    "symmetric_uniform": 8.919878959655762,
    "reticular_network": 9.44448184967041,
    "arborizing_vessels": 9.02756118774414,
    "blue_grey_ovoid_nests": 8.863564491271973,
    "ulceration": 8.711901664733887,
    "scaly_surface": 9.45038890838623,
    "strawberry_pattern": 8.3004732131958,
    "milia_like_cysts": 8.726631164550781,
    "comedo_like_openings": 9.4837007522583,
    "cerebriform_surface": 10.178316116333008,
    "central_white_patch": 9.040138244628906,
    "red_lacunae": 9.049457550048828,
    "healthy_skin": 9.047639846801758
  },
  "just_eliminated": []
}