{
  "lambda": 4.073869708797031,
  "n_active": 24,
  "val_balacc": 0.5792485151821517,
  "val_auc": 0.8543860218391348,
  "val_loss": 1.2509455531835556,
  "actual_epochs": 31,
  "norms": {
    "asymmetry": 5.582925796508789,
    "border_irregularity": 2.8206889629364014,
    "colour_variation": 5.624454975128174,
    "diameter_large": 5.20231294631958,
    "atypical_pigment_network": 5.945390224456787,
    "blue_white_veil": 7.0670928955078125,
    "atypical_vascular_pattern": 4.598806858062744,
    "irregular_streaks": 4.83536958694458,
    "irregular_pigmentation": 4.929694175720215,
    "irregular_dots_globules": 3.2168314456939697,
    "regression_structures": 4.052897930145264,
    "symmetric_uniform": 2.987241744995117,
    "reticular_network": 7.987493515014648,
    "arborizing_vessels": 4.743137359619141,
    "blue_grey_ovoid_nests": 4.691928386688232,
    "ulceration": 5.431378364562988,
    "scaly_surface": 5.939130783081055,
    "strawberry_pattern": 5.541805744171143,
    "milia_like_cysts": 3.7370846271514893,
    "comedo_like_openings": 6.324387550354004,
    "cerebriform_surface": 6.0603413581848145,
    "central_white_patch": 5.920072078704834,
    "red_lacunae": 5.433430194854736,
    "healthy_skin": 5.330104351043701
  },
  "just_eliminated": []
}