{
  "lambda": 0.43535314839671757,
  "n_active": 24,
  "val_balacc": 0.5075244075013232,
  "val_auc": 0.8473932531917087,
  "val_loss": 1.5015521198511124,
  "actual_epochs": 18,
  "norms": {
    "asymmetry": 10.82943058013916,
    "border_irregularity": 9.122288703918457,
    "colour_variation": 11.258429527282715,
    "diameter_large": 10.797999382019043,
    "atypical_pigment_network": 11.774083137512207,
    "blue_white_veil": 12.729019165039062,
    "atypical_vascular_pattern": 10.483894348144531,
    "irregular_streaks": 9.977167129516602,
    "irregular_pigmentation": 9.87349796295166,
    "irregular_dots_globules": 7.400665760040283,
    "regression_structures": 10.236562728881836,
    "symmetric_uniform": 9.63752269744873,
    "reticular_network": 11.48369312286377,
    "arborizing_vessels": 9.658429145812988,
    "blue_grey_ovoid_nests": 10.331064224243164,
    "ulceration": 10.715885162353516,
    "scaly_surface": 12.194234848022461,
    "strawberry_pattern": 10.471657752990723,
    "milia_like_cysts": 9.89144515991211,
    "comedo_like_openings": 11.143953323364258,
    "cerebriform_surface": 11.139564514160156,
    "central_white_patch": 10.134795188903809,
    "red_lacunae": 9.949758529663086,
    "healthy_skin": 11.195509910583496
  },
  "just_eliminated": []
}