{
  "lambda": 0.5757545387546589,
  "n_active": 24,
  "val_balacc": 0.5309767117286015,
  "val_auc": 0.8479632125822693,
  "val_loss": 1.43115646392107,
  "actual_epochs": 36,
  "norms": {
    "asymmetry": 8.626941680908203,
    "border_irregularity": 8.724191665649414,
    "colour_variation": 10.79862117767334,
    "diameter_large": 10.482934951782227,
    "atypical_pigment_network": 10.730009078979492,
    "blue_white_veil": 11.686646461486816,
    "atypical_vascular_pattern": 9.813405990600586,
    "irregular_streaks": 10.191882133483887,
    "irregular_pigmentation": 10.66947078704834,
    "irregular_dots_globules": 8.203893661499023,
    "regression_structures": 9.607121467590332,
    "symmetric_uniform": 9.570331573486328,
    "reticular_network": 11.022836685180664,
    "arborizing_vessels": 10.319233894348145,
    "blue_grey_ovoid_nests": 10.168693542480469,
    "ulceration": 10.660383224487305,
    "scaly_surface": 10.912010192871094,
    "strawberry_pattern": 9.320104598999023,
    "milia_like_cysts": 10.443692207336426,
    "comedo_like_openings": 10.526639938354492,
    "cerebriform_surface": 11.259243965148926,
    "central_white_patch": 9.405985832214355,
    "red_lacunae": 10.197736740112305,
    "healthy_skin": 9.90073299407959
  },
  "just_eliminated": []
}