{
  "lambda": 0.6621177195678577,
  "n_active": 24,
  "val_balacc": 0.5518441946483276,
  "val_auc": 0.8508244038453701,
  "val_loss": 1.4438560009002686,
  "actual_epochs": 28,
  "norms": {
    "asymmetry": 10.420073509216309,
    "border_irregularity": 9.099889755249023,
    "colour_variation": 10.590699195861816,
    "diameter_large": 9.26757526397705,
    "atypical_pigment_network": 11.008617401123047,
    "blue_white_veil": 12.127452850341797,
    "atypical_vascular_pattern": 10.360740661621094,
    "irregular_streaks": 10.142125129699707,
    "irregular_pigmentation": 10.351631164550781,
    "irregular_dots_globules": 8.445371627807617,
    "regression_structures": 10.021953582763672,
    "symmetric_uniform": 9.115998268127441,
    "reticular_network": 12.784318923950195,
    "arborizing_vessels": 9.842223167419434,
    "blue_grey_ovoid_nests": 9.223031044006348,
    "ulceration": 10.281219482421875,
    "scaly_surface": 10.94149398803711,
    "strawberry_pattern": 10.407989501953125,
    "milia_like_cysts": 9.571033477783203,
    "comedo_like_openings": 10.734898567199707,
    "cerebriform_surface": 11.121404647827148,
    "central_white_patch": 10.225994110107422,
    "red_lacunae": 10.027549743652344,
    "healthy_skin": 10.521265983581543
  },
  "just_eliminated": []
}