{
  "lambda": 0.32918952619789615,
  "n_active": 24,
  "val_balacc": 0.5450669869802188,
  "val_auc": 0.8468865314369793,
  "val_loss": 1.453132338821888,
  "actual_epochs": 25,
  "norms": {
    "asymmetry": 10.321982383728027,
    "border_irregularity": 9.126609802246094,
    "colour_variation": 10.639280319213867,
    "diameter_large": 9.375926971435547,
    "atypical_pigment_network": 10.773665428161621,
    "blue_white_veil": 11.927068710327148,
    "atypical_vascular_pattern": 10.230782508850098,
    "irregular_streaks": 10.106131553649902,
    "irregular_pigmentation": 10.327064514160156,
    "irregular_dots_globules": 8.577181816101074,
    "regression_structures": 10.121871948242188,
    "symmetric_uniform": 9.067866325378418,
    "reticular_network": 12.31684684753418,
    "arborizing_vessels": 9.958616256713867,
    "blue_grey_ovoid_nests": 9.435314178466797,
    "ulceration": 10.190345764160156,
    "scaly_surface": 10.85390853881836,
    "strawberry_pattern": 10.202102661132812,
    "milia_like_cysts": 9.715354919433594,
    "comedo_like_openings": 10.825454711914062,
    "cerebriform_surface": 11.08598804473877,
    "central_white_patch": 10.398171424865723,
    "red_lacunae": 10.120347023010254,
    "healthy_skin": 10.521120071411133
  },
  "just_eliminated": []
}