{
  "lambda": 0.017490062499999993,
  "n_active": 24,
  "val_balacc": 0.5724141849611862,
  "val_auc": 0.8578382740533259,
  "val_loss": 1.308676429092884,
  "actual_epochs": 27,
  "norms": {
    "asymmetry": 8.07789421081543,
    "border_irregularity": 7.561120510101318,
    "colour_variation": 8.043411254882812,
    "diameter_large": 7.955478191375732,
    "atypical_pigment_network": 8.481267929077148,
    "blue_white_veil": 8.208475112915039,
    "atypical_vascular_pattern": 7.629373550415039,
    "irregular_streaks": 7.508505344390869,
    "irregular_pigmentation": 7.616424083709717,
    "irregular_dots_globules": 6.796720504760742,
    "regression_structures": 7.414340019226074,
    "symmetric_uniform": 7.604294300079346,
    "reticular_network": 8.385281562805176,
    "arborizing_vessels": 7.538815498352051,
    "blue_grey_ovoid_nests": 8.002347946166992,
    "ulceration": 7.328119277954102,
    "scaly_surface": 8.49621868133545,
    "strawberry_pattern": 7.802326202392578,
    "milia_like_cysts": 7.452035903930664,
    "comedo_like_openings": 8.372153282165527,
    "cerebriform_surface": 8.310888290405273,
    "central_white_patch": 8.129047393798828,
    "red_lacunae": 7.846839427947998,
    "healthy_skin": 8.116140365600586
  },
  "just_eliminated": []
}