{
  "lambda": 1.7612462972611331,
  "n_active": 23,
  "val_balacc": 0.550526169469556,
  "val_auc": 0.8518174845880268,
  "val_loss": 1.3504483476281166,
  "actual_epochs": 24,
  "norms": {
    "asymmetry": 10.780882835388184,
    "border_irregularity": 7.857593059539795,
    "colour_variation": 9.568095207214355,
    "diameter_large": 9.258162498474121,
    "atypical_pigment_network": 12.247990608215332,
    "blue_white_veil": 10.401358604431152,
    "atypical_vascular_pattern": 9.176920890808105,
    "irregular_streaks": 9.834149360656738,
    "irregular_pigmentation": 9.995535850524902,
    "irregular_dots_globules": 8.16515064239502,
    "regression_structures": 0.0,
    "symmetric_uniform": 9.0812406539917,
    "reticular_network": 10.642189979553223,
    "arborizing_vessels": 9.727387428283691,
    "blue_grey_ovoid_nests": 8.469921112060547,
    "ulceration": 9.933669090270996,
    "scaly_surface": 10.218692779541016,
    "strawberry_pattern": 9.341787338256836,
    "milia_like_cysts": 9.545722961425781,
    "comedo_like_openings": 10.118501663208008,
    "cerebriform_surface": 9.098158836364746,
    "central_white_patch": 8.39322280883789,
    "red_lacunae": 9.53685474395752,
    "healthy_skin": 9.051713943481445
  },
  "just_eliminated": []
}