{
  "lambda": 0.12375453605252242,
  "n_active": 24,
  "val_balacc": 0.5465129179905908,
  "val_auc": 0.8461573465431518,
  "val_loss": 1.416033498942852,
  "actual_epochs": 11,
  "norms": {
    "asymmetry": 8.676703453063965,
    "border_irregularity": 8.610465049743652,
    "colour_variation": 10.416932106018066,
    "diameter_large": 10.170705795288086,
    "atypical_pigment_network": 10.164043426513672,
    "blue_white_veil": 10.365426063537598,
    "atypical_vascular_pattern": 9.296182632446289,
    "irregular_streaks": 9.544872283935547,
    "irregular_pigmentation": 9.726689338684082,
    "irregular_dots_globules": 7.903780937194824,
    "regression_structures": 8.949188232421875,
    "symmetric_uniform": 9.30295467376709,
    "reticular_network": 10.088932991027832,
    "arborizing_vessels": 9.59492015838623,
    "blue_grey_ovoid_nests": 9.473128318786621,
    "ulceration": 9.469732284545898,
    "scaly_surface": 10.112156867980957,
    "strawberry_pattern": 8.750432968139648,
    "milia_like_cysts": 9.44190502166748,
    "comedo_like_openings": 9.995549201965332,
    "cerebriform_surface": 10.765508651733398,
    "central_white_patch": 9.376696586608887,
    "red_lacunae": 9.614544868469238,
    "healthy_skin": 9.493871688842773
  },
  "just_eliminated": []
}