{
  "lambda": 0.0351787629191992,
  "n_active": 24,
  "val_balacc": 0.5743082599632764,
  "val_auc": 0.8488900016647818,
  "val_loss": 1.4049146845936775,
  "actual_epochs": 26,
  "norms": {
    "asymmetry": 8.077345848083496,
    "border_irregularity": 8.107518196105957,
    "colour_variation": 8.947094917297363,
    "diameter_large": 8.273058891296387,
    "atypical_pigment_network": 8.30135726928711,
    "blue_white_veil": 8.60728645324707,
    "atypical_vascular_pattern": 8.099082946777344,
    "irregular_streaks": 8.37489128112793,
    "irregular_pigmentation": 8.616096496582031,
    "irregular_dots_globules": 8.261259078979492,
    "regression_structures": 7.833572864532471,
    "symmetric_uniform": 8.176213264465332,
    "reticular_network": 8.990043640136719,
    "arborizing_vessels": 9.013809204101562,
    "blue_grey_ovoid_nests": 8.474379539489746,
    "ulceration": 8.164793968200684,
    "scaly_surface": 8.733902931213379,
    "strawberry_pattern": 8.21333122253418,
    "milia_like_cysts": 8.40031909942627,
    "comedo_like_openings": 8.887232780456543,
    "cerebriform_surface": 9.1964693069458,
    "central_white_patch": 8.912381172180176,
    "red_lacunae": 8.880792617797852,
    "healthy_skin": 8.501839637756348
  },
  "just_eliminated": []
}