{
  "lambda": 0.07075705764488975,
  "n_active": 24,
  "val_balacc": 0.5469454531892569,
  "val_auc": 0.8496383695631619,
  "val_loss": 1.4739171415567398,
  "actual_epochs": 21,
  "norms": {
    "asymmetry": 8.623117446899414,
    "border_irregularity": 8.917062759399414,
    "colour_variation": 9.932060241699219,
    "diameter_large": 9.289275169372559,
    "atypical_pigment_network": 9.551790237426758,
    "blue_white_veil": 9.714434623718262,
    "atypical_vascular_pattern": 9.209067344665527,
    "irregular_streaks": 9.357698440551758,
    "irregular_pigmentation": 9.541543006896973,
    "irregular_dots_globules": 9.472565650939941,
    "regression_structures": 8.551820755004883,
    "symmetric_uniform": 9.074653625488281,
    "reticular_network": 9.915708541870117,
    "arborizing_vessels": 9.914128303527832,
    "blue_grey_ovoid_nests": 9.282928466796875,
    "ulceration": 9.40984058380127,
    "scaly_surface": 9.669443130493164,
    "strawberry_pattern": 9.186410903930664,
    "milia_like_cysts": 9.396578788757324,
    "comedo_like_openings": 9.982989311218262,
    "cerebriform_surface": 10.255513191223145,
    "central_white_patch": 9.625359535217285,
    "red_lacunae": 9.946781158447266,
    "healthy_skin": 9.590361595153809
  },
  "just_eliminated": []
}