{
  "lambda": 0.37856795512758057,
  "n_active": 24,
  "val_balacc": 0.5501309266473023,
  "val_auc": 0.8493826623699872,
  "val_loss": 1.4417508319020271,
  "actual_epochs": 24,
  "norms": {
    "asymmetry": 10.36214828491211,
    "border_irregularity": 9.179348945617676,
    "colour_variation": 10.686759948730469,
    "diameter_large": 9.381612777709961,
    "atypical_pigment_network": 10.891068458557129,
    "blue_white_veil": 12.004755020141602,
    "atypical_vascular_pattern": 10.321361541748047,
    "irregular_streaks": 10.138293266296387,
    "irregular_pigmentation": 10.346480369567871,
    "irregular_dots_globules": 8.616031646728516,
    "regression_structures": 10.122966766357422,
    "symmetric_uniform": 9.14014720916748,
    "reticular_network": 12.449804306030273,
    "arborizing_vessels": 9.978654861450195,
    "blue_grey_ovoid_nests": 9.399264335632324,
    "ulceration": 10.277250289916992,
    "scaly_surface": 10.961267471313477,
    "strawberry_pattern": 10.281915664672852,
    "milia_like_cysts": 9.73322868347168,
    "comedo_like_openings": 10.893430709838867,
    "cerebriform_surface": 11.114524841308594,
    "central_white_patch": 10.44381046295166,
    "red_lacunae": 10.17384147644043,
    "healthy_skin": 10.505919456481934
  },
  "just_eliminated": []
}