{
  "lambda": 0.43535314839671757,
  "n_active": 24,
  "val_balacc": 0.5228377740449902,
  "val_auc": 0.8452579808178298,
  "val_loss": 1.47995937615633,
  "actual_epochs": 16,
  "norms": {
    "asymmetry": 8.751852989196777,
    "border_irregularity": 8.87700366973877,
    "colour_variation": 10.886396408081055,
    "diameter_large": 10.601821899414062,
    "atypical_pigment_network": 10.800143241882324,
    "blue_white_veil": 11.60505485534668,
    "atypical_vascular_pattern": 9.867809295654297,
    "irregular_streaks": 10.156225204467773,
    "irregular_pigmentation": 10.593353271484375,
    "irregular_dots_globules": 8.295875549316406,
    "regression_structures": 9.659682273864746,
    "symmetric_uniform": 9.621996879577637,
    "reticular_network": 10.970130920410156,
    "arborizing_vessels": 10.35883617401123,
    "blue_grey_ovoid_nests": 10.160126686096191,
    "ulceration": 10.557867050170898,
    "scaly_surface": 10.913317680358887,
    "strawberry_pattern": 9.390679359436035,
    "milia_like_cysts": 10.433418273925781,
    "comedo_like_openings": 10.546932220458984,
    "cerebriform_surface": 11.391650199890137,
    "central_white_patch": 9.520971298217773,
    "red_lacunae": 10.242049217224121,
    "healthy_skin": 9.979437828063965
  },
  "just_eliminated": []
}