{
  "lambda": 1.3317552342239194,
  "n_active": 24,
  "val_balacc": 0.5445759364715989,
  "val_auc": 0.8517629787370413,
  "val_loss": 1.3764704689383507,
  "actual_epochs": 33,
  "norms": {
    "asymmetry": 9.644607543945312,
    "border_irregularity": 8.1814546585083,
    "colour_variation": 9.61587905883789,
    "diameter_large": 8.38156509399414,
    "atypical_pigment_network": 10.34169864654541,
    "blue_white_veil": 11.593896865844727,
    "atypical_vascular_pattern": 9.550498008728027,
    "irregular_streaks": 9.333250045776367,
    "irregular_pigmentation": 9.538315773010254,
    "irregular_dots_globules": 7.52647590637207,
    "regression_structures": 9.106605529785156,
    "symmetric_uniform": 8.356306076049805,
    "reticular_network": 12.359874725341797,
    "arborizing_vessels": 8.967574119567871,
    "blue_grey_ovoid_nests": 8.373564720153809,
    "ulceration": 9.559385299682617,
    "scaly_surface": 10.098913192749023,
    "strawberry_pattern": 9.81874942779541,
    "milia_like_cysts": 8.70205020904541,
    "comedo_like_openings": 9.978677749633789,
    "cerebriform_surface": 10.445368766784668,
    "central_white_patch": 9.377979278564453,
    "red_lacunae": 9.240754127502441,
    "healthy_skin": 9.746562957763672
  },
  "just_eliminated": []
}