{
  "lambda": 1.7612462972611331,
  "n_active": 24,
  "val_balacc": 0.5394715688182966,
  "val_auc": 0.8531108745897763,
  "val_loss": 1.3659646213054657,
  "actual_epochs": 28,
  "norms": {
    "asymmetry": 9.057451248168945,
    "border_irregularity": 6.851326942443848,
    "colour_variation": 9.625510215759277,
    "diameter_large": 9.117528915405273,
    "atypical_pigment_network": 10.226499557495117,
    "blue_white_veil": 12.472785949707031,
    "atypical_vascular_pattern": 8.591279029846191,
    "irregular_streaks": 8.016705513000488,
    "irregular_pigmentation": 8.045763969421387,
    "irregular_dots_globules": 4.724620342254639,
    "regression_structures": 8.388160705566406,
    "symmetric_uniform": 7.360615253448486,
    "reticular_network": 9.998428344726562,
    "arborizing_vessels": 7.578388690948486,
    "blue_grey_ovoid_nests": 8.476088523864746,
    "ulceration": 9.191649436950684,
    "scaly_surface": 10.830074310302734,
    "strawberry_pattern": 8.877175331115723,
    "milia_like_cysts": 8.146601676940918,
    "comedo_like_openings": 9.020153999328613,
    "cerebriform_surface": 9.590110778808594,
    "central_white_patch": 8.302992820739746,
    "red_lacunae": 8.020975112915039,
    "healthy_skin": 9.506975173950195
  },
  "just_eliminated": []
}