{
  "lambda": 0.04652391396064092,
  "n_active": 24,
  "val_balacc": 0.5706592122380555,
  "val_auc": 0.8497362838287136,
  "val_loss": 1.430986613035202,
  "actual_epochs": 16,
  "norms": {
    "asymmetry": 8.195491790771484,
    "border_irregularity": 8.321903228759766,
    "colour_variation": 9.199942588806152,
    "diameter_large": 8.52906608581543,
    "atypical_pigment_network": 8.653204917907715,
    "blue_white_veil": 8.909357070922852,
    "atypical_vascular_pattern": 8.395368576049805,
    "irregular_streaks": 8.631950378417969,
    "irregular_pigmentation": 8.856669425964355,
    "irregular_dots_globules": 8.562816619873047,
    "regression_structures": 8.046072959899902,
    "symmetric_uniform": 8.41667652130127,
    "reticular_network": 9.23416519165039,
    "arborizing_vessels": 9.303462028503418,
    "blue_grey_ovoid_nests": 8.687810897827148,
    "ulceration": 8.496862411499023,
    "scaly_surface": 9.001067161560059,
    "strawberry_pattern": 8.47655963897705,
    "milia_like_cysts": 8.713772773742676,
    "comedo_like_openings": 9.21442699432373,
    "cerebriform_surface": 9.510245323181152,
    "central_white_patch": 9.117036819458008,
    "red_lacunae": 9.176115036010742,
    "healthy_skin": 8.829785346984863
  },
  "just_eliminated": []
}