{
  "lambda": 0.14231771646040078,
  "n_active": 24,
  "val_balacc": 0.5255680680556426,
  "val_auc": 0.8469342839745406,
  "val_loss": 1.4464990496635437,
  "actual_epochs": 20,
  "norms": {
    "asymmetry": 8.713208198547363,
    "border_irregularity": 8.652604103088379,
    "colour_variation": 10.473177909851074,
    "diameter_large": 10.28622817993164,
    "atypical_pigment_network": 10.295832633972168,
    "blue_white_veil": 10.564667701721191,
    "atypical_vascular_pattern": 9.38512134552002,
    "irregular_streaks": 9.623333930969238,
    "irregular_pigmentation": 9.866588592529297,
    "irregular_dots_globules": 7.941208362579346,
    "regression_structures": 9.094552040100098,
    "symmetric_uniform": 9.343846321105957,
    "reticular_network": 10.237305641174316,
    "arborizing_vessels": 9.687005043029785,
    "blue_grey_ovoid_nests": 9.557037353515625,
    "ulceration": 9.647090911865234,
    "scaly_surface": 10.245469093322754,
    "strawberry_pattern": 8.860610961914062,
    "milia_like_cysts": 9.587004661560059,
    "comedo_like_openings": 10.089445114135742,
    "cerebriform_surface": 10.904351234436035,
    "central_white_patch": 9.450677871704102,
    "red_lacunae": 9.724987983703613,
    "healthy_skin": 9.589200019836426
  },
  "just_eliminated": []
}