{
  "lambda": 0.7614353775030362,
  "n_active": 24,
  "val_balacc": 0.532332567894095,
  "val_auc": 0.8454872811684582,
  "val_loss": 1.4931181892752647,
  "actual_epochs": 27,
  "norms": {
    "asymmetry": 10.64887523651123,
    "border_irregularity": 8.778464317321777,
    "colour_variation": 11.132429122924805,
    "diameter_large": 10.525530815124512,
    "atypical_pigment_network": 11.693628311157227,
    "blue_white_veil": 13.031213760375977,
    "atypical_vascular_pattern": 10.23707103729248,
    "irregular_streaks": 9.641206741333008,
    "irregular_pigmentation": 9.70811939239502,
    "irregular_dots_globules": 6.960507869720459,
    "regression_structures": 10.108969688415527,
    "symmetric_uniform": 9.275030136108398,
    "reticular_network": 11.25700855255127,
    "arborizing_vessels": 9.35231876373291,
    "blue_grey_ovoid_nests": 10.079231262207031,
    "ulceration": 10.749279975891113,
    "scaly_surface": 12.10464096069336,
    "strawberry_pattern": 10.459680557250977,
    "milia_like_cysts": 9.741501808166504,
    "comedo_like_openings": 10.781371116638184,
    "cerebriform_surface": 11.015905380249023,
    "central_white_patch": 9.795334815979004,
    "red_lacunae": 9.608112335205078,
    "healthy_skin": 11.081822395324707
  },
  "just_eliminated": []
}