{
  "lambda": 2.3292482281278484,
  "n_active": 23,
  "val_balacc": 0.5573255000793946,
  "val_auc": 0.8528631870472179,
  "val_loss": 1.3089704141020775,
  "actual_epochs": 25,
  "norms": {
    "asymmetry": 9.902709007263184,
    "border_irregularity": 6.754375457763672,
    "colour_variation": 8.594931602478027,
    "diameter_large": 8.491294860839844,
    "atypical_pigment_network": 11.298521041870117,
    "blue_white_veil": 9.391304969787598,
    "atypical_vascular_pattern": 8.126253128051758,
    "irregular_streaks": 8.910918235778809,
    "irregular_pigmentation": 9.048737525939941,
    "irregular_dots_globules": 7.083179950714111,
    "regression_structures": 0.0,
    "symmetric_uniform": 8.181228637695312,
    "reticular_network": 9.730803489685059,
    "arborizing_vessels": 8.741684913635254,
    "blue_grey_ovoid_nests": 7.653414726257324,
    "ulceration": 9.003188133239746,
    "scaly_surface": 9.210091590881348,
    "strawberry_pattern": 8.38254165649414,
    "milia_like_cysts": 8.47160816192627,
    "comedo_like_openings": 9.122142791748047,
    "cerebriform_surface": 8.191164016723633,
    "central_white_patch": 7.587600231170654,
    "red_lacunae": 8.659285545349121,
    "healthy_skin": 8.064395904541016
  },
  "just_eliminated": []
}