{
  "lambda": 0.030590228625390608,
  "n_active": 24,
  "val_balacc": 0.5659220661432431,
  "val_auc": 0.8496930658597683,
  "val_loss": 1.3752298951148987,
  "actual_epochs": 12,
  "norms": {
    "asymmetry": 8.635618209838867,
    "border_irregularity": 7.694151878356934,
    "colour_variation": 8.440298080444336,
    "diameter_large": 8.308403968811035,
    "atypical_pigment_network": 8.227155685424805,
    "blue_white_veil": 8.658285140991211,
    "atypical_vascular_pattern": 8.012659072875977,
    "irregular_streaks": 8.020716667175293,
    "irregular_pigmentation": 8.04858684539795,
    "irregular_dots_globules": 7.61296272277832,
    "regression_structures": 8.173599243164062,
    "symmetric_uniform": 7.584336757659912,
    "reticular_network": 8.992033958435059,
    "arborizing_vessels": 8.297045707702637,
    "blue_grey_ovoid_nests": 8.343064308166504,
    "ulceration": 8.216289520263672,
    "scaly_surface": 8.506068229675293,
    "strawberry_pattern": 7.774805068969727,
    "milia_like_cysts": 8.044448852539062,
    "comedo_like_openings": 8.860593795776367,
    "cerebriform_surface": 9.131678581237793,
    "central_white_patch": 8.769641876220703,
    "red_lacunae": 8.639054298400879,
    "healthy_skin": 8.523015022277832
  },
  "just_eliminated": []
}