{
  "lambda": 0.04045557735707907,
  "n_active": 24,
  "val_balacc": 0.5854690713819135,
  "val_auc": 0.8467133495150111,
  "val_loss": 1.3522242605686188,
  "actual_epochs": 11,
  "norms": {
    "asymmetry": 8.114027976989746,
    "border_irregularity": 7.6904754638671875,
    "colour_variation": 9.110237121582031,
    "diameter_large": 8.84699535369873,
    "atypical_pigment_network": 8.979073524475098,
    "blue_white_veil": 8.698641777038574,
    "atypical_vascular_pattern": 7.994421005249023,
    "irregular_streaks": 8.053182601928711,
    "irregular_pigmentation": 8.34687328338623,
    "irregular_dots_globules": 7.158020973205566,
    "regression_structures": 7.483696460723877,
    "symmetric_uniform": 8.472132682800293,
    "reticular_network": 8.72311782836914,
    "arborizing_vessels": 8.30671501159668,
    "blue_grey_ovoid_nests": 8.161691665649414,
    "ulceration": 7.953774452209473,
    "scaly_surface": 8.673343658447266,
    "strawberry_pattern": 7.763066291809082,
    "milia_like_cysts": 8.161552429199219,
    "comedo_like_openings": 8.635960578918457,
    "cerebriform_surface": 9.379768371582031,
    "central_white_patch": 8.570319175720215,
    "red_lacunae": 8.385421752929688,
    "healthy_skin": 8.466465950012207
  },
  "just_eliminated": []
}