{
  "lambda": 18.95323638189344,
  "n_active": 9,
  "val_balacc": 0.5269508082136813,
  "val_auc": 0.8032968913260051,
  "val_loss": 1.437466599047184,
  "actual_epochs": 12,
  "norms": {
    "asymmetry": 0.0,
    "border_irregularity": 0.0,
    "colour_variation": 0.0,
    "diameter_large": 2.864102363586426,
    "atypical_pigment_network": 2.3484890460968018,
    "blue_white_veil": 0.0,
    "atypical_vascular_pattern": 0.0,
    "irregular_streaks": 0.0,
    "irregular_pigmentation": 0.0,
    "irregular_dots_globules": 0.0,
    "regression_structures": 0.0,
    "symmetric_uniform": 0.0,
    "reticular_network": 3.4738776683807373,
    "arborizing_vessels": 0.0,
    "blue_grey_ovoid_nests": 2.0763511657714844,
    "ulceration": 1.7576743364334106,
    "scaly_surface": 3.225534677505493,
    "strawberry_pattern": 0.0,
    "milia_like_cysts": 2.8346829414367676,
    "comedo_like_openings": 0.0,
    "cerebriform_surface": 0.0,
    "central_white_patch": 2.890329122543335,
    "red_lacunae": 2.747523069381714,
    "healthy_skin": 0.0
  },
  "just_eliminated": []
}