{
  "lambda": 2.3292482281278484,
  "n_active": 24,
  "val_balacc": 0.5570210859839536,
  "val_auc": 0.8549022880940357,
  "val_loss": 1.2940393835306168,
  "actual_epochs": 30,
  "norms": {
    "asymmetry": 7.822879314422607,
    "border_irregularity": 5.811706066131592,
    "colour_variation": 7.566201210021973,
    "diameter_large": 6.706945419311523,
    "atypical_pigment_network": 8.41950798034668,
    "blue_white_veil": 9.581957817077637,
    "atypical_vascular_pattern": 7.358381271362305,
    "irregular_streaks": 7.270143508911133,
    "irregular_pigmentation": 7.395908832550049,
    "irregular_dots_globules": 5.504486560821533,
    "regression_structures": 7.148575305938721,
    "symmetric_uniform": 6.06207275390625,
    "reticular_network": 10.582297325134277,
    "arborizing_vessels": 7.011218547821045,
    "blue_grey_ovoid_nests": 6.695247650146484,
    "ulceration": 7.6531877517700195,
    "scaly_surface": 8.054462432861328,
    "strawberry_pattern": 8.009403228759766,
    "milia_like_cysts": 6.579580307006836,
    "comedo_like_openings": 8.378368377685547,
    "cerebriform_surface": 8.427935600280762,
    "central_white_patch": 7.786969184875488,
    "red_lacunae": 7.4675798416137695,
    "healthy_skin": 7.767125129699707
  },
  "just_eliminated": []
}