{
  "lambda": 0.14231771646040078,
  "n_active": 24,
  "val_balacc": 0.527061328213254,
  "val_auc": 0.8503824954013878,
  "val_loss": 1.4534138888120651,
  "actual_epochs": 28,
  "norms": {
    "asymmetry": 10.317392349243164,
    "border_irregularity": 8.997724533081055,
    "colour_variation": 10.653916358947754,
    "diameter_large": 10.315006256103516,
    "atypical_pigment_network": 11.255512237548828,
    "blue_white_veil": 11.496025085449219,
    "atypical_vascular_pattern": 10.055841445922852,
    "irregular_streaks": 9.682656288146973,
    "irregular_pigmentation": 9.471174240112305,
    "irregular_dots_globules": 7.410910606384277,
    "regression_structures": 9.748434066772461,
    "symmetric_uniform": 9.431449890136719,
    "reticular_network": 10.936979293823242,
    "arborizing_vessels": 9.454448699951172,
    "blue_grey_ovoid_nests": 10.070342063903809,
    "ulceration": 10.01046371459961,
    "scaly_surface": 11.553346633911133,
    "strawberry_pattern": 10.019219398498535,
    "milia_like_cysts": 9.408342361450195,
    "comedo_like_openings": 10.94942855834961,
    "cerebriform_surface": 10.865090370178223,
    "central_white_patch": 9.877335548400879,
    "red_lacunae": 9.753458023071289,
    "healthy_skin": 10.672961235046387
  },
  "just_eliminated": []
}