{
  "lambda": 1.3317552342239194,
  "n_active": 24,
  "val_balacc": 0.5333261563045134,
  "val_auc": 0.850410494367417,
  "val_loss": 1.389887198805809,
  "actual_epochs": 41,
  "norms": {
    "asymmetry": 7.5196852684021,
    "border_irregularity": 7.628800868988037,
    "colour_variation": 9.909541130065918,
    "diameter_large": 9.555675506591797,
    "atypical_pigment_network": 9.942594528198242,
    "blue_white_veil": 11.155896186828613,
    "atypical_vascular_pattern": 9.015334129333496,
    "irregular_streaks": 9.622982025146484,
    "irregular_pigmentation": 10.091623306274414,
    "irregular_dots_globules": 7.371611595153809,
    "regression_structures": 8.924084663391113,
    "symmetric_uniform": 8.654681205749512,
    "reticular_network": 10.453990936279297,
    "arborizing_vessels": 9.52857494354248,
    "blue_grey_ovoid_nests": 9.4795503616333,
    "ulceration": 10.09046459197998,
    "scaly_surface": 10.212206840515137,
    "strawberry_pattern": 8.528724670410156,
    "milia_like_cysts": 9.938922882080078,
    "comedo_like_openings": 9.814833641052246,
    "cerebriform_surface": 10.257879257202148,
    "central_white_patch": 8.561747550964355,
    "red_lacunae": 9.441716194152832,
    "healthy_skin": 8.972039222717285
  },
  "just_eliminated": []
}