{
  "lambda": 0.01,
  "n_active": 24,
  "val_balacc": 0.6005668525371215,
  "val_auc": 0.8562135945338454,
  "val_loss": 1.2774890884757042,
  "actual_epochs": 41,
  "norms": {
    "asymmetry": 7.323061943054199,
    "border_irregularity": 7.321771144866943,
    "colour_variation": 7.398416042327881,
    "diameter_large": 7.433497905731201,
    "atypical_pigment_network": 7.7802228927612305,
    "blue_white_veil": 7.594009876251221,
    "atypical_vascular_pattern": 7.325540065765381,
    "irregular_streaks": 7.337307453155518,
    "irregular_pigmentation": 7.280917167663574,
    "irregular_dots_globules": 7.135244846343994,
    "regression_structures": 6.992466926574707,
    "symmetric_uniform": 7.273958206176758,
    "reticular_network": 7.822885513305664,
    "arborizing_vessels": 6.984466075897217,
    "blue_grey_ovoid_nests": 7.362302780151367,
    "ulceration": 7.013140678405762,
    "scaly_surface": 7.643251895904541,
    "strawberry_pattern": 7.365574836730957,
    "milia_like_cysts": 7.172865390777588,
    "comedo_like_openings": 7.589296340942383,
    "cerebriform_surface": 7.50762414932251,
    "central_white_patch": 7.576672554016113,
    "red_lacunae": 7.483794689178467,
    "healthy_skin": 7.585875034332275
  },
  "just_eliminated": []
}