{
  "lambda": 0.05350250105473706,
  "n_active": 24,
  "val_balacc": 0.5607447610937039,
  "val_auc": 0.8496530286021339,
  "val_loss": 1.4413022622466087,
  "actual_epochs": 29,
  "norms": {
    "asymmetry": 8.30914306640625,
    "border_irregularity": 8.519733428955078,
    "colour_variation": 9.443395614624023,
    "diameter_large": 8.783336639404297,
    "atypical_pigment_network": 8.956453323364258,
    "blue_white_veil": 9.149079322814941,
    "atypical_vascular_pattern": 8.664005279541016,
    "irregular_streaks": 8.876106262207031,
    "irregular_pigmentation": 9.07482624053955,
    "irregular_dots_globules": 8.877026557922363,
    "regression_structures": 8.171730041503906,
    "symmetric_uniform": 8.644165992736816,
    "reticular_network": 9.418253898620605,
    "arborizing_vessels": 9.512707710266113,
    "blue_grey_ovoid_nests": 8.884944915771484,
    "ulceration": 8.795628547668457,
    "scaly_surface": 9.19858455657959,
    "strawberry_pattern": 8.675612449645996,
    "milia_like_cysts": 8.886942863464355,
    "comedo_like_openings": 9.456208229064941,
    "cerebriform_surface": 9.757015228271484,
    "central_white_patch": 9.291057586669922,
    "red_lacunae": 9.410538673400879,
    "healthy_skin": 9.042786598205566
  },
  "just_eliminated": []
}