{
  "lambda": 0.24891457557496874,
  "n_active": 24,
  "val_balacc": 0.5448902369374553,
  "val_auc": 0.8437795201044638,
  "val_loss": 1.5107132568955421,
  "actual_epochs": 13,
  "norms": {
    "asymmetry": 9.247042655944824,
    "border_irregularity": 9.652481079101562,
    "colour_variation": 10.809566497802734,
    "diameter_large": 10.099997520446777,
    "atypical_pigment_network": 10.93140697479248,
    "blue_white_veil": 11.057950019836426,
    "atypical_vascular_pattern": 10.390759468078613,
    "irregular_streaks": 10.560526847839355,
    "irregular_pigmentation": 10.609323501586914,
    "irregular_dots_globules": 10.854065895080566,
    "regression_structures": 9.260844230651855,
    "symmetric_uniform": 10.032824516296387,
    "reticular_network": 10.684391021728516,
    "arborizing_vessels": 10.719311714172363,
    "blue_grey_ovoid_nests": 10.159936904907227,
    "ulceration": 10.91476058959961,
    "scaly_surface": 10.726466178894043,
    "strawberry_pattern": 10.380387306213379,
    "milia_like_cysts": 10.37080192565918,
    "comedo_like_openings": 10.849688529968262,
    "cerebriform_surface": 11.436506271362305,
    "central_white_patch": 10.251638412475586,
    "red_lacunae": 11.046571731567383,
    "healthy_skin": 10.868795394897461
  },
  "just_eliminated": []
}