{
  "lambda": 0.14231771646040078,
  "n_active": 24,
  "val_balacc": 0.5527209737541028,
  "val_auc": 0.8475364334514223,
  "val_loss": 1.4473275542259216,
  "actual_epochs": 21,
  "norms": {
    "asymmetry": 10.891732215881348,
    "border_irregularity": 9.449323654174805,
    "colour_variation": 10.687118530273438,
    "diameter_large": 10.612903594970703,
    "atypical_pigment_network": 12.270572662353516,
    "blue_white_veil": 11.498302459716797,
    "atypical_vascular_pattern": 10.455650329589844,
    "irregular_streaks": 10.161299705505371,
    "irregular_pigmentation": 10.245954513549805,
    "irregular_dots_globules": 9.606695175170898,
    "regression_structures": 3.8859663009643555,
    "symmetric_uniform": 9.908855438232422,
    "reticular_network": 10.957923889160156,
    "arborizing_vessels": 10.669140815734863,
    "blue_grey_ovoid_nests": 9.569745063781738,
    "ulceration": 10.430161476135254,
    "scaly_surface": 11.190418243408203,
    "strawberry_pattern": 10.207786560058594,
    "milia_like_cysts": 10.897557258605957,
    "comedo_like_openings": 10.615160942077637,
    "cerebriform_surface": 10.526524543762207,
    "central_white_patch": 9.736957550048828,
    "red_lacunae": 10.727190971374512,
    "healthy_skin": 10.197469711303711
  },
  "just_eliminated": []
}