{
  "lambda": 0.023130607656249993,
  "n_active": 24,
  "val_balacc": 0.5666646038401134,
  "val_auc": 0.8505270731786729,
  "val_loss": 1.3219855800271034,
  "actual_epochs": 36,
  "norms": {
    "asymmetry": 8.534894943237305,
    "border_irregularity": 7.666705131530762,
    "colour_variation": 8.197029113769531,
    "diameter_large": 8.59710693359375,
    "atypical_pigment_network": 8.821124076843262,
    "blue_white_veil": 8.516035079956055,
    "atypical_vascular_pattern": 8.233756065368652,
    "irregular_streaks": 7.892334938049316,
    "irregular_pigmentation": 7.604197978973389,
    "irregular_dots_globules": 7.962098121643066,
    "regression_structures": 5.545414447784424,
    "symmetric_uniform": 8.136528968811035,
    "reticular_network": 8.755672454833984,
    "arborizing_vessels": 8.595296859741211,
    "blue_grey_ovoid_nests": 8.02336311340332,
    "ulceration": 7.862529754638672,
    "scaly_surface": 8.748390197753906,
    "strawberry_pattern": 8.056679725646973,
    "milia_like_cysts": 8.041972160339355,
    "comedo_like_openings": 7.920119762420654,
    "cerebriform_surface": 8.543815612792969,
    "central_white_patch": 8.111739158630371,
    "red_lacunae": 8.645051956176758,
    "healthy_skin": 7.977669715881348
  },
  "just_eliminated": []
}