{
  "lambda": 0.013224999999999999,
  "n_active": 24,
  "val_balacc": 0.554105019757631,
  "val_auc": 0.8496712241939299,
  "val_loss": 1.3361003547906876,
  "actual_epochs": 17,
  "norms": {
    "asymmetry": 7.6582112312316895,
    "border_irregularity": 7.046823024749756,
    "colour_variation": 7.363269329071045,
    "diameter_large": 7.8954620361328125,
    "atypical_pigment_network": 7.771448135375977,
    "blue_white_veil": 7.593898296356201,
    "atypical_vascular_pattern": 7.375343322753906,
    "irregular_streaks": 7.432336330413818,
    "irregular_pigmentation": 6.971695899963379,
    "irregular_dots_globules": 7.284827709197998,
    "regression_structures": 6.232859134674072,
    "symmetric_uniform": 7.514171123504639,
    "reticular_network": 8.009722709655762,
    "arborizing_vessels": 7.771069049835205,
    "blue_grey_ovoid_nests": 7.3172502517700195,
    "ulceration": 7.027495384216309,
    "scaly_surface": 7.98356819152832,
    "strawberry_pattern": 7.423176288604736,
    "milia_like_cysts": 7.191070079803467,
    "comedo_like_openings": 7.187140941619873,
    "cerebriform_surface": 7.56312894821167,
    "central_white_patch": 7.392332553863525,
    "red_lacunae": 7.938085556030273,
    "healthy_skin": 7.280835151672363
  },
  "just_eliminated": []
}