{
  "lambda": 0.06152787621294761,
  "n_active": 24,
  "val_balacc": 0.5841261361972384,
  "val_auc": 0.8500106597400211,
  "val_loss": 1.3921558037400246,
  "actual_epochs": 20,
  "norms": {
    "asymmetry": 8.359480857849121,
    "border_irregularity": 8.07238483428955,
    "colour_variation": 9.640667915344238,
    "diameter_large": 9.39255428314209,
    "atypical_pigment_network": 9.409388542175293,
    "blue_white_veil": 9.377569198608398,
    "atypical_vascular_pattern": 8.547506332397461,
    "irregular_streaks": 8.641324043273926,
    "irregular_pigmentation": 8.83554744720459,
    "irregular_dots_globules": 7.35587215423584,
    "regression_structures": 8.077017784118652,
    "symmetric_uniform": 8.781930923461914,
    "reticular_network": 9.229053497314453,
    "arborizing_vessels": 8.81873893737793,
    "blue_grey_ovoid_nests": 8.65403938293457,
    "ulceration": 8.507524490356445,
    "scaly_surface": 9.221673011779785,
    "strawberry_pattern": 8.139616966247559,
    "milia_like_cysts": 8.485939979553223,
    "comedo_like_openings": 9.273086547851562,
    "cerebriform_surface": 9.956286430358887,
    "central_white_patch": 8.923762321472168,
    "red_lacunae": 8.867525100708008,
    "healthy_skin": 8.892890930175781
  },
  "just_eliminated": []
}