{
  "lambda": 4.684950165116586,
  "n_active": 24,
  "val_balacc": 0.581186243934173,
  "val_auc": 0.8542874488449026,
  "val_loss": 1.2551291063427925,
  "actual_epochs": 11,
  "norms": {
    "asymmetry": 5.218687057495117,
    "border_irregularity": 2.2164361476898193,
    "colour_variation": 5.23763370513916,
    "diameter_large": 4.89394998550415,
    "atypical_pigment_network": 5.335595607757568,
    "blue_white_veil": 6.485922336578369,
    "atypical_vascular_pattern": 4.0832719802856445,
    "irregular_streaks": 4.342227458953857,
    "irregular_pigmentation": 4.469852447509766,
    "irregular_dots_globules": 2.8741519451141357,
    "regression_structures": 3.295135736465454,
    "symmetric_uniform": 2.2637250423431396,
    "reticular_network": 7.4070353507995605,
    "arborizing_vessels": 4.288208961486816,
    "blue_grey_ovoid_nests": 4.416983604431152,
    "ulceration": 5.036592483520508,
    "scaly_surface": 5.556124210357666,
    "strawberry_pattern": 4.990817546844482,
    "milia_like_cysts": 3.0459420680999756,
    "comedo_like_openings": 5.911468505859375,
    "cerebriform_surface": 5.548548221588135,
    "central_white_patch": 5.559528350830078,
    "red_lacunae": 5.091912269592285,
    "healthy_skin": 4.832085609436035
  },
  "just_eliminated": []
}