{
  "lambda": 0.12375453605252242,
  "n_active": 24,
  "val_balacc": 0.5269412105232328,
  "val_auc": 0.8514969663701946,
  "val_loss": 1.4696208164095879,
  "actual_epochs": 27,
  "norms": {
    "asymmetry": 10.210545539855957,
    "border_irregularity": 8.922842979431152,
    "colour_variation": 10.507972717285156,
    "diameter_large": 10.180917739868164,
    "atypical_pigment_network": 11.049924850463867,
    "blue_white_veil": 11.219069480895996,
    "atypical_vascular_pattern": 9.895790100097656,
    "irregular_streaks": 9.594481468200684,
    "irregular_pigmentation": 9.334692001342773,
    "irregular_dots_globules": 7.337986946105957,
    "regression_structures": 9.582345008850098,
    "symmetric_uniform": 9.298970222473145,
    "reticular_network": 10.752286911010742,
    "arborizing_vessels": 9.30650806427002,
    "blue_grey_ovoid_nests": 9.959724426269531,
    "ulceration": 9.782295227050781,
    "scaly_surface": 11.321795463562012,
    "strawberry_pattern": 9.929678916931152,
    "milia_like_cysts": 9.2108154296875,
    "comedo_like_openings": 10.857098579406738,
    "cerebriform_surface": 10.75174617767334,
    "central_white_patch": 9.822166442871094,
    "red_lacunae": 9.619939804077148,
    "healthy_skin": 10.540228843688965
  },
  "just_eliminated": []
}