{
  "lambda": 0.37856795512758057,
  "n_active": 24,
  "val_balacc": 0.5175832385787288,
  "val_auc": 0.8493348938442824,
  "val_loss": 1.5007376074790955,
  "actual_epochs": 11,
  "norms": {
    "asymmetry": 10.829978942871094,
    "border_irregularity": 9.15687084197998,
    "colour_variation": 11.217423439025879,
    "diameter_large": 10.751350402832031,
    "atypical_pigment_network": 11.747834205627441,
    "blue_white_veil": 12.593403816223145,
    "atypical_vascular_pattern": 10.481382369995117,
    "irregular_streaks": 10.008893966674805,
    "irregular_pigmentation": 9.869097709655762,
    "irregular_dots_globules": 7.443443298339844,
    "regression_structures": 10.178398132324219,
    "symmetric_uniform": 9.678717613220215,
    "reticular_network": 11.43497371673584,
    "arborizing_vessels": 9.634642601013184,
    "blue_grey_ovoid_nests": 10.30629825592041,
    "ulceration": 10.650036811828613,
    "scaly_surface": 12.159768104553223,
    "strawberry_pattern": 10.465484619140625,
    "milia_like_cysts": 9.869099617004395,
    "comedo_like_openings": 11.138236999511719,
    "cerebriform_surface": 11.120818138122559,
    "central_white_patch": 10.145049095153809,
    "red_lacunae": 9.93111801147461,
    "healthy_skin": 11.182992935180664
  },
  "just_eliminated": []
}