{
  "lambda": 0.04045557735707907,
  "n_active": 24,
  "val_balacc": 0.5460473328565103,
  "val_auc": 0.8540902503147555,
  "val_loss": 1.3928743600845337,
  "actual_epochs": 24,
  "norms": {
    "asymmetry": 9.110389709472656,
    "border_irregularity": 8.261316299438477,
    "colour_variation": 9.255913734436035,
    "diameter_large": 9.03902816772461,
    "atypical_pigment_network": 9.690596580505371,
    "blue_white_veil": 9.515387535095215,
    "atypical_vascular_pattern": 8.810388565063477,
    "irregular_streaks": 8.571194648742676,
    "irregular_pigmentation": 8.448576927185059,
    "irregular_dots_globules": 6.969982624053955,
    "regression_structures": 8.391963958740234,
    "symmetric_uniform": 8.501974105834961,
    "reticular_network": 9.517436981201172,
    "arborizing_vessels": 8.484941482543945,
    "blue_grey_ovoid_nests": 8.980064392089844,
    "ulceration": 8.380071640014648,
    "scaly_surface": 9.885910034179688,
    "strawberry_pattern": 8.809528350830078,
    "milia_like_cysts": 8.147687911987305,
    "comedo_like_openings": 9.84773063659668,
    "cerebriform_surface": 9.555008888244629,
    "central_white_patch": 9.04523754119873,
    "red_lacunae": 8.793075561523438,
    "healthy_skin": 9.373230934143066
  },
  "just_eliminated": []
}