{
  "lambda": 1.0069982867477654,
  "n_active": 24,
  "val_balacc": 0.5308125772396,
  "val_auc": 0.8513382789764344,
  "val_loss": 1.4473923593759537,
  "actual_epochs": 28,
  "norms": {
    "asymmetry": 10.425177574157715,
    "border_irregularity": 8.434943199157715,
    "colour_variation": 10.914103507995605,
    "diameter_large": 10.211479187011719,
    "atypical_pigment_network": 11.455303192138672,
    "blue_white_veil": 13.089986801147461,
    "atypical_vascular_pattern": 9.93399429321289,
    "irregular_streaks": 9.337371826171875,
    "irregular_pigmentation": 9.418425559997559,
    "irregular_dots_globules": 6.516685962677002,
    "regression_structures": 9.801095008850098,
    "symmetric_uniform": 8.856752395629883,
    "reticular_network": 11.050603866577148,
    "arborizing_vessels": 9.023175239562988,
    "blue_grey_ovoid_nests": 9.752554893493652,
    "ulceration": 10.535906791687012,
    "scaly_surface": 11.932450294494629,
    "strawberry_pattern": 10.183963775634766,
    "milia_like_cysts": 9.480464935302734,
    "comedo_like_openings": 10.508842468261719,
    "cerebriform_surface": 10.766531944274902,
    "central_white_patch": 9.530353546142578,
    "red_lacunae": 9.300895690917969,
    "healthy_skin": 10.803730964660645
  },
  "just_eliminated": []
}