{
  "lambda": 1.5315185193575074,
  "n_active": 24,
  "val_balacc": 0.5565587669479987,
  "val_auc": 0.8534524576188873,
  "val_loss": 1.3764647245407104,
  "actual_epochs": 34,
  "norms": {
    "asymmetry": 9.403158187866211,
    "border_irregularity": 7.2600812911987305,
    "colour_variation": 9.893855094909668,
    "diameter_large": 9.357677459716797,
    "atypical_pigment_network": 10.526468276977539,
    "blue_white_veil": 12.679854393005371,
    "atypical_vascular_pattern": 8.923192977905273,
    "irregular_streaks": 8.320556640625,
    "irregular_pigmentation": 8.370521545410156,
    "irregular_dots_globules": 5.200521945953369,
    "regression_structures": 8.742424964904785,
    "symmetric_uniform": 7.733935832977295,
    "reticular_network": 10.264735221862793,
    "arborizing_vessels": 7.9331889152526855,
    "blue_grey_ovoid_nests": 8.810895919799805,
    "ulceration": 9.539669036865234,
    "scaly_surface": 11.105361938476562,
    "strawberry_pattern": 9.196968078613281,
    "milia_like_cysts": 8.469855308532715,
    "comedo_like_openings": 9.386100769042969,
    "cerebriform_surface": 9.88682746887207,
    "central_white_patch": 8.575761795043945,
    "red_lacunae": 8.358356475830078,
    "healthy_skin": 9.824156761169434
  },
  "just_eliminated": []
}