{
  "lambda": 0.28625176191121404,
  "n_active": 24,
  "val_balacc": 0.5433617693709261,
  "val_auc": 0.8501853266290768,
  "val_loss": 1.4589858055114746,
  "actual_epochs": 33,
  "norms": {
    "asymmetry": 10.252305030822754,
    "border_irregularity": 9.00965404510498,
    "colour_variation": 10.562230110168457,
    "diameter_large": 9.398463249206543,
    "atypical_pigment_network": 10.625706672668457,
    "blue_white_veil": 11.745783805847168,
    "atypical_vascular_pattern": 10.13412857055664,
    "irregular_streaks": 9.986528396606445,
    "irregular_pigmentation": 10.171435356140137,
    "irregular_dots_globules": 8.560664176940918,
    "regression_structures": 10.068742752075195,
    "symmetric_uniform": 9.051993370056152,
    "reticular_network": 12.10604476928711,
    "arborizing_vessels": 9.866854667663574,
    "blue_grey_ovoid_nests": 9.41293716430664,
    "ulceration": 10.067601203918457,
    "scaly_surface": 10.748285293579102,
    "strawberry_pattern": 10.099577903747559,
    "milia_like_cysts": 9.612346649169922,
    "comedo_like_openings": 10.769161224365234,
    "cerebriform_surface": 11.022754669189453,
    "central_white_patch": 10.370445251464844,
    "red_lacunae": 10.131200790405273,
    "healthy_skin": 10.458386421203613
  },
  "just_eliminated": []
}