{
  "lambda": 16.481075114689947,
  "n_active": 9,
  "val_balacc": 0.532686053148823,
  "val_auc": 0.8040020608062397,
  "val_loss": 1.4019057974219322,
  "actual_epochs": 13,
  "norms": {
    "asymmetry": 0.0,
    "border_irregularity": 0.0,
    "colour_variation": 3.165146827697754,
    "diameter_large": 3.0453317165374756,
    "atypical_pigment_network": 0.0,
    "blue_white_veil": 0.0,
    "atypical_vascular_pattern": 0.0,
    "irregular_streaks": 0.0,
    "irregular_pigmentation": 0.0,
    "irregular_dots_globules": 0.0,
    "regression_structures": 0.0,
    "symmetric_uniform": 0.0,
    "reticular_network": 3.7160916328430176,
    "arborizing_vessels": 0.0,
    "blue_grey_ovoid_nests": 1.950034737586975,
    "ulceration": 0.0,
    "scaly_surface": 3.3538219928741455,
    "strawberry_pattern": 0.0,
    "milia_like_cysts": 0.0,
    "comedo_like_openings": 2.8390893936157227,
    "cerebriform_surface": 1.568524718284607,
    "central_white_patch": 2.823147773742676,
    "red_lacunae": 2.9255969524383545,
    "healthy_skin": 0.0
  },
  "just_eliminated": [
    "ulceration"
  ]
}