{
  "lambda": 0.8756506841284916,
  "n_active": 24,
  "val_balacc": 0.5446824259962215,
  "val_auc": 0.8487775172079516,
  "val_loss": 1.4734359234571457,
  "actual_epochs": 21,
  "norms": {
    "asymmetry": 8.974686622619629,
    "border_irregularity": 9.116239547729492,
    "colour_variation": 10.658943176269531,
    "diameter_large": 9.631243705749512,
    "atypical_pigment_network": 11.094717979431152,
    "blue_white_veil": 11.040580749511719,
    "atypical_vascular_pattern": 10.1888427734375,
    "irregular_streaks": 11.02507495880127,
    "irregular_pigmentation": 10.643951416015625,
    "irregular_dots_globules": 10.842626571655273,
    "regression_structures": 8.832260131835938,
    "symmetric_uniform": 10.160820007324219,
    "reticular_network": 10.490657806396484,
    "arborizing_vessels": 10.590173721313477,
    "blue_grey_ovoid_nests": 9.98006534576416,
    "ulceration": 11.075834274291992,
    "scaly_surface": 10.67681884765625,
    "strawberry_pattern": 10.4715576171875,
    "milia_like_cysts": 9.98080825805664,
    "comedo_like_openings": 11.011693000793457,
    "cerebriform_surface": 11.368834495544434,
    "central_white_patch": 9.971915245056152,
    "red_lacunae": 10.89769458770752,
    "healthy_skin": 11.190448760986328
  },
  "just_eliminated": []
}