{
  "lambda": 0.023130607656249993,
  "n_active": 24,
  "val_balacc": 0.5778153392754269,
  "val_auc": 0.8490627153570951,
  "val_loss": 1.3627470955252647,
  "actual_epochs": 22,
  "norms": {
    "asymmetry": 8.3197603225708,
    "border_irregularity": 7.482858657836914,
    "colour_variation": 8.063569068908691,
    "diameter_large": 7.993027687072754,
    "atypical_pigment_network": 7.884452819824219,
    "blue_white_veil": 8.197453498840332,
    "atypical_vascular_pattern": 7.678939342498779,
    "irregular_streaks": 7.6730146408081055,
    "irregular_pigmentation": 7.759725093841553,
    "irregular_dots_globules": 7.444703102111816,
    "regression_structures": 7.8831658363342285,
    "symmetric_uniform": 7.327945709228516,
    "reticular_network": 8.453632354736328,
    "arborizing_vessels": 7.924459934234619,
    "blue_grey_ovoid_nests": 8.131926536560059,
    "ulceration": 7.958683013916016,
    "scaly_surface": 8.068239212036133,
    "strawberry_pattern": 7.4364519119262695,
    "milia_like_cysts": 7.805413722991943,
    "comedo_like_openings": 8.435260772705078,
    "cerebriform_surface": 8.812603950500488,
    "central_white_patch": 8.396292686462402,
    "red_lacunae": 8.339564323425293,
    "healthy_skin": 8.088078498840332
  },
  "just_eliminated": []
}