{
  "lambda": 2.025433241850303,
  "n_active": 24,
  "val_balacc": 0.5458162531240494,
  "val_auc": 0.8544909658028853,
  "val_loss": 1.3440016582608223,
  "actual_epochs": 21,
  "norms": {
    "asymmetry": 8.686328887939453,
    "border_irregularity": 6.326137065887451,
    "colour_variation": 9.237289428710938,
    "diameter_large": 8.818729400634766,
    "atypical_pigment_network": 9.853401184082031,
    "blue_white_veil": 12.239368438720703,
    "atypical_vascular_pattern": 8.160660743713379,
    "irregular_streaks": 7.642143249511719,
    "irregular_pigmentation": 7.665813446044922,
    "irregular_dots_globules": 4.138089656829834,
    "regression_structures": 7.924099445343018,
    "symmetric_uniform": 6.8837456703186035,
    "reticular_network": 9.638781547546387,
    "arborizing_vessels": 7.173711776733398,
    "blue_grey_ovoid_nests": 8.097280502319336,
    "ulceration": 8.763314247131348,
    "scaly_surface": 10.474266052246094,
    "strawberry_pattern": 8.549787521362305,
    "milia_like_cysts": 7.70127010345459,
    "comedo_like_openings": 8.598969459533691,
    "cerebriform_surface": 9.24344253540039,
    "central_white_patch": 7.9607696533203125,
    "red_lacunae": 7.69148588180542,
    "healthy_skin": 9.084223747253418
  },
  "just_eliminated": []
}