{
  "lambda": 14.33136966494778,
  "n_active": 10,
  "val_balacc": 0.5393282310774073,
  "val_auc": 0.8162174559145124,
  "val_loss": 1.377165723592043,
  "actual_epochs": 11,
  "norms": {
    "asymmetry": 0.0,
    "border_irregularity": 0.0,
    "colour_variation": 1.9116028547286987,
    "diameter_large": 3.369197130203247,
    "atypical_pigment_network": 2.7842423915863037,
    "blue_white_veil": 0.0,
    "atypical_vascular_pattern": 0.0,
    "irregular_streaks": 0.0,
    "irregular_pigmentation": 0.0,
    "irregular_dots_globules": 0.0,
    "regression_structures": 0.0,
    "symmetric_uniform": 0.0,
    "reticular_network": 3.7156968116760254,
    "arborizing_vessels": 0.0,
    "blue_grey_ovoid_nests": 2.4211952686309814,
    "ulceration": 2.0802805423736572,
    "scaly_surface": 3.7432315349578857,
    "strawberry_pattern": 0.0,
    "milia_like_cysts": 3.088404893875122,
    "comedo_like_openings": 0.0,
    "cerebriform_surface": 0.0,
    "central_white_patch": 3.3867664337158203,
    "red_lacunae": 3.15461802482605,
    "healthy_skin": 0.0
  },
  "just_eliminated": []
}