{
  "lambda": 2.3292482281278484,
  "n_active": 24,
  "val_balacc": 0.5645088745691933,
  "val_auc": 0.8540312908862764,
  "val_loss": 1.3294317424297333,
  "actual_epochs": 41,
  "norms": {
    "asymmetry": 6.5860161781311035,
    "border_irregularity": 6.307048320770264,
    "colour_variation": 8.259812355041504,
    "diameter_large": 7.256955623626709,
    "atypical_pigment_network": 8.896988868713379,
    "blue_white_veil": 8.738574028015137,
    "atypical_vascular_pattern": 7.577779769897461,
    "irregular_streaks": 9.277017593383789,
    "irregular_pigmentation": 8.406488418579102,
    "irregular_dots_globules": 8.188880920410156,
    "regression_structures": 6.021495342254639,
    "symmetric_uniform": 7.774112224578857,
    "reticular_network": 8.106443405151367,
    "arborizing_vessels": 8.10588550567627,
    "blue_grey_ovoid_nests": 7.479156970977783,
    "ulceration": 8.734130859375,
    "scaly_surface": 8.157751083374023,
    "strawberry_pattern": 8.379618644714355,
    "milia_like_cysts": 7.462021827697754,
    "comedo_like_openings": 8.811711311340332,
    "cerebriform_surface": 8.915972709655762,
    "central_white_patch": 7.847396373748779,
    "red_lacunae": 8.399393081665039,
    "healthy_skin": 8.784008979797363
  },
  "just_eliminated": []
}