{
  "lambda": 0.21644745702171198,
  "n_active": 24,
  "val_balacc": 0.5369042496864138,
  "val_auc": 0.8432386674001049,
  "val_loss": 1.4683345705270767,
  "actual_epochs": 13,
  "norms": {
    "asymmetry": 11.215545654296875,
    "border_irregularity": 9.647974014282227,
    "colour_variation": 10.888134956359863,
    "diameter_large": 10.812850952148438,
    "atypical_pigment_network": 12.784879684448242,
    "blue_white_veil": 11.799510955810547,
    "atypical_vascular_pattern": 10.67288875579834,
    "irregular_streaks": 10.5291109085083,
    "irregular_pigmentation": 10.56320571899414,
    "irregular_dots_globules": 9.79594898223877,
    "regression_structures": 3.5315873622894287,
    "symmetric_uniform": 10.189384460449219,
    "reticular_network": 11.343467712402344,
    "arborizing_vessels": 10.93326473236084,
    "blue_grey_ovoid_nests": 9.742898941040039,
    "ulceration": 10.774307250976562,
    "scaly_surface": 11.45241641998291,
    "strawberry_pattern": 10.45118522644043,
    "milia_like_cysts": 11.075472831726074,
    "comedo_like_openings": 10.934796333312988,
    "cerebriform_surface": 10.719449043273926,
    "central_white_patch": 9.818008422851562,
    "red_lacunae": 10.969772338867188,
    "healthy_skin": 10.381824493408203
  },
  "just_eliminated": []
}