{
  "lambda": 0.0351787629191992,
  "n_active": 24,
  "val_balacc": 0.5873685529794617,
  "val_auc": 0.8513665411996574,
  "val_loss": 1.3597599491477013,
  "actual_epochs": 27,
  "norms": {
    "asymmetry": 8.848942756652832,
    "border_irregularity": 7.795425891876221,
    "colour_variation": 8.684333801269531,
    "diameter_large": 8.438788414001465,
    "atypical_pigment_network": 8.439735412597656,
    "blue_white_veil": 8.89931869506836,
    "atypical_vascular_pattern": 8.229575157165527,
    "irregular_streaks": 8.197027206420898,
    "irregular_pigmentation": 8.2261381149292,
    "irregular_dots_globules": 7.698647499084473,
    "regression_structures": 8.322617530822754,
    "symmetric_uniform": 7.690513610839844,
    "reticular_network": 9.2536039352417,
    "arborizing_vessels": 8.455855369567871,
    "blue_grey_ovoid_nests": 8.42633056640625,
    "ulceration": 8.357349395751953,
    "scaly_surface": 8.76834487915039,
    "strawberry_pattern": 7.9596452713012695,
    "milia_like_cysts": 8.196590423583984,
    "comedo_like_openings": 9.073892593383789,
    "cerebriform_surface": 9.300702095031738,
    "central_white_patch": 8.919515609741211,
    "red_lacunae": 8.81938362121582,
    "healthy_skin": 8.747718811035156
  },
  "just_eliminated": []
}