{
  "lambda": 2.3292482281278484,
  "n_active": 24,
  "val_balacc": 0.549150806303602,
  "val_auc": 0.8526882505120081,
  "val_loss": 1.3089988231658936,
  "actual_epochs": 14,
  "norms": {
    "asymmetry": 5.91213846206665,
    "border_irregularity": 5.743514537811279,
    "colour_variation": 8.496968269348145,
    "diameter_large": 8.24355697631836,
    "atypical_pigment_network": 8.49269962310791,
    "blue_white_veil": 9.738214492797852,
    "atypical_vascular_pattern": 7.477534770965576,
    "irregular_streaks": 8.488368034362793,
    "irregular_pigmentation": 8.7227144241333,
    "irregular_dots_globules": 5.8069353103637695,
    "regression_structures": 7.4654693603515625,
    "symmetric_uniform": 7.005670547485352,
    "reticular_network": 9.149518013000488,
    "arborizing_vessels": 8.073587417602539,
    "blue_grey_ovoid_nests": 8.039406776428223,
    "ulceration": 8.722990036010742,
    "scaly_surface": 8.591980934143066,
    "strawberry_pattern": 7.048403739929199,
    "milia_like_cysts": 8.515530586242676,
    "comedo_like_openings": 8.408663749694824,
    "cerebriform_surface": 8.625646591186523,
    "central_white_patch": 7.356289386749268,
    "red_lacunae": 8.024673461914062,
    "healthy_skin": 7.386856555938721
  },
  "just_eliminated": []
}