{
  "lambda": 1.15804802975993,
  "n_active": 24,
  "val_balacc": 0.5512352360323224,
  "val_auc": 0.8497263320417102,
  "val_loss": 1.4123404696583748,
  "actual_epochs": 11,
  "norms": {
    "asymmetry": 7.800797939300537,
    "border_irregularity": 7.9379448890686035,
    "colour_variation": 10.159557342529297,
    "diameter_large": 9.834772109985352,
    "atypical_pigment_network": 10.180012702941895,
    "blue_white_veil": 11.36486530303955,
    "atypical_vascular_pattern": 9.304709434509277,
    "irregular_streaks": 9.79587459564209,
    "irregular_pigmentation": 10.290572166442871,
    "irregular_dots_globules": 7.676333904266357,
    "regression_structures": 9.15391731262207,
    "symmetric_uniform": 8.920516967773438,
    "reticular_network": 10.65235710144043,
    "arborizing_vessels": 9.77625560760498,
    "blue_grey_ovoid_nests": 9.726811408996582,
    "ulceration": 10.311155319213867,
    "scaly_surface": 10.442169189453125,
    "strawberry_pattern": 8.749202728271484,
    "milia_like_cysts": 10.14232349395752,
    "comedo_like_openings": 10.05219841003418,
    "cerebriform_surface": 10.52661418914795,
    "central_white_patch": 8.824357032775879,
    "red_lacunae": 9.678511619567871,
    "healthy_skin": 9.22952938079834
  },
  "just_eliminated": []
}