{
  "lambda": 0.02660019880468749,
  "n_active": 24,
  "val_balacc": 0.5701122510696405,
  "val_auc": 0.8516492427485395,
  "val_loss": 1.3568440973758698,
  "actual_epochs": 23,
  "norms": {
    "asymmetry": 8.560709953308105,
    "border_irregularity": 7.642401695251465,
    "colour_variation": 8.319669723510742,
    "diameter_large": 8.22208023071289,
    "atypical_pigment_network": 8.107234001159668,
    "blue_white_veil": 8.529247283935547,
    "atypical_vascular_pattern": 7.881658554077148,
    "irregular_streaks": 7.922915458679199,
    "irregular_pigmentation": 7.9591569900512695,
    "irregular_dots_globules": 7.5504608154296875,
    "regression_structures": 8.070883750915527,
    "symmetric_uniform": 7.528029918670654,
    "reticular_network": 8.809529304504395,
    "arborizing_vessels": 8.205301284790039,
    "blue_grey_ovoid_nests": 8.271103858947754,
    "ulceration": 8.150819778442383,
    "scaly_surface": 8.350831985473633,
    "strawberry_pattern": 7.669096946716309,
    "milia_like_cysts": 7.929150104522705,
    "comedo_like_openings": 8.724687576293945,
    "cerebriform_surface": 9.016390800476074,
    "central_white_patch": 8.64087200164795,
    "red_lacunae": 8.543505668640137,
    "healthy_skin": 8.391518592834473
  },
  "just_eliminated": []
}