{
  "lambda": 2.6786354623470254,
  "n_active": 24,
  "val_balacc": 0.5706248677926238,
  "val_auc": 0.8554855363261101,
  "val_loss": 1.2722714468836784,
  "actual_epochs": 50,
  "norms": {
    "asymmetry": 7.215948581695557,
    "border_irregularity": 5.004322052001953,
    "colour_variation": 6.941496849060059,
    "diameter_large": 6.180639266967773,
    "atypical_pigment_network": 7.747957229614258,
    "blue_white_veil": 8.86498737335205,
    "atypical_vascular_pattern": 6.529799461364746,
    "irregular_streaks": 6.541402339935303,
    "irregular_pigmentation": 6.567452907562256,
    "irregular_dots_globules": 4.710842132568359,
    "regression_structures": 6.340151786804199,
    "symmetric_uniform": 5.223680019378662,
    "reticular_network": 9.81921100616455,
    "arborizing_vessels": 6.3259596824646,
    "blue_grey_ovoid_nests": 6.041265964508057,
    "ulceration": 6.927828311920166,
    "scaly_surface": 7.32529354095459,
    "strawberry_pattern": 7.2807769775390625,
    "milia_like_cysts": 5.783995151519775,
    "comedo_like_openings": 7.824227809906006,
    "cerebriform_surface": 7.719550609588623,
    "central_white_patch": 7.2261528968811035,
    "red_lacunae": 6.834100723266602,
    "healthy_skin": 7.021906852722168
  },
  "just_eliminated": []
}