{
  "lambda": 0.030590228625390608,
  "n_active": 24,
  "val_balacc": 0.5911999570443386,
  "val_auc": 0.8506793471056762,
  "val_loss": 1.3515589088201523,
  "actual_epochs": 31,
  "norms": {
    "asymmetry": 8.000530242919922,
    "border_irregularity": 7.5391106605529785,
    "colour_variation": 8.886523246765137,
    "diameter_large": 8.577127456665039,
    "atypical_pigment_network": 8.786849975585938,
    "blue_white_veil": 8.412519454956055,
    "atypical_vascular_pattern": 7.768232822418213,
    "irregular_streaks": 7.801585674285889,
    "irregular_pigmentation": 8.149909019470215,
    "irregular_dots_globules": 7.078039646148682,
    "regression_structures": 7.20686149597168,
    "symmetric_uniform": 8.323147773742676,
    "reticular_network": 8.492040634155273,
    "arborizing_vessels": 8.074138641357422,
    "blue_grey_ovoid_nests": 7.994615077972412,
    "ulceration": 7.755313873291016,
    "scaly_surface": 8.406591415405273,
    "strawberry_pattern": 7.649038791656494,
    "milia_like_cysts": 7.888895511627197,
    "comedo_like_openings": 8.391676902770996,
    "cerebriform_surface": 9.144516944885254,
    "central_white_patch": 8.387563705444336,
    "red_lacunae": 8.178750038146973,
    "healthy_skin": 8.268720626831055
  },
  "just_eliminated": []
}