{
  "lambda": 0.0115,
  "n_active": 24,
  "val_balacc": 0.580042225319961,
  "val_auc": 0.8540710951439006,
  "val_loss": 1.3073407635092735,
  "actual_epochs": 16,
  "norms": {
    "asymmetry": 7.451454162597656,
    "border_irregularity": 7.398829936981201,
    "colour_variation": 7.771062850952148,
    "diameter_large": 6.804023742675781,
    "atypical_pigment_network": 7.134494781494141,
    "blue_white_veil": 7.540750026702881,
    "atypical_vascular_pattern": 7.233882904052734,
    "irregular_streaks": 7.152395725250244,
    "irregular_pigmentation": 7.656832218170166,
    "irregular_dots_globules": 7.448154926300049,
    "regression_structures": 7.239985466003418,
    "symmetric_uniform": 7.251449108123779,
    "reticular_network": 7.657221794128418,
    "arborizing_vessels": 7.460783958435059,
    "blue_grey_ovoid_nests": 7.446990966796875,
    "ulceration": 7.177613735198975,
    "scaly_surface": 7.662084102630615,
    "strawberry_pattern": 7.179177761077881,
    "milia_like_cysts": 7.3081560134887695,
    "comedo_like_openings": 7.284257888793945,
    "cerebriform_surface": 7.180881500244141,
    "central_white_patch": 7.887276649475098,
    "red_lacunae": 7.578299522399902,
    "healthy_skin": 7.3857502937316895
  },
  "just_eliminated": []
}