{
  "lambda": 5.387692689884073,
  "n_active": 23,
  "val_balacc": 0.5812836699717384,
  "val_auc": 0.8496085830864908,
  "val_loss": 1.2685069292783737,
  "actual_epochs": 11,
  "norms": {
    "asymmetry": 2.412794589996338,
    "border_irregularity": 0.0,
    "colour_variation": 4.635587215423584,
    "diameter_large": 5.268097877502441,
    "atypical_pigment_network": 4.363533973693848,
    "blue_white_veil": 4.851868629455566,
    "atypical_vascular_pattern": 2.7188634872436523,
    "irregular_streaks": 3.9537107944488525,
    "irregular_pigmentation": 4.753949165344238,
    "irregular_dots_globules": 2.4279119968414307,
    "regression_structures": 2.531310796737671,
    "symmetric_uniform": 1.7673419713974,
    "reticular_network": 5.575989723205566,
    "arborizing_vessels": 3.5609638690948486,
    "blue_grey_ovoid_nests": 4.252693176269531,
    "ulceration": 4.3567657470703125,
    "scaly_surface": 4.959462642669678,
    "strawberry_pattern": 3.0980637073516846,
    "milia_like_cysts": 3.572563409805298,
    "comedo_like_openings": 4.548755168914795,
    "cerebriform_surface": 4.5467753410339355,
    "central_white_patch": 4.573702335357666,
    "red_lacunae": 4.655203819274902,
    "healthy_skin": 3.098639726638794
  },
  "just_eliminated": []
}