{
  "lambda": 0.0115,
  "n_active": 24,
  "val_balacc": 0.5836961839054039,
  "val_auc": 0.8556148557947205,
  "val_loss": 1.2839694395661354,
  "actual_epochs": 19,
  "norms": {
    "asymmetry": 7.537839889526367,
    "border_irregularity": 7.2946391105651855,
    "colour_variation": 7.562870502471924,
    "diameter_large": 7.5336480140686035,
    "atypical_pigment_network": 7.9098124504089355,
    "blue_white_veil": 7.715981483459473,
    "atypical_vascular_pattern": 7.283369541168213,
    "irregular_streaks": 7.27014684677124,
    "irregular_pigmentation": 7.273619651794434,
    "irregular_dots_globules": 6.930624961853027,
    "regression_structures": 7.049895763397217,
    "symmetric_uniform": 7.252662181854248,
    "reticular_network": 7.912561416625977,
    "arborizing_vessels": 7.053712368011475,
    "blue_grey_ovoid_nests": 7.480698108673096,
    "ulceration": 7.0364556312561035,
    "scaly_surface": 7.788803577423096,
    "strawberry_pattern": 7.4414896965026855,
    "milia_like_cysts": 7.164673805236816,
    "comedo_like_openings": 7.6563215255737305,
    "cerebriform_surface": 7.660759925842285,
    "central_white_patch": 7.70481538772583,
    "red_lacunae": 7.4647932052612305,
    "healthy_skin": 7.682696342468262
  },
  "just_eliminated": []
}