{
  "lambda": 0.10761264004567168,
  "n_active": 24,
  "val_balacc": 0.5571405882659757,
  "val_auc": 0.8493486126257594,
  "val_loss": 1.4192502722144127,
  "actual_epochs": 24,
  "norms": {
    "asymmetry": 9.810396194458008,
    "border_irregularity": 8.441636085510254,
    "colour_variation": 9.868285179138184,
    "diameter_large": 9.12511157989502,
    "atypical_pigment_network": 9.64207935333252,
    "blue_white_veil": 10.54259204864502,
    "atypical_vascular_pattern": 9.442266464233398,
    "irregular_streaks": 9.252983093261719,
    "irregular_pigmentation": 9.410408973693848,
    "irregular_dots_globules": 8.19778823852539,
    "regression_structures": 9.31508731842041,
    "symmetric_uniform": 8.448090553283691,
    "reticular_network": 10.927446365356445,
    "arborizing_vessels": 9.35261058807373,
    "blue_grey_ovoid_nests": 9.003312110900879,
    "ulceration": 9.322774887084961,
    "scaly_surface": 10.006818771362305,
    "strawberry_pattern": 9.135908126831055,
    "milia_like_cysts": 9.120726585388184,
    "comedo_like_openings": 10.293524742126465,
    "cerebriform_surface": 10.355749130249023,
    "central_white_patch": 9.909584999084473,
    "red_lacunae": 9.692794799804688,
    "healthy_skin": 9.71567153930664
  },
  "just_eliminated": []
}