{
  "lambda": 1.3317552342239194,
  "n_active": 24,
  "val_balacc": 0.561680711349824,
  "val_auc": 0.8482738159321879,
  "val_loss": 1.4332494959235191,
  "actual_epochs": 13,
  "norms": {
    "asymmetry": 8.454574584960938,
    "border_irregularity": 8.432735443115234,
    "colour_variation": 10.142709732055664,
    "diameter_large": 9.083560943603516,
    "atypical_pigment_network": 10.629227638244629,
    "blue_white_veil": 10.58405876159668,
    "atypical_vascular_pattern": 9.61750316619873,
    "irregular_streaks": 10.779388427734375,
    "irregular_pigmentation": 10.25643253326416,
    "irregular_dots_globules": 10.318723678588867,
    "regression_structures": 8.159147262573242,
    "symmetric_uniform": 9.715828895568848,
    "reticular_network": 9.91755485534668,
    "arborizing_vessels": 10.107100486755371,
    "blue_grey_ovoid_nests": 9.47434139251709,
    "ulceration": 10.573959350585938,
    "scaly_surface": 10.122464179992676,
    "strawberry_pattern": 10.062231063842773,
    "milia_like_cysts": 9.328752517700195,
    "comedo_like_openings": 10.620490074157715,
    "cerebriform_surface": 10.892522811889648,
    "central_white_patch": 9.49138069152832,
    "red_lacunae": 10.35959529876709,
    "healthy_skin": 10.735566139221191
  },
  "just_eliminated": []
}