{
  "lambda": 0.017490062499999993,
  "n_active": 24,
  "val_balacc": 0.5695496755115405,
  "val_auc": 0.8506630897243763,
  "val_loss": 1.3172277808189392,
  "actual_epochs": 31,
  "norms": {
    "asymmetry": 8.089890480041504,
    "border_irregularity": 7.35177755355835,
    "colour_variation": 7.7398858070373535,
    "diameter_large": 8.183854103088379,
    "atypical_pigment_network": 8.323187828063965,
    "blue_white_veil": 8.040538787841797,
    "atypical_vascular_pattern": 7.746896743774414,
    "irregular_streaks": 7.623652458190918,
    "irregular_pigmentation": 7.190409183502197,
    "irregular_dots_globules": 7.552346706390381,
    "regression_structures": 5.893341541290283,
    "symmetric_uniform": 7.7621846199035645,
    "reticular_network": 8.408135414123535,
    "arborizing_vessels": 8.129182815551758,
    "blue_grey_ovoid_nests": 7.631664752960205,
    "ulceration": 7.393325328826904,
    "scaly_surface": 8.330767631530762,
    "strawberry_pattern": 7.735696315765381,
    "milia_like_cysts": 7.5434041023254395,
    "comedo_like_openings": 7.503983020782471,
    "cerebriform_surface": 8.055924415588379,
    "central_white_patch": 7.7268476486206055,
    "red_lacunae": 8.248001098632812,
    "healthy_skin": 7.552964687347412
  },
  "just_eliminated": []
}