{
  "lambda": 0.08137061629162322,
  "n_active": 24,
  "val_balacc": 0.5538896353317593,
  "val_auc": 0.8471659091878628,
  "val_loss": 1.397640511393547,
  "actual_epochs": 20,
  "norms": {
    "asymmetry": 8.517500877380371,
    "border_irregularity": 8.375822067260742,
    "colour_variation": 10.071035385131836,
    "diameter_large": 9.793871879577637,
    "atypical_pigment_network": 9.795421600341797,
    "blue_white_veil": 9.89903450012207,
    "atypical_vascular_pattern": 8.906903266906738,
    "irregular_streaks": 9.072669982910156,
    "irregular_pigmentation": 9.257741928100586,
    "irregular_dots_globules": 7.579381942749023,
    "regression_structures": 8.527606964111328,
    "symmetric_uniform": 9.044337272644043,
    "reticular_network": 9.67103385925293,
    "arborizing_vessels": 9.205509185791016,
    "blue_grey_ovoid_nests": 9.072981834411621,
    "ulceration": 8.919609069824219,
    "scaly_surface": 9.684066772460938,
    "strawberry_pattern": 8.438623428344727,
    "milia_like_cysts": 8.963744163513184,
    "comedo_like_openings": 9.620152473449707,
    "cerebriform_surface": 10.330168724060059,
    "central_white_patch": 9.121926307678223,
    "red_lacunae": 9.187911033630371,
    "healthy_skin": 9.18187141418457
  },
  "just_eliminated": []
}