{
  "lambda": 0.06152787621294761,
  "n_active": 24,
  "val_balacc": 0.5539095732040551,
  "val_auc": 0.8494930934058356,
  "val_loss": 1.3885341212153435,
  "actual_epochs": 33,
  "norms": {
    "asymmetry": 9.760649681091309,
    "border_irregularity": 8.676627159118652,
    "colour_variation": 9.724115371704102,
    "diameter_large": 9.836589813232422,
    "atypical_pigment_network": 10.640931129455566,
    "blue_white_veil": 10.288639068603516,
    "atypical_vascular_pattern": 9.46491527557373,
    "irregular_streaks": 9.004802703857422,
    "irregular_pigmentation": 9.007543563842773,
    "irregular_dots_globules": 8.828145980834961,
    "regression_structures": 4.650790214538574,
    "symmetric_uniform": 9.053262710571289,
    "reticular_network": 9.869782447814941,
    "arborizing_vessels": 9.776325225830078,
    "blue_grey_ovoid_nests": 9.023283958435059,
    "ulceration": 9.340039253234863,
    "scaly_surface": 10.081791877746582,
    "strawberry_pattern": 9.289103507995605,
    "milia_like_cysts": 9.700175285339355,
    "comedo_like_openings": 9.439653396606445,
    "cerebriform_surface": 9.669036865234375,
    "central_white_patch": 9.11315631866455,
    "red_lacunae": 9.827773094177246,
    "healthy_skin": 9.299720764160156
  },
  "just_eliminated": []
}