{
  "lambda": 28.825503382312178,
  "n_active": 7,
  "val_balacc": 0.4994962817126076,
  "val_auc": 0.7382214587946041,
  "val_loss": 1.5911661498248577,
  "actual_epochs": 11,
  "norms": {
    "asymmetry": 0.0,
    "border_irregularity": 0.0,
    "colour_variation": 0.0,
    "diameter_large": 2.182532548904419,
    "atypical_pigment_network": 2.16520357131958,
    "blue_white_veil": 0.0,
    "atypical_vascular_pattern": 0.0,
    "irregular_streaks": 0.0,
    "irregular_pigmentation": 0.0,
    "irregular_dots_globules": 0.0,
    "regression_structures": 0.0,
    "symmetric_uniform": 0.0,
    "reticular_network": 2.9802098274230957,
    "arborizing_vessels": 0.0,
    "blue_grey_ovoid_nests": 0.0,
    "ulceration": 0.0,
    "scaly_surface": 2.4189934730529785,
    "strawberry_pattern": 0.0,
    "milia_like_cysts": 2.0003950595855713,
    "comedo_like_openings": 0.0,
    "cerebriform_surface": 0.0,
    "central_white_patch": 2.2055811882019043,
    "red_lacunae": 1.412603735923767,
    "healthy_skin": 0.0
  },
  "just_eliminated": []
}