{
  "lambda": 0.0351787629191992,
  "n_active": 24,
  "val_balacc": 0.548860486226437,
  "val_auc": 0.8472015490970095,
  "val_loss": 1.3624247759580612,
  "actual_epochs": 19,
  "norms": {
    "asymmetry": 9.038983345031738,
    "border_irregularity": 8.101656913757324,
    "colour_variation": 8.86851978302002,
    "diameter_large": 9.133140563964844,
    "atypical_pigment_network": 9.627569198608398,
    "blue_white_veil": 9.274110794067383,
    "atypical_vascular_pattern": 8.762805938720703,
    "irregular_streaks": 8.322763442993164,
    "irregular_pigmentation": 8.236587524414062,
    "irregular_dots_globules": 8.355152130126953,
    "regression_structures": 5.153319835662842,
    "symmetric_uniform": 8.547032356262207,
    "reticular_network": 9.247976303100586,
    "arborizing_vessels": 9.072484970092773,
    "blue_grey_ovoid_nests": 8.525218963623047,
    "ulceration": 8.538323402404785,
    "scaly_surface": 9.354574203491211,
    "strawberry_pattern": 8.58969497680664,
    "milia_like_cysts": 8.844328880310059,
    "comedo_like_openings": 8.611557960510254,
    "cerebriform_surface": 9.127786636352539,
    "central_white_patch": 8.573007583618164,
    "red_lacunae": 9.179789543151855,
    "healthy_skin": 8.579507827758789
  },
  "just_eliminated": []
}