{
  "lambda": 0.14231771646040078,
  "n_active": 24,
  "val_balacc": 0.5516539746145018,
  "val_auc": 0.844766551438519,
  "val_loss": 1.461555190384388,
  "actual_epochs": 11,
  "norms": {
    "asymmetry": 9.977605819702148,
    "border_irregularity": 8.545312881469727,
    "colour_variation": 10.094992637634277,
    "diameter_large": 9.191767692565918,
    "atypical_pigment_network": 9.997005462646484,
    "blue_white_veil": 10.954767227172852,
    "atypical_vascular_pattern": 9.659345626831055,
    "irregular_streaks": 9.48421859741211,
    "irregular_pigmentation": 9.637837409973145,
    "irregular_dots_globules": 8.291288375854492,
    "regression_structures": 9.550869941711426,
    "symmetric_uniform": 8.625229835510254,
    "reticular_network": 11.25766658782959,
    "arborizing_vessels": 9.53010082244873,
    "blue_grey_ovoid_nests": 9.105852127075195,
    "ulceration": 9.543803215026855,
    "scaly_surface": 10.208318710327148,
    "strawberry_pattern": 9.435635566711426,
    "milia_like_cysts": 9.317506790161133,
    "comedo_like_openings": 10.524367332458496,
    "cerebriform_surface": 10.623268127441406,
    "central_white_patch": 10.096363067626953,
    "red_lacunae": 9.815177917480469,
    "healthy_skin": 9.933155059814453
  },
  "just_eliminated": []
}