{
  "lambda": 0.013224999999999999,
  "n_active": 24,
  "val_balacc": 0.5766489482789044,
  "val_auc": 0.8557348377881843,
  "val_loss": 1.312964454293251,
  "actual_epochs": 14,
  "norms": {
    "asymmetry": 7.651159763336182,
    "border_irregularity": 7.08219051361084,
    "colour_variation": 7.838814735412598,
    "diameter_large": 7.549991130828857,
    "atypical_pigment_network": 7.912423133850098,
    "blue_white_veil": 7.572686195373535,
    "atypical_vascular_pattern": 7.028863430023193,
    "irregular_streaks": 6.66426420211792,
    "irregular_pigmentation": 7.497899532318115,
    "irregular_dots_globules": 6.859561443328857,
    "regression_structures": 6.660956859588623,
    "symmetric_uniform": 7.665623188018799,
    "reticular_network": 7.695779800415039,
    "arborizing_vessels": 7.231582164764404,
    "blue_grey_ovoid_nests": 7.127431392669678,
    "ulceration": 7.327306270599365,
    "scaly_surface": 7.538684368133545,
    "strawberry_pattern": 7.294885158538818,
    "milia_like_cysts": 6.911989688873291,
    "comedo_like_openings": 7.4494476318359375,
    "cerebriform_surface": 8.155671119689941,
    "central_white_patch": 7.705909729003906,
    "red_lacunae": 7.439735412597656,
    "healthy_skin": 7.752800464630127
  },
  "just_eliminated": []
}