{
  "lambda": 4.684950165116586,
  "n_active": 24,
  "val_balacc": 0.5681366462310146,
  "val_auc": 0.8532291519438675,
  "val_loss": 1.2702943608164787,
  "actual_epochs": 18,
  "norms": {
    "asymmetry": 3.921245813369751,
    "border_irregularity": 3.215430974960327,
    "colour_variation": 5.406645774841309,
    "diameter_large": 5.278789043426514,
    "atypical_pigment_network": 5.909185409545898,
    "blue_white_veil": 5.798464775085449,
    "atypical_vascular_pattern": 4.105837345123291,
    "irregular_streaks": 6.153704643249512,
    "irregular_pigmentation": 5.701756954193115,
    "irregular_dots_globules": 4.721005916595459,
    "regression_structures": 2.8234775066375732,
    "symmetric_uniform": 4.803770542144775,
    "reticular_network": 5.665529727935791,
    "arborizing_vessels": 4.9042816162109375,
    "blue_grey_ovoid_nests": 4.414917945861816,
    "ulceration": 5.673661231994629,
    "scaly_surface": 5.610390663146973,
    "strawberry_pattern": 5.503623962402344,
    "milia_like_cysts": 4.258883953094482,
    "comedo_like_openings": 6.006545543670654,
    "cerebriform_surface": 5.929850101470947,
    "central_white_patch": 5.420851707458496,
    "red_lacunae": 5.540735244750977,
    "healthy_skin": 5.47802209854126
  },
  "just_eliminated": []
}