{
  "lambda": 2.025433241850303,
  "n_active": 24,
  "val_balacc": 0.5791827200194833,
  "val_auc": 0.8540419677401675,
  "val_loss": 1.3128671497106552,
  "actual_epochs": 47,
  "norms": {
    "asymmetry": 8.371710777282715,
    "border_irregularity": 6.632436752319336,
    "colour_variation": 8.274502754211426,
    "diameter_large": 7.20108699798584,
    "atypical_pigment_network": 9.122710227966309,
    "blue_white_veil": 10.29626178741455,
    "atypical_vascular_pattern": 8.126103401184082,
    "irregular_streaks": 8.02622127532959,
    "irregular_pigmentation": 8.13659381866455,
    "irregular_dots_globules": 6.208354473114014,
    "regression_structures": 7.83947229385376,
    "symmetric_uniform": 6.905033111572266,
    "reticular_network": 11.259263038635254,
    "arborizing_vessels": 7.68499755859375,
    "blue_grey_ovoid_nests": 7.267899990081787,
    "ulceration": 8.319504737854004,
    "scaly_surface": 8.705671310424805,
    "strawberry_pattern": 8.706103324890137,
    "milia_like_cysts": 7.337522506713867,
    "comedo_like_openings": 8.872565269470215,
    "cerebriform_surface": 9.106800079345703,
    "central_white_patch": 8.306848526000977,
    "red_lacunae": 8.01664924621582,
    "healthy_skin": 8.45767593383789
  },
  "just_eliminated": []
}