{
  "lambda": 0.5006561206562252,
  "n_active": 24,
  "val_balacc": 0.5506678335077346,
  "val_auc": 0.8494497063789714,
  "val_loss": 1.4555386751890182,
  "actual_epochs": 30,
  "norms": {
    "asymmetry": 11.689932823181152,
    "border_irregularity": 9.761409759521484,
    "colour_variation": 11.116195678710938,
    "diameter_large": 10.884018898010254,
    "atypical_pigment_network": 13.559669494628906,
    "blue_white_veil": 12.082343101501465,
    "atypical_vascular_pattern": 10.879087448120117,
    "irregular_streaks": 11.06238842010498,
    "irregular_pigmentation": 11.01278018951416,
    "irregular_dots_globules": 9.982919692993164,
    "regression_structures": 1.88279390335083,
    "symmetric_uniform": 10.548107147216797,
    "reticular_network": 11.927292823791504,
    "arborizing_vessels": 11.188334465026855,
    "blue_grey_ovoid_nests": 9.844583511352539,
    "ulceration": 11.197735786437988,
    "scaly_surface": 11.764007568359375,
    "strawberry_pattern": 10.778313636779785,
    "milia_like_cysts": 11.226064682006836,
    "comedo_like_openings": 11.37508773803711,
    "cerebriform_surface": 10.786881446838379,
    "central_white_patch": 9.891988754272461,
    "red_lacunae": 11.196849822998047,
    "healthy_skin": 10.717113494873047
  },
  "just_eliminated": []
}