{
  "lambda": 1.5315185193575074,
  "n_active": 24,
  "val_balacc": 0.561136781735812,
  "val_auc": 0.850651250626419,
  "val_loss": 1.368978887796402,
  "actual_epochs": 22,
  "norms": {
    "asymmetry": 7.218536376953125,
    "border_irregularity": 7.217861175537109,
    "colour_variation": 9.590849876403809,
    "diameter_large": 9.260493278503418,
    "atypical_pigment_network": 9.645132064819336,
    "blue_white_veil": 10.888940811157227,
    "atypical_vascular_pattern": 8.733603477478027,
    "irregular_streaks": 9.381342887878418,
    "irregular_pigmentation": 9.819905281066895,
    "irregular_dots_globules": 7.043203353881836,
    "regression_structures": 8.590651512145996,
    "symmetric_uniform": 8.276158332824707,
    "reticular_network": 10.214156150817871,
    "arborizing_vessels": 9.245774269104004,
    "blue_grey_ovoid_nests": 9.185871124267578,
    "ulceration": 9.82651138305664,
    "scaly_surface": 9.912095069885254,
    "strawberry_pattern": 8.188700675964355,
    "milia_like_cysts": 9.65634822845459,
    "comedo_like_openings": 9.52379322052002,
    "cerebriform_surface": 9.866096496582031,
    "central_white_patch": 8.274022102355957,
    "red_lacunae": 9.189240455627441,
    "healthy_skin": 8.676313400268555
  },
  "just_eliminated": []
}