{
  "lambda": 0.12375453605252242,
  "n_active": 24,
  "val_balacc": 0.5337531588088213,
  "val_auc": 0.8464219522138889,
  "val_loss": 1.504785344004631,
  "actual_epochs": 11,
  "norms": {
    "asymmetry": 8.915064811706543,
    "border_irregularity": 9.376779556274414,
    "colour_variation": 10.350433349609375,
    "diameter_large": 9.799124717712402,
    "atypical_pigment_network": 10.281987190246582,
    "blue_white_veil": 10.411968231201172,
    "atypical_vascular_pattern": 9.935893058776855,
    "irregular_streaks": 9.94998550415039,
    "irregular_pigmentation": 10.071279525756836,
    "irregular_dots_globules": 10.230311393737793,
    "regression_structures": 8.94271469116211,
    "symmetric_uniform": 9.605229377746582,
    "reticular_network": 10.329190254211426,
    "arborizing_vessels": 10.320526123046875,
    "blue_grey_ovoid_nests": 9.758406639099121,
    "ulceration": 10.128969192504883,
    "scaly_surface": 10.202106475830078,
    "strawberry_pattern": 9.806833267211914,
    "milia_like_cysts": 9.943655967712402,
    "comedo_like_openings": 10.424824714660645,
    "cerebriform_surface": 10.848605155944824,
    "central_white_patch": 9.96679973602295,
    "red_lacunae": 10.520343780517578,
    "healthy_skin": 10.245269775390625
  },
  "just_eliminated": []
}