{
  "lambda": 0.37856795512758057,
  "n_active": 24,
  "val_balacc": 0.544899915157815,
  "val_auc": 0.8474310055303541,
  "val_loss": 1.5103153586387634,
  "actual_epochs": 41,
  "norms": {
    "asymmetry": 9.332568168640137,
    "border_irregularity": 9.680948257446289,
    "colour_variation": 10.976320266723633,
    "diameter_large": 10.166346549987793,
    "atypical_pigment_network": 11.213263511657715,
    "blue_white_veil": 11.24498176574707,
    "atypical_vascular_pattern": 10.567553520202637,
    "irregular_streaks": 10.812335968017578,
    "irregular_pigmentation": 10.779547691345215,
    "irregular_dots_globules": 11.138883590698242,
    "regression_structures": 9.347211837768555,
    "symmetric_uniform": 10.237323760986328,
    "reticular_network": 10.757638931274414,
    "arborizing_vessels": 10.879697799682617,
    "blue_grey_ovoid_nests": 10.303028106689453,
    "ulceration": 11.138227462768555,
    "scaly_surface": 10.90073013305664,
    "strawberry_pattern": 10.537626266479492,
    "milia_like_cysts": 10.50424861907959,
    "comedo_like_openings": 11.044525146484375,
    "cerebriform_surface": 11.640998840332031,
    "central_white_patch": 10.33173656463623,
    "red_lacunae": 11.201319694519043,
    "healthy_skin": 11.1561861038208
  },
  "just_eliminated": []
}