{
  "lambda": 0.07075705764488975,
  "n_active": 24,
  "val_balacc": 0.5399319731422704,
  "val_auc": 0.8523053892995663,
  "val_loss": 1.4265305623412132,
  "actual_epochs": 11,
  "norms": {
    "asymmetry": 9.628145217895508,
    "border_irregularity": 8.639385223388672,
    "colour_variation": 9.88618278503418,
    "diameter_large": 9.575151443481445,
    "atypical_pigment_network": 10.328640937805176,
    "blue_white_veil": 10.357338905334473,
    "atypical_vascular_pattern": 9.37639045715332,
    "irregular_streaks": 9.110279083251953,
    "irregular_pigmentation": 8.848051071166992,
    "irregular_dots_globules": 7.144413948059082,
    "regression_structures": 8.982258796691895,
    "symmetric_uniform": 8.936631202697754,
    "reticular_network": 10.17276668548584,
    "arborizing_vessels": 8.972171783447266,
    "blue_grey_ovoid_nests": 9.471384048461914,
    "ulceration": 9.056755065917969,
    "scaly_surface": 10.617684364318848,
    "strawberry_pattern": 9.407238960266113,
    "milia_like_cysts": 8.61412239074707,
    "comedo_like_openings": 10.465564727783203,
    "cerebriform_surface": 10.221073150634766,
    "central_white_patch": 9.467538833618164,
    "red_lacunae": 9.261541366577148,
    "healthy_skin": 9.970367431640625
  },
  "just_eliminated": []
}