{
  "lambda": 0.05350250105473706,
  "n_active": 24,
  "val_balacc": 0.5567106482670896,
  "val_auc": 0.8536487966118631,
  "val_loss": 1.3838070631027222,
  "actual_epochs": 21,
  "norms": {
    "asymmetry": 9.48675537109375,
    "border_irregularity": 8.500633239746094,
    "colour_variation": 9.67313289642334,
    "diameter_large": 9.393174171447754,
    "atypical_pigment_network": 10.143472671508789,
    "blue_white_veil": 10.035252571105957,
    "atypical_vascular_pattern": 9.19001293182373,
    "irregular_streaks": 8.93749713897705,
    "irregular_pigmentation": 8.720645904541016,
    "irregular_dots_globules": 7.055322170257568,
    "regression_structures": 8.766894340515137,
    "symmetric_uniform": 8.791756629943848,
    "reticular_network": 9.961721420288086,
    "arborizing_vessels": 8.82064151763916,
    "blue_grey_ovoid_nests": 9.33952808380127,
    "ulceration": 8.817158699035645,
    "scaly_surface": 10.388916969299316,
    "strawberry_pattern": 9.210881233215332,
    "milia_like_cysts": 8.44996452331543,
    "comedo_like_openings": 10.284649848937988,
    "cerebriform_surface": 9.969839096069336,
    "central_white_patch": 9.341879844665527,
    "red_lacunae": 9.074756622314453,
    "healthy_skin": 9.745067596435547
  },
  "just_eliminated": []
}