{
  "lambda": 1.3317552342239194,
  "n_active": 24,
  "val_balacc": 0.5343704044174941,
  "val_auc": 0.8512393147174283,
  "val_loss": 1.3954601138830185,
  "actual_epochs": 43,
  "norms": {
    "asymmetry": 9.729619979858398,
    "border_irregularity": 7.683496475219727,
    "colour_variation": 10.262843132019043,
    "diameter_large": 9.620234489440918,
    "atypical_pigment_network": 10.834372520446777,
    "blue_white_veil": 12.932801246643066,
    "atypical_vascular_pattern": 9.31308364868164,
    "irregular_streaks": 8.61068058013916,
    "irregular_pigmentation": 8.744795799255371,
    "irregular_dots_globules": 5.683989524841309,
    "regression_structures": 9.101773262023926,
    "symmetric_uniform": 8.132169723510742,
    "reticular_network": 10.580804824829102,
    "arborizing_vessels": 8.276338577270508,
    "blue_grey_ovoid_nests": 9.138772010803223,
    "ulceration": 9.909880638122559,
    "scaly_surface": 11.361137390136719,
    "strawberry_pattern": 9.550518989562988,
    "milia_like_cysts": 8.768911361694336,
    "comedo_like_openings": 9.788208961486816,
    "cerebriform_surface": 10.173380851745605,
    "central_white_patch": 8.907447814941406,
    "red_lacunae": 8.704376220703125,
    "healthy_skin": 10.145418167114258
  },
  "just_eliminated": []
}