{
  "lambda": 0.05350250105473706,
  "n_active": 24,
  "val_balacc": 0.5821699013813391,
  "val_auc": 0.8478622753379471,
  "val_loss": 1.3713905960321426,
  "actual_epochs": 25,
  "norms": {
    "asymmetry": 8.271469116210938,
    "border_irregularity": 7.941411018371582,
    "colour_variation": 9.389920234680176,
    "diameter_large": 9.198932647705078,
    "atypical_pigment_network": 9.220849990844727,
    "blue_white_veil": 9.107319831848145,
    "atypical_vascular_pattern": 8.312435150146484,
    "irregular_streaks": 8.398459434509277,
    "irregular_pigmentation": 8.635858535766602,
    "irregular_dots_globules": 7.2704997062683105,
    "regression_structures": 7.819329738616943,
    "symmetric_uniform": 8.648859024047852,
    "reticular_network": 9.043533325195312,
    "arborizing_vessels": 8.603635787963867,
    "blue_grey_ovoid_nests": 8.482192039489746,
    "ulceration": 8.278314590454102,
    "scaly_surface": 8.985068321228027,
    "strawberry_pattern": 7.978911399841309,
    "milia_like_cysts": 8.374025344848633,
    "comedo_like_openings": 8.995738983154297,
    "cerebriform_surface": 9.702009201049805,
    "central_white_patch": 8.771088600158691,
    "red_lacunae": 8.661600112915039,
    "healthy_skin": 8.708483695983887
  },
  "just_eliminated": []
}