{
  "lambda": 0.8756506841284916,
  "n_active": 24,
  "val_balacc": 0.553914030463171,
  "val_auc": 0.8486636880410497,
  "val_loss": 1.4245281368494034,
  "actual_epochs": 14,
  "norms": {
    "asymmetry": 11.678365707397461,
    "border_irregularity": 9.372532844543457,
    "colour_variation": 10.863054275512695,
    "diameter_large": 10.614603042602539,
    "atypical_pigment_network": 13.437891006469727,
    "blue_white_veil": 11.746277809143066,
    "atypical_vascular_pattern": 10.605491638183594,
    "irregular_streaks": 11.033671379089355,
    "irregular_pigmentation": 10.978304862976074,
    "irregular_dots_globules": 9.685328483581543,
    "regression_structures": 0.4174306094646454,
    "symmetric_uniform": 10.382814407348633,
    "reticular_network": 11.78407096862793,
    "arborizing_vessels": 10.966972351074219,
    "blue_grey_ovoid_nests": 9.582932472229004,
    "ulceration": 11.045907020568848,
    "scaly_surface": 11.595137596130371,
    "strawberry_pattern": 10.519227981567383,
    "milia_like_cysts": 10.851927757263184,
    "comedo_like_openings": 11.25203800201416,
    "cerebriform_surface": 10.353882789611816,
    "central_white_patch": 9.548962593078613,
    "red_lacunae": 10.902517318725586,
    "healthy_skin": 10.445780754089355
  },
  "just_eliminated": []
}