{
  "lambda": 21.796221839177452,
  "n_active": 8,
  "val_balacc": 0.5236042772795795,
  "val_auc": 0.779265529407118,
  "val_loss": 1.4695504158735275,
  "actual_epochs": 11,
  "norms": {
    "asymmetry": 0.0,
    "border_irregularity": 0.0,
    "colour_variation": 0.0,
    "diameter_large": 2.7281200885772705,
    "atypical_pigment_network": 2.1933138370513916,
    "blue_white_veil": 0.0,
    "atypical_vascular_pattern": 0.0,
    "irregular_streaks": 0.0,
    "irregular_pigmentation": 0.0,
    "irregular_dots_globules": 0.0,
    "regression_structures": 0.0,
    "symmetric_uniform": 0.0,
    "reticular_network": 3.201164722442627,
    "arborizing_vessels": 0.0,
    "blue_grey_ovoid_nests": 0.0,
    "ulceration": 0.9511290788650513,
    "scaly_surface": 3.0776970386505127,
    "strawberry_pattern": 0.0,
    "milia_like_cysts": 2.5770506858825684,
    "comedo_like_openings": 0.0,
    "cerebriform_surface": 0.0,
    "central_white_patch": 2.6987035274505615,
    "red_lacunae": 2.5865731239318848,
    "healthy_skin": 0.0
  },
  "just_eliminated": [
    "blue_grey_ovoid_nests"
  ]
}