{
  "lambda": 0.10761264004567168,
  "n_active": 24,
  "val_balacc": 0.5537917339638879,
  "val_auc": 0.8472621545912022,
  "val_loss": 1.4076706916093826,
  "actual_epochs": 27,
  "norms": {
    "asymmetry": 8.662444114685059,
    "border_irregularity": 8.572576522827148,
    "colour_variation": 10.311444282531738,
    "diameter_large": 10.061448097229004,
    "atypical_pigment_network": 10.0670166015625,
    "blue_white_veil": 10.266555786132812,
    "atypical_vascular_pattern": 9.196535110473633,
    "irregular_streaks": 9.453857421875,
    "irregular_pigmentation": 9.606389045715332,
    "irregular_dots_globules": 7.8448381423950195,
    "regression_structures": 8.865821838378906,
    "symmetric_uniform": 9.232311248779297,
    "reticular_network": 10.008367538452148,
    "arborizing_vessels": 9.498581886291504,
    "blue_grey_ovoid_nests": 9.359021186828613,
    "ulceration": 9.357646942138672,
    "scaly_surface": 9.998046875,
    "strawberry_pattern": 8.701908111572266,
    "milia_like_cysts": 9.35815715789795,
    "comedo_like_openings": 9.909158706665039,
    "cerebriform_surface": 10.682038307189941,
    "central_white_patch": 9.332083702087402,
    "red_lacunae": 9.526983261108398,
    "healthy_skin": 9.461156845092773
  },
  "just_eliminated": []
}