{
  "step": 73,
  "lambda_s": 16.84226240762025,
  "n_active": 16,
  "val_balacc": 0.5479922499214791,
  "val_auc": 0.8273535566073492,
  "val_loss": 1.3201205730438232,
  "train_loss": 1.3159484889240654,
  "epochs_used": 7,
  "time_sec": 7.152692079544067,
  "just_eliminated": [],
  "issue4_fix": "best_within_step_checkpoint_restored",
  "norms": {
    "asymmetry": 2.765941858291626,
    "border_irregularity": 0.0,
    "colour_variation": 2.364820718765259,
    "diameter_large": 2.9078209400177,
    "atypical_pigment_network": 2.405616283416748,
    "blue_white_veil": 0.9566668272018433,
    "atypical_vascular_pattern": 0.0,
    "irregular_streaks": 0.0,
    "irregular_pigmentation": 1.9157252311706543,
    "irregular_dots_globules": 0.0,
    "regression_structures": 0.0,
    "symmetric_uniform": 0.0,
    "reticular_network": 3.4526288509368896,
    "arborizing_vessels": 1.9540256261825562,
    "blue_grey_ovoid_nests": 2.506068706512451,
    "ulceration": 1.9337022304534912,
    "scaly_surface": 3.258976697921753,
    "strawberry_pattern": 0.0,
    "milia_like_cysts": 2.317645788192749,
    "comedo_like_openings": 2.6155080795288086,
    "cerebriform_surface": 1.988942265510559,
    "central_white_patch": 2.932408332824707,
    "red_lacunae": 2.8926100730895996,
    "healthy_skin": 0.0
  }
}