{
  "step": 87,
  "lambda_s": 29.16534913562209,
  "n_active": 15,
  "val_balacc": 0.5148084632575578,
  "val_auc": 0.7843290685605152,
  "val_loss": 1.5127370357513428,
  "train_loss": 1.4965679424327127,
  "epochs_used": 7,
  "time_sec": 7.743945837020874,
  "just_eliminated": [],
  "issue4_fix": "best_within_step_checkpoint_restored",
  "norms": {
    "asymmetry": 2.3792612552642822,
    "border_irregularity": 0.0,
    "colour_variation": 1.9185599088668823,
    "diameter_large": 1.930829405784607,
    "atypical_pigment_network": 1.538334846496582,
    "blue_white_veil": 0.0,
    "atypical_vascular_pattern": 0.0,
    "irregular_streaks": 0.0,
    "irregular_pigmentation": 0.4833701252937317,
    "irregular_dots_globules": 0.0,
    "regression_structures": 0.0,
    "symmetric_uniform": 0.0,
    "reticular_network": 3.0796890258789062,
    "arborizing_vessels": 0.7678784132003784,
    "blue_grey_ovoid_nests": 1.0056431293487549,
    "ulceration": 1.0618047714233398,
    "scaly_surface": 2.4505670070648193,
    "strawberry_pattern": 0.0,
    "milia_like_cysts": 1.9316338300704956,
    "comedo_like_openings": 1.7967915534973145,
    "cerebriform_surface": 1.4938422441482544,
    "central_white_patch": 2.2447102069854736,
    "red_lacunae": 2.054311513900757,
    "healthy_skin": 0.0
  }
}