{
  "step": 21,
  "lambda_s": 2.191123143033421,
  "n_active": 24,
  "val_balacc": 0.6166683217855012,
  "val_auc": 0.8640582833739557,
  "val_loss": 1.1460721492767334,
  "train_loss": 1.012978642775642,
  "epochs_used": 8,
  "time_sec": 8.426355600357056,
  "just_eliminated": [],
  "issue4_fix": "best_within_step_checkpoint_restored",
  "norms": {
    "asymmetry": 4.427699089050293,
    "border_irregularity": 3.6042027473449707,
    "colour_variation": 4.853648662567139,
    "diameter_large": 4.484063625335693,
    "atypical_pigment_network": 4.614375114440918,
    "blue_white_veil": 4.398326873779297,
    "atypical_vascular_pattern": 4.058288097381592,
    "irregular_streaks": 4.1856255531311035,
    "irregular_pigmentation": 4.423574447631836,
    "irregular_dots_globules": 4.057600498199463,
    "regression_structures": 4.381209850311279,
    "symmetric_uniform": 3.1757583618164062,
    "reticular_network": 4.869931221008301,
    "arborizing_vessels": 4.142950534820557,
    "blue_grey_ovoid_nests": 4.49371337890625,
    "ulceration": 4.276448726654053,
    "scaly_surface": 4.831065654754639,
    "strawberry_pattern": 3.779345989227295,
    "milia_like_cysts": 4.102466583251953,
    "comedo_like_openings": 4.282052040100098,
    "cerebriform_surface": 4.683648586273193,
    "central_white_patch": 4.981543064117432,
    "red_lacunae": 4.992866516113281,
    "healthy_skin": 4.130104064941406
  }
}