{
  "step": 34,
  "lambda_s": 3.648381096719621,
  "n_active": 24,
  "val_balacc": 0.5870856206453234,
  "val_auc": 0.8622677076889687,
  "val_loss": 1.1554008722305298,
  "train_loss": 1.0657254366801268,
  "epochs_used": 11,
  "time_sec": 14.817793846130371,
  "just_eliminated": [],
  "issue4_fix": "best_within_step_checkpoint_restored",
  "norms": {
    "asymmetry": 3.1449015140533447,
    "border_irregularity": 1.6733709573745728,
    "colour_variation": 3.6374409198760986,
    "diameter_large": 3.3897624015808105,
    "atypical_pigment_network": 3.5544254779815674,
    "blue_white_veil": 3.2077577114105225,
    "atypical_vascular_pattern": 2.4088222980499268,
    "irregular_streaks": 2.839836359024048,
    "irregular_pigmentation": 3.5484347343444824,
    "irregular_dots_globules": 2.30765700340271,
    "regression_structures": 2.133928060531616,
    "symmetric_uniform": 2.3030335903167725,
    "reticular_network": 4.194032669067383,
    "arborizing_vessels": 2.9420719146728516,
    "blue_grey_ovoid_nests": 3.3116683959960938,
    "ulceration": 2.881913661956787,
    "scaly_surface": 4.024648189544678,
    "strawberry_pattern": 2.627467632293701,
    "milia_like_cysts": 2.5277137756347656,
    "comedo_like_openings": 2.8171260356903076,
    "cerebriform_surface": 3.224574089050293,
    "central_white_patch": 4.108650207519531,
    "red_lacunae": 3.8964920043945312,
    "healthy_skin": 2.7613468170166016
  }
}