{
  "step": 35,
  "lambda_s": 3.7943163405884057,
  "n_active": 24,
  "val_balacc": 0.5967699852277647,
  "val_auc": 0.8601995088499166,
  "val_loss": 1.165435552597046,
  "train_loss": 1.1028056035870284,
  "epochs_used": 7,
  "time_sec": 8.667903423309326,
  "just_eliminated": [],
  "issue4_fix": "best_within_step_checkpoint_restored",
  "norms": {
    "asymmetry": 3.167156934738159,
    "border_irregularity": 1.6525132656097412,
    "colour_variation": 3.6253366470336914,
    "diameter_large": 3.4092772006988525,
    "atypical_pigment_network": 3.527751922607422,
    "blue_white_veil": 3.193894863128662,
    "atypical_vascular_pattern": 2.423287868499756,
    "irregular_streaks": 2.883674383163452,
    "irregular_pigmentation": 3.5679383277893066,
    "irregular_dots_globules": 2.3372304439544678,
    "regression_structures": 2.136887788772583,
    "symmetric_uniform": 2.306692600250244,
    "reticular_network": 4.204517364501953,
    "arborizing_vessels": 2.9521472454071045,
    "blue_grey_ovoid_nests": 3.3260867595672607,
    "ulceration": 2.8825058937072754,
    "scaly_surface": 4.0486249923706055,
    "strawberry_pattern": 2.621127128601074,
    "milia_like_cysts": 2.53790020942688,
    "comedo_like_openings": 2.8610117435455322,
    "cerebriform_surface": 3.200802803039551,
    "central_white_patch": 4.140100955963135,
    "red_lacunae": 3.889383554458618,
    "healthy_skin": 2.7626261711120605
  }
}