{
  "step": 88,
  "lambda_s": 30.331963101046977,
  "n_active": 15,
  "val_balacc": 0.5239850263943224,
  "val_auc": 0.7780133619328488,
  "val_loss": 1.5383455753326416,
  "train_loss": 1.5078187459066619,
  "epochs_used": 7,
  "time_sec": 7.88580584526062,
  "just_eliminated": [],
  "issue4_fix": "best_within_step_checkpoint_restored",
  "norms": {
    "asymmetry": 2.331878423690796,
    "border_irregularity": 0.0,
    "colour_variation": 1.902702808380127,
    "diameter_large": 1.7525129318237305,
    "atypical_pigment_network": 1.380442500114441,
    "blue_white_veil": 0.0,
    "atypical_vascular_pattern": 0.0,
    "irregular_streaks": 0.0,
    "irregular_pigmentation": 0.3845424950122833,
    "irregular_dots_globules": 0.0,
    "regression_structures": 0.0,
    "symmetric_uniform": 0.0,
    "reticular_network": 3.0362095832824707,
    "arborizing_vessels": 0.6080067157745361,
    "blue_grey_ovoid_nests": 0.7946370244026184,
    "ulceration": 0.860755980014801,
    "scaly_surface": 2.326284646987915,
    "strawberry_pattern": 0.0,
    "milia_like_cysts": 1.8301401138305664,
    "comedo_like_openings": 1.7249137163162231,
    "cerebriform_surface": 1.2516635656356812,
    "central_white_patch": 2.203991413116455,
    "red_lacunae": 1.9988821744918823,
    "healthy_skin": 0.0
  }
}