{
  "step": 3,
  "lambda_s": 1.0816000000000001,
  "n_active": 24,
  "val_balacc": 0.5991876549021394,
  "val_auc": 0.8658333139305047,
  "val_loss": 1.1399896144866943,
  "train_loss": 0.9970005212183929,
  "epochs_used": 17,
  "time_sec": 17.56251072883606,
  "just_eliminated": [],
  "issue4_fix": "best_within_step_checkpoint_restored",
  "norms": {
    "asymmetry": 6.44144344329834,
    "border_irregularity": 6.213338375091553,
    "colour_variation": 6.61785888671875,
    "diameter_large": 6.351102352142334,
    "atypical_pigment_network": 6.470349311828613,
    "blue_white_veil": 6.3329949378967285,
    "atypical_vascular_pattern": 6.1877641677856445,
    "irregular_streaks": 6.190179824829102,
    "irregular_pigmentation": 6.048739433288574,
    "irregular_dots_globules": 6.319788455963135,
    "regression_structures": 6.602246284484863,
    "symmetric_uniform": 5.710149765014648,
    "reticular_network": 6.401543617248535,
    "arborizing_vessels": 6.138186931610107,
    "blue_grey_ovoid_nests": 6.590014457702637,
    "ulceration": 6.646032333374023,
    "scaly_surface": 6.4213714599609375,
    "strawberry_pattern": 5.967207431793213,
    "milia_like_cysts": 6.5469160079956055,
    "comedo_like_openings": 6.360419750213623,
    "cerebriform_surface": 6.514495372772217,
    "central_white_patch": 6.339776992797852,
    "red_lacunae": 6.793973922729492,
    "healthy_skin": 6.206689834594727
  }
}