{
  "step": 92,
  "lambda_s": 35.484106675363954,
  "n_active": 12,
  "val_balacc": 0.5095350277754979,
  "val_auc": 0.7514794736241985,
  "val_loss": 1.6350047588348389,
  "train_loss": 1.6119248107166086,
  "epochs_used": 7,
  "time_sec": 8.027140617370605,
  "just_eliminated": [],
  "issue4_fix": "best_within_step_checkpoint_restored",
  "norms": {
    "asymmetry": 2.1057279109954834,
    "border_irregularity": 0.0,
    "colour_variation": 1.6903551816940308,
    "diameter_large": 1.3487238883972168,
    "atypical_pigment_network": 1.2257297039031982,
    "blue_white_veil": 0.0,
    "atypical_vascular_pattern": 0.0,
    "irregular_streaks": 0.0,
    "irregular_pigmentation": 0.0,
    "irregular_dots_globules": 0.0,
    "regression_structures": 0.0,
    "symmetric_uniform": 0.0,
    "reticular_network": 2.8055434226989746,
    "arborizing_vessels": 0.0,
    "blue_grey_ovoid_nests": 0.0,
    "ulceration": 0.09084226191043854,
    "scaly_surface": 1.9055103063583374,
    "strawberry_pattern": 0.0,
    "milia_like_cysts": 1.4626052379608154,
    "comedo_like_openings": 1.401753544807434,
    "cerebriform_surface": 0.7125102877616882,
    "central_white_patch": 1.811142921447754,
    "red_lacunae": 1.5634857416152954,
    "healthy_skin": 0.0
  }
}