{
  "step": 98,
  "lambda_s": 44.89871503067889,
  "n_active": 10,
  "val_balacc": 0.21765889253212292,
  "val_auc": 0.6553200737051875,
  "val_loss": 1.8645845651626587,
  "train_loss": 1.81173943355158,
  "epochs_used": 7,
  "time_sec": 7.785401105880737,
  "just_eliminated": [],
  "issue4_fix": "best_within_step_checkpoint_restored",
  "norms": {
    "asymmetry": 1.183537483215332,
    "border_irregularity": 0.0,
    "colour_variation": 0.8061638474464417,
    "diameter_large": 0.4559272229671478,
    "atypical_pigment_network": 0.6060627698898315,
    "blue_white_veil": 0.0,
    "atypical_vascular_pattern": 0.0,
    "irregular_streaks": 0.0,
    "irregular_pigmentation": 0.0,
    "irregular_dots_globules": 0.0,
    "regression_structures": 0.0,
    "symmetric_uniform": 0.0,
    "reticular_network": 1.9966480731964111,
    "arborizing_vessels": 0.0,
    "blue_grey_ovoid_nests": 0.0,
    "ulceration": 0.0,
    "scaly_surface": 0.8771723508834839,
    "strawberry_pattern": 0.0,
    "milia_like_cysts": 0.5341876149177551,
    "comedo_like_openings": 0.3455142378807068,
    "cerebriform_surface": 0.0,
    "central_white_patch": 0.7786300778388977,
    "red_lacunae": 0.38830670714378357,
    "healthy_skin": 0.0
  }
}