{
  "step": 82,
  "lambda_s": 23.97179103266822,
  "n_active": 15,
  "val_balacc": 0.5280996770276742,
  "val_auc": 0.806373958126787,
  "val_loss": 1.4237985610961914,
  "train_loss": 1.4131599951354095,
  "epochs_used": 7,
  "time_sec": 7.4691877365112305,
  "just_eliminated": [],
  "issue4_fix": "best_within_step_checkpoint_restored",
  "norms": {
    "asymmetry": 2.725207805633545,
    "border_irregularity": 0.0,
    "colour_variation": 2.094943046569824,
    "diameter_large": 2.2806193828582764,
    "atypical_pigment_network": 1.8747345209121704,
    "blue_white_veil": 0.0,
    "atypical_vascular_pattern": 0.0,
    "irregular_streaks": 0.0,
    "irregular_pigmentation": 0.9623709917068481,
    "irregular_dots_globules": 0.0,
    "regression_structures": 0.0,
    "symmetric_uniform": 0.0,
    "reticular_network": 3.3869900703430176,
    "arborizing_vessels": 1.3040270805358887,
    "blue_grey_ovoid_nests": 1.7475934028625488,
    "ulceration": 1.485467553138733,
    "scaly_surface": 2.7822647094726562,
    "strawberry_pattern": 0.0,
    "milia_like_cysts": 2.1016485691070557,
    "comedo_like_openings": 1.9673950672149658,
    "cerebriform_surface": 1.8253282308578491,
    "central_white_patch": 2.5285956859588623,
    "red_lacunae": 2.4279041290283203,
    "healthy_skin": 0.0
  }
}