{
  "step": 68,
  "lambda_s": 13.843112011977105,
  "n_active": 19,
  "val_balacc": 0.5425119239634247,
  "val_auc": 0.8255308138236968,
  "val_loss": 1.3015395402908325,
  "train_loss": 1.2492461567033337,
  "epochs_used": 7,
  "time_sec": 7.1668150424957275,
  "just_eliminated": [],
  "issue4_fix": "best_within_step_checkpoint_restored",
  "norms": {
    "asymmetry": 2.607299327850342,
    "border_irregularity": 0.0,
    "colour_variation": 2.391479253768921,
    "diameter_large": 3.0264081954956055,
    "atypical_pigment_network": 2.440512180328369,
    "blue_white_veil": 1.4372093677520752,
    "atypical_vascular_pattern": 0.5674128532409668,
    "irregular_streaks": 0.5574108362197876,
    "irregular_pigmentation": 2.1870579719543457,
    "irregular_dots_globules": 0.0,
    "regression_structures": 0.0,
    "symmetric_uniform": 0.23873686790466309,
    "reticular_network": 3.6234078407287598,
    "arborizing_vessels": 2.1662914752960205,
    "blue_grey_ovoid_nests": 2.764408826828003,
    "ulceration": 2.0535075664520264,
    "scaly_surface": 3.4633681774139404,
    "strawberry_pattern": 0.0,
    "milia_like_cysts": 2.173489570617676,
    "comedo_like_openings": 2.5765466690063477,
    "cerebriform_surface": 2.110710382461548,
    "central_white_patch": 3.0503456592559814,
    "red_lacunae": 3.0707290172576904,
    "healthy_skin": 0.0
  }
}