{
  "step": 83,
  "lambda_s": 24.930662673974954,
  "n_active": 15,
  "val_balacc": 0.532780170976394,
  "val_auc": 0.802288453838873,
  "val_loss": 1.438379168510437,
  "train_loss": 1.4112499414771207,
  "epochs_used": 7,
  "time_sec": 7.514450788497925,
  "just_eliminated": [],
  "issue4_fix": "best_within_step_checkpoint_restored",
  "norms": {
    "asymmetry": 2.68147611618042,
    "border_irregularity": 0.0,
    "colour_variation": 1.9603174924850464,
    "diameter_large": 2.2540295124053955,
    "atypical_pigment_network": 1.8466917276382446,
    "blue_white_veil": 0.0,
    "atypical_vascular_pattern": 0.0,
    "irregular_streaks": 0.0,
    "irregular_pigmentation": 0.9455957412719727,
    "irregular_dots_globules": 0.0,
    "regression_structures": 0.0,
    "symmetric_uniform": 0.0,
    "reticular_network": 3.3228912353515625,
    "arborizing_vessels": 1.2343766689300537,
    "blue_grey_ovoid_nests": 1.6353933811187744,
    "ulceration": 1.418614149093628,
    "scaly_surface": 2.6753859519958496,
    "strawberry_pattern": 0.0,
    "milia_like_cysts": 2.1523709297180176,
    "comedo_like_openings": 2.0185158252716064,
    "cerebriform_surface": 1.7832062244415283,
    "central_white_patch": 2.489320993423462,
    "red_lacunae": 2.354617118835449,
    "healthy_skin": 0.0
  }
}