{
  "step": 66,
  "lambda_s": 12.798735218174098,
  "n_active": 19,
  "val_balacc": 0.5485825536660369,
  "val_auc": 0.8319650805058175,
  "val_loss": 1.2899304628372192,
  "train_loss": 1.2779751637987335,
  "epochs_used": 9,
  "time_sec": 9.077777624130249,
  "just_eliminated": [],
  "issue4_fix": "best_within_step_checkpoint_restored",
  "norms": {
    "asymmetry": 2.6285531520843506,
    "border_irregularity": 0.0,
    "colour_variation": 2.3688204288482666,
    "diameter_large": 3.0555238723754883,
    "atypical_pigment_network": 2.366856813430786,
    "blue_white_veil": 1.5102620124816895,
    "atypical_vascular_pattern": 0.6141631603240967,
    "irregular_streaks": 0.7507296204566956,
    "irregular_pigmentation": 2.2189855575561523,
    "irregular_dots_globules": 0.0,
    "regression_structures": 0.0,
    "symmetric_uniform": 0.47710347175598145,
    "reticular_network": 3.545940637588501,
    "arborizing_vessels": 2.10817551612854,
    "blue_grey_ovoid_nests": 2.7825186252593994,
    "ulceration": 2.0785303115844727,
    "scaly_surface": 3.49705171585083,
    "strawberry_pattern": 0.0,
    "milia_like_cysts": 2.1504247188568115,
    "comedo_like_openings": 2.6157240867614746,
    "cerebriform_surface": 2.127275228500366,
    "central_white_patch": 3.047854423522949,
    "red_lacunae": 3.179126262664795,
    "healthy_skin": 0.0
  }
}