{
  "step": 53,
  "lambda_s": 7.686588707334629,
  "n_active": 22,
  "val_balacc": 0.5764956285435076,
  "val_auc": 0.8452158986048304,
  "val_loss": 1.2099089622497559,
  "train_loss": 1.1747738323012895,
  "epochs_used": 7,
  "time_sec": 7.729147672653198,
  "just_eliminated": [],
  "issue4_fix": "best_within_step_checkpoint_restored",
  "norms": {
    "asymmetry": 2.4364523887634277,
    "border_irregularity": 0.0,
    "colour_variation": 2.7834224700927734,
    "diameter_large": 3.3198177814483643,
    "atypical_pigment_network": 2.6906135082244873,
    "blue_white_veil": 2.651945114135742,
    "atypical_vascular_pattern": 1.690101981163025,
    "irregular_streaks": 1.9861170053482056,
    "irregular_pigmentation": 2.886814832687378,
    "irregular_dots_globules": 1.1624374389648438,
    "regression_structures": 0.0,
    "symmetric_uniform": 2.0598466396331787,
    "reticular_network": 3.74234938621521,
    "arborizing_vessels": 2.516314744949341,
    "blue_grey_ovoid_nests": 3.0828304290771484,
    "ulceration": 2.318303346633911,
    "scaly_surface": 3.8325812816619873,
    "strawberry_pattern": 1.5790318250656128,
    "milia_like_cysts": 2.1563074588775635,
    "comedo_like_openings": 2.7761363983154297,
    "cerebriform_surface": 2.369976043701172,
    "central_white_patch": 3.345240831375122,
    "red_lacunae": 3.657075881958008,
    "healthy_skin": 1.2862175703048706
  }
}