{
  "step": 65,
  "lambda_s": 12.306476171321247,
  "n_active": 19,
  "val_balacc": 0.5621517163929839,
  "val_auc": 0.8339858808616806,
  "val_loss": 1.2758351564407349,
  "train_loss": 1.210125626236789,
  "epochs_used": 9,
  "time_sec": 8.96477723121643,
  "just_eliminated": [],
  "issue4_fix": "best_within_step_checkpoint_restored",
  "norms": {
    "asymmetry": 2.6861789226531982,
    "border_irregularity": 0.0,
    "colour_variation": 2.5112783908843994,
    "diameter_large": 3.1955888271331787,
    "atypical_pigment_network": 2.488762378692627,
    "blue_white_veil": 1.6465554237365723,
    "atypical_vascular_pattern": 0.9595539569854736,
    "irregular_streaks": 1.1729202270507812,
    "irregular_pigmentation": 2.224207639694214,
    "irregular_dots_globules": 0.0,
    "regression_structures": 0.0,
    "symmetric_uniform": 0.8461645841598511,
    "reticular_network": 3.6511950492858887,
    "arborizing_vessels": 2.0707788467407227,
    "blue_grey_ovoid_nests": 2.9878602027893066,
    "ulceration": 2.118208885192871,
    "scaly_surface": 3.5091168880462646,
    "strawberry_pattern": 0.0,
    "milia_like_cysts": 2.252079486846924,
    "comedo_like_openings": 2.595851182937622,
    "cerebriform_surface": 2.2705633640289307,
    "central_white_patch": 2.9924535751342773,
    "red_lacunae": 3.1692404747009277,
    "healthy_skin": 0.0
  }
}