{
  "step": 56,
  "lambda_s": 8.64636691968726,
  "n_active": 22,
  "val_balacc": 0.5714118390770629,
  "val_auc": 0.8394636650365297,
  "val_loss": 1.2312747240066528,
  "train_loss": 1.2271185768839175,
  "epochs_used": 8,
  "time_sec": 8.768266916275024,
  "just_eliminated": [],
  "issue4_fix": "best_within_step_checkpoint_restored",
  "norms": {
    "asymmetry": 2.378469228744507,
    "border_irregularity": 0.0,
    "colour_variation": 2.687669277191162,
    "diameter_large": 3.2462680339813232,
    "atypical_pigment_network": 2.6786651611328125,
    "blue_white_veil": 2.423619031906128,
    "atypical_vascular_pattern": 1.606378197669983,
    "irregular_streaks": 1.9261263608932495,
    "irregular_pigmentation": 2.6936187744140625,
    "irregular_dots_globules": 0.6281383037567139,
    "regression_structures": 0.0,
    "symmetric_uniform": 1.8538063764572144,
    "reticular_network": 3.5730197429656982,
    "arborizing_vessels": 2.57157301902771,
    "blue_grey_ovoid_nests": 2.9937405586242676,
    "ulceration": 2.3101227283477783,
    "scaly_surface": 3.840163230895996,
    "strawberry_pattern": 1.3517338037490845,
    "milia_like_cysts": 2.0425913333892822,
    "comedo_like_openings": 2.683065891265869,
    "cerebriform_surface": 2.2517342567443848,
    "central_white_patch": 3.269260883331299,
    "red_lacunae": 3.571160316467285,
    "healthy_skin": 0.7591894865036011
  }
}