{
  "step": 90,
  "lambda_s": 32.80705129009241,
  "n_active": 15,
  "val_balacc": 0.5098512808386197,
  "val_auc": 0.7692918167252999,
  "val_loss": 1.5788928270339966,
  "train_loss": 1.558947194825993,
  "epochs_used": 7,
  "time_sec": 7.956504821777344,
  "just_eliminated": [],
  "issue4_fix": "best_within_step_checkpoint_restored",
  "norms": {
    "asymmetry": 2.2922918796539307,
    "border_irregularity": 0.0,
    "colour_variation": 1.8184926509857178,
    "diameter_large": 1.6067439317703247,
    "atypical_pigment_network": 1.3537582159042358,
    "blue_white_veil": 0.0,
    "atypical_vascular_pattern": 0.0,
    "irregular_streaks": 0.0,
    "irregular_pigmentation": 0.10321670025587082,
    "irregular_dots_globules": 0.0,
    "regression_structures": 0.0,
    "symmetric_uniform": 0.0,
    "reticular_network": 2.9130795001983643,
    "arborizing_vessels": 0.27276715636253357,
    "blue_grey_ovoid_nests": 0.3658459782600403,
    "ulceration": 0.6190351247787476,
    "scaly_surface": 2.098454236984253,
    "strawberry_pattern": 0.0,
    "milia_like_cysts": 1.6653332710266113,
    "comedo_like_openings": 1.5768399238586426,
    "cerebriform_surface": 1.0274304151535034,
    "central_white_patch": 2.0404276847839355,
    "red_lacunae": 1.7771018743515015,
    "healthy_skin": 0.0
  }
}