{
  "step": 72,
  "lambda_s": 16.19448308425024,
  "n_active": 16,
  "val_balacc": 0.5649606725560812,
  "val_auc": 0.8270561823361339,
  "val_loss": 1.316271424293518,
  "train_loss": 1.2964703659559598,
  "epochs_used": 7,
  "time_sec": 7.151307106018066,
  "just_eliminated": [],
  "issue4_fix": "best_within_step_checkpoint_restored",
  "norms": {
    "asymmetry": 2.771470785140991,
    "border_irregularity": 0.0,
    "colour_variation": 2.2905404567718506,
    "diameter_large": 2.9539637565612793,
    "atypical_pigment_network": 2.416051149368286,
    "blue_white_veil": 1.052923560142517,
    "atypical_vascular_pattern": 0.0,
    "irregular_streaks": 0.0,
    "irregular_pigmentation": 1.8909276723861694,
    "irregular_dots_globules": 0.0,
    "regression_structures": 0.0,
    "symmetric_uniform": 0.0,
    "reticular_network": 3.441314697265625,
    "arborizing_vessels": 2.0246376991271973,
    "blue_grey_ovoid_nests": 2.575150966644287,
    "ulceration": 1.9003045558929443,
    "scaly_surface": 3.2712597846984863,
    "strawberry_pattern": 0.0,
    "milia_like_cysts": 2.347256898880005,
    "comedo_like_openings": 2.5968666076660156,
    "cerebriform_surface": 2.0030441284179688,
    "central_white_patch": 2.9396398067474365,
    "red_lacunae": 2.915587902069092,
    "healthy_skin": 0.0
  }
}