{
  "step": 80,
  "lambda_s": 22.163268336416625,
  "n_active": 15,
  "val_balacc": 0.5375544653343496,
  "val_auc": 0.8113880493942667,
  "val_loss": 1.3968030214309692,
  "train_loss": 1.3868876102460563,
  "epochs_used": 7,
  "time_sec": 7.923493146896362,
  "just_eliminated": [],
  "issue4_fix": "best_within_step_checkpoint_restored",
  "norms": {
    "asymmetry": 2.748898983001709,
    "border_irregularity": 0.0,
    "colour_variation": 2.1330273151397705,
    "diameter_large": 2.490124464035034,
    "atypical_pigment_network": 2.0540730953216553,
    "blue_white_veil": 0.0,
    "atypical_vascular_pattern": 0.0,
    "irregular_streaks": 0.0,
    "irregular_pigmentation": 1.1540883779525757,
    "irregular_dots_globules": 0.0,
    "regression_structures": 0.0,
    "symmetric_uniform": 0.0,
    "reticular_network": 3.458439826965332,
    "arborizing_vessels": 1.459983468055725,
    "blue_grey_ovoid_nests": 1.9968595504760742,
    "ulceration": 1.5728591680526733,
    "scaly_surface": 2.8973050117492676,
    "strawberry_pattern": 0.0,
    "milia_like_cysts": 2.1146202087402344,
    "comedo_like_openings": 2.1353600025177,
    "cerebriform_surface": 1.8064523935317993,
    "central_white_patch": 2.5894405841827393,
    "red_lacunae": 2.573864698410034,
    "healthy_skin": 0.0
  }
}