{
  "step": 86,
  "lambda_s": 28.043604938098163,
  "n_active": 15,
  "val_balacc": 0.5168916942567392,
  "val_auc": 0.784986840863975,
  "val_loss": 1.4943007230758667,
  "train_loss": 1.5227910724133462,
  "epochs_used": 7,
  "time_sec": 7.674805164337158,
  "just_eliminated": [],
  "issue4_fix": "best_within_step_checkpoint_restored",
  "norms": {
    "asymmetry": 2.440619707107544,
    "border_irregularity": 0.0,
    "colour_variation": 1.998727560043335,
    "diameter_large": 2.0300216674804688,
    "atypical_pigment_network": 1.7117096185684204,
    "blue_white_veil": 0.0,
    "atypical_vascular_pattern": 0.0,
    "irregular_streaks": 0.0,
    "irregular_pigmentation": 0.7161425948143005,
    "irregular_dots_globules": 0.0,
    "regression_structures": 0.0,
    "symmetric_uniform": 0.0,
    "reticular_network": 3.165895700454712,
    "arborizing_vessels": 0.8957860469818115,
    "blue_grey_ovoid_nests": 1.1625587940216064,
    "ulceration": 1.2355875968933105,
    "scaly_surface": 2.505185127258301,
    "strawberry_pattern": 0.0,
    "milia_like_cysts": 1.958882212638855,
    "comedo_like_openings": 1.8852676153182983,
    "cerebriform_surface": 1.5441995859146118,
    "central_white_patch": 2.36495041847229,
    "red_lacunae": 2.1325929164886475,
    "healthy_skin": 0.0
  }
}