{
  "step": 40,
  "lambda_s": 4.616365988400632,
  "n_active": 24,
  "val_balacc": 0.5882666479378503,
  "val_auc": 0.8515437731653152,
  "val_loss": 1.166016936302185,
  "train_loss": 1.1315893123561143,
  "epochs_used": 8,
  "time_sec": 8.400446653366089,
  "just_eliminated": [],
  "issue4_fix": "best_within_step_checkpoint_restored",
  "norms": {
    "asymmetry": 2.863976240158081,
    "border_irregularity": 1.104537844657898,
    "colour_variation": 3.402625560760498,
    "diameter_large": 3.365288019180298,
    "atypical_pigment_network": 3.327975034713745,
    "blue_white_veil": 3.059314250946045,
    "atypical_vascular_pattern": 2.200796127319336,
    "irregular_streaks": 2.5902490615844727,
    "irregular_pigmentation": 3.3579790592193604,
    "irregular_dots_globules": 2.066732168197632,
    "regression_structures": 1.7388628721237183,
    "symmetric_uniform": 2.2235829830169678,
    "reticular_network": 4.0881476402282715,
    "arborizing_vessels": 2.812608480453491,
    "blue_grey_ovoid_nests": 3.1957809925079346,
    "ulceration": 2.717731475830078,
    "scaly_surface": 3.943713903427124,
    "strawberry_pattern": 2.2793900966644287,
    "milia_like_cysts": 2.3382174968719482,
    "comedo_like_openings": 2.781723737716675,
    "cerebriform_surface": 2.887009859085083,
    "central_white_patch": 3.892435312271118,
    "red_lacunae": 3.8096394538879395,
    "healthy_skin": 2.455447196960449
  }
}