{
  "step": 62,
  "lambda_s": 10.94041250437497,
  "n_active": 20,
  "val_balacc": 0.5641234598729461,
  "val_auc": 0.8399821026052516,
  "val_loss": 1.2479668855667114,
  "train_loss": 1.2175081602836177,
  "epochs_used": 7,
  "time_sec": 7.462138652801514,
  "just_eliminated": [],
  "issue4_fix": "best_within_step_checkpoint_restored",
  "norms": {
    "asymmetry": 2.4658925533294678,
    "border_irregularity": 0.0,
    "colour_variation": 2.692333221435547,
    "diameter_large": 3.2622997760772705,
    "atypical_pigment_network": 2.628638505935669,
    "blue_white_veil": 1.9884579181671143,
    "atypical_vascular_pattern": 1.1538339853286743,
    "irregular_streaks": 1.6702444553375244,
    "irregular_pigmentation": 2.6143276691436768,
    "irregular_dots_globules": 0.0,
    "regression_structures": 0.0,
    "symmetric_uniform": 1.414361834526062,
    "reticular_network": 3.599152088165283,
    "arborizing_vessels": 2.3520002365112305,
    "blue_grey_ovoid_nests": 3.0860297679901123,
    "ulceration": 2.2028748989105225,
    "scaly_surface": 3.6889355182647705,
    "strawberry_pattern": 0.49519553780555725,
    "milia_like_cysts": 2.01998233795166,
    "comedo_like_openings": 2.619489908218384,
    "cerebriform_surface": 2.2383503913879395,
    "central_white_patch": 3.168320894241333,
    "red_lacunae": 3.3971056938171387,
    "healthy_skin": 0.0
  }
}