{
  "step": 49,
  "lambda_s": 6.570528241751402,
  "n_active": 23,
  "val_balacc": 0.568259661507819,
  "val_auc": 0.8505083373452298,
  "val_loss": 1.207914113998413,
  "train_loss": 1.1467375640346986,
  "epochs_used": 7,
  "time_sec": 7.595657587051392,
  "just_eliminated": [],
  "issue4_fix": "best_within_step_checkpoint_restored",
  "norms": {
    "asymmetry": 2.2836649417877197,
    "border_irregularity": 0.0,
    "colour_variation": 2.8763175010681152,
    "diameter_large": 3.3737826347351074,
    "atypical_pigment_network": 2.664900064468384,
    "blue_white_veil": 2.798858404159546,
    "atypical_vascular_pattern": 1.8332146406173706,
    "irregular_streaks": 2.1551804542541504,
    "irregular_pigmentation": 2.8925490379333496,
    "irregular_dots_globules": 1.4143375158309937,
    "regression_structures": 0.07531093060970306,
    "symmetric_uniform": 2.2381937503814697,
    "reticular_network": 3.7892215251922607,
    "arborizing_vessels": 2.6438276767730713,
    "blue_grey_ovoid_nests": 3.0608744621276855,
    "ulceration": 2.516474723815918,
    "scaly_surface": 3.9294493198394775,
    "strawberry_pattern": 1.694546103477478,
    "milia_like_cysts": 2.2226064205169678,
    "comedo_like_openings": 2.9200801849365234,
    "cerebriform_surface": 2.457078218460083,
    "central_white_patch": 3.5034053325653076,
    "red_lacunae": 3.698103904724121,
    "healthy_skin": 1.5635991096496582
  }
}