{
  "step": 61,
  "lambda_s": 10.519627408052855,
  "n_active": 20,
  "val_balacc": 0.5702047222721213,
  "val_auc": 0.8400716362622018,
  "val_loss": 1.2464334964752197,
  "train_loss": 1.2540998860491361,
  "epochs_used": 8,
  "time_sec": 8.377777576446533,
  "just_eliminated": [],
  "issue4_fix": "best_within_step_checkpoint_restored",
  "norms": {
    "asymmetry": 2.4358184337615967,
    "border_irregularity": 0.0,
    "colour_variation": 2.6833226680755615,
    "diameter_large": 3.2494707107543945,
    "atypical_pigment_network": 2.6026864051818848,
    "blue_white_veil": 2.1144933700561523,
    "atypical_vascular_pattern": 1.2199957370758057,
    "irregular_streaks": 1.6909819841384888,
    "irregular_pigmentation": 2.578706979751587,
    "irregular_dots_globules": 0.0,
    "regression_structures": 0.0,
    "symmetric_uniform": 1.5021144151687622,
    "reticular_network": 3.555143117904663,
    "arborizing_vessels": 2.439582109451294,
    "blue_grey_ovoid_nests": 3.0508100986480713,
    "ulceration": 2.170675039291382,
    "scaly_surface": 3.675905704498291,
    "strawberry_pattern": 0.6595554351806641,
    "milia_like_cysts": 2.091477870941162,
    "comedo_like_openings": 2.609217405319214,
    "cerebriform_surface": 2.2441108226776123,
    "central_white_patch": 3.210141658782959,
    "red_lacunae": 3.348111391067505,
    "healthy_skin": 0.0
  }
}