{
  "step": 7,
  "lambda_s": 1.2653190184960004,
  "n_active": 24,
  "val_balacc": 0.5804644376591419,
  "val_auc": 0.8642462720812484,
  "val_loss": 1.1472941637039185,
  "train_loss": 1.0576103458621116,
  "epochs_used": 10,
  "time_sec": 10.203169345855713,
  "just_eliminated": [],
  "issue4_fix": "best_within_step_checkpoint_restored",
  "norms": {
    "asymmetry": 5.852965831756592,
    "border_irregularity": 5.432656764984131,
    "colour_variation": 6.116188049316406,
    "diameter_large": 5.795500755310059,
    "atypical_pigment_network": 5.910755634307861,
    "blue_white_veil": 5.852607250213623,
    "atypical_vascular_pattern": 5.617721080780029,
    "irregular_streaks": 5.628462791442871,
    "irregular_pigmentation": 5.559802055358887,
    "irregular_dots_globules": 5.7040581703186035,
    "regression_structures": 6.017035961151123,
    "symmetric_uniform": 4.956093788146973,
    "reticular_network": 5.964812278747559,
    "arborizing_vessels": 5.6064133644104,
    "blue_grey_ovoid_nests": 6.008704662322998,
    "ulceration": 5.921662330627441,
    "scaly_surface": 6.035451889038086,
    "strawberry_pattern": 5.331089496612549,
    "milia_like_cysts": 5.890002727508545,
    "comedo_like_openings": 5.7937469482421875,
    "cerebriform_surface": 6.028756618499756,
    "central_white_patch": 6.000675678253174,
    "red_lacunae": 6.288199424743652,
    "healthy_skin": 5.6177473068237305
  }
}