{
  "step": 17,
  "lambda_s": 1.8729812457271933,
  "n_active": 24,
  "val_balacc": 0.5963069269981746,
  "val_auc": 0.8628440120404764,
  "val_loss": 1.1472411155700684,
  "train_loss": 1.037466879283349,
  "epochs_used": 15,
  "time_sec": 15.171210050582886,
  "just_eliminated": [],
  "issue4_fix": "best_within_step_checkpoint_restored",
  "norms": {
    "asymmetry": 4.712898254394531,
    "border_irregularity": 3.9471659660339355,
    "colour_variation": 5.131884574890137,
    "diameter_large": 4.722404956817627,
    "atypical_pigment_network": 4.924434661865234,
    "blue_white_veil": 4.740835666656494,
    "atypical_vascular_pattern": 4.378863334655762,
    "irregular_streaks": 4.477329730987549,
    "irregular_pigmentation": 4.629184246063232,
    "irregular_dots_globules": 4.449260711669922,
    "regression_structures": 4.738931655883789,
    "symmetric_uniform": 3.4800913333892822,
    "reticular_network": 5.068648815155029,
    "arborizing_vessels": 4.419328689575195,
    "blue_grey_ovoid_nests": 4.778039455413818,
    "ulceration": 4.570880889892578,
    "scaly_surface": 5.087621688842773,
    "strawberry_pattern": 4.079527378082275,
    "milia_like_cysts": 4.459692478179932,
    "comedo_like_openings": 4.604899883270264,
    "cerebriform_surface": 5.016385078430176,
    "central_white_patch": 5.2394232749938965,
    "red_lacunae": 5.262227535247803,
    "healthy_skin": 4.428749084472656
  }
}