{
  "step": 30,
  "lambda_s": 3.118651451949559,
  "n_active": 24,
  "val_balacc": 0.605825774970089,
  "val_auc": 0.8550596048366895,
  "val_loss": 1.1432281732559204,
  "train_loss": 1.0491906445288588,
  "epochs_used": 7,
  "time_sec": 13.349542617797852,
  "just_eliminated": [],
  "issue4_fix": "best_within_step_checkpoint_restored",
  "norms": {
    "asymmetry": 3.3142077922821045,
    "border_irregularity": 2.1469035148620605,
    "colour_variation": 3.903033494949341,
    "diameter_large": 3.6727182865142822,
    "atypical_pigment_network": 3.8121819496154785,
    "blue_white_veil": 3.582770824432373,
    "atypical_vascular_pattern": 2.88689923286438,
    "irregular_streaks": 3.1044020652770996,
    "irregular_pigmentation": 3.737248182296753,
    "irregular_dots_globules": 2.8234808444976807,
    "regression_structures": 2.7787973880767822,
    "symmetric_uniform": 2.3665006160736084,
    "reticular_network": 4.343341827392578,
    "arborizing_vessels": 3.1476175785064697,
    "blue_grey_ovoid_nests": 3.562464714050293,
    "ulceration": 3.2639546394348145,
    "scaly_surface": 4.088541507720947,
    "strawberry_pattern": 2.807978868484497,
    "milia_like_cysts": 2.8158137798309326,
    "comedo_like_openings": 3.1229612827301025,
    "cerebriform_surface": 3.548170328140259,
    "central_white_patch": 4.30477237701416,
    "red_lacunae": 4.065392017364502,
    "healthy_skin": 3.0553104877471924
  }
}