{
  "step": 31,
  "lambda_s": 3.2433975100275414,
  "n_active": 24,
  "val_balacc": 0.5926680756465722,
  "val_auc": 0.8594517640859776,
  "val_loss": 1.1499663591384888,
  "train_loss": 1.034422575583779,
  "epochs_used": 15,
  "time_sec": 19.65513563156128,
  "just_eliminated": [],
  "issue4_fix": "best_within_step_checkpoint_restored",
  "norms": {
    "asymmetry": 3.2449400424957275,
    "border_irregularity": 1.9095485210418701,
    "colour_variation": 3.804617166519165,
    "diameter_large": 3.6240837574005127,
    "atypical_pigment_network": 3.7030093669891357,
    "blue_white_veil": 3.398312568664551,
    "atypical_vascular_pattern": 2.7584152221679688,
    "irregular_streaks": 2.9993762969970703,
    "irregular_pigmentation": 3.6445791721343994,
    "irregular_dots_globules": 2.626920223236084,
    "regression_structures": 2.408804178237915,
    "symmetric_uniform": 2.262147903442383,
    "reticular_network": 4.2743425369262695,
    "arborizing_vessels": 3.0694141387939453,
    "blue_grey_ovoid_nests": 3.46532940864563,
    "ulceration": 3.107877016067505,
    "scaly_surface": 3.9747965335845947,
    "strawberry_pattern": 2.683006525039673,
    "milia_like_cysts": 2.6806955337524414,
    "comedo_like_openings": 3.0481107234954834,
    "cerebriform_surface": 3.4016191959381104,
    "central_white_patch": 4.17615270614624,
    "red_lacunae": 3.9470760822296143,
    "healthy_skin": 2.870419979095459
  }
}