{
  "step": 74,
  "lambda_s": 17.51595290392506,
  "n_active": 16,
  "val_balacc": 0.560442199875793,
  "val_auc": 0.8239364207302992,
  "val_loss": 1.3316107988357544,
  "train_loss": 1.2894641177096882,
  "epochs_used": 7,
  "time_sec": 7.182992935180664,
  "just_eliminated": [],
  "issue4_fix": "best_within_step_checkpoint_restored",
  "norms": {
    "asymmetry": 2.867225408554077,
    "border_irregularity": 0.0,
    "colour_variation": 2.292297601699829,
    "diameter_large": 2.9780538082122803,
    "atypical_pigment_network": 2.332848072052002,
    "blue_white_veil": 0.8390796184539795,
    "atypical_vascular_pattern": 0.0,
    "irregular_streaks": 0.0,
    "irregular_pigmentation": 1.6983661651611328,
    "irregular_dots_globules": 0.0,
    "regression_structures": 0.0,
    "symmetric_uniform": 0.0,
    "reticular_network": 3.439621925354004,
    "arborizing_vessels": 1.9440287351608276,
    "blue_grey_ovoid_nests": 2.4701168537139893,
    "ulceration": 1.8734183311462402,
    "scaly_surface": 3.2053890228271484,
    "strawberry_pattern": 0.0,
    "milia_like_cysts": 2.2726001739501953,
    "comedo_like_openings": 2.612138271331787,
    "cerebriform_surface": 1.9212892055511475,
    "central_white_patch": 2.8921749591827393,
    "red_lacunae": 2.9081997871398926,
    "healthy_skin": 0.0
  }
}