{
  "step": 54,
  "lambda_s": 7.994052255628014,
  "n_active": 22,
  "val_balacc": 0.5623555917930919,
  "val_auc": 0.8489502613255901,
  "val_loss": 1.223284125328064,
  "train_loss": 1.132311030482964,
  "epochs_used": 10,
  "time_sec": 11.155714988708496,
  "just_eliminated": [],
  "issue4_fix": "best_within_step_checkpoint_restored",
  "norms": {
    "asymmetry": 2.3473358154296875,
    "border_irregularity": 0.0,
    "colour_variation": 2.727374792098999,
    "diameter_large": 3.257462978363037,
    "atypical_pigment_network": 2.755296468734741,
    "blue_white_veil": 2.4759562015533447,
    "atypical_vascular_pattern": 1.6199911832809448,
    "irregular_streaks": 1.9412482976913452,
    "irregular_pigmentation": 2.785670757293701,
    "irregular_dots_globules": 0.8908743262290955,
    "regression_structures": 0.0,
    "symmetric_uniform": 1.9249279499053955,
    "reticular_network": 3.6387381553649902,
    "arborizing_vessels": 2.5831973552703857,
    "blue_grey_ovoid_nests": 3.093311309814453,
    "ulceration": 2.341306447982788,
    "scaly_surface": 3.8163599967956543,
    "strawberry_pattern": 1.481242060661316,
    "milia_like_cysts": 2.1292665004730225,
    "comedo_like_openings": 2.696516752243042,
    "cerebriform_surface": 2.234706163406372,
    "central_white_patch": 3.373373508453369,
    "red_lacunae": 3.5898690223693848,
    "healthy_skin": 0.9308671951293945
  }
}