{
  "step": 27,
  "lambda_s": 2.772469784746919,
  "n_active": 24,
  "val_balacc": 0.6091029395023044,
  "val_auc": 0.8610973944418095,
  "val_loss": 1.1381765604019165,
  "train_loss": 0.9982758598391422,
  "epochs_used": 15,
  "time_sec": 17.509997844696045,
  "just_eliminated": [],
  "issue4_fix": "best_within_step_checkpoint_restored",
  "norms": {
    "asymmetry": 3.5167553424835205,
    "border_irregularity": 2.3698058128356934,
    "colour_variation": 4.006137847900391,
    "diameter_large": 3.6866679191589355,
    "atypical_pigment_network": 3.9249234199523926,
    "blue_white_veil": 3.6399967670440674,
    "atypical_vascular_pattern": 3.0559682846069336,
    "irregular_streaks": 3.2074644565582275,
    "irregular_pigmentation": 3.80043625831604,
    "irregular_dots_globules": 3.00274658203125,
    "regression_structures": 3.0254228115081787,
    "symmetric_uniform": 2.362640619277954,
    "reticular_network": 4.342251300811768,
    "arborizing_vessels": 3.259739637374878,
    "blue_grey_ovoid_nests": 3.661524772644043,
    "ulceration": 3.459822654724121,
    "scaly_surface": 4.1517229080200195,
    "strawberry_pattern": 2.927929162979126,
    "milia_like_cysts": 2.9963767528533936,
    "comedo_like_openings": 3.3040823936462402,
    "cerebriform_surface": 3.7332217693328857,
    "central_white_patch": 4.401028156280518,
    "red_lacunae": 4.170730113983154,
    "healthy_skin": 3.225024461746216
  }
}