{
  "step": 79,
  "lambda_s": 21.31083493886214,
  "n_active": 15,
  "val_balacc": 0.5195936328683833,
  "val_auc": 0.8078680210524896,
  "val_loss": 1.39420485496521,
  "train_loss": 1.328551951120756,
  "epochs_used": 7,
  "time_sec": 7.520749807357788,
  "just_eliminated": [],
  "issue4_fix": "best_within_step_checkpoint_restored",
  "norms": {
    "asymmetry": 2.768921375274658,
    "border_irregularity": 0.0,
    "colour_variation": 2.1527347564697266,
    "diameter_large": 2.5249319076538086,
    "atypical_pigment_network": 2.106282949447632,
    "blue_white_veil": 0.0,
    "atypical_vascular_pattern": 0.0,
    "irregular_streaks": 0.0,
    "irregular_pigmentation": 1.2392911911010742,
    "irregular_dots_globules": 0.0,
    "regression_structures": 0.0,
    "symmetric_uniform": 0.0,
    "reticular_network": 3.4696216583251953,
    "arborizing_vessels": 1.5443789958953857,
    "blue_grey_ovoid_nests": 2.0747194290161133,
    "ulceration": 1.6742807626724243,
    "scaly_surface": 3.0166163444519043,
    "strawberry_pattern": 0.0,
    "milia_like_cysts": 2.1856799125671387,
    "comedo_like_openings": 2.218390464782715,
    "cerebriform_surface": 1.8598756790161133,
    "central_white_patch": 2.636378049850464,
    "red_lacunae": 2.6341934204101562,
    "healthy_skin": 0.0
  }
}