{
  "step": 55,
  "lambda_s": 8.313814345853135,
  "n_active": 22,
  "val_balacc": 0.5767185650172566,
  "val_auc": 0.8479244329125037,
  "val_loss": 1.222594141960144,
  "train_loss": 1.216982676019044,
  "epochs_used": 7,
  "time_sec": 7.9280009269714355,
  "just_eliminated": [],
  "issue4_fix": "best_within_step_checkpoint_restored",
  "norms": {
    "asymmetry": 2.3420026302337646,
    "border_irregularity": 0.0,
    "colour_variation": 2.7857017517089844,
    "diameter_large": 3.2813949584960938,
    "atypical_pigment_network": 2.7146685123443604,
    "blue_white_veil": 2.445047616958618,
    "atypical_vascular_pattern": 1.6655690670013428,
    "irregular_streaks": 1.9816324710845947,
    "irregular_pigmentation": 2.7403855323791504,
    "irregular_dots_globules": 0.7828019261360168,
    "regression_structures": 0.0,
    "symmetric_uniform": 1.9046127796173096,
    "reticular_network": 3.647230863571167,
    "arborizing_vessels": 2.580885887145996,
    "blue_grey_ovoid_nests": 3.1174979209899902,
    "ulceration": 2.3125648498535156,
    "scaly_surface": 3.810629367828369,
    "strawberry_pattern": 1.395168423652649,
    "milia_like_cysts": 2.133000373840332,
    "comedo_like_openings": 2.7055177688598633,
    "cerebriform_surface": 2.2816219329833984,
    "central_white_patch": 3.408740282058716,
    "red_lacunae": 3.623816967010498,
    "healthy_skin": 0.8970351219177246
  }
}