{
  "step": 19,
  "lambda_s": 2.0258165153785326,
  "n_active": 24,
  "val_balacc": 0.6018469443344364,
  "val_auc": 0.8610367219057531,
  "val_loss": 1.1502145528793335,
  "train_loss": 1.0340266267217546,
  "epochs_used": 11,
  "time_sec": 11.245039463043213,
  "just_eliminated": [],
  "issue4_fix": "best_within_step_checkpoint_restored",
  "norms": {
    "asymmetry": 4.520164489746094,
    "border_irregularity": 3.7297186851501465,
    "colour_variation": 4.992300987243652,
    "diameter_large": 4.576071739196777,
    "atypical_pigment_network": 4.746532440185547,
    "blue_white_veil": 4.58099889755249,
    "atypical_vascular_pattern": 4.148615837097168,
    "irregular_streaks": 4.31428337097168,
    "irregular_pigmentation": 4.493439674377441,
    "irregular_dots_globules": 4.2171711921691895,
    "regression_structures": 4.533222198486328,
    "symmetric_uniform": 3.2945759296417236,
    "reticular_network": 4.93419885635376,
    "arborizing_vessels": 4.285044193267822,
    "blue_grey_ovoid_nests": 4.614206314086914,
    "ulceration": 4.390161514282227,
    "scaly_surface": 4.912148475646973,
    "strawberry_pattern": 3.9235241413116455,
    "milia_like_cysts": 4.242056369781494,
    "comedo_like_openings": 4.4081244468688965,
    "cerebriform_surface": 4.831438064575195,
    "central_white_patch": 5.101383209228516,
    "red_lacunae": 5.09572696685791,
    "healthy_skin": 4.237391471862793
  }
}