{
  "step": 84,
  "lambda_s": 25.927889180933953,
  "n_active": 15,
  "val_balacc": 0.5179661262439587,
  "val_auc": 0.8013856231873259,
  "val_loss": 1.4568573236465454,
  "train_loss": 1.4362911331762995,
  "epochs_used": 7,
  "time_sec": 7.466775417327881,
  "just_eliminated": [],
  "issue4_fix": "best_within_step_checkpoint_restored",
  "norms": {
    "asymmetry": 2.6687803268432617,
    "border_irregularity": 0.0,
    "colour_variation": 2.027878999710083,
    "diameter_large": 2.221893787384033,
    "atypical_pigment_network": 1.7617416381835938,
    "blue_white_veil": 0.0,
    "atypical_vascular_pattern": 0.0,
    "irregular_streaks": 0.0,
    "irregular_pigmentation": 0.848400354385376,
    "irregular_dots_globules": 0.0,
    "regression_structures": 0.0,
    "symmetric_uniform": 0.0,
    "reticular_network": 3.2407641410827637,
    "arborizing_vessels": 1.1372349262237549,
    "blue_grey_ovoid_nests": 1.5086666345596313,
    "ulceration": 1.374393343925476,
    "scaly_surface": 2.6283466815948486,
    "strawberry_pattern": 0.0,
    "milia_like_cysts": 2.0587222576141357,
    "comedo_like_openings": 1.9565353393554688,
    "cerebriform_surface": 1.6824896335601807,
    "central_white_patch": 2.4181032180786133,
    "red_lacunae": 2.258793830871582,
    "healthy_skin": 0.0
  }
}