{
  "step": 12,
  "lambda_s": 1.5394540563150783,
  "n_active": 24,
  "val_balacc": 0.6014572268418437,
  "val_auc": 0.8669432068105024,
  "val_loss": 1.1444612741470337,
  "train_loss": 1.0157328293174805,
  "epochs_used": 9,
  "time_sec": 9.63711667060852,
  "just_eliminated": [],
  "issue4_fix": "best_within_step_checkpoint_restored",
  "norms": {
    "asymmetry": 5.353589057922363,
    "border_irregularity": 4.745270729064941,
    "colour_variation": 5.7089457511901855,
    "diameter_large": 5.3241753578186035,
    "atypical_pigment_network": 5.440637588500977,
    "blue_white_veil": 5.348289489746094,
    "atypical_vascular_pattern": 5.032107830047607,
    "irregular_streaks": 5.128296375274658,
    "irregular_pigmentation": 5.136134147644043,
    "irregular_dots_globules": 5.108078479766846,
    "regression_structures": 5.467382907867432,
    "symmetric_uniform": 4.265254974365234,
    "reticular_network": 5.5711894035339355,
    "arborizing_vessels": 5.070828914642334,
    "blue_grey_ovoid_nests": 5.469675064086914,
    "ulceration": 5.298067569732666,
    "scaly_surface": 5.6538543701171875,
    "strawberry_pattern": 4.774270534515381,
    "milia_like_cysts": 5.244378089904785,
    "comedo_like_openings": 5.277309417724609,
    "cerebriform_surface": 5.57879114151001,
    "central_white_patch": 5.647557258605957,
    "red_lacunae": 5.833035945892334,
    "healthy_skin": 5.124592304229736
  }
}