{
  "step": 37,
  "lambda_s": 4.10393255398042,
  "n_active": 24,
  "val_balacc": 0.5840728389537047,
  "val_auc": 0.8556031557570216,
  "val_loss": 1.1672762632369995,
  "train_loss": 1.1164137984642364,
  "epochs_used": 12,
  "time_sec": 12.891834259033203,
  "just_eliminated": [],
  "issue4_fix": "best_within_step_checkpoint_restored",
  "norms": {
    "asymmetry": 2.9080591201782227,
    "border_irregularity": 1.3549060821533203,
    "colour_variation": 3.534515142440796,
    "diameter_large": 3.3416974544525146,
    "atypical_pigment_network": 3.3217456340789795,
    "blue_white_veil": 3.143789529800415,
    "atypical_vascular_pattern": 2.3976738452911377,
    "irregular_streaks": 2.7015128135681152,
    "irregular_pigmentation": 3.415330171585083,
    "irregular_dots_globules": 2.167506456375122,
    "regression_structures": 1.9191879034042358,
    "symmetric_uniform": 2.262437343597412,
    "reticular_network": 4.147488117218018,
    "arborizing_vessels": 2.8443567752838135,
    "blue_grey_ovoid_nests": 3.2365570068359375,
    "ulceration": 2.743509292602539,
    "scaly_surface": 3.937241554260254,
    "strawberry_pattern": 2.4383254051208496,
    "milia_like_cysts": 2.4711802005767822,
    "comedo_like_openings": 2.8356707096099854,
    "cerebriform_surface": 3.105146884918213,
    "central_white_patch": 4.035865783691406,
    "red_lacunae": 3.7785022258758545,
    "healthy_skin": 2.660331964492798
  }
}