{
  "step": 89,
  "lambda_s": 31.545241625088856,
  "n_active": 15,
  "val_balacc": 0.5066272253100478,
  "val_auc": 0.76861092579594,
  "val_loss": 1.5622222423553467,
  "train_loss": 1.5765955709413488,
  "epochs_used": 7,
  "time_sec": 7.8617658615112305,
  "just_eliminated": [],
  "issue4_fix": "best_within_step_checkpoint_restored",
  "norms": {
    "asymmetry": 2.303816556930542,
    "border_irregularity": 0.0,
    "colour_variation": 1.8736227750778198,
    "diameter_large": 1.6872352361679077,
    "atypical_pigment_network": 1.3944478034973145,
    "blue_white_veil": 0.0,
    "atypical_vascular_pattern": 0.0,
    "irregular_streaks": 0.0,
    "irregular_pigmentation": 0.3146743178367615,
    "irregular_dots_globules": 0.0,
    "regression_structures": 0.0,
    "symmetric_uniform": 0.0,
    "reticular_network": 2.9521536827087402,
    "arborizing_vessels": 0.44726163148880005,
    "blue_grey_ovoid_nests": 0.630887508392334,
    "ulceration": 0.7080563902854919,
    "scaly_surface": 2.1761727333068848,
    "strawberry_pattern": 0.0,
    "milia_like_cysts": 1.7761465311050415,
    "comedo_like_openings": 1.6598198413848877,
    "cerebriform_surface": 1.1730033159255981,
    "central_white_patch": 2.085625648498535,
    "red_lacunae": 1.850820541381836,
    "healthy_skin": 0.0
  }
}