{
  "step": 97,
  "lambda_s": 43.171841375652775,
  "n_active": 10,
  "val_balacc": 0.3237387155622246,
  "val_auc": 0.6785625896144359,
  "val_loss": 1.8281569480895996,
  "train_loss": 1.7805118222391647,
  "epochs_used": 7,
  "time_sec": 7.637497663497925,
  "just_eliminated": [],
  "issue4_fix": "best_within_step_checkpoint_restored",
  "norms": {
    "asymmetry": 1.3845726251602173,
    "border_irregularity": 0.0,
    "colour_variation": 1.0256184339523315,
    "diameter_large": 0.6393557786941528,
    "atypical_pigment_network": 0.7335717082023621,
    "blue_white_veil": 0.0,
    "atypical_vascular_pattern": 0.0,
    "irregular_streaks": 0.0,
    "irregular_pigmentation": 0.0,
    "irregular_dots_globules": 0.0,
    "regression_structures": 0.0,
    "symmetric_uniform": 0.0,
    "reticular_network": 2.1771132946014404,
    "arborizing_vessels": 0.0,
    "blue_grey_ovoid_nests": 0.0,
    "ulceration": 0.0,
    "scaly_surface": 1.1208008527755737,
    "strawberry_pattern": 0.0,
    "milia_like_cysts": 0.7012578248977661,
    "comedo_like_openings": 0.5647401213645935,
    "cerebriform_surface": 0.0,
    "central_white_patch": 1.0752182006835938,
    "red_lacunae": 0.695898175239563,
    "healthy_skin": 0.0
  }
}