{
  "step": 75,
  "lambda_s": 18.216591020082063,
  "n_active": 16,
  "val_balacc": 0.5375088494957587,
  "val_auc": 0.824681037771352,
  "val_loss": 1.3430765867233276,
  "train_loss": 1.3027117423125645,
  "epochs_used": 8,
  "time_sec": 8.189197540283203,
  "just_eliminated": [],
  "issue4_fix": "best_within_step_checkpoint_restored",
  "norms": {
    "asymmetry": 2.7938790321350098,
    "border_irregularity": 0.0,
    "colour_variation": 2.245811700820923,
    "diameter_large": 2.756453514099121,
    "atypical_pigment_network": 2.3029253482818604,
    "blue_white_veil": 0.3924807608127594,
    "atypical_vascular_pattern": 0.0,
    "irregular_streaks": 0.0,
    "irregular_pigmentation": 1.5835407972335815,
    "irregular_dots_globules": 0.0,
    "regression_structures": 0.0,
    "symmetric_uniform": 0.0,
    "reticular_network": 3.4400861263275146,
    "arborizing_vessels": 1.8445491790771484,
    "blue_grey_ovoid_nests": 2.3440768718719482,
    "ulceration": 1.7750428915023804,
    "scaly_surface": 3.154019832611084,
    "strawberry_pattern": 0.0,
    "milia_like_cysts": 2.3241066932678223,
    "comedo_like_openings": 2.4943838119506836,
    "cerebriform_surface": 1.9076403379440308,
    "central_white_patch": 2.817425012588501,
    "red_lacunae": 2.9017128944396973,
    "healthy_skin": 0.0
  }
}