{
  "step": 28,
  "lambda_s": 2.883368576136796,
  "n_active": 24,
  "val_balacc": 0.5951898969771097,
  "val_auc": 0.8583746304769146,
  "val_loss": 1.1575580835342407,
  "train_loss": 1.04597988587031,
  "epochs_used": 7,
  "time_sec": 8.160848140716553,
  "just_eliminated": [],
  "issue4_fix": "best_within_step_checkpoint_restored",
  "norms": {
    "asymmetry": 3.478450298309326,
    "border_irregularity": 2.325077772140503,
    "colour_variation": 4.014064788818359,
    "diameter_large": 3.663670539855957,
    "atypical_pigment_network": 3.895195484161377,
    "blue_white_veil": 3.626450538635254,
    "atypical_vascular_pattern": 3.0391147136688232,
    "irregular_streaks": 3.2232117652893066,
    "irregular_pigmentation": 3.823364734649658,
    "irregular_dots_globules": 2.9866158962249756,
    "regression_structures": 2.983592987060547,
    "symmetric_uniform": 2.314592123031616,
    "reticular_network": 4.347434997558594,
    "arborizing_vessels": 3.207850456237793,
    "blue_grey_ovoid_nests": 3.6443231105804443,
    "ulceration": 3.4364352226257324,
    "scaly_surface": 4.182876110076904,
    "strawberry_pattern": 2.9333925247192383,
    "milia_like_cysts": 2.9573934078216553,
    "comedo_like_openings": 3.293663263320923,
    "cerebriform_surface": 3.6956393718719482,
    "central_white_patch": 4.383225917816162,
    "red_lacunae": 4.180448532104492,
    "healthy_skin": 3.224980354309082
  }
}