{
  "step": 32,
  "lambda_s": 3.3731334104286432,
  "n_active": 24,
  "val_balacc": 0.6039653180104515,
  "val_auc": 0.8586657849901279,
  "val_loss": 1.159675121307373,
  "train_loss": 1.0702881648207103,
  "epochs_used": 8,
  "time_sec": 10.348452091217041,
  "just_eliminated": [],
  "issue4_fix": "best_within_step_checkpoint_restored",
  "norms": {
    "asymmetry": 3.218857526779175,
    "border_irregularity": 1.8683894872665405,
    "colour_variation": 3.767723321914673,
    "diameter_large": 3.563053607940674,
    "atypical_pigment_network": 3.731637477874756,
    "blue_white_veil": 3.367088556289673,
    "atypical_vascular_pattern": 2.7184574604034424,
    "irregular_streaks": 3.0186843872070312,
    "irregular_pigmentation": 3.5953433513641357,
    "irregular_dots_globules": 2.5822765827178955,
    "regression_structures": 2.372089385986328,
    "symmetric_uniform": 2.2655699253082275,
    "reticular_network": 4.2792582511901855,
    "arborizing_vessels": 3.0622546672821045,
    "blue_grey_ovoid_nests": 3.440955400466919,
    "ulceration": 3.095149278640747,
    "scaly_surface": 4.007792949676514,
    "strawberry_pattern": 2.67791485786438,
    "milia_like_cysts": 2.7057058811187744,
    "comedo_like_openings": 2.9912264347076416,
    "cerebriform_surface": 3.3805694580078125,
    "central_white_patch": 4.193667888641357,
    "red_lacunae": 3.900006055831909,
    "healthy_skin": 2.8455867767333984
  }
}