{
  "step": 18,
  "lambda_s": 1.947900495556281,
  "n_active": 24,
  "val_balacc": 0.5992081822881613,
  "val_auc": 0.8637869688636354,
  "val_loss": 1.1469464302062988,
  "train_loss": 1.0745393270688954,
  "epochs_used": 8,
  "time_sec": 8.22695279121399,
  "just_eliminated": [],
  "issue4_fix": "best_within_step_checkpoint_restored",
  "norms": {
    "asymmetry": 4.687512397766113,
    "border_irregularity": 3.886932849884033,
    "colour_variation": 5.100913047790527,
    "diameter_large": 4.6682844161987305,
    "atypical_pigment_network": 4.862100124359131,
    "blue_white_veil": 4.68421745300293,
    "atypical_vascular_pattern": 4.313986778259277,
    "irregular_streaks": 4.427984237670898,
    "irregular_pigmentation": 4.590054035186768,
    "irregular_dots_globules": 4.379227161407471,
    "regression_structures": 4.6900200843811035,
    "symmetric_uniform": 3.4258313179016113,
    "reticular_network": 5.053800582885742,
    "arborizing_vessels": 4.390826225280762,
    "blue_grey_ovoid_nests": 4.736279010772705,
    "ulceration": 4.522125244140625,
    "scaly_surface": 5.0488386154174805,
    "strawberry_pattern": 4.057657718658447,
    "milia_like_cysts": 4.411120414733887,
    "comedo_like_openings": 4.579326152801514,
    "cerebriform_surface": 4.954795837402344,
    "central_white_patch": 5.178974151611328,
    "red_lacunae": 5.2227067947387695,
    "healthy_skin": 4.353358745574951
  }
}