{
  "step": 10,
  "lambda_s": 1.423311812421485,
  "n_active": 24,
  "val_balacc": 0.6052596514993346,
  "val_auc": 0.8651124713189365,
  "val_loss": 1.1494345664978027,
  "train_loss": 0.9685110667015535,
  "epochs_used": 8,
  "time_sec": 8.223505020141602,
  "just_eliminated": [],
  "issue4_fix": "best_within_step_checkpoint_restored",
  "norms": {
    "asymmetry": 5.465364456176758,
    "border_irregularity": 4.924719333648682,
    "colour_variation": 5.767452239990234,
    "diameter_large": 5.431469917297363,
    "atypical_pigment_network": 5.588955879211426,
    "blue_white_veil": 5.4759440422058105,
    "atypical_vascular_pattern": 5.164768218994141,
    "irregular_streaks": 5.239468097686768,
    "irregular_pigmentation": 5.239316463470459,
    "irregular_dots_globules": 5.281913757324219,
    "regression_structures": 5.580840110778809,
    "symmetric_uniform": 4.432127952575684,
    "reticular_network": 5.665150165557861,
    "arborizing_vessels": 5.193594455718994,
    "blue_grey_ovoid_nests": 5.596638202667236,
    "ulceration": 5.4530863761901855,
    "scaly_surface": 5.75310754776001,
    "strawberry_pattern": 4.901417255401611,
    "milia_like_cysts": 5.398261547088623,
    "comedo_like_openings": 5.434145927429199,
    "cerebriform_surface": 5.705765247344971,
    "central_white_patch": 5.736874580383301,
    "red_lacunae": 5.9121174812316895,
    "healthy_skin": 5.261780738830566
  }
}