{
  "step": 20,
  "lambda_s": 2.106849175993674,
  "n_active": 24,
  "val_balacc": 0.5999064873330804,
  "val_auc": 0.8640994364632805,
  "val_loss": 1.1366143226623535,
  "train_loss": 1.0135005257848744,
  "epochs_used": 9,
  "time_sec": 9.893280506134033,
  "just_eliminated": [],
  "issue4_fix": "best_within_step_checkpoint_restored",
  "norms": {
    "asymmetry": 4.473476409912109,
    "border_irregularity": 3.654548406600952,
    "colour_variation": 4.902592182159424,
    "diameter_large": 4.498885154724121,
    "atypical_pigment_network": 4.695154190063477,
    "blue_white_veil": 4.4777631759643555,
    "atypical_vascular_pattern": 4.070507049560547,
    "irregular_streaks": 4.235141754150391,
    "irregular_pigmentation": 4.466498374938965,
    "irregular_dots_globules": 4.146120071411133,
    "regression_structures": 4.437727451324463,
    "symmetric_uniform": 3.2133889198303223,
    "reticular_network": 4.881717681884766,
    "arborizing_vessels": 4.2022905349731445,
    "blue_grey_ovoid_nests": 4.543588161468506,
    "ulceration": 4.319996356964111,
    "scaly_surface": 4.8859100341796875,
    "strawberry_pattern": 3.8492085933685303,
    "milia_like_cysts": 4.168675899505615,
    "comedo_like_openings": 4.334939479827881,
    "cerebriform_surface": 4.765218257904053,
    "central_white_patch": 5.017825603485107,
    "red_lacunae": 5.067059516906738,
    "healthy_skin": 4.174337863922119
  }
}