{
  "step": 76,
  "lambda_s": 18.945254660885347,
  "n_active": 16,
  "val_balacc": 0.5418450942325551,
  "val_auc": 0.8260661768963792,
  "val_loss": 1.3502929210662842,
  "train_loss": 1.3731606596827897,
  "epochs_used": 7,
  "time_sec": 7.455262660980225,
  "just_eliminated": [],
  "issue4_fix": "best_within_step_checkpoint_restored",
  "norms": {
    "asymmetry": 2.810299873352051,
    "border_irregularity": 0.0,
    "colour_variation": 2.263680934906006,
    "diameter_large": 2.725797176361084,
    "atypical_pigment_network": 2.2065675258636475,
    "blue_white_veil": 0.26608219742774963,
    "atypical_vascular_pattern": 0.0,
    "irregular_streaks": 0.0,
    "irregular_pigmentation": 1.504501461982727,
    "irregular_dots_globules": 0.0,
    "regression_structures": 0.0,
    "symmetric_uniform": 0.0,
    "reticular_network": 3.475443124771118,
    "arborizing_vessels": 1.7584702968597412,
    "blue_grey_ovoid_nests": 2.340834617614746,
    "ulceration": 1.7122166156768799,
    "scaly_surface": 3.089782476425171,
    "strawberry_pattern": 0.0,
    "milia_like_cysts": 2.318028450012207,
    "comedo_like_openings": 2.4969277381896973,
    "cerebriform_surface": 1.9583173990249634,
    "central_white_patch": 2.752047538757324,
    "red_lacunae": 2.8751556873321533,
    "healthy_skin": 0.0
  }
}