{
  "dense_val_balacc": 0.6121198634870435,
  "dense_val_auc": 0.8591533613075677,
  "hidden_dims": [
    64,
    32
  ],
  "dropout": 0.1,
  "weight_decay": 1e-05,
  "lr": 0.001,
  "batch_size": 256,
  "max_dense_epochs": 100,
  "dense_patience": 15,
  "sched_patience": 5,
  "sched_factor": 0.5,
  "concurvity_lambda": 0.0,
  "seed": 44,
  "git_sha": "84f4bea",
  "timestamp": "2026-05-29T14:00:52.705629+00:00"
}