{
  "lambda": 1.15804802975993,
  "n_active": 24,
  "val_balacc": 0.560937348958695,
  "val_auc": 0.8609626387653291,
  "val_loss": 1.3166279792785645,
  "actual_epochs": 23,
  "norms": {
    "asymmetry": 8.660664558410645,
    "border_irregularity": 8.176241874694824,
    "colour_variation": 9.577200889587402,
    "diameter_large": 9.466325759887695,
    "atypical_pigment_network": 10.356236457824707,
    "blue_white_veil": 11.837438583374023,
    "atypical_vascular_pattern": 9.487092018127441,
    "irregular_streaks": 7.901616096496582,
    "irregular_pigmentation": 8.606266021728516,
    "irregular_dots_globules": 7.251855373382568,
    "regression_structures": 8.152761459350586,
    "symmetric_uniform": 8.746952056884766,
    "reticular_network": 10.397551536560059,
    "arborizing_vessels": 8.13064193725586,
    "blue_grey_ovoid_nests": 9.658028602600098,
    "ulceration": 8.973906517028809,
    "scaly_surface": 10.449135780334473,
    "strawberry_pattern": 9.360547065734863,
    "milia_like_cysts": 8.343461036682129,
    "comedo_like_openings": 8.683889389038086,
    "cerebriform_surface": 10.230158805847168,
    "central_white_patch": 8.761377334594727,
    "red_lacunae": 9.460234642028809,
    "healthy_skin": 9.739288330078125
  },
  "just_eliminated": []
}