{
  "lambda": 0.09357620873536668,
  "n_active": 24,
  "val_balacc": 0.5870525639630257,
  "val_auc": 0.8573623012994374,
  "val_loss": 1.312619924545288,
  "actual_epochs": 20,
  "norms": {
    "asymmetry": 8.575510025024414,
    "border_irregularity": 9.188789367675781,
    "colour_variation": 9.178569793701172,
    "diameter_large": 9.250446319580078,
    "atypical_pigment_network": 9.820026397705078,
    "blue_white_veil": 10.122015953063965,
    "atypical_vascular_pattern": 9.071043968200684,
    "irregular_streaks": 8.76570987701416,
    "irregular_pigmentation": 9.213434219360352,
    "irregular_dots_globules": 7.853715896606445,
    "regression_structures": 8.067610740661621,
    "symmetric_uniform": 8.889596939086914,
    "reticular_network": 9.667234420776367,
    "arborizing_vessels": 8.579704284667969,
    "blue_grey_ovoid_nests": 8.99838924407959,
    "ulceration": 8.748072624206543,
    "scaly_surface": 9.240691184997559,
    "strawberry_pattern": 8.71859073638916,
    "milia_like_cysts": 8.00411605834961,
    "comedo_like_openings": 8.536320686340332,
    "cerebriform_surface": 10.325949668884277,
    "central_white_patch": 9.246358871459961,
    "red_lacunae": 9.219873428344727,
    "healthy_skin": 9.17184066772461
  },
  "just_eliminated": []
}