{
  "lambda": 6.195846593366683,
  "n_active": 24,
  "val_balacc": 0.5938414257925001,
  "val_auc": 0.8528201869520886,
  "val_loss": 1.1855920553207397,
  "actual_epochs": 12,
  "norms": {
    "asymmetry": 3.164424419403076,
    "border_irregularity": 0.13795973360538483,
    "colour_variation": 3.495649576187134,
    "diameter_large": 4.171534538269043,
    "atypical_pigment_network": 4.654637813568115,
    "blue_white_veil": 4.1476263999938965,
    "atypical_vascular_pattern": 2.1631040573120117,
    "irregular_streaks": 2.4358174800872803,
    "irregular_pigmentation": 3.590000867843628,
    "irregular_dots_globules": 1.88858163356781,
    "regression_structures": 0.42773231863975525,
    "symmetric_uniform": 1.7843612432479858,
    "reticular_network": 4.674380779266357,
    "arborizing_vessels": 3.316774845123291,
    "blue_grey_ovoid_nests": 3.4086649417877197,
    "ulceration": 3.2753989696502686,
    "scaly_surface": 4.070285320281982,
    "strawberry_pattern": 3.1769540309906006,
    "milia_like_cysts": 1.8795242309570312,
    "comedo_like_openings": 3.1573245525360107,
    "cerebriform_surface": 3.2353053092956543,
    "central_white_patch": 4.196132183074951,
    "red_lacunae": 4.206272125244141,
    "healthy_skin": 3.285007953643799
  },
  "just_eliminated": []
}