{
  "lambda": 12.462060578215462,
  "n_active": 19,
  "val_balacc": 0.5421124100408937,
  "val_auc": 0.8313019948733468,
  "val_loss": 1.2986105680465698,
  "actual_epochs": 12,
  "norms": {
    "asymmetry": 3.079904556274414,
    "border_irregularity": 0.0,
    "colour_variation": 2.4110610485076904,
    "diameter_large": 2.895872116088867,
    "atypical_pigment_network": 2.4864673614501953,
    "blue_white_veil": 1.6681745052337646,
    "atypical_vascular_pattern": 0.8201286792755127,
    "irregular_streaks": 0.0837276428937912,
    "irregular_pigmentation": 1.8619556427001953,
    "irregular_dots_globules": 0.0,
    "regression_structures": 0.0,
    "symmetric_uniform": 0.9022107720375061,
    "reticular_network": 3.49765944480896,
    "arborizing_vessels": 2.083510398864746,
    "blue_grey_ovoid_nests": 2.7892255783081055,
    "ulceration": 2.3185040950775146,
    "scaly_surface": 3.5755531787872314,
    "strawberry_pattern": 0.0,
    "milia_like_cysts": 2.4771060943603516,
    "comedo_like_openings": 2.4177544116973877,
    "cerebriform_surface": 2.2861104011535645,
    "central_white_patch": 3.111976385116577,
    "red_lacunae": 3.0793654918670654,
    "healthy_skin": 0.0
  },
  "just_eliminated": []
}