{
  "lambda": 0.030590228625390608,
  "n_active": 24,
  "val_balacc": 0.5950216385159232,
  "val_auc": 0.859814638063771,
  "val_loss": 1.2418622970581055,
  "actual_epochs": 20,
  "norms": {
    "asymmetry": 7.843447208404541,
    "border_irregularity": 7.781434059143066,
    "colour_variation": 8.541369438171387,
    "diameter_large": 7.5291218757629395,
    "atypical_pigment_network": 8.57330322265625,
    "blue_white_veil": 8.40977668762207,
    "atypical_vascular_pattern": 8.056625366210938,
    "irregular_streaks": 7.8211846351623535,
    "irregular_pigmentation": 8.283174514770508,
    "irregular_dots_globules": 8.08005428314209,
    "regression_structures": 8.002994537353516,
    "symmetric_uniform": 7.962163925170898,
    "reticular_network": 8.44123363494873,
    "arborizing_vessels": 8.482193946838379,
    "blue_grey_ovoid_nests": 8.2296724319458,
    "ulceration": 7.575345993041992,
    "scaly_surface": 8.430888175964355,
    "strawberry_pattern": 7.7201995849609375,
    "milia_like_cysts": 7.873356819152832,
    "comedo_like_openings": 7.954220294952393,
    "cerebriform_surface": 8.465848922729492,
    "central_white_patch": 8.669665336608887,
    "red_lacunae": 8.269601821899414,
    "healthy_skin": 7.887862205505371
  },
  "just_eliminated": []
}