{
  "lambda": 0.020113571874999993,
  "n_active": 24,
  "val_balacc": 0.6022960602937888,
  "val_auc": 0.8637104156712849,
  "val_loss": 1.209584355354309,
  "actual_epochs": 23,
  "norms": {
    "asymmetry": 7.624214172363281,
    "border_irregularity": 7.416748523712158,
    "colour_variation": 7.743926048278809,
    "diameter_large": 7.605688571929932,
    "atypical_pigment_network": 8.029730796813965,
    "blue_white_veil": 7.722395420074463,
    "atypical_vascular_pattern": 7.6818013191223145,
    "irregular_streaks": 7.5233917236328125,
    "irregular_pigmentation": 7.600644111633301,
    "irregular_dots_globules": 7.346172332763672,
    "regression_structures": 7.093702793121338,
    "symmetric_uniform": 7.238959789276123,
    "reticular_network": 7.933304309844971,
    "arborizing_vessels": 7.100216388702393,
    "blue_grey_ovoid_nests": 7.643627166748047,
    "ulceration": 7.015432834625244,
    "scaly_surface": 7.953304767608643,
    "strawberry_pattern": 7.5332231521606445,
    "milia_like_cysts": 7.181856155395508,
    "comedo_like_openings": 7.507968902587891,
    "cerebriform_surface": 8.037630081176758,
    "central_white_patch": 7.81644868850708,
    "red_lacunae": 7.6075849533081055,
    "healthy_skin": 7.869693756103516
  },
  "just_eliminated": []
}