{
  "lambda": 0.013224999999999999,
  "n_active": 24,
  "val_balacc": 0.5988861210538083,
  "val_auc": 0.8648439672056765,
  "val_loss": 1.1682111024856567,
  "actual_epochs": 12,
  "norms": {
    "asymmetry": 7.588077068328857,
    "border_irregularity": 7.226438522338867,
    "colour_variation": 7.5963134765625,
    "diameter_large": 7.452185153961182,
    "atypical_pigment_network": 7.571020126342773,
    "blue_white_veil": 7.356420516967773,
    "atypical_vascular_pattern": 7.176981449127197,
    "irregular_streaks": 7.2045722007751465,
    "irregular_pigmentation": 7.182369709014893,
    "irregular_dots_globules": 7.297754287719727,
    "regression_structures": 7.720952033996582,
    "symmetric_uniform": 6.849356651306152,
    "reticular_network": 7.415409564971924,
    "arborizing_vessels": 7.1219563484191895,
    "blue_grey_ovoid_nests": 7.488793849945068,
    "ulceration": 7.603909492492676,
    "scaly_surface": 7.284965515136719,
    "strawberry_pattern": 6.972616672515869,
    "milia_like_cysts": 7.518486022949219,
    "comedo_like_openings": 7.356596946716309,
    "cerebriform_surface": 7.687885284423828,
    "central_white_patch": 7.259062767028809,
    "red_lacunae": 7.714996814727783,
    "healthy_skin": 7.277472019195557
  },
  "just_eliminated": []
}