{
  "lambda": 0.18821518001888,
  "n_active": 24,
  "val_balacc": 0.5634796192819396,
  "val_auc": 0.8587416835924853,
  "val_loss": 1.3507006168365479,
  "actual_epochs": 31,
  "norms": {
    "asymmetry": 9.920424461364746,
    "border_irregularity": 8.693344116210938,
    "colour_variation": 9.920273780822754,
    "diameter_large": 10.341747283935547,
    "atypical_pigment_network": 12.091313362121582,
    "blue_white_veil": 11.36848258972168,
    "atypical_vascular_pattern": 10.428504943847656,
    "irregular_streaks": 8.810175895690918,
    "irregular_pigmentation": 9.32815933227539,
    "irregular_dots_globules": 9.544981002807617,
    "regression_structures": 8.133185386657715,
    "symmetric_uniform": 9.313016891479492,
    "reticular_network": 10.357977867126465,
    "arborizing_vessels": 10.668869018554688,
    "blue_grey_ovoid_nests": 9.431248664855957,
    "ulceration": 9.45666217803955,
    "scaly_surface": 10.455973625183105,
    "strawberry_pattern": 10.825313568115234,
    "milia_like_cysts": 9.304463386535645,
    "comedo_like_openings": 9.969536781311035,
    "cerebriform_surface": 10.189926147460938,
    "central_white_patch": 9.623734474182129,
    "red_lacunae": 10.610258102416992,
    "healthy_skin": 10.721762657165527
  },
  "just_eliminated": []
}