{
  "lambda": 0.01,
  "n_active": 24,
  "val_balacc": 0.6082833152221446,
  "val_auc": 0.8644135132393008,
  "val_loss": 1.1695070266723633,
  "actual_epochs": 14,
  "norms": {
    "asymmetry": 7.532928466796875,
    "border_irregularity": 7.248124599456787,
    "colour_variation": 7.538228988647461,
    "diameter_large": 7.364840030670166,
    "atypical_pigment_network": 7.407779216766357,
    "blue_white_veil": 7.235512733459473,
    "atypical_vascular_pattern": 7.145257472991943,
    "irregular_streaks": 7.191661357879639,
    "irregular_pigmentation": 7.009151935577393,
    "irregular_dots_globules": 7.3401570320129395,
    "regression_structures": 7.620307922363281,
    "symmetric_uniform": 6.82450008392334,
    "reticular_network": 7.209991455078125,
    "arborizing_vessels": 6.997262001037598,
    "blue_grey_ovoid_nests": 7.443057537078857,
    "ulceration": 7.5887451171875,
    "scaly_surface": 7.208930015563965,
    "strawberry_pattern": 6.918137073516846,
    "milia_like_cysts": 7.53489351272583,
    "comedo_like_openings": 7.307534217834473,
    "cerebriform_surface": 7.484383583068848,
    "central_white_patch": 7.054712295532227,
    "red_lacunae": 7.602845668792725,
    "healthy_skin": 7.1533355712890625
  },
  "just_eliminated": []
}