{
  "lambda": 3.5424953989539403,
  "n_active": 24,
  "val_balacc": 0.58577504160719,
  "val_auc": 0.8620952389392698,
  "val_loss": 1.159582495689392,
  "actual_epochs": 26,
  "norms": {
    "asymmetry": 4.740179061889648,
    "border_irregularity": 3.8305225372314453,
    "colour_variation": 5.119884967803955,
    "diameter_large": 4.977882385253906,
    "atypical_pigment_network": 7.062177658081055,
    "blue_white_veil": 6.257473945617676,
    "atypical_vascular_pattern": 4.647953033447266,
    "irregular_streaks": 4.496825695037842,
    "irregular_pigmentation": 5.739849090576172,
    "irregular_dots_globules": 3.5666632652282715,
    "regression_structures": 4.148624420166016,
    "symmetric_uniform": 3.3126471042633057,
    "reticular_network": 6.178977966308594,
    "arborizing_vessels": 4.303246974945068,
    "blue_grey_ovoid_nests": 5.717453956604004,
    "ulceration": 5.1716718673706055,
    "scaly_surface": 5.307774066925049,
    "strawberry_pattern": 5.098206996917725,
    "milia_like_cysts": 4.020727157592773,
    "comedo_like_openings": 4.49444580078125,
    "cerebriform_surface": 5.939878463745117,
    "central_white_patch": 5.448554039001465,
    "red_lacunae": 5.422848701477051,
    "healthy_skin": 5.617852687835693
  },
  "just_eliminated": []
}