{
  "lambda": 0.18821518001888,
  "n_active": 24,
  "val_balacc": 0.5520449301645002,
  "val_auc": 0.858874987922518,
  "val_loss": 1.3996376991271973,
  "actual_epochs": 16,
  "norms": {
    "asymmetry": 8.865449905395508,
    "border_irregularity": 9.579986572265625,
    "colour_variation": 9.534929275512695,
    "diameter_large": 9.623514175415039,
    "atypical_pigment_network": 10.474367141723633,
    "blue_white_veil": 10.957649230957031,
    "atypical_vascular_pattern": 9.593575477600098,
    "irregular_streaks": 9.28392219543457,
    "irregular_pigmentation": 9.74673843383789,
    "irregular_dots_globules": 8.140077590942383,
    "regression_structures": 8.4268798828125,
    "symmetric_uniform": 9.38469123840332,
    "reticular_network": 10.28359317779541,
    "arborizing_vessels": 8.968466758728027,
    "blue_grey_ovoid_nests": 9.44465446472168,
    "ulceration": 9.3943510055542,
    "scaly_surface": 9.799520492553711,
    "strawberry_pattern": 9.24826431274414,
    "milia_like_cysts": 8.392921447753906,
    "comedo_like_openings": 9.139628410339355,
    "cerebriform_surface": 10.828132629394531,
    "central_white_patch": 9.683694839477539,
    "red_lacunae": 9.75753116607666,
    "healthy_skin": 9.597923278808594
  },
  "just_eliminated": []
}