{
  "lambda": 0.06152787621294761,
  "n_active": 24,
  "val_balacc": 0.5821538899285906,
  "val_auc": 0.862987653366101,
  "val_loss": 1.2777094841003418,
  "actual_epochs": 22,
  "norms": {
    "asymmetry": 8.611164093017578,
    "border_irregularity": 8.159476280212402,
    "colour_variation": 8.968879699707031,
    "diameter_large": 9.185826301574707,
    "atypical_pigment_network": 9.455765724182129,
    "blue_white_veil": 9.216729164123535,
    "atypical_vascular_pattern": 8.856208801269531,
    "irregular_streaks": 8.249662399291992,
    "irregular_pigmentation": 8.50516128540039,
    "irregular_dots_globules": 7.939955234527588,
    "regression_structures": 8.2223482131958,
    "symmetric_uniform": 8.408327102661133,
    "reticular_network": 9.32996940612793,
    "arborizing_vessels": 8.220192909240723,
    "blue_grey_ovoid_nests": 8.96807861328125,
    "ulceration": 8.11150074005127,
    "scaly_surface": 9.540450096130371,
    "strawberry_pattern": 8.685099601745605,
    "milia_like_cysts": 8.13288402557373,
    "comedo_like_openings": 8.543511390686035,
    "cerebriform_surface": 9.68515682220459,
    "central_white_patch": 8.90866756439209,
    "red_lacunae": 8.911397933959961,
    "healthy_skin": 9.179976463317871
  },
  "just_eliminated": []
}