{
  "lambda": 2.3292482281278484,
  "n_active": 24,
  "val_balacc": 0.6103463067868761,
  "val_auc": 0.8620068743914739,
  "val_loss": 1.2150858640670776,
  "actual_epochs": 28,
  "norms": {
    "asymmetry": 6.455259799957275,
    "border_irregularity": 7.360018253326416,
    "colour_variation": 8.150257110595703,
    "diameter_large": 7.348356246948242,
    "atypical_pigment_network": 9.39588451385498,
    "blue_white_veil": 8.705251693725586,
    "atypical_vascular_pattern": 8.157846450805664,
    "irregular_streaks": 7.334935188293457,
    "irregular_pigmentation": 7.81193733215332,
    "irregular_dots_globules": 6.6110029220581055,
    "regression_structures": 7.274782180786133,
    "symmetric_uniform": 7.589015007019043,
    "reticular_network": 8.077213287353516,
    "arborizing_vessels": 7.889924049377441,
    "blue_grey_ovoid_nests": 7.654475688934326,
    "ulceration": 8.05949878692627,
    "scaly_surface": 8.1941499710083,
    "strawberry_pattern": 7.845127105712891,
    "milia_like_cysts": 6.5808329582214355,
    "comedo_like_openings": 8.893903732299805,
    "cerebriform_surface": 8.267895698547363,
    "central_white_patch": 7.79721736907959,
    "red_lacunae": 7.9294352531433105,
    "healthy_skin": 8.171088218688965
  },
  "just_eliminated": []
}