{
  "lambda": 0.43535314839671757,
  "n_active": 24,
  "val_balacc": 0.5502975332550569,
  "val_auc": 0.8561135846067054,
  "val_loss": 1.3596653938293457,
  "actual_epochs": 17,
  "norms": {
    "asymmetry": 9.121567726135254,
    "border_irregularity": 9.804768562316895,
    "colour_variation": 9.783491134643555,
    "diameter_large": 9.78000259399414,
    "atypical_pigment_network": 10.802268028259277,
    "blue_white_veil": 11.61266040802002,
    "atypical_vascular_pattern": 9.885318756103516,
    "irregular_streaks": 9.580129623413086,
    "irregular_pigmentation": 10.084301948547363,
    "irregular_dots_globules": 8.153039932250977,
    "regression_structures": 8.478639602661133,
    "symmetric_uniform": 9.603394508361816,
    "reticular_network": 10.720870018005371,
    "arborizing_vessels": 9.034852027893066,
    "blue_grey_ovoid_nests": 9.63942813873291,
    "ulceration": 9.836042404174805,
    "scaly_surface": 10.179019927978516,
    "strawberry_pattern": 9.495205879211426,
    "milia_like_cysts": 8.52874755859375,
    "comedo_like_openings": 9.582430839538574,
    "cerebriform_surface": 11.043436050415039,
    "central_white_patch": 9.782149314880371,
    "red_lacunae": 9.997918128967285,
    "healthy_skin": 9.688807487487793
  },
  "just_eliminated": []
}