{
  "lambda": 0.0351787629191992,
  "n_active": 24,
  "val_balacc": 0.6028163695515698,
  "val_auc": 0.8606129619862164,
  "val_loss": 1.2507354021072388,
  "actual_epochs": 16,
  "norms": {
    "asymmetry": 7.9259209632873535,
    "border_irregularity": 7.877805709838867,
    "colour_variation": 8.687870979309082,
    "diameter_large": 7.702103137969971,
    "atypical_pigment_network": 8.8019437789917,
    "blue_white_veil": 8.60594367980957,
    "atypical_vascular_pattern": 8.194991111755371,
    "irregular_streaks": 7.973262786865234,
    "irregular_pigmentation": 8.414875984191895,
    "irregular_dots_globules": 8.16353702545166,
    "regression_structures": 8.096229553222656,
    "symmetric_uniform": 8.136569023132324,
    "reticular_network": 8.540589332580566,
    "arborizing_vessels": 8.645998001098633,
    "blue_grey_ovoid_nests": 8.330533981323242,
    "ulceration": 7.699604511260986,
    "scaly_surface": 8.569737434387207,
    "strawberry_pattern": 7.879505157470703,
    "milia_like_cysts": 8.00436782836914,
    "comedo_like_openings": 8.141626358032227,
    "cerebriform_surface": 8.67191219329834,
    "central_white_patch": 8.767756462097168,
    "red_lacunae": 8.460309982299805,
    "healthy_skin": 7.986198902130127
  },
  "just_eliminated": []
}