{
  "lambda": 6.195846593366683,
  "n_active": 24,
  "val_balacc": 0.5857456435623487,
  "val_auc": 0.8491705722924329,
  "val_loss": 1.2084959745407104,
  "actual_epochs": 12,
  "norms": {
    "asymmetry": 2.3691985607147217,
    "border_irregularity": 0.9814678430557251,
    "colour_variation": 3.719456434249878,
    "diameter_large": 3.6963932514190674,
    "atypical_pigment_network": 4.625629901885986,
    "blue_white_veil": 3.3676154613494873,
    "atypical_vascular_pattern": 2.2757253646850586,
    "irregular_streaks": 2.8583943843841553,
    "irregular_pigmentation": 3.5490379333496094,
    "irregular_dots_globules": 2.129855155944824,
    "regression_structures": 1.4041532278060913,
    "symmetric_uniform": 2.6391053199768066,
    "reticular_network": 4.301329612731934,
    "arborizing_vessels": 2.7203431129455566,
    "blue_grey_ovoid_nests": 3.0946433544158936,
    "ulceration": 3.0525963306427,
    "scaly_surface": 4.257637023925781,
    "strawberry_pattern": 2.5943386554718018,
    "milia_like_cysts": 2.242769718170166,
    "comedo_like_openings": 3.702281951904297,
    "cerebriform_surface": 3.127819299697876,
    "central_white_patch": 4.023904800415039,
    "red_lacunae": 3.8039228916168213,
    "healthy_skin": 2.652092933654785
  },
  "just_eliminated": []
}