{
  "lambda": 1.3317552342239194,
  "n_active": 24,
  "val_balacc": 0.5517045364509042,
  "val_auc": 0.8568737577264828,
  "val_loss": 1.3011140823364258,
  "actual_epochs": 13,
  "norms": {
    "asymmetry": 8.288640022277832,
    "border_irregularity": 8.705095291137695,
    "colour_variation": 8.803095817565918,
    "diameter_large": 8.756278991699219,
    "atypical_pigment_network": 10.153904914855957,
    "blue_white_veil": 11.455639839172363,
    "atypical_vascular_pattern": 9.162738800048828,
    "irregular_streaks": 8.858345985412598,
    "irregular_pigmentation": 9.472391128540039,
    "irregular_dots_globules": 7.036794662475586,
    "regression_structures": 7.452467441558838,
    "symmetric_uniform": 8.963357925415039,
    "reticular_network": 10.027873992919922,
    "arborizing_vessels": 8.053777694702148,
    "blue_grey_ovoid_nests": 8.837423324584961,
    "ulceration": 9.303987503051758,
    "scaly_surface": 9.536345481872559,
    "strawberry_pattern": 8.687493324279785,
    "milia_like_cysts": 7.629395484924316,
    "comedo_like_openings": 9.311635971069336,
    "cerebriform_surface": 10.113554000854492,
    "central_white_patch": 8.913496971130371,
    "red_lacunae": 9.316600799560547,
    "healthy_skin": 8.709107398986816
  },
  "just_eliminated": []
}