{
  "lambda": 1.0069982867477654,
  "n_active": 24,
  "val_balacc": 0.5667085283173134,
  "val_auc": 0.8580252144803802,
  "val_loss": 1.3022923469543457,
  "actual_epochs": 21,
  "norms": {
    "asymmetry": 8.5621976852417,
    "border_irregularity": 9.045577049255371,
    "colour_variation": 9.13284969329834,
    "diameter_large": 9.035922050476074,
    "atypical_pigment_network": 10.43388843536377,
    "blue_white_veil": 11.655977249145508,
    "atypical_vascular_pattern": 9.403898239135742,
    "irregular_streaks": 9.15661907196045,
    "irregular_pigmentation": 9.746830940246582,
    "irregular_dots_globules": 7.431219100952148,
    "regression_structures": 7.824751853942871,
    "symmetric_uniform": 9.24661922454834,
    "reticular_network": 10.302220344543457,
    "arborizing_vessels": 8.341009140014648,
    "blue_grey_ovoid_nests": 9.15272045135498,
    "ulceration": 9.54996395111084,
    "scaly_surface": 9.820391654968262,
    "strawberry_pattern": 8.969975471496582,
    "milia_like_cysts": 7.983357906341553,
    "comedo_like_openings": 9.49653434753418,
    "cerebriform_surface": 10.43068790435791,
    "central_white_patch": 9.13581657409668,
    "red_lacunae": 9.605916023254395,
    "healthy_skin": 9.063385963439941
  },
  "just_eliminated": []
}