{
  "lambda": 2.6786354623470254,
  "n_active": 24,
  "val_balacc": 0.5882176068978159,
  "val_auc": 0.8629756511072154,
  "val_loss": 1.1981066465377808,
  "actual_epochs": 20,
  "norms": {
    "asymmetry": 6.643671989440918,
    "border_irregularity": 5.618635177612305,
    "colour_variation": 7.301865577697754,
    "diameter_large": 7.572727203369141,
    "atypical_pigment_network": 8.364850044250488,
    "blue_white_veil": 9.985501289367676,
    "atypical_vascular_pattern": 7.024120330810547,
    "irregular_streaks": 5.706124305725098,
    "irregular_pigmentation": 6.4003005027771,
    "irregular_dots_globules": 4.8430352210998535,
    "regression_structures": 5.492703437805176,
    "symmetric_uniform": 6.476390361785889,
    "reticular_network": 8.196410179138184,
    "arborizing_vessels": 5.867161273956299,
    "blue_grey_ovoid_nests": 7.5885467529296875,
    "ulceration": 6.58632230758667,
    "scaly_surface": 8.184111595153809,
    "strawberry_pattern": 7.449583053588867,
    "milia_like_cysts": 5.860846042633057,
    "comedo_like_openings": 6.458436012268066,
    "cerebriform_surface": 8.071772575378418,
    "central_white_patch": 6.8854851722717285,
    "red_lacunae": 7.368945121765137,
    "healthy_skin": 7.382298946380615
  },
  "just_eliminated": []
}