{
  "lambda": 0.14231771646040078,
  "n_active": 24,
  "val_balacc": 0.5807330560326779,
  "val_auc": 0.8586270865914306,
  "val_loss": 1.3609192371368408,
  "actual_epochs": 21,
  "norms": {
    "asymmetry": 9.159912109375,
    "border_irregularity": 8.792147636413574,
    "colour_variation": 9.75084114074707,
    "diameter_large": 9.761637687683105,
    "atypical_pigment_network": 10.277978897094727,
    "blue_white_veil": 10.329755783081055,
    "atypical_vascular_pattern": 9.565030097961426,
    "irregular_streaks": 8.696386337280273,
    "irregular_pigmentation": 9.034407615661621,
    "irregular_dots_globules": 8.336244583129883,
    "regression_structures": 8.870233535766602,
    "symmetric_uniform": 9.088760375976562,
    "reticular_network": 10.209890365600586,
    "arborizing_vessels": 8.706972122192383,
    "blue_grey_ovoid_nests": 9.648863792419434,
    "ulceration": 8.924230575561523,
    "scaly_surface": 10.396587371826172,
    "strawberry_pattern": 9.39691162109375,
    "milia_like_cysts": 8.759535789489746,
    "comedo_like_openings": 9.034646034240723,
    "cerebriform_surface": 10.569876670837402,
    "central_white_patch": 9.380340576171875,
    "red_lacunae": 9.579951286315918,
    "healthy_skin": 10.060580253601074
  },
  "just_eliminated": []
}