{
  "lambda": 0.08137061629162322,
  "n_active": 24,
  "val_balacc": 0.5883779278820459,
  "val_auc": 0.8613120602019445,
  "val_loss": 1.3106809854507446,
  "actual_epochs": 13,
  "norms": {
    "asymmetry": 8.775650978088379,
    "border_irregularity": 8.337438583374023,
    "colour_variation": 9.2211275100708,
    "diameter_large": 9.391569137573242,
    "atypical_pigment_network": 9.734064102172852,
    "blue_white_veil": 9.562137603759766,
    "atypical_vascular_pattern": 9.10396957397461,
    "irregular_streaks": 8.380428314208984,
    "irregular_pigmentation": 8.662688255310059,
    "irregular_dots_globules": 8.041226387023926,
    "regression_structures": 8.435820579528809,
    "symmetric_uniform": 8.645857810974121,
    "reticular_network": 9.597564697265625,
    "arborizing_vessels": 8.3759126663208,
    "blue_grey_ovoid_nests": 9.217150688171387,
    "ulceration": 8.381086349487305,
    "scaly_surface": 9.859476089477539,
    "strawberry_pattern": 8.871092796325684,
    "milia_like_cysts": 8.34857177734375,
    "comedo_like_openings": 8.710710525512695,
    "cerebriform_surface": 9.990618705749512,
    "central_white_patch": 9.130390167236328,
    "red_lacunae": 9.157271385192871,
    "healthy_skin": 9.47986888885498
  },
  "just_eliminated": []
}