{
  "lambda": 0.7614353775030362,
  "n_active": 24,
  "val_balacc": 0.5658013397479061,
  "val_auc": 0.8594801443916802,
  "val_loss": 1.3212906122207642,
  "actual_epochs": 38,
  "norms": {
    "asymmetry": 8.788652420043945,
    "border_irregularity": 9.371634483337402,
    "colour_variation": 9.45738697052002,
    "diameter_large": 9.34301471710205,
    "atypical_pigment_network": 10.622295379638672,
    "blue_white_veil": 11.790688514709473,
    "atypical_vascular_pattern": 9.619536399841309,
    "irregular_streaks": 9.37802791595459,
    "irregular_pigmentation": 9.963356018066406,
    "irregular_dots_globules": 7.744563579559326,
    "regression_structures": 8.13708782196045,
    "symmetric_uniform": 9.43949031829834,
    "reticular_network": 10.559403419494629,
    "arborizing_vessels": 8.645256996154785,
    "blue_grey_ovoid_nests": 9.377388954162598,
    "ulceration": 9.707304000854492,
    "scaly_surface": 10.0711088180542,
    "strawberry_pattern": 9.205609321594238,
    "milia_like_cysts": 8.277430534362793,
    "comedo_like_openings": 9.573126792907715,
    "cerebriform_surface": 10.75381851196289,
    "central_white_patch": 9.409807205200195,
    "red_lacunae": 9.782196998596191,
    "healthy_skin": 9.317154884338379
  },
  "just_eliminated": []
}