{
  "lambda": 0.1636653739294609,
  "n_active": 24,
  "val_balacc": 0.5796789107399328,
  "val_auc": 0.8593049420867672,
  "val_loss": 1.3389592170715332,
  "actual_epochs": 26,
  "norms": {
    "asymmetry": 8.814387321472168,
    "border_irregularity": 9.483920097351074,
    "colour_variation": 9.466328620910645,
    "diameter_large": 9.538397789001465,
    "atypical_pigment_network": 10.384607315063477,
    "blue_white_veil": 10.78770923614502,
    "atypical_vascular_pattern": 9.492254257202148,
    "irregular_streaks": 9.172181129455566,
    "irregular_pigmentation": 9.667928695678711,
    "irregular_dots_globules": 8.116765975952148,
    "regression_structures": 8.339890480041504,
    "symmetric_uniform": 9.286882400512695,
    "reticular_network": 10.198748588562012,
    "arborizing_vessels": 8.8831205368042,
    "blue_grey_ovoid_nests": 9.374876022338867,
    "ulceration": 9.25504207611084,
    "scaly_surface": 9.700479507446289,
    "strawberry_pattern": 9.135514259338379,
    "milia_like_cysts": 8.323065757751465,
    "comedo_like_openings": 9.008668899536133,
    "cerebriform_surface": 10.73679256439209,
    "central_white_patch": 9.575797080993652,
    "red_lacunae": 9.63980484008789,
    "healthy_skin": 9.527396202087402
  },
  "just_eliminated": []
}