{
  "lambda": 0.1636653739294609,
  "n_active": 24,
  "val_balacc": 0.5615898713319005,
  "val_auc": 0.8586948808100545,
  "val_loss": 1.3292814493179321,
  "actual_epochs": 24,
  "norms": {
    "asymmetry": 9.728938102722168,
    "border_irregularity": 8.660715103149414,
    "colour_variation": 9.759543418884277,
    "diameter_large": 10.256757736206055,
    "atypical_pigment_network": 11.835071563720703,
    "blue_white_veil": 11.20764446258545,
    "atypical_vascular_pattern": 10.268795013427734,
    "irregular_streaks": 8.743494033813477,
    "irregular_pigmentation": 9.149214744567871,
    "irregular_dots_globules": 9.465542793273926,
    "regression_structures": 8.037067413330078,
    "symmetric_uniform": 9.210685729980469,
    "reticular_network": 10.17945384979248,
    "arborizing_vessels": 10.489482879638672,
    "blue_grey_ovoid_nests": 9.312897682189941,
    "ulceration": 9.360289573669434,
    "scaly_surface": 10.343214988708496,
    "strawberry_pattern": 10.6472749710083,
    "milia_like_cysts": 9.198453903198242,
    "comedo_like_openings": 9.829959869384766,
    "cerebriform_surface": 10.10423755645752,
    "central_white_patch": 9.578535079956055,
    "red_lacunae": 10.45009708404541,
    "healthy_skin": 10.583773612976074
  },
  "just_eliminated": []
}