{
  "lambda": 1.5315185193575074,
  "n_active": 24,
  "val_balacc": 0.5675156325193101,
  "val_auc": 0.8613882050680778,
  "val_loss": 1.2575740814208984,
  "actual_epochs": 21,
  "norms": {
    "asymmetry": 8.26768684387207,
    "border_irregularity": 7.618637561798096,
    "colour_variation": 9.146248817443848,
    "diameter_large": 9.078152656555176,
    "atypical_pigment_network": 9.888687133789062,
    "blue_white_veil": 11.496391296386719,
    "atypical_vascular_pattern": 8.983569145202637,
    "irregular_streaks": 7.433225631713867,
    "irregular_pigmentation": 8.099913597106934,
    "irregular_dots_globules": 6.700133800506592,
    "regression_structures": 7.606660842895508,
    "symmetric_uniform": 8.222251892089844,
    "reticular_network": 9.998339653015137,
    "arborizing_vessels": 7.648770809173584,
    "blue_grey_ovoid_nests": 9.233576774597168,
    "ulceration": 8.508367538452148,
    "scaly_surface": 9.9288969039917,
    "strawberry_pattern": 9.006135940551758,
    "milia_like_cysts": 7.827676773071289,
    "comedo_like_openings": 8.239962577819824,
    "cerebriform_surface": 9.779611587524414,
    "central_white_patch": 8.361437797546387,
    "red_lacunae": 9.035181999206543,
    "healthy_skin": 9.219449043273926
  },
  "just_eliminated": []
}