{
  "lambda": 0.07075705764488975,
  "n_active": 24,
  "val_balacc": 0.5885484565310052,
  "val_auc": 0.8603607181296241,
  "val_loss": 1.3099067211151123,
  "actual_epochs": 18,
  "norms": {
    "asymmetry": 8.600707054138184,
    "border_irregularity": 7.931877613067627,
    "colour_variation": 8.642562866210938,
    "diameter_large": 8.74285888671875,
    "atypical_pigment_network": 9.762385368347168,
    "blue_white_veil": 9.213273048400879,
    "atypical_vascular_pattern": 8.646647453308105,
    "irregular_streaks": 8.539944648742676,
    "irregular_pigmentation": 8.834380149841309,
    "irregular_dots_globules": 8.222675323486328,
    "regression_structures": 8.922196388244629,
    "symmetric_uniform": 7.7120490074157715,
    "reticular_network": 9.07259464263916,
    "arborizing_vessels": 8.601436614990234,
    "blue_grey_ovoid_nests": 8.905747413635254,
    "ulceration": 8.638402938842773,
    "scaly_surface": 8.721576690673828,
    "strawberry_pattern": 8.52184009552002,
    "milia_like_cysts": 8.438814163208008,
    "comedo_like_openings": 8.763158798217773,
    "cerebriform_surface": 9.613295555114746,
    "central_white_patch": 9.135701179504395,
    "red_lacunae": 8.9613676071167,
    "healthy_skin": 9.131771087646484
  },
  "just_eliminated": []
}