{
  "lambda": 2.025433241850303,
  "n_active": 24,
  "val_balacc": 0.6025621278010663,
  "val_auc": 0.8610436685158264,
  "val_loss": 1.2205359935760498,
  "actual_epochs": 13,
  "norms": {
    "asymmetry": 7.6845245361328125,
    "border_irregularity": 7.476571559906006,
    "colour_variation": 7.897021293640137,
    "diameter_large": 7.263020992279053,
    "atypical_pigment_network": 10.427033424377441,
    "blue_white_veil": 9.468629837036133,
    "atypical_vascular_pattern": 8.234124183654785,
    "irregular_streaks": 7.4951653480529785,
    "irregular_pigmentation": 8.736968040466309,
    "irregular_dots_globules": 6.728943824768066,
    "regression_structures": 7.622705459594727,
    "symmetric_uniform": 6.759131908416748,
    "reticular_network": 9.277508735656738,
    "arborizing_vessels": 7.4558329582214355,
    "blue_grey_ovoid_nests": 8.6315336227417,
    "ulceration": 8.372435569763184,
    "scaly_surface": 7.853011608123779,
    "strawberry_pattern": 8.213562965393066,
    "milia_like_cysts": 7.494886875152588,
    "comedo_like_openings": 7.664865016937256,
    "cerebriform_surface": 9.2003173828125,
    "central_white_patch": 8.038814544677734,
    "red_lacunae": 7.905673027038574,
    "healthy_skin": 8.656306266784668
  },
  "just_eliminated": []
}