{
  "lambda": 0.37856795512758057,
  "n_active": 24,
  "val_balacc": 0.5583470559190824,
  "val_auc": 0.8578315780628145,
  "val_loss": 1.3559765815734863,
  "actual_epochs": 32,
  "norms": {
    "asymmetry": 10.43208122253418,
    "border_irregularity": 8.963401794433594,
    "colour_variation": 10.105438232421875,
    "diameter_large": 10.410711288452148,
    "atypical_pigment_network": 12.628693580627441,
    "blue_white_veil": 11.852375984191895,
    "atypical_vascular_pattern": 10.970958709716797,
    "irregular_streaks": 8.967004776000977,
    "irregular_pigmentation": 9.767022132873535,
    "irregular_dots_globules": 9.604429244995117,
    "regression_structures": 8.403233528137207,
    "symmetric_uniform": 9.584653854370117,
    "reticular_network": 10.829574584960938,
    "arborizing_vessels": 11.011427879333496,
    "blue_grey_ovoid_nests": 9.65697956085205,
    "ulceration": 9.73766040802002,
    "scaly_surface": 10.683860778808594,
    "strawberry_pattern": 11.353510856628418,
    "milia_like_cysts": 9.524624824523926,
    "comedo_like_openings": 10.446645736694336,
    "cerebriform_surface": 10.351365089416504,
    "central_white_patch": 9.783686637878418,
    "red_lacunae": 11.049236297607422,
    "healthy_skin": 11.187949180603027
  },
  "just_eliminated": []
}