{
  "lambda": 1.7612462972611331,
  "n_active": 24,
  "val_balacc": 0.5990127353506425,
  "val_auc": 0.8614829913219223,
  "val_loss": 1.2368948459625244,
  "actual_epochs": 24,
  "norms": {
    "asymmetry": 7.938687801361084,
    "border_irregularity": 7.747829437255859,
    "colour_variation": 8.17151165008545,
    "diameter_large": 7.50799560546875,
    "atypical_pigment_network": 10.655089378356934,
    "blue_white_veil": 9.72149658203125,
    "atypical_vascular_pattern": 8.50908374786377,
    "irregular_streaks": 7.747563362121582,
    "irregular_pigmentation": 8.982492446899414,
    "irregular_dots_globules": 7.010370254516602,
    "regression_structures": 7.950814723968506,
    "symmetric_uniform": 6.998106956481934,
    "reticular_network": 9.53516674041748,
    "arborizing_vessels": 7.71784782409668,
    "blue_grey_ovoid_nests": 8.847833633422852,
    "ulceration": 8.64648151397705,
    "scaly_surface": 8.08216667175293,
    "strawberry_pattern": 8.489826202392578,
    "milia_like_cysts": 7.733889102935791,
    "comedo_like_openings": 7.962662220001221,
    "cerebriform_surface": 9.478959083557129,
    "central_white_patch": 8.301825523376465,
    "red_lacunae": 8.152961730957031,
    "healthy_skin": 8.915517807006836
  },
  "just_eliminated": []
}