{
  "lambda": 0.06152787621294761,
  "n_active": 24,
  "val_balacc": 0.6007406324536485,
  "val_auc": 0.8609802908986756,
  "val_loss": 1.3091483116149902,
  "actual_epochs": 12,
  "norms": {
    "asymmetry": 8.376089096069336,
    "border_irregularity": 8.698972702026367,
    "colour_variation": 8.796887397766113,
    "diameter_large": 8.814369201660156,
    "atypical_pigment_network": 9.289609909057617,
    "blue_white_veil": 9.347071647644043,
    "atypical_vascular_pattern": 8.523235321044922,
    "irregular_streaks": 8.240867614746094,
    "irregular_pigmentation": 8.73825454711914,
    "irregular_dots_globules": 7.552924156188965,
    "regression_structures": 7.732900619506836,
    "symmetric_uniform": 8.477775573730469,
    "reticular_network": 9.094443321228027,
    "arborizing_vessels": 8.250395774841309,
    "blue_grey_ovoid_nests": 8.542009353637695,
    "ulceration": 8.253425598144531,
    "scaly_surface": 8.709664344787598,
    "strawberry_pattern": 8.282370567321777,
    "milia_like_cysts": 7.613822937011719,
    "comedo_like_openings": 8.032658576965332,
    "cerebriform_surface": 9.805158615112305,
    "central_white_patch": 8.887537002563477,
    "red_lacunae": 8.76984691619873,
    "healthy_skin": 8.76784896850586
  },
  "just_eliminated": []
}