{
  "lambda": 0.21644745702171198,
  "n_active": 24,
  "val_balacc": 0.5534427108332494,
  "val_auc": 0.860544136710166,
  "val_loss": 1.3393315076828003,
  "actual_epochs": 23,
  "norms": {
    "asymmetry": 9.2817964553833,
    "border_irregularity": 8.761098861694336,
    "colour_variation": 9.271856307983398,
    "diameter_large": 9.21691608428955,
    "atypical_pigment_network": 11.16305160522461,
    "blue_white_veil": 10.381267547607422,
    "atypical_vascular_pattern": 9.544143676757812,
    "irregular_streaks": 9.261631965637207,
    "irregular_pigmentation": 9.842339515686035,
    "irregular_dots_globules": 8.765679359436035,
    "regression_structures": 9.49548053741455,
    "symmetric_uniform": 8.321413040161133,
    "reticular_network": 10.119105339050293,
    "arborizing_vessels": 9.16051197052002,
    "blue_grey_ovoid_nests": 9.624248504638672,
    "ulceration": 9.566564559936523,
    "scaly_surface": 9.412866592407227,
    "strawberry_pattern": 9.434989929199219,
    "milia_like_cysts": 8.9888334274292,
    "comedo_like_openings": 9.34461784362793,
    "cerebriform_surface": 10.598116874694824,
    "central_white_patch": 9.862154006958008,
    "red_lacunae": 9.511220932006836,
    "healthy_skin": 10.026363372802734
  },
  "just_eliminated": []
}