{
  "lambda": 0.8756506841284916,
  "n_active": 24,
  "val_balacc": 0.5828733622807324,
  "val_auc": 0.8565618364134717,
  "val_loss": 1.3059958219528198,
  "actual_epochs": 11,
  "norms": {
    "asymmetry": 9.21269702911377,
    "border_irregularity": 9.10428237915039,
    "colour_variation": 9.333659172058105,
    "diameter_large": 8.866161346435547,
    "atypical_pigment_network": 11.732683181762695,
    "blue_white_veil": 10.883490562438965,
    "atypical_vascular_pattern": 9.804783821105957,
    "irregular_streaks": 9.187986373901367,
    "irregular_pigmentation": 10.062972068786621,
    "irregular_dots_globules": 8.471399307250977,
    "regression_structures": 9.346905708312988,
    "symmetric_uniform": 8.304950714111328,
    "reticular_network": 10.60631275177002,
    "arborizing_vessels": 8.96129322052002,
    "blue_grey_ovoid_nests": 9.827682495117188,
    "ulceration": 9.85837459564209,
    "scaly_surface": 9.413581848144531,
    "strawberry_pattern": 9.598211288452148,
    "milia_like_cysts": 9.03637981414795,
    "comedo_like_openings": 9.256516456604004,
    "cerebriform_surface": 10.715885162353516,
    "central_white_patch": 9.705660820007324,
    "red_lacunae": 9.34620475769043,
    "healthy_skin": 10.214329719543457
  },
  "just_eliminated": []
}