{
  "lambda": 0.24891457557496874,
  "n_active": 24,
  "val_balacc": 0.5530518018731274,
  "val_auc": 0.8565260064964181,
  "val_loss": 1.3732285499572754,
  "actual_epochs": 17,
  "norms": {
    "asymmetry": 8.835726737976074,
    "border_irregularity": 9.649412155151367,
    "colour_variation": 10.340502738952637,
    "diameter_large": 9.475154876708984,
    "atypical_pigment_network": 10.971517562866211,
    "blue_white_veil": 10.672021865844727,
    "atypical_vascular_pattern": 10.274974822998047,
    "irregular_streaks": 9.186112403869629,
    "irregular_pigmentation": 10.084823608398438,
    "irregular_dots_globules": 9.194853782653809,
    "regression_structures": 9.749703407287598,
    "symmetric_uniform": 9.6795654296875,
    "reticular_network": 10.071956634521484,
    "arborizing_vessels": 10.381874084472656,
    "blue_grey_ovoid_nests": 9.96571159362793,
    "ulceration": 9.83874797821045,
    "scaly_surface": 10.274535179138184,
    "strawberry_pattern": 9.768614768981934,
    "milia_like_cysts": 9.077072143554688,
    "comedo_like_openings": 10.443368911743164,
    "cerebriform_surface": 10.564635276794434,
    "central_white_patch": 10.116998672485352,
    "red_lacunae": 10.110639572143555,
    "healthy_skin": 9.890673637390137
  },
  "just_eliminated": []
}