{
  "lambda": 2.3292482281278484,
  "n_active": 24,
  "val_balacc": 0.6030954789575279,
  "val_auc": 0.861704425736838,
  "val_loss": 1.190791368484497,
  "actual_epochs": 37,
  "norms": {
    "asymmetry": 5.892842769622803,
    "border_irregularity": 6.044372081756592,
    "colour_variation": 6.532598495483398,
    "diameter_large": 6.765346050262451,
    "atypical_pigment_network": 8.053799629211426,
    "blue_white_veil": 9.320054054260254,
    "atypical_vascular_pattern": 7.081439971923828,
    "irregular_streaks": 6.791975498199463,
    "irregular_pigmentation": 7.376759052276611,
    "irregular_dots_globules": 4.787332057952881,
    "regression_structures": 4.8294525146484375,
    "symmetric_uniform": 6.621121883392334,
    "reticular_network": 7.9183478355407715,
    "arborizing_vessels": 5.7792816162109375,
    "blue_grey_ovoid_nests": 6.83728551864624,
    "ulceration": 6.985341548919678,
    "scaly_surface": 7.436246395111084,
    "strawberry_pattern": 6.70576810836792,
    "milia_like_cysts": 5.380070209503174,
    "comedo_like_openings": 7.452752590179443,
    "cerebriform_surface": 7.824652671813965,
    "central_white_patch": 7.034823417663574,
    "red_lacunae": 7.276113510131836,
    "healthy_skin": 6.2743353843688965
  },
  "just_eliminated": []
}