{
  "lambda": 4.684950165116586,
  "n_active": 24,
  "val_balacc": 0.6007468413727531,
  "val_auc": 0.8556529183716262,
  "val_loss": 1.1688326597213745,
  "actual_epochs": 12,
  "norms": {
    "asymmetry": 3.7220232486724854,
    "border_irregularity": 2.559776544570923,
    "colour_variation": 4.3532304763793945,
    "diameter_large": 4.263043403625488,
    "atypical_pigment_network": 5.583490371704102,
    "blue_white_veil": 4.742696285247803,
    "atypical_vascular_pattern": 3.376645088195801,
    "irregular_streaks": 3.2946157455444336,
    "irregular_pigmentation": 4.660700798034668,
    "irregular_dots_globules": 2.3682808876037598,
    "regression_structures": 2.4949028491973877,
    "symmetric_uniform": 1.9121253490447998,
    "reticular_network": 5.073841094970703,
    "arborizing_vessels": 3.2277915477752686,
    "blue_grey_ovoid_nests": 4.385613441467285,
    "ulceration": 3.8746631145477295,
    "scaly_surface": 4.539283752441406,
    "strawberry_pattern": 3.8036141395568848,
    "milia_like_cysts": 2.7486939430236816,
    "comedo_like_openings": 3.3828423023223877,
    "cerebriform_surface": 4.484747409820557,
    "central_white_patch": 4.5005340576171875,
    "red_lacunae": 4.429056167602539,
    "healthy_skin": 4.203934192657471
  },
  "just_eliminated": []
}