{
  "lambda": 3.5424953989539403,
  "n_active": 24,
  "val_balacc": 0.5844945425220992,
  "val_auc": 0.8617864036668943,
  "val_loss": 1.1589411497116089,
  "actual_epochs": 20,
  "norms": {
    "asymmetry": 5.554465293884277,
    "border_irregularity": 4.095229148864746,
    "colour_variation": 6.037778377532959,
    "diameter_large": 6.573011875152588,
    "atypical_pigment_network": 7.154955863952637,
    "blue_white_veil": 8.60628890991211,
    "atypical_vascular_pattern": 5.485353469848633,
    "irregular_streaks": 4.577533721923828,
    "irregular_pigmentation": 5.191371917724609,
    "irregular_dots_globules": 3.6619787216186523,
    "regression_structures": 4.018425464630127,
    "symmetric_uniform": 4.9833574295043945,
    "reticular_network": 6.822915554046631,
    "arborizing_vessels": 4.478597640991211,
    "blue_grey_ovoid_nests": 6.345127582550049,
    "ulceration": 5.126864433288574,
    "scaly_surface": 6.806248188018799,
    "strawberry_pattern": 6.138307571411133,
    "milia_like_cysts": 4.475862979888916,
    "comedo_like_openings": 5.118402004241943,
    "cerebriform_surface": 6.875882625579834,
    "central_white_patch": 5.700076103210449,
    "red_lacunae": 6.1854705810546875,
    "healthy_skin": 5.986133575439453
  },
  "just_eliminated": []
}