{
  "lambda": 8.194007119727438,
  "n_active": 21,
  "val_balacc": 0.5625034278604535,
  "val_auc": 0.8419439087409336,
  "val_loss": 1.2358108758926392,
  "actual_epochs": 11,
  "norms": {
    "asymmetry": 1.978387475013733,
    "border_irregularity": 0.0,
    "colour_variation": 2.84420108795166,
    "diameter_large": 3.8151798248291016,
    "atypical_pigment_network": 3.3316242694854736,
    "blue_white_veil": 2.8114705085754395,
    "atypical_vascular_pattern": 1.1411707401275635,
    "irregular_streaks": 1.7089083194732666,
    "irregular_pigmentation": 2.671553134918213,
    "irregular_dots_globules": 0.0,
    "regression_structures": 0.0,
    "symmetric_uniform": 1.4273521900177002,
    "reticular_network": 4.0134501457214355,
    "arborizing_vessels": 2.500133991241455,
    "blue_grey_ovoid_nests": 2.862253427505493,
    "ulceration": 2.3664939403533936,
    "scaly_surface": 4.113664627075195,
    "strawberry_pattern": 1.745043158531189,
    "milia_like_cysts": 1.759905457496643,
    "comedo_like_openings": 2.5440268516540527,
    "cerebriform_surface": 2.516958713531494,
    "central_white_patch": 3.5291996002197266,
    "red_lacunae": 3.695093870162964,
    "healthy_skin": 0.8442465662956238
  },
  "just_eliminated": [
    "border_irregularity"
  ]
}