{
  "lambda": 0.28625176191121404,
  "n_active": 24,
  "val_balacc": 0.5732068755160225,
  "val_auc": 0.8569694569754549,
  "val_loss": 1.365144968032837,
  "actual_epochs": 19,
  "norms": {
    "asymmetry": 10.276531219482422,
    "border_irregularity": 8.93468189239502,
    "colour_variation": 10.092855453491211,
    "diameter_large": 10.42680835723877,
    "atypical_pigment_network": 12.471561431884766,
    "blue_white_veil": 11.734696388244629,
    "atypical_vascular_pattern": 10.79422664642334,
    "irregular_streaks": 8.921167373657227,
    "irregular_pigmentation": 9.628539085388184,
    "irregular_dots_globules": 9.62951374053955,
    "regression_structures": 8.315502166748047,
    "symmetric_uniform": 9.520373344421387,
    "reticular_network": 10.673396110534668,
    "arborizing_vessels": 10.884089469909668,
    "blue_grey_ovoid_nests": 9.638484954833984,
    "ulceration": 9.71534252166748,
    "scaly_surface": 10.652913093566895,
    "strawberry_pattern": 11.1943941116333,
    "milia_like_cysts": 9.452861785888672,
    "comedo_like_openings": 10.306126594543457,
    "cerebriform_surface": 10.35812759399414,
    "central_white_patch": 9.771674156188965,
    "red_lacunae": 10.910207748413086,
    "healthy_skin": 11.061646461486816
  },
  "just_eliminated": []
}