{
  "lambda": 3.0804307816990786,
  "n_active": 24,
  "val_balacc": 0.5962063790910429,
  "val_auc": 0.863560073850289,
  "val_loss": 1.163092017173767,
  "actual_epochs": 50,
  "norms": {
    "asymmetry": 5.0265069007873535,
    "border_irregularity": 5.46772575378418,
    "colour_variation": 6.499608516693115,
    "diameter_large": 6.072649955749512,
    "atypical_pigment_network": 8.030487060546875,
    "blue_white_veil": 7.0527119636535645,
    "atypical_vascular_pattern": 6.37129020690918,
    "irregular_streaks": 5.985660076141357,
    "irregular_pigmentation": 6.257164478302002,
    "irregular_dots_globules": 5.00191593170166,
    "regression_structures": 5.489721775054932,
    "symmetric_uniform": 5.821671485900879,
    "reticular_network": 6.657789707183838,
    "arborizing_vessels": 6.1049418449401855,
    "blue_grey_ovoid_nests": 5.999796390533447,
    "ulceration": 6.4086527824401855,
    "scaly_surface": 6.595080852508545,
    "strawberry_pattern": 6.316418170928955,
    "milia_like_cysts": 4.865909576416016,
    "comedo_like_openings": 7.3358988761901855,
    "cerebriform_surface": 6.589522838592529,
    "central_white_patch": 6.303089141845703,
    "red_lacunae": 6.304973125457764,
    "healthy_skin": 6.535747051239014
  },
  "just_eliminated": []
}