{
  "lambda": 1.0069982867477654,
  "n_active": 24,
  "val_balacc": 0.5799230380766295,
  "val_auc": 0.8605106404003974,
  "val_loss": 1.3060429096221924,
  "actual_epochs": 20,
  "norms": {
    "asymmetry": 8.924126625061035,
    "border_irregularity": 8.431793212890625,
    "colour_variation": 9.867568969726562,
    "diameter_large": 9.657890319824219,
    "atypical_pigment_network": 10.532889366149902,
    "blue_white_veil": 11.938779830932617,
    "atypical_vascular_pattern": 9.723084449768066,
    "irregular_streaks": 8.13963794708252,
    "irregular_pigmentation": 8.821003913879395,
    "irregular_dots_globules": 7.578535079956055,
    "regression_structures": 8.422173500061035,
    "symmetric_uniform": 8.953889846801758,
    "reticular_network": 10.584037780761719,
    "arborizing_vessels": 8.410962104797363,
    "blue_grey_ovoid_nests": 9.84611701965332,
    "ulceration": 9.175267219543457,
    "scaly_surface": 10.664250373840332,
    "strawberry_pattern": 9.540172576904297,
    "milia_like_cysts": 8.550954818725586,
    "comedo_like_openings": 8.887452125549316,
    "cerebriform_surface": 10.437216758728027,
    "central_white_patch": 8.95417594909668,
    "red_lacunae": 9.674182891845703,
    "healthy_skin": 9.968414306640625
  },
  "just_eliminated": []
}