{
  "lambda": 12.462060578215462,
  "n_active": 18,
  "val_balacc": 0.5502879534871526,
  "val_auc": 0.8347116199522933,
  "val_loss": 1.2888357639312744,
  "actual_epochs": 11,
  "norms": {
    "asymmetry": 2.479217052459717,
    "border_irregularity": 0.0,
    "colour_variation": 2.6873483657836914,
    "diameter_large": 3.1831655502319336,
    "atypical_pigment_network": 2.200237274169922,
    "blue_white_veil": 0.7764682769775391,
    "atypical_vascular_pattern": 1.0266873836517334,
    "irregular_streaks": 0.15262603759765625,
    "irregular_pigmentation": 1.993237018585205,
    "irregular_dots_globules": 0.0,
    "regression_structures": 0.0,
    "symmetric_uniform": 0.0,
    "reticular_network": 3.725048542022705,
    "arborizing_vessels": 2.1460037231445312,
    "blue_grey_ovoid_nests": 2.675658941268921,
    "ulceration": 2.1581807136535645,
    "scaly_surface": 3.4845969676971436,
    "strawberry_pattern": 0.0,
    "milia_like_cysts": 2.2096619606018066,
    "comedo_like_openings": 2.8777127265930176,
    "cerebriform_surface": 2.192620277404785,
    "central_white_patch": 3.3099863529205322,
    "red_lacunae": 3.2294583320617676,
    "healthy_skin": 0.0
  },
  "just_eliminated": []
}