{
  "lambda": 0.32918952619789615,
  "n_active": 24,
  "val_balacc": 0.5676434314530179,
  "val_auc": 0.8583720039884828,
  "val_loss": 1.3624449968338013,
  "actual_epochs": 21,
  "norms": {
    "asymmetry": 9.089981079101562,
    "border_irregularity": 9.79257583618164,
    "colour_variation": 9.749917984008789,
    "diameter_large": 9.784110069274902,
    "atypical_pigment_network": 10.730594635009766,
    "blue_white_veil": 11.457221984863281,
    "atypical_vascular_pattern": 9.850401878356934,
    "irregular_streaks": 9.564785957336426,
    "irregular_pigmentation": 10.046092987060547,
    "irregular_dots_globules": 8.188996315002441,
    "regression_structures": 8.491220474243164,
    "symmetric_uniform": 9.560994148254395,
    "reticular_network": 10.62423038482666,
    "arborizing_vessels": 9.098628997802734,
    "blue_grey_ovoid_nests": 9.603765487670898,
    "ulceration": 9.738584518432617,
    "scaly_surface": 10.11633014678955,
    "strawberry_pattern": 9.478696823120117,
    "milia_like_cysts": 8.547440528869629,
    "comedo_like_openings": 9.48033618927002,
    "cerebriform_surface": 11.005538940429688,
    "central_white_patch": 9.758805274963379,
    "red_lacunae": 10.020238876342773,
    "healthy_skin": 9.729557991027832
  },
  "just_eliminated": []
}