{
  "lambda": 1.3317552342239194,
  "n_active": 24,
  "val_balacc": 0.5828432808392214,
  "val_auc": 0.8594603837956977,
  "val_loss": 1.3258756399154663,
  "actual_epochs": 14,
  "norms": {
    "asymmetry": 8.11779499053955,
    "border_irregularity": 9.170044898986816,
    "colour_variation": 9.802984237670898,
    "diameter_large": 8.800238609313965,
    "atypical_pigment_network": 10.72877025604248,
    "blue_white_veil": 10.338552474975586,
    "atypical_vascular_pattern": 9.86281967163086,
    "irregular_streaks": 8.723074913024902,
    "irregular_pigmentation": 9.492599487304688,
    "irregular_dots_globules": 8.365876197814941,
    "regression_structures": 9.062267303466797,
    "symmetric_uniform": 9.140158653259277,
    "reticular_network": 9.553709030151367,
    "arborizing_vessels": 9.640731811523438,
    "blue_grey_ovoid_nests": 9.297624588012695,
    "ulceration": 9.707377433776855,
    "scaly_surface": 9.867802619934082,
    "strawberry_pattern": 9.40145492553711,
    "milia_like_cysts": 8.330784797668457,
    "comedo_like_openings": 10.398398399353027,
    "cerebriform_surface": 9.949801445007324,
    "central_white_patch": 9.242794036865234,
    "red_lacunae": 9.648427963256836,
    "healthy_skin": 9.684377670288086
  },
  "just_eliminated": []
}