{
  "lambda": 0.5006561206562252,
  "n_active": 24,
  "val_balacc": 0.5684331547384752,
  "val_auc": 0.858117965223352,
  "val_loss": 1.358402967453003,
  "actual_epochs": 18,
  "norms": {
    "asymmetry": 9.10871410369873,
    "border_irregularity": 9.776938438415527,
    "colour_variation": 9.774004936218262,
    "diameter_large": 9.697890281677246,
    "atypical_pigment_network": 10.863435745239258,
    "blue_white_veil": 11.677632331848145,
    "atypical_vascular_pattern": 9.898308753967285,
    "irregular_streaks": 9.593439102172852,
    "irregular_pigmentation": 10.063182830810547,
    "irregular_dots_globules": 8.12717056274414,
    "regression_structures": 8.45549201965332,
    "symmetric_uniform": 9.61312484741211,
    "reticular_network": 10.697735786437988,
    "arborizing_vessels": 9.04287052154541,
    "blue_grey_ovoid_nests": 9.649601936340332,
    "ulceration": 9.856637954711914,
    "scaly_surface": 10.194620132446289,
    "strawberry_pattern": 9.499733924865723,
    "milia_like_cysts": 8.47933578491211,
    "comedo_like_openings": 9.617096900939941,
    "cerebriform_surface": 11.076981544494629,
    "central_white_patch": 9.746102333068848,
    "red_lacunae": 10.025971412658691,
    "healthy_skin": 9.650897979736328
  },
  "just_eliminated": []
}