{
  "lambda": 0.10761264004567168,
  "n_active": 24,
  "val_balacc": 0.5917419930576747,
  "val_auc": 0.8606254790466253,
  "val_loss": 1.3318184614181519,
  "actual_epochs": 13,
  "norms": {
    "asymmetry": 8.65526008605957,
    "border_irregularity": 9.264583587646484,
    "colour_variation": 9.225977897644043,
    "diameter_large": 9.278144836425781,
    "atypical_pigment_network": 9.915131568908691,
    "blue_white_veil": 10.263973236083984,
    "atypical_vascular_pattern": 9.148835182189941,
    "irregular_streaks": 8.868906021118164,
    "irregular_pigmentation": 9.301429748535156,
    "irregular_dots_globules": 7.910205364227295,
    "regression_structures": 8.146397590637207,
    "symmetric_uniform": 8.974443435668945,
    "reticular_network": 9.782787322998047,
    "arborizing_vessels": 8.65408706665039,
    "blue_grey_ovoid_nests": 9.11351203918457,
    "ulceration": 8.838294982910156,
    "scaly_surface": 9.330253601074219,
    "strawberry_pattern": 8.804038047790527,
    "milia_like_cysts": 8.08287239074707,
    "comedo_like_openings": 8.663919448852539,
    "cerebriform_surface": 10.43464183807373,
    "central_white_patch": 9.33273983001709,
    "red_lacunae": 9.353782653808594,
    "healthy_skin": 9.233555793762207
  },
  "just_eliminated": []
}