{
  "lambda": 18.95323638189344,
  "n_active": 14,
  "val_balacc": 0.5123887666438046,
  "val_auc": 0.8069581234543328,
  "val_loss": 1.4180071353912354,
  "actual_epochs": 12,
  "norms": {
    "asymmetry": 3.212292194366455,
    "border_irregularity": 0.0,
    "colour_variation": 2.5038042068481445,
    "diameter_large": 1.4905672073364258,
    "atypical_pigment_network": 1.441765546798706,
    "blue_white_veil": 0.0,
    "atypical_vascular_pattern": 0.0,
    "irregular_streaks": 0.0,
    "irregular_pigmentation": 0.0,
    "irregular_dots_globules": 0.0,
    "regression_structures": 0.0,
    "symmetric_uniform": 0.0,
    "reticular_network": 3.3680379390716553,
    "arborizing_vessels": 0.7915698885917664,
    "blue_grey_ovoid_nests": 1.1400068998336792,
    "ulceration": 1.8038127422332764,
    "scaly_surface": 2.708002805709839,
    "strawberry_pattern": 0.0,
    "milia_like_cysts": 2.185856580734253,
    "comedo_like_openings": 2.7023420333862305,
    "cerebriform_surface": 1.74850332736969,
    "central_white_patch": 2.8668978214263916,
    "red_lacunae": 2.448007345199585,
    "healthy_skin": 0.0
  },
  "just_eliminated": [
    "irregular_pigmentation"
  ]
}