{
  "lambda": 0.10761264004567168,
  "n_active": 24,
  "val_balacc": 0.5418821456899441,
  "val_auc": 0.8601660184571802,
  "val_loss": 1.3349459171295166,
  "actual_epochs": 21,
  "norms": {
    "asymmetry": 8.518806457519531,
    "border_irregularity": 8.98796558380127,
    "colour_variation": 9.728574752807617,
    "diameter_large": 8.904003143310547,
    "atypical_pigment_network": 10.303133010864258,
    "blue_white_veil": 9.874117851257324,
    "atypical_vascular_pattern": 9.44071102142334,
    "irregular_streaks": 8.806892395019531,
    "irregular_pigmentation": 9.487406730651855,
    "irregular_dots_globules": 8.874338150024414,
    "regression_structures": 9.14674186706543,
    "symmetric_uniform": 9.16694450378418,
    "reticular_network": 9.632308006286621,
    "arborizing_vessels": 9.843039512634277,
    "blue_grey_ovoid_nests": 9.43166446685791,
    "ulceration": 8.94942855834961,
    "scaly_surface": 9.609919548034668,
    "strawberry_pattern": 9.09406566619873,
    "milia_like_cysts": 8.692290306091309,
    "comedo_like_openings": 9.66259765625,
    "cerebriform_surface": 9.967928886413574,
    "central_white_patch": 9.644540786743164,
    "red_lacunae": 9.5516996383667,
    "healthy_skin": 9.068574905395508
  },
  "just_eliminated": []
}