{
  "lambda": 0.05350250105473706,
  "n_active": 24,
  "val_balacc": 0.5902796325070074,
  "val_auc": 0.8599727356002362,
  "val_loss": 1.2829166650772095,
  "actual_epochs": 22,
  "norms": {
    "asymmetry": 8.7529296875,
    "border_irregularity": 8.086968421936035,
    "colour_variation": 8.840719223022461,
    "diameter_large": 9.500486373901367,
    "atypical_pigment_network": 10.27074909210205,
    "blue_white_veil": 9.613604545593262,
    "atypical_vascular_pattern": 8.97796630859375,
    "irregular_streaks": 8.219825744628906,
    "irregular_pigmentation": 8.068659782409668,
    "irregular_dots_globules": 8.659882545471191,
    "regression_structures": 7.372232437133789,
    "symmetric_uniform": 8.442272186279297,
    "reticular_network": 9.229584693908691,
    "arborizing_vessels": 9.413091659545898,
    "blue_grey_ovoid_nests": 8.633321762084961,
    "ulceration": 8.386764526367188,
    "scaly_surface": 9.520514488220215,
    "strawberry_pattern": 9.343487739562988,
    "milia_like_cysts": 8.39313793182373,
    "comedo_like_openings": 8.698909759521484,
    "cerebriform_surface": 9.326774597167969,
    "central_white_patch": 8.958958625793457,
    "red_lacunae": 9.334060668945312,
    "healthy_skin": 9.296910285949707
  },
  "just_eliminated": []
}