{
  "lambda": 0.02660019880468749,
  "n_active": 24,
  "val_balacc": 0.5989456576169544,
  "val_auc": 0.8643605918910569,
  "val_loss": 1.2459092140197754,
  "actual_epochs": 21,
  "norms": {
    "asymmetry": 7.931269645690918,
    "border_irregularity": 7.674153804779053,
    "colour_variation": 8.180558204650879,
    "diameter_large": 8.18522834777832,
    "atypical_pigment_network": 8.579413414001465,
    "blue_white_veil": 8.185308456420898,
    "atypical_vascular_pattern": 8.131782531738281,
    "irregular_streaks": 7.749732494354248,
    "irregular_pigmentation": 7.863002300262451,
    "irregular_dots_globules": 7.569637298583984,
    "regression_structures": 7.445643901824951,
    "symmetric_uniform": 7.661257266998291,
    "reticular_network": 8.36912727355957,
    "arborizing_vessels": 7.543239116668701,
    "blue_grey_ovoid_nests": 8.115482330322266,
    "ulceration": 7.343409538269043,
    "scaly_surface": 8.517504692077637,
    "strawberry_pattern": 7.900925159454346,
    "milia_like_cysts": 7.464911937713623,
    "comedo_like_openings": 7.84165620803833,
    "cerebriform_surface": 8.66253662109375,
    "central_white_patch": 8.22015380859375,
    "red_lacunae": 8.063437461853027,
    "healthy_skin": 8.415483474731445
  },
  "just_eliminated": []
}