{
  "lambda": 2.3292482281278484,
  "n_active": 24,
  "val_balacc": 0.6040901434367086,
  "val_auc": 0.8635593818122692,
  "val_loss": 1.2140140533447266,
  "actual_epochs": 17,
  "norms": {
    "asymmetry": 7.225329399108887,
    "border_irregularity": 6.996590614318848,
    "colour_variation": 7.50635290145874,
    "diameter_large": 6.877274513244629,
    "atypical_pigment_network": 10.02287769317627,
    "blue_white_veil": 9.031039237976074,
    "atypical_vascular_pattern": 7.728585720062256,
    "irregular_streaks": 7.03029727935791,
    "irregular_pigmentation": 8.233466148376465,
    "irregular_dots_globules": 6.290477275848389,
    "regression_structures": 7.163886070251465,
    "symmetric_uniform": 6.263090133666992,
    "reticular_network": 8.858809471130371,
    "arborizing_vessels": 7.06367826461792,
    "blue_grey_ovoid_nests": 8.218868255615234,
    "ulceration": 7.96280574798584,
    "scaly_surface": 7.441858768463135,
    "strawberry_pattern": 7.789053916931152,
    "milia_like_cysts": 7.039303302764893,
    "comedo_like_openings": 7.269979953765869,
    "cerebriform_surface": 8.756898880004883,
    "central_white_patch": 7.614459991455078,
    "red_lacunae": 7.520427703857422,
    "healthy_skin": 8.201687812805176
  },
  "just_eliminated": []
}