{
  "lambda": 0.015208749999999998,
  "n_active": 24,
  "val_balacc": 0.5758471981919996,
  "val_auc": 0.8618921795107162,
  "val_loss": 1.211789608001709,
  "actual_epochs": 11,
  "norms": {
    "asymmetry": 7.381455898284912,
    "border_irregularity": 7.296473503112793,
    "colour_variation": 7.519042491912842,
    "diameter_large": 7.332501411437988,
    "atypical_pigment_network": 7.762781143188477,
    "blue_white_veil": 7.534914016723633,
    "atypical_vascular_pattern": 7.505763530731201,
    "irregular_streaks": 7.393313884735107,
    "irregular_pigmentation": 7.430858612060547,
    "irregular_dots_globules": 7.2653069496154785,
    "regression_structures": 6.922745704650879,
    "symmetric_uniform": 7.125252723693848,
    "reticular_network": 7.709700107574463,
    "arborizing_vessels": 6.913052558898926,
    "blue_grey_ovoid_nests": 7.390905380249023,
    "ulceration": 6.902697563171387,
    "scaly_surface": 7.709683418273926,
    "strawberry_pattern": 7.371068477630615,
    "milia_like_cysts": 7.040473937988281,
    "comedo_like_openings": 7.375092506408691,
    "cerebriform_surface": 7.662562370300293,
    "central_white_patch": 7.636284828186035,
    "red_lacunae": 7.436616897583008,
    "healthy_skin": 7.6378679275512695
  },
  "just_eliminated": []
}