{
  "lambda": 0.02660019880468749,
  "n_active": 24,
  "val_balacc": 0.5972360245808456,
  "val_auc": 0.8605919666253439,
  "val_loss": 1.2523916959762573,
  "actual_epochs": 13,
  "norms": {
    "asymmetry": 8.09305477142334,
    "border_irregularity": 7.539011001586914,
    "colour_variation": 8.20923900604248,
    "diameter_large": 8.795144081115723,
    "atypical_pigment_network": 9.137709617614746,
    "blue_white_veil": 8.469846725463867,
    "atypical_vascular_pattern": 8.172840118408203,
    "irregular_streaks": 7.833660125732422,
    "irregular_pigmentation": 7.529882431030273,
    "irregular_dots_globules": 8.09711742401123,
    "regression_structures": 6.908515930175781,
    "symmetric_uniform": 7.9039435386657715,
    "reticular_network": 8.626350402832031,
    "arborizing_vessels": 8.654187202453613,
    "blue_grey_ovoid_nests": 8.040999412536621,
    "ulceration": 7.618729114532471,
    "scaly_surface": 8.781854629516602,
    "strawberry_pattern": 8.505897521972656,
    "milia_like_cysts": 7.7869553565979,
    "comedo_like_openings": 7.9411468505859375,
    "cerebriform_surface": 8.608128547668457,
    "central_white_patch": 8.369331359863281,
    "red_lacunae": 8.59096622467041,
    "healthy_skin": 8.338041305541992
  },
  "just_eliminated": []
}