{
  "lambda": 25.06565511505407,
  "n_active": 10,
  "val_balacc": 0.5014359151810326,
  "val_auc": 0.7830440615553982,
  "val_loss": 1.511142373085022,
  "actual_epochs": 11,
  "norms": {
    "asymmetry": 2.7943098545074463,
    "border_irregularity": 0.0,
    "colour_variation": 2.4818670749664307,
    "diameter_large": 1.2449040412902832,
    "atypical_pigment_network": 0.0,
    "blue_white_veil": 0.0,
    "atypical_vascular_pattern": 0.0,
    "irregular_streaks": 0.0,
    "irregular_pigmentation": 0.0,
    "irregular_dots_globules": 0.0,
    "regression_structures": 0.0,
    "symmetric_uniform": 0.0,
    "reticular_network": 3.3260624408721924,
    "arborizing_vessels": 0.0,
    "blue_grey_ovoid_nests": 0.0,
    "ulceration": 0.0,
    "scaly_surface": 2.435887336730957,
    "strawberry_pattern": 0.0,
    "milia_like_cysts": 1.3299684524536133,
    "comedo_like_openings": 1.7659947872161865,
    "cerebriform_surface": 1.9702388048171997,
    "central_white_patch": 2.321709394454956,
    "red_lacunae": 1.6025190353393555,
    "healthy_skin": 0.0
  },
  "just_eliminated": [
    "atypical_pigment_network",
    "blue_grey_ovoid_nests",
    "ulceration"
  ]
}