{
  "lambda": 1.7612462972611331,
  "n_active": 24,
  "val_balacc": 0.5760531151661662,
  "val_auc": 0.8591286312728299,
  "val_loss": 1.272447109222412,
  "actual_epochs": 21,
  "norms": {
    "asymmetry": 7.479251384735107,
    "border_irregularity": 8.506163597106934,
    "colour_variation": 9.191095352172852,
    "diameter_large": 8.271894454956055,
    "atypical_pigment_network": 10.219236373901367,
    "blue_white_veil": 9.815912246704102,
    "atypical_vascular_pattern": 9.24828815460205,
    "irregular_streaks": 8.208291053771973,
    "irregular_pigmentation": 8.865485191345215,
    "irregular_dots_globules": 7.692944049835205,
    "regression_structures": 8.40542221069336,
    "symmetric_uniform": 8.604944229125977,
    "reticular_network": 8.97614860534668,
    "arborizing_vessels": 9.030221939086914,
    "blue_grey_ovoid_nests": 8.711002349853516,
    "ulceration": 9.177726745605469,
    "scaly_surface": 9.298413276672363,
    "strawberry_pattern": 8.834529876708984,
    "milia_like_cysts": 7.70157527923584,
    "comedo_like_openings": 9.903318405151367,
    "cerebriform_surface": 9.341493606567383,
    "central_white_patch": 8.701315879821777,
    "red_lacunae": 9.004528999328613,
    "healthy_skin": 9.151864051818848
  },
  "just_eliminated": []
}