{
  "lambda": 1.15804802975993,
  "n_active": 24,
  "val_balacc": 0.5809702528301782,
  "val_auc": 0.8593839950062676,
  "val_loss": 1.2887916564941406,
  "actual_epochs": 14,
  "norms": {
    "asymmetry": 8.399415969848633,
    "border_irregularity": 8.894808769226074,
    "colour_variation": 8.962538719177246,
    "diameter_large": 8.9381103515625,
    "atypical_pigment_network": 10.297515869140625,
    "blue_white_veil": 11.553850173950195,
    "atypical_vascular_pattern": 9.299243927001953,
    "irregular_streaks": 9.029829978942871,
    "irregular_pigmentation": 9.608283996582031,
    "irregular_dots_globules": 7.228968620300293,
    "regression_structures": 7.634443759918213,
    "symmetric_uniform": 9.139710426330566,
    "reticular_network": 10.180381774902344,
    "arborizing_vessels": 8.246947288513184,
    "blue_grey_ovoid_nests": 8.999943733215332,
    "ulceration": 9.437560081481934,
    "scaly_surface": 9.67383861541748,
    "strawberry_pattern": 8.841425895690918,
    "milia_like_cysts": 7.799506664276123,
    "comedo_like_openings": 9.402164459228516,
    "cerebriform_surface": 10.249604225158691,
    "central_white_patch": 9.01417064666748,
    "red_lacunae": 9.461445808410645,
    "healthy_skin": 8.884937286376953
  },
  "just_eliminated": []
}