{
  "lambda": 0.12375453605252242,
  "n_active": 24,
  "val_balacc": 0.5730615796714549,
  "val_auc": 0.8609051251818353,
  "val_loss": 1.337637186050415,
  "actual_epochs": 13,
  "norms": {
    "asymmetry": 8.9684419631958,
    "border_irregularity": 8.369440078735352,
    "colour_variation": 8.982769966125488,
    "diameter_large": 9.06491756439209,
    "atypical_pigment_network": 10.551523208618164,
    "blue_white_veil": 9.872997283935547,
    "atypical_vascular_pattern": 9.163725852966309,
    "irregular_streaks": 8.988516807556152,
    "irregular_pigmentation": 9.448626518249512,
    "irregular_dots_globules": 8.543612480163574,
    "regression_structures": 9.275527954101562,
    "symmetric_uniform": 8.11546516418457,
    "reticular_network": 9.650285720825195,
    "arborizing_vessels": 9.007439613342285,
    "blue_grey_ovoid_nests": 9.254401206970215,
    "ulceration": 9.110825538635254,
    "scaly_surface": 9.123207092285156,
    "strawberry_pattern": 9.035550117492676,
    "milia_like_cysts": 8.750310897827148,
    "comedo_like_openings": 9.15234375,
    "cerebriform_surface": 10.178071022033691,
    "central_white_patch": 9.590834617614746,
    "red_lacunae": 9.309895515441895,
    "healthy_skin": 9.71162223815918
  },
  "just_eliminated": []
}