{
  "lambda": 0.14231771646040078,
  "n_active": 24,
  "val_balacc": 0.5585838203436769,
  "val_auc": 0.8600464155153063,
  "val_loss": 1.368335247039795,
  "actual_epochs": 11,
  "norms": {
    "asymmetry": 9.568613052368164,
    "border_irregularity": 8.60971736907959,
    "colour_variation": 9.648576736450195,
    "diameter_large": 10.14486026763916,
    "atypical_pigment_network": 11.708027839660645,
    "blue_white_veil": 11.039308547973633,
    "atypical_vascular_pattern": 10.118781089782715,
    "irregular_streaks": 8.677130699157715,
    "irregular_pigmentation": 8.978801727294922,
    "irregular_dots_globules": 9.369342803955078,
    "regression_structures": 7.980996131896973,
    "symmetric_uniform": 9.127985954284668,
    "reticular_network": 10.084641456604004,
    "arborizing_vessels": 10.40202808380127,
    "blue_grey_ovoid_nests": 9.259439468383789,
    "ulceration": 9.234728813171387,
    "scaly_surface": 10.234940528869629,
    "strawberry_pattern": 10.50656795501709,
    "milia_like_cysts": 9.141043663024902,
    "comedo_like_openings": 9.676355361938477,
    "cerebriform_surface": 10.061171531677246,
    "central_white_patch": 9.555241584777832,
    "red_lacunae": 10.345762252807617,
    "healthy_skin": 10.440738677978516
  },
  "just_eliminated": []
}