{
  "lambda": 0.8756506841284916,
  "n_active": 24,
  "val_balacc": 0.5667986548856953,
  "val_auc": 0.8583366956074266,
  "val_loss": 1.3133466243743896,
  "actual_epochs": 13,
  "norms": {
    "asymmetry": 8.73391056060791,
    "border_irregularity": 9.254447937011719,
    "colour_variation": 9.326101303100586,
    "diameter_large": 9.28667163848877,
    "atypical_pigment_network": 10.586411476135254,
    "blue_white_veil": 11.746259689331055,
    "atypical_vascular_pattern": 9.569201469421387,
    "irregular_streaks": 9.320127487182617,
    "irregular_pigmentation": 9.90453815460205,
    "irregular_dots_globules": 7.639929294586182,
    "regression_structures": 8.041979789733887,
    "symmetric_uniform": 9.378497123718262,
    "reticular_network": 10.496922492980957,
    "arborizing_vessels": 8.542263984680176,
    "blue_grey_ovoid_nests": 9.325416564941406,
    "ulceration": 9.699629783630371,
    "scaly_surface": 9.993037223815918,
    "strawberry_pattern": 9.160269737243652,
    "milia_like_cysts": 8.21335220336914,
    "comedo_like_openings": 9.575756072998047,
    "cerebriform_surface": 10.634753227233887,
    "central_white_patch": 9.296745300292969,
    "red_lacunae": 9.733206748962402,
    "healthy_skin": 9.233177185058594
  },
  "just_eliminated": []
}