{
  "lambda": 0.21644745702171198,
  "n_active": 24,
  "val_balacc": 0.5907932147604108,
  "val_auc": 0.858869230338946,
  "val_loss": 1.3622595071792603,
  "actual_epochs": 17,
  "norms": {
    "asymmetry": 10.025477409362793,
    "border_irregularity": 8.808798789978027,
    "colour_variation": 9.990886688232422,
    "diameter_large": 10.40473461151123,
    "atypical_pigment_network": 12.215588569641113,
    "blue_white_veil": 11.47946834564209,
    "atypical_vascular_pattern": 10.532327651977539,
    "irregular_streaks": 8.857166290283203,
    "irregular_pigmentation": 9.438216209411621,
    "irregular_dots_globules": 9.583467483520508,
    "regression_structures": 8.195808410644531,
    "symmetric_uniform": 9.354873657226562,
    "reticular_network": 10.489654541015625,
    "arborizing_vessels": 10.724052429199219,
    "blue_grey_ovoid_nests": 9.462509155273438,
    "ulceration": 9.544612884521484,
    "scaly_surface": 10.513216018676758,
    "strawberry_pattern": 10.97105884552002,
    "milia_like_cysts": 9.348675727844238,
    "comedo_like_openings": 10.09200382232666,
    "cerebriform_surface": 10.251236915588379,
    "central_white_patch": 9.665513038635254,
    "red_lacunae": 10.723888397216797,
    "healthy_skin": 10.823888778686523
  },
  "just_eliminated": []
}