{
  "lambda": 0.6621177195678577,
  "n_active": 24,
  "val_balacc": 0.5576022689277662,
  "val_auc": 0.8588819454849386,
  "val_loss": 1.360411524772644,
  "actual_epochs": 11,
  "norms": {
    "asymmetry": 9.38648509979248,
    "border_irregularity": 9.207097053527832,
    "colour_variation": 9.45520305633545,
    "diameter_large": 9.02600383758545,
    "atypical_pigment_network": 11.787042617797852,
    "blue_white_veil": 10.971696853637695,
    "atypical_vascular_pattern": 9.958898544311523,
    "irregular_streaks": 9.295439720153809,
    "irregular_pigmentation": 10.174590110778809,
    "irregular_dots_globules": 8.72783088684082,
    "regression_structures": 9.553583145141602,
    "symmetric_uniform": 8.492095947265625,
    "reticular_network": 10.670964241027832,
    "arborizing_vessels": 9.14350700378418,
    "blue_grey_ovoid_nests": 9.882322311401367,
    "ulceration": 9.987053871154785,
    "scaly_surface": 9.575289726257324,
    "strawberry_pattern": 9.76025676727295,
    "milia_like_cysts": 9.189184188842773,
    "comedo_like_openings": 9.442679405212402,
    "cerebriform_surface": 10.871219635009766,
    "central_white_patch": 9.893858909606934,
    "red_lacunae": 9.522217750549316,
    "healthy_skin": 10.260164260864258
  },
  "just_eliminated": []
}