{
  "lambda": 0.04652391396064092,
  "n_active": 24,
  "val_balacc": 0.582576698052934,
  "val_auc": 0.862577224696801,
  "val_loss": 1.2584072351455688,
  "actual_epochs": 11,
  "norms": {
    "asymmetry": 8.034995079040527,
    "border_irregularity": 8.04719352722168,
    "colour_variation": 8.897520065307617,
    "diameter_large": 7.923050880432129,
    "atypical_pigment_network": 9.080968856811523,
    "blue_white_veil": 8.820045471191406,
    "atypical_vascular_pattern": 8.401949882507324,
    "irregular_streaks": 8.130074501037598,
    "irregular_pigmentation": 8.598942756652832,
    "irregular_dots_globules": 8.303699493408203,
    "regression_structures": 8.275938034057617,
    "symmetric_uniform": 8.32900619506836,
    "reticular_network": 8.76200008392334,
    "arborizing_vessels": 8.904150009155273,
    "blue_grey_ovoid_nests": 8.559967041015625,
    "ulceration": 7.8992109298706055,
    "scaly_surface": 8.766749382019043,
    "strawberry_pattern": 8.091734886169434,
    "milia_like_cysts": 8.12686538696289,
    "comedo_like_openings": 8.427223205566406,
    "cerebriform_surface": 8.938135147094727,
    "central_white_patch": 8.944031715393066,
    "red_lacunae": 8.64962100982666,
    "healthy_skin": 8.168722152709961
  },
  "just_eliminated": []
}