{
  "lambda": 0.24891457557496874,
  "n_active": 24,
  "val_balacc": 0.5803979221356885,
  "val_auc": 0.8605313443198878,
  "val_loss": 1.3556647300720215,
  "actual_epochs": 12,
  "norms": {
    "asymmetry": 9.358903884887695,
    "border_irregularity": 8.989316940307617,
    "colour_variation": 9.954813003540039,
    "diameter_large": 10.021320343017578,
    "atypical_pigment_network": 10.564406394958496,
    "blue_white_veil": 10.899340629577637,
    "atypical_vascular_pattern": 9.881878852844238,
    "irregular_streaks": 8.8139066696167,
    "irregular_pigmentation": 9.22063159942627,
    "irregular_dots_globules": 8.424315452575684,
    "regression_structures": 9.003708839416504,
    "symmetric_uniform": 9.337200164794922,
    "reticular_network": 10.57765007019043,
    "arborizing_vessels": 8.838088989257812,
    "blue_grey_ovoid_nests": 9.843952178955078,
    "ulceration": 9.230713844299316,
    "scaly_surface": 10.672605514526367,
    "strawberry_pattern": 9.65388011932373,
    "milia_like_cysts": 8.972860336303711,
    "comedo_like_openings": 9.236215591430664,
    "cerebriform_surface": 10.79759693145752,
    "central_white_patch": 9.582585334777832,
    "red_lacunae": 9.782621383666992,
    "healthy_skin": 10.357023239135742
  },
  "just_eliminated": []
}