{
  "lambda": 0.017490062499999993,
  "n_active": 24,
  "val_balacc": 0.5806374561393938,
  "val_auc": 0.8632278607422826,
  "val_loss": 1.2436758279800415,
  "actual_epochs": 12,
  "norms": {
    "asymmetry": 7.500741958618164,
    "border_irregularity": 7.427698135375977,
    "colour_variation": 8.057266235351562,
    "diameter_large": 6.913990020751953,
    "atypical_pigment_network": 7.761712551116943,
    "blue_white_veil": 7.8044610023498535,
    "atypical_vascular_pattern": 7.609794616699219,
    "irregular_streaks": 7.3636603355407715,
    "irregular_pigmentation": 7.862456798553467,
    "irregular_dots_globules": 7.773643493652344,
    "regression_structures": 7.580817699432373,
    "symmetric_uniform": 7.469044208526611,
    "reticular_network": 7.893998146057129,
    "arborizing_vessels": 7.738614082336426,
    "blue_grey_ovoid_nests": 7.715558052062988,
    "ulceration": 7.178808212280273,
    "scaly_surface": 7.924610137939453,
    "strawberry_pattern": 7.3367414474487305,
    "milia_like_cysts": 7.413052558898926,
    "comedo_like_openings": 7.315957546234131,
    "cerebriform_surface": 7.65723991394043,
    "central_white_patch": 8.176246643066406,
    "red_lacunae": 7.7902069091796875,
    "healthy_skin": 7.502143859863281
  },
  "just_eliminated": []
}