{
  "lambda": 0.07075705764488975,
  "n_active": 24,
  "val_balacc": 0.5774471275121396,
  "val_auc": 0.8564873915666638,
  "val_loss": 1.3370569944381714,
  "actual_epochs": 12,
  "norms": {
    "asymmetry": 8.238354682922363,
    "border_irregularity": 8.485067367553711,
    "colour_variation": 9.235456466674805,
    "diameter_large": 8.341020584106445,
    "atypical_pigment_network": 9.636770248413086,
    "blue_white_veil": 9.307618141174316,
    "atypical_vascular_pattern": 8.880118370056152,
    "irregular_streaks": 8.435070991516113,
    "irregular_pigmentation": 8.975773811340332,
    "irregular_dots_globules": 8.60094928741455,
    "regression_structures": 8.658720016479492,
    "symmetric_uniform": 8.712098121643066,
    "reticular_network": 9.157022476196289,
    "arborizing_vessels": 9.378006935119629,
    "blue_grey_ovoid_nests": 8.974496841430664,
    "ulceration": 8.328571319580078,
    "scaly_surface": 9.133803367614746,
    "strawberry_pattern": 8.540318489074707,
    "milia_like_cysts": 8.394702911376953,
    "comedo_like_openings": 8.991165161132812,
    "cerebriform_surface": 9.426397323608398,
    "central_white_patch": 9.279709815979004,
    "red_lacunae": 9.085494995117188,
    "healthy_skin": 8.559194564819336
  },
  "just_eliminated": []
}