{
  "lambda": 1.15804802975993,
  "n_active": 24,
  "val_balacc": 0.5883699692527676,
  "val_auc": 0.8603025521648365,
  "val_loss": 1.2906324863433838,
  "actual_epochs": 33,
  "norms": {
    "asymmetry": 8.807931900024414,
    "border_irregularity": 8.671990394592285,
    "colour_variation": 8.934253692626953,
    "diameter_large": 8.394680976867676,
    "atypical_pigment_network": 11.410447120666504,
    "blue_white_veil": 10.59601879119873,
    "atypical_vascular_pattern": 9.4463529586792,
    "irregular_streaks": 8.705763816833496,
    "irregular_pigmentation": 9.769182205200195,
    "irregular_dots_globules": 8.00972843170166,
    "regression_structures": 8.87613582611084,
    "symmetric_uniform": 7.86326265335083,
    "reticular_network": 10.322785377502441,
    "arborizing_vessels": 8.56257152557373,
    "blue_grey_ovoid_nests": 9.50827693939209,
    "ulceration": 9.553074836730957,
    "scaly_surface": 9.007057189941406,
    "strawberry_pattern": 9.260639190673828,
    "milia_like_cysts": 8.626688957214355,
    "comedo_like_openings": 8.830150604248047,
    "cerebriform_surface": 10.326431274414062,
    "central_white_patch": 9.196677207946777,
    "red_lacunae": 8.968690872192383,
    "healthy_skin": 9.801702499389648
  },
  "just_eliminated": []
}