{
  "lambda": 0.023130607656249993,
  "n_active": 24,
  "val_balacc": 0.5977736421636194,
  "val_auc": 0.8641046312986633,
  "val_loss": 1.2229241132736206,
  "actual_epochs": 17,
  "norms": {
    "asymmetry": 7.808624267578125,
    "border_irregularity": 7.270852565765381,
    "colour_variation": 7.931870460510254,
    "diameter_large": 7.870715141296387,
    "atypical_pigment_network": 8.242828369140625,
    "blue_white_veil": 7.909000873565674,
    "atypical_vascular_pattern": 7.535039901733398,
    "irregular_streaks": 7.6109113693237305,
    "irregular_pigmentation": 7.683487415313721,
    "irregular_dots_globules": 7.523707866668701,
    "regression_structures": 8.045426368713379,
    "symmetric_uniform": 6.984355449676514,
    "reticular_network": 7.92438268661499,
    "arborizing_vessels": 7.604925632476807,
    "blue_grey_ovoid_nests": 7.926181793212891,
    "ulceration": 7.836322784423828,
    "scaly_surface": 7.675323009490967,
    "strawberry_pattern": 7.369516372680664,
    "milia_like_cysts": 7.700933933258057,
    "comedo_like_openings": 7.896399974822998,
    "cerebriform_surface": 8.301451683044434,
    "central_white_patch": 7.898436069488525,
    "red_lacunae": 8.124503135681152,
    "healthy_skin": 7.838907718658447
  },
  "just_eliminated": []
}