{
  "lambda": 0.04045557735707907,
  "n_active": 24,
  "val_balacc": 0.601424947611332,
  "val_auc": 0.8607577776675767,
  "val_loss": 1.2462248802185059,
  "actual_epochs": 11,
  "norms": {
    "asymmetry": 8.168232917785645,
    "border_irregularity": 8.38780689239502,
    "colour_variation": 8.536407470703125,
    "diameter_large": 8.4819974899292,
    "atypical_pigment_network": 8.980180740356445,
    "blue_white_veil": 8.845901489257812,
    "atypical_vascular_pattern": 8.113870620727539,
    "irregular_streaks": 7.931692123413086,
    "irregular_pigmentation": 8.452978134155273,
    "irregular_dots_globules": 7.385919094085693,
    "regression_structures": 7.46395206451416,
    "symmetric_uniform": 8.176167488098145,
    "reticular_network": 8.681973457336426,
    "arborizing_vessels": 8.009610176086426,
    "blue_grey_ovoid_nests": 8.196525573730469,
    "ulceration": 7.967790126800537,
    "scaly_surface": 8.384664535522461,
    "strawberry_pattern": 7.978755950927734,
    "milia_like_cysts": 7.342415809631348,
    "comedo_like_openings": 7.773670196533203,
    "cerebriform_surface": 9.439391136169434,
    "central_white_patch": 8.624173164367676,
    "red_lacunae": 8.438308715820312,
    "healthy_skin": 8.479864120483398
  },
  "just_eliminated": []
}