{
  "lambda": 0.28625176191121404,
  "n_active": 24,
  "val_balacc": 0.5897400807252807,
  "val_auc": 0.8602916720745115,
  "val_loss": 1.358217477798462,
  "actual_epochs": 38,
  "norms": {
    "asymmetry": 9.356508255004883,
    "border_irregularity": 8.990121841430664,
    "colour_variation": 10.011584281921387,
    "diameter_large": 10.070405960083008,
    "atypical_pigment_network": 10.62563419342041,
    "blue_white_veil": 11.118362426757812,
    "atypical_vascular_pattern": 9.990923881530762,
    "irregular_streaks": 8.827287673950195,
    "irregular_pigmentation": 9.25831127166748,
    "irregular_dots_globules": 8.407722473144531,
    "regression_structures": 9.0405912399292,
    "symmetric_uniform": 9.383551597595215,
    "reticular_network": 10.679384231567383,
    "arborizing_vessels": 8.88766098022461,
    "blue_grey_ovoid_nests": 9.935017585754395,
    "ulceration": 9.333722114562988,
    "scaly_surface": 10.802515029907227,
    "strawberry_pattern": 9.701471328735352,
    "milia_like_cysts": 9.020798683166504,
    "comedo_like_openings": 9.247077941894531,
    "cerebriform_surface": 10.832581520080566,
    "central_white_patch": 9.55512523651123,
    "red_lacunae": 9.833016395568848,
    "healthy_skin": 10.356422424316406
  },
  "just_eliminated": []
}