{
  "lambda": 0.015208749999999998,
  "n_active": 24,
  "val_balacc": 0.5981008604517669,
  "val_auc": 0.8638612163938352,
  "val_loss": 1.2184728384017944,
  "actual_epochs": 25,
  "norms": {
    "asymmetry": 7.433676719665527,
    "border_irregularity": 7.391255855560303,
    "colour_variation": 7.995026111602783,
    "diameter_large": 6.8135457038879395,
    "atypical_pigment_network": 7.621609210968018,
    "blue_white_veil": 7.731293201446533,
    "atypical_vascular_pattern": 7.515446186065674,
    "irregular_streaks": 7.295812129974365,
    "irregular_pigmentation": 7.812498092651367,
    "irregular_dots_globules": 7.725141525268555,
    "regression_structures": 7.517823696136475,
    "symmetric_uniform": 7.433289051055908,
    "reticular_network": 7.803566932678223,
    "arborizing_vessels": 7.614753723144531,
    "blue_grey_ovoid_nests": 7.654651165008545,
    "ulceration": 7.170015811920166,
    "scaly_surface": 7.829501152038574,
    "strawberry_pattern": 7.2846455574035645,
    "milia_like_cysts": 7.349575519561768,
    "comedo_like_openings": 7.2397589683532715,
    "cerebriform_surface": 7.494969367980957,
    "central_white_patch": 8.071272850036621,
    "red_lacunae": 7.70821475982666,
    "healthy_skin": 7.448999881744385
  },
  "just_eliminated": []
}