{
  "lambda": 0.0351787629191992,
  "n_active": 24,
  "val_balacc": 0.5942860023687258,
  "val_auc": 0.8581754092047199,
  "val_loss": 1.2884522676467896,
  "actual_epochs": 15,
  "norms": {
    "asymmetry": 8.189541816711426,
    "border_irregularity": 7.833639144897461,
    "colour_variation": 8.423849105834961,
    "diameter_large": 8.5108060836792,
    "atypical_pigment_network": 8.883405685424805,
    "blue_white_veil": 8.508225440979004,
    "atypical_vascular_pattern": 8.353866577148438,
    "irregular_streaks": 7.906583309173584,
    "irregular_pigmentation": 8.072901725769043,
    "irregular_dots_globules": 7.674063682556152,
    "regression_structures": 7.661924362182617,
    "symmetric_uniform": 7.9080281257629395,
    "reticular_network": 8.63383674621582,
    "arborizing_vessels": 7.797823429107666,
    "blue_grey_ovoid_nests": 8.406733512878418,
    "ulceration": 7.583305358886719,
    "scaly_surface": 8.851096153259277,
    "strawberry_pattern": 8.178022384643555,
    "milia_like_cysts": 7.6960954666137695,
    "comedo_like_openings": 8.045950889587402,
    "cerebriform_surface": 9.014915466308594,
    "central_white_patch": 8.519196510314941,
    "red_lacunae": 8.349068641662598,
    "healthy_skin": 8.73503303527832
  },
  "just_eliminated": []
}