{
  "lambda": 6.195846593366683,
  "n_active": 24,
  "val_balacc": 0.5862226957556872,
  "val_auc": 0.852164893882844,
  "val_loss": 1.2011507749557495,
  "actual_epochs": 13,
  "norms": {
    "asymmetry": 2.452545642852783,
    "border_irregularity": 1.4972350597381592,
    "colour_variation": 3.3167474269866943,
    "diameter_large": 4.206189155578613,
    "atypical_pigment_network": 4.2083048820495605,
    "blue_white_veil": 4.23967170715332,
    "atypical_vascular_pattern": 2.5944666862487793,
    "irregular_streaks": 2.7350289821624756,
    "irregular_pigmentation": 3.593435764312744,
    "irregular_dots_globules": 1.1076480150222778,
    "regression_structures": 1.0883139371871948,
    "symmetric_uniform": 2.130189895629883,
    "reticular_network": 4.498335361480713,
    "arborizing_vessels": 2.9417858123779297,
    "blue_grey_ovoid_nests": 3.5125131607055664,
    "ulceration": 2.9140281677246094,
    "scaly_surface": 4.518202781677246,
    "strawberry_pattern": 2.6590888500213623,
    "milia_like_cysts": 1.8782135248184204,
    "comedo_like_openings": 3.2533743381500244,
    "cerebriform_surface": 3.5320425033569336,
    "central_white_patch": 4.041677951812744,
    "red_lacunae": 4.069841384887695,
    "healthy_skin": 2.1149730682373047
  },
  "just_eliminated": []
}