{
  "lambda": 0.37856795512758057,
  "n_active": 24,
  "val_balacc": 0.578467740171444,
  "val_auc": 0.8555152229187172,
  "val_loss": 1.3873902559280396,
  "actual_epochs": 14,
  "norms": {
    "asymmetry": 8.916704177856445,
    "border_irregularity": 9.794351577758789,
    "colour_variation": 10.457832336425781,
    "diameter_large": 9.529272079467773,
    "atypical_pigment_network": 11.103353500366211,
    "blue_white_veil": 10.871631622314453,
    "atypical_vascular_pattern": 10.491741180419922,
    "irregular_streaks": 9.372586250305176,
    "irregular_pigmentation": 10.167570114135742,
    "irregular_dots_globules": 9.23305892944336,
    "regression_structures": 9.879545211791992,
    "symmetric_uniform": 9.872953414916992,
    "reticular_network": 10.228014945983887,
    "arborizing_vessels": 10.478838920593262,
    "blue_grey_ovoid_nests": 10.093002319335938,
    "ulceration": 10.184142112731934,
    "scaly_surface": 10.452483177185059,
    "strawberry_pattern": 9.942259788513184,
    "milia_like_cysts": 9.139908790588379,
    "comedo_like_openings": 10.776336669921875,
    "cerebriform_surface": 10.674750328063965,
    "central_white_patch": 10.099366188049316,
    "red_lacunae": 10.340498924255371,
    "healthy_skin": 10.087939262390137
  },
  "just_eliminated": []
}