{
  "lambda": 0.8756506841284916,
  "n_active": 24,
  "val_balacc": 0.5580304389251529,
  "val_auc": 0.8574880535613146,
  "val_loss": 1.3490809202194214,
  "actual_epochs": 16,
  "norms": {
    "asymmetry": 8.635573387145996,
    "border_irregularity": 9.649218559265137,
    "colour_variation": 10.286166191101074,
    "diameter_large": 9.269062042236328,
    "atypical_pigment_network": 11.113036155700684,
    "blue_white_veil": 10.724885940551758,
    "atypical_vascular_pattern": 10.230542182922363,
    "irregular_streaks": 9.136856079101562,
    "irregular_pigmentation": 9.93907642364502,
    "irregular_dots_globules": 8.824061393737793,
    "regression_structures": 9.588597297668457,
    "symmetric_uniform": 9.624319076538086,
    "reticular_network": 9.987899780273438,
    "arborizing_vessels": 10.123987197875977,
    "blue_grey_ovoid_nests": 9.793079376220703,
    "ulceration": 10.10537052154541,
    "scaly_surface": 10.29834270477295,
    "strawberry_pattern": 9.773987770080566,
    "milia_like_cysts": 8.831014633178711,
    "comedo_like_openings": 10.73612117767334,
    "cerebriform_surface": 10.479557991027832,
    "central_white_patch": 9.760299682617188,
    "red_lacunae": 10.069517135620117,
    "healthy_skin": 10.032877922058105
  },
  "just_eliminated": []
}