{
  "lambda": 0.017490062499999993,
  "n_active": 24,
  "val_balacc": 0.5859547426777098,
  "val_auc": 0.8628785267648132,
  "val_loss": 1.1889806985855103,
  "actual_epochs": 11,
  "norms": {
    "asymmetry": 7.4533491134643555,
    "border_irregularity": 7.344071388244629,
    "colour_variation": 7.624957084655762,
    "diameter_large": 7.412271976470947,
    "atypical_pigment_network": 7.8755574226379395,
    "blue_white_veil": 7.615609169006348,
    "atypical_vascular_pattern": 7.558516979217529,
    "irregular_streaks": 7.443809986114502,
    "irregular_pigmentation": 7.476296901702881,
    "irregular_dots_globules": 7.2921061515808105,
    "regression_structures": 6.96096134185791,
    "symmetric_uniform": 7.146852493286133,
    "reticular_network": 7.803920269012451,
    "arborizing_vessels": 6.989912033081055,
    "blue_grey_ovoid_nests": 7.462378978729248,
    "ulceration": 6.953579425811768,
    "scaly_surface": 7.792484760284424,
    "strawberry_pattern": 7.437689781188965,
    "milia_like_cysts": 7.090512752532959,
    "comedo_like_openings": 7.4219584465026855,
    "cerebriform_surface": 7.793917179107666,
    "central_white_patch": 7.709290504455566,
    "red_lacunae": 7.484909534454346,
    "healthy_skin": 7.700392246246338
  },
  "just_eliminated": []
}