{
  "lambda": 0.08137061629162322,
  "n_active": 24,
  "val_balacc": 0.5882551422459971,
  "val_auc": 0.8607887681385725,
  "val_loss": 1.3000359535217285,
  "actual_epochs": 19,
  "norms": {
    "asymmetry": 8.731359481811523,
    "border_irregularity": 8.013006210327148,
    "colour_variation": 8.746007919311523,
    "diameter_large": 8.817575454711914,
    "atypical_pigment_network": 9.991704940795898,
    "blue_white_veil": 9.350820541381836,
    "atypical_vascular_pattern": 8.751180648803711,
    "irregular_streaks": 8.654589653015137,
    "irregular_pigmentation": 8.983827590942383,
    "irregular_dots_globules": 8.305551528930664,
    "regression_structures": 8.975680351257324,
    "symmetric_uniform": 7.785459995269775,
    "reticular_network": 9.20315170288086,
    "arborizing_vessels": 8.704177856445312,
    "blue_grey_ovoid_nests": 8.985299110412598,
    "ulceration": 8.768570899963379,
    "scaly_surface": 8.850869178771973,
    "strawberry_pattern": 8.638838768005371,
    "milia_like_cysts": 8.477608680725098,
    "comedo_like_openings": 8.838702201843262,
    "cerebriform_surface": 9.76952075958252,
    "central_white_patch": 9.244725227355957,
    "red_lacunae": 9.089444160461426,
    "healthy_skin": 9.273635864257812
  },
  "just_eliminated": []
}