{
  "lambda": 8.194007119727438,
  "n_active": 22,
  "val_balacc": 0.5727663548126497,
  "val_auc": 0.8451628160085009,
  "val_loss": 1.2225687503814697,
  "actual_epochs": 12,
  "norms": {
    "asymmetry": 2.611027956008911,
    "border_irregularity": 0.0,
    "colour_variation": 2.9942989349365234,
    "diameter_large": 3.568816900253296,
    "atypical_pigment_network": 3.1046435832977295,
    "blue_white_veil": 2.5479605197906494,
    "atypical_vascular_pattern": 1.6431845426559448,
    "irregular_streaks": 1.9502344131469727,
    "irregular_pigmentation": 2.8671157360076904,
    "irregular_dots_globules": 0.1482025682926178,
    "regression_structures": 0.0,
    "symmetric_uniform": 0.8339195847511292,
    "reticular_network": 4.136355400085449,
    "arborizing_vessels": 2.685777187347412,
    "blue_grey_ovoid_nests": 2.8345279693603516,
    "ulceration": 2.494952917098999,
    "scaly_surface": 3.7954349517822266,
    "strawberry_pattern": 1.755813717842102,
    "milia_like_cysts": 1.6217091083526611,
    "comedo_like_openings": 2.7912111282348633,
    "cerebriform_surface": 2.4411518573760986,
    "central_white_patch": 3.6369638442993164,
    "red_lacunae": 3.7514021396636963,
    "healthy_skin": 1.764169692993164
  },
  "just_eliminated": []
}