{
  "lambda": 3.5424953989539403,
  "n_active": 24,
  "val_balacc": 0.5897211614341206,
  "val_auc": 0.8596028348352741,
  "val_loss": 1.1610380411148071,
  "actual_epochs": 32,
  "norms": {
    "asymmetry": 3.739044666290283,
    "border_irregularity": 3.698911190032959,
    "colour_variation": 4.6529388427734375,
    "diameter_large": 5.495269298553467,
    "atypical_pigment_network": 6.279222011566162,
    "blue_white_veil": 7.103626251220703,
    "atypical_vascular_pattern": 5.1197829246521,
    "irregular_streaks": 4.922603130340576,
    "irregular_pigmentation": 5.430296897888184,
    "irregular_dots_globules": 3.070378303527832,
    "regression_structures": 2.8366456031799316,
    "symmetric_uniform": 4.207873821258545,
    "reticular_network": 6.059698104858398,
    "arborizing_vessels": 4.123994827270508,
    "blue_grey_ovoid_nests": 5.242831230163574,
    "ulceration": 4.824118137359619,
    "scaly_surface": 5.842267990112305,
    "strawberry_pattern": 4.686819076538086,
    "milia_like_cysts": 3.1825592517852783,
    "comedo_like_openings": 5.430729866027832,
    "cerebriform_surface": 5.886260986328125,
    "central_white_patch": 5.398378372192383,
    "red_lacunae": 5.628880977630615,
    "healthy_skin": 4.1853251457214355
  },
  "just_eliminated": []
}