{
  "lambda": 0.0351787629191992,
  "n_active": 24,
  "val_balacc": 0.6036969900471146,
  "val_auc": 0.8630222759344076,
  "val_loss": 1.2779345512390137,
  "actual_epochs": 12,
  "norms": {
    "asymmetry": 8.138200759887695,
    "border_irregularity": 8.28943157196045,
    "colour_variation": 8.481993675231934,
    "diameter_large": 8.36728572845459,
    "atypical_pigment_network": 8.889188766479492,
    "blue_white_veil": 8.70409107208252,
    "atypical_vascular_pattern": 8.019482612609863,
    "irregular_streaks": 7.858806610107422,
    "irregular_pigmentation": 8.3575439453125,
    "irregular_dots_globules": 7.351740837097168,
    "regression_structures": 7.375256061553955,
    "symmetric_uniform": 8.097651481628418,
    "reticular_network": 8.558424949645996,
    "arborizing_vessels": 7.9397807121276855,
    "blue_grey_ovoid_nests": 8.121502876281738,
    "ulceration": 7.881420612335205,
    "scaly_surface": 8.259538650512695,
    "strawberry_pattern": 7.9159345626831055,
    "milia_like_cysts": 7.255084037780762,
    "comedo_like_openings": 7.707676887512207,
    "cerebriform_surface": 9.33356761932373,
    "central_white_patch": 8.558296203613281,
    "red_lacunae": 8.358633995056152,
    "healthy_skin": 8.403928756713867
  },
  "just_eliminated": []
}