{
  "lambda": 0.21644745702171198,
  "n_active": 24,
  "val_balacc": 0.5590424661043112,
  "val_auc": 0.858522703143844,
  "val_loss": 1.3449127674102783,
  "actual_epochs": 16,
  "norms": {
    "asymmetry": 8.78532600402832,
    "border_irregularity": 9.563937187194824,
    "colour_variation": 10.250149726867676,
    "diameter_large": 9.365196228027344,
    "atypical_pigment_network": 10.928746223449707,
    "blue_white_veil": 10.54123592376709,
    "atypical_vascular_pattern": 10.117643356323242,
    "irregular_streaks": 9.133275985717773,
    "irregular_pigmentation": 9.970335006713867,
    "irregular_dots_globules": 9.192643165588379,
    "regression_structures": 9.693957328796387,
    "symmetric_uniform": 9.61141586303711,
    "reticular_network": 10.03579330444336,
    "arborizing_vessels": 10.259430885314941,
    "blue_grey_ovoid_nests": 9.889036178588867,
    "ulceration": 9.686705589294434,
    "scaly_surface": 10.180814743041992,
    "strawberry_pattern": 9.682575225830078,
    "milia_like_cysts": 9.028668403625488,
    "comedo_like_openings": 10.358281135559082,
    "cerebriform_surface": 10.486834526062012,
    "central_white_patch": 10.019866943359375,
    "red_lacunae": 10.05620002746582,
    "healthy_skin": 9.761717796325684
  },
  "just_eliminated": []
}