{
  "lambda": 1.3317552342239194,
  "n_active": 24,
  "val_balacc": 0.5839393126819521,
  "val_auc": 0.8620698505893902,
  "val_loss": 1.2825847864151,
  "actual_epochs": 21,
  "norms": {
    "asymmetry": 8.643784523010254,
    "border_irregularity": 8.479267120361328,
    "colour_variation": 8.74836540222168,
    "diameter_large": 8.175405502319336,
    "atypical_pigment_network": 11.254149436950684,
    "blue_white_veil": 10.391386985778809,
    "atypical_vascular_pattern": 9.227709770202637,
    "irregular_streaks": 8.509594917297363,
    "irregular_pigmentation": 9.588666915893555,
    "irregular_dots_globules": 7.774233818054199,
    "regression_structures": 8.637907028198242,
    "symmetric_uniform": 7.670755386352539,
    "reticular_network": 10.162535667419434,
    "arborizing_vessels": 8.340365409851074,
    "blue_grey_ovoid_nests": 9.377603530883789,
    "ulceration": 9.347573280334473,
    "scaly_surface": 8.760910987854004,
    "strawberry_pattern": 9.077261924743652,
    "milia_like_cysts": 8.427484512329102,
    "comedo_like_openings": 8.62924575805664,
    "cerebriform_surface": 10.132040977478027,
    "central_white_patch": 8.9959716796875,
    "red_lacunae": 8.752259254455566,
    "healthy_skin": 9.585237503051758
  },
  "just_eliminated": []
}