{
  "lambda": 1.5315185193575074,
  "n_active": 24,
  "val_balacc": 0.5986052978210524,
  "val_auc": 0.8615839302711568,
  "val_loss": 1.2485295534133911,
  "actual_epochs": 23,
  "norms": {
    "asymmetry": 8.245595932006836,
    "border_irregularity": 8.108043670654297,
    "colour_variation": 8.468415260314941,
    "diameter_large": 7.789943218231201,
    "atypical_pigment_network": 11.005558013916016,
    "blue_white_veil": 10.054062843322754,
    "atypical_vascular_pattern": 8.850241661071777,
    "irregular_streaks": 8.088716506958008,
    "irregular_pigmentation": 9.250062942504883,
    "irregular_dots_globules": 7.392090797424316,
    "regression_structures": 8.324389457702637,
    "symmetric_uniform": 7.310625076293945,
    "reticular_network": 9.819282531738281,
    "arborizing_vessels": 7.987578868865967,
    "blue_grey_ovoid_nests": 9.08403205871582,
    "ulceration": 8.983083724975586,
    "scaly_surface": 8.422207832336426,
    "strawberry_pattern": 8.76109504699707,
    "milia_like_cysts": 8.07446575164795,
    "comedo_like_openings": 8.24482250213623,
    "cerebriform_surface": 9.781208992004395,
    "central_white_patch": 8.635619163513184,
    "red_lacunae": 8.45245361328125,
    "healthy_skin": 9.229191780090332
  },
  "just_eliminated": []
}