{
  "lambda": 2.6786354623470254,
  "n_active": 24,
  "val_balacc": 0.5964878452692405,
  "val_auc": 0.8638400279207143,
  "val_loss": 1.1960808038711548,
  "actual_epochs": 28,
  "norms": {
    "asymmetry": 6.72769832611084,
    "border_irregularity": 6.45294189453125,
    "colour_variation": 7.022048473358154,
    "diameter_large": 6.4577412605285645,
    "atypical_pigment_network": 9.499387741088867,
    "blue_white_veil": 8.527509689331055,
    "atypical_vascular_pattern": 7.181224822998047,
    "irregular_streaks": 6.507896423339844,
    "irregular_pigmentation": 7.741425037384033,
    "irregular_dots_globules": 5.773487567901611,
    "regression_structures": 6.6346540451049805,
    "symmetric_uniform": 5.723099708557129,
    "reticular_network": 8.39990234375,
    "arborizing_vessels": 6.564115047454834,
    "blue_grey_ovoid_nests": 7.785264015197754,
    "ulceration": 7.440094470977783,
    "scaly_surface": 6.963847637176514,
    "strawberry_pattern": 7.3334550857543945,
    "milia_like_cysts": 6.453190326690674,
    "comedo_like_openings": 6.717010498046875,
    "cerebriform_surface": 8.245589256286621,
    "central_white_patch": 7.152353763580322,
    "red_lacunae": 7.05339241027832,
    "healthy_skin": 7.668593883514404
  },
  "just_eliminated": []
}