{
  "lambda": 0.030590228625390608,
  "n_active": 24,
  "val_balacc": 0.593942464689973,
  "val_auc": 0.8615026943499716,
  "val_loss": 1.2538460493087769,
  "actual_epochs": 34,
  "norms": {
    "asymmetry": 8.231816291809082,
    "border_irregularity": 7.6612091064453125,
    "colour_variation": 8.37433910369873,
    "diameter_large": 8.964866638183594,
    "atypical_pigment_network": 9.447931289672852,
    "blue_white_veil": 8.763452529907227,
    "atypical_vascular_pattern": 8.39159107208252,
    "irregular_streaks": 7.942530155181885,
    "irregular_pigmentation": 7.663051128387451,
    "irregular_dots_globules": 8.245198249816895,
    "regression_structures": 7.020541667938232,
    "symmetric_uniform": 8.053582191467285,
    "reticular_network": 8.76357364654541,
    "arborizing_vessels": 8.853550910949707,
    "blue_grey_ovoid_nests": 8.235210418701172,
    "ulceration": 7.806260585784912,
    "scaly_surface": 9.011404991149902,
    "strawberry_pattern": 8.760065078735352,
    "milia_like_cysts": 7.983757972717285,
    "comedo_like_openings": 8.139242172241211,
    "cerebriform_surface": 8.836092948913574,
    "central_white_patch": 8.506829261779785,
    "red_lacunae": 8.818696975708008,
    "healthy_skin": 8.591303825378418
  },
  "just_eliminated": []
}