{
  "lambda": 5.387692689884073,
  "n_active": 24,
  "val_balacc": 0.5982413315071385,
  "val_auc": 0.8548233708747505,
  "val_loss": 1.1803478002548218,
  "actual_epochs": 15,
  "norms": {
    "asymmetry": 2.663821220397949,
    "border_irregularity": 2.2027525901794434,
    "colour_variation": 3.6229894161224365,
    "diameter_large": 4.534514427185059,
    "atypical_pigment_network": 4.885332107543945,
    "blue_white_veil": 5.021592617034912,
    "atypical_vascular_pattern": 3.3231825828552246,
    "irregular_streaks": 3.3289263248443604,
    "irregular_pigmentation": 4.110077857971191,
    "irregular_dots_globules": 1.7347602844238281,
    "regression_structures": 1.5878604650497437,
    "symmetric_uniform": 2.56746768951416,
    "reticular_network": 4.88930606842041,
    "arborizing_vessels": 3.130516767501831,
    "blue_grey_ovoid_nests": 3.965815782546997,
    "ulceration": 3.4124248027801514,
    "scaly_surface": 4.829254150390625,
    "strawberry_pattern": 3.118974208831787,
    "milia_like_cysts": 2.060431480407715,
    "comedo_like_openings": 3.741992473602295,
    "cerebriform_surface": 4.249907970428467,
    "central_white_patch": 4.336677074432373,
    "red_lacunae": 4.400445461273193,
    "healthy_skin": 2.6593823432922363
  },
  "just_eliminated": []
}