{
  "lambda": 0.1636653739294609,
  "n_active": 24,
  "val_balacc": 0.5771141515628437,
  "val_auc": 0.8575497300312626,
  "val_loss": 1.3537052869796753,
  "actual_epochs": 11,
  "norms": {
    "asymmetry": 9.105422973632812,
    "border_irregularity": 8.5767183303833,
    "colour_variation": 9.1196870803833,
    "diameter_large": 9.121587753295898,
    "atypical_pigment_network": 10.811723709106445,
    "blue_white_veil": 10.11760139465332,
    "atypical_vascular_pattern": 9.317015647888184,
    "irregular_streaks": 9.144457817077637,
    "irregular_pigmentation": 9.669508934020996,
    "irregular_dots_globules": 8.687788009643555,
    "regression_structures": 9.375955581665039,
    "symmetric_uniform": 8.204811096191406,
    "reticular_network": 9.817648887634277,
    "arborizing_vessels": 9.080302238464355,
    "blue_grey_ovoid_nests": 9.418066024780273,
    "ulceration": 9.329790115356445,
    "scaly_surface": 9.269979476928711,
    "strawberry_pattern": 9.250600814819336,
    "milia_like_cysts": 8.86563777923584,
    "comedo_like_openings": 9.264081954956055,
    "cerebriform_surface": 10.371944427490234,
    "central_white_patch": 9.691876411437988,
    "red_lacunae": 9.414705276489258,
    "healthy_skin": 9.886555671691895
  },
  "just_eliminated": []
}