{
  "lambda": 2.025433241850303,
  "n_active": 24,
  "val_balacc": 0.5987582738189886,
  "val_auc": 0.8600609379862707,
  "val_loss": 1.2264595031738281,
  "actual_epochs": 27,
  "norms": {
    "asymmetry": 6.941398620605469,
    "border_irregularity": 7.169892311096191,
    "colour_variation": 7.464933395385742,
    "diameter_large": 7.448599815368652,
    "atypical_pigment_network": 8.835079193115234,
    "blue_white_veil": 10.193703651428223,
    "atypical_vascular_pattern": 7.92353630065918,
    "irregular_streaks": 7.632828712463379,
    "irregular_pigmentation": 8.223359107971191,
    "irregular_dots_globules": 5.6530351638793945,
    "regression_structures": 5.894533157348633,
    "symmetric_uniform": 7.539200782775879,
    "reticular_network": 8.767648696899414,
    "arborizing_vessels": 6.760934352874756,
    "blue_grey_ovoid_nests": 7.636745452880859,
    "ulceration": 7.9618730545043945,
    "scaly_surface": 8.317489624023438,
    "strawberry_pattern": 7.48890495300293,
    "milia_like_cysts": 6.266271591186523,
    "comedo_like_openings": 8.204236030578613,
    "cerebriform_surface": 8.665355682373047,
    "central_white_patch": 7.7440948486328125,
    "red_lacunae": 8.206438064575195,
    "healthy_skin": 7.278047561645508
  },
  "just_eliminated": []
}