{
  "lambda": 0.06152787621294761,
  "n_active": 24,
  "val_balacc": 0.5875329691029002,
  "val_auc": 0.8590413096364249,
  "val_loss": 1.2901430130004883,
  "actual_epochs": 13,
  "norms": {
    "asymmetry": 8.186978340148926,
    "border_irregularity": 8.352155685424805,
    "colour_variation": 9.15673828125,
    "diameter_large": 8.243143081665039,
    "atypical_pigment_network": 9.490354537963867,
    "blue_white_veil": 9.188411712646484,
    "atypical_vascular_pattern": 8.771160125732422,
    "irregular_streaks": 8.362204551696777,
    "irregular_pigmentation": 8.87995433807373,
    "irregular_dots_globules": 8.50261402130127,
    "regression_structures": 8.566975593566895,
    "symmetric_uniform": 8.635697364807129,
    "reticular_network": 9.100525856018066,
    "arborizing_vessels": 9.253839492797852,
    "blue_grey_ovoid_nests": 8.856169700622559,
    "ulceration": 8.228678703308105,
    "scaly_surface": 9.072473526000977,
    "strawberry_pattern": 8.430830955505371,
    "milia_like_cysts": 8.317216873168945,
    "comedo_like_openings": 8.861108779907227,
    "cerebriform_surface": 9.316581726074219,
    "central_white_patch": 9.19273853302002,
    "red_lacunae": 8.976079940795898,
    "healthy_skin": 8.459671974182129
  },
  "just_eliminated": []
}