{
  "lambda": 21.796221839177452,
  "n_active": 13,
  "val_balacc": 0.5171463730224353,
  "val_auc": 0.7965801098839613,
  "val_loss": 1.437238097190857,
  "actual_epochs": 11,
  "norms": {
    "asymmetry": 3.2843873500823975,
    "border_irregularity": 0.0,
    "colour_variation": 2.485109806060791,
    "diameter_large": 0.19043761491775513,
    "atypical_pigment_network": 0.06765527278184891,
    "blue_white_veil": 0.0,
    "atypical_vascular_pattern": 0.0,
    "irregular_streaks": 0.0,
    "irregular_pigmentation": 0.0,
    "irregular_dots_globules": 0.0,
    "regression_structures": 0.0,
    "symmetric_uniform": 0.0,
    "reticular_network": 3.3827738761901855,
    "arborizing_vessels": 0.0,
    "blue_grey_ovoid_nests": 0.08756018429994583,
    "ulceration": 1.3293899297714233,
    "scaly_surface": 2.8041114807128906,
    "strawberry_pattern": 0.0,
    "milia_like_cysts": 2.5051071643829346,
    "comedo_like_openings": 2.210310697555542,
    "cerebriform_surface": 0.9207970499992371,
    "central_white_patch": 2.1942079067230225,
    "red_lacunae": 2.577810287475586,
    "healthy_skin": 0.0
  },
  "just_eliminated": [
    "arborizing_vessels"
  ]
}