{
  "lambda": 1.0069982867477654,
  "n_active": 24,
  "val_balacc": 0.581649329889271,
  "val_auc": 0.8636435206304176,
  "val_loss": 1.3341768980026245,
  "actual_epochs": 15,
  "norms": {
    "asymmetry": 9.08242130279541,
    "border_irregularity": 8.940256118774414,
    "colour_variation": 9.223185539245605,
    "diameter_large": 8.726484298706055,
    "atypical_pigment_network": 11.640965461730957,
    "blue_white_veil": 10.818859100341797,
    "atypical_vascular_pattern": 9.68653678894043,
    "irregular_streaks": 9.043004035949707,
    "irregular_pigmentation": 9.988404273986816,
    "irregular_dots_globules": 8.327415466308594,
    "regression_structures": 9.180276870727539,
    "symmetric_uniform": 8.164411544799805,
    "reticular_network": 10.559618949890137,
    "arborizing_vessels": 8.840506553649902,
    "blue_grey_ovoid_nests": 9.685189247131348,
    "ulceration": 9.788837432861328,
    "scaly_surface": 9.27236270904541,
    "strawberry_pattern": 9.48641300201416,
    "milia_like_cysts": 8.914011001586914,
    "comedo_like_openings": 9.105027198791504,
    "cerebriform_surface": 10.580682754516602,
    "central_white_patch": 9.495996475219727,
    "red_lacunae": 9.214810371398926,
    "healthy_skin": 10.05827808380127
  },
  "just_eliminated": []
}