{
  "lambda": 0.013224999999999999,
  "n_active": 24,
  "val_balacc": 0.5895982981550915,
  "val_auc": 0.8613331931811262,
  "val_loss": 1.1938871145248413,
  "actual_epochs": 15,
  "norms": {
    "asymmetry": 7.3676438331604,
    "border_irregularity": 7.323193073272705,
    "colour_variation": 7.86249303817749,
    "diameter_large": 6.707326889038086,
    "atypical_pigment_network": 7.4193620681762695,
    "blue_white_veil": 7.575850009918213,
    "atypical_vascular_pattern": 7.423519134521484,
    "irregular_streaks": 7.177832126617432,
    "irregular_pigmentation": 7.733750820159912,
    "irregular_dots_globules": 7.627233982086182,
    "regression_structures": 7.380443096160889,
    "symmetric_uniform": 7.323984622955322,
    "reticular_network": 7.6754608154296875,
    "arborizing_vessels": 7.3887176513671875,
    "blue_grey_ovoid_nests": 7.5071187019348145,
    "ulceration": 7.100277423858643,
    "scaly_surface": 7.688800811767578,
    "strawberry_pattern": 7.205122470855713,
    "milia_like_cysts": 7.266778469085693,
    "comedo_like_openings": 7.157473564147949,
    "cerebriform_surface": 7.228550434112549,
    "central_white_patch": 7.907971382141113,
    "red_lacunae": 7.564908981323242,
    "healthy_skin": 7.335089683532715
  },
  "just_eliminated": []
}