{
  "lambda": 0.0115,
  "n_active": 24,
  "val_balacc": 0.5942879974729872,
  "val_auc": 0.8625496745874058,
  "val_loss": 1.1649487018585205,
  "actual_epochs": 12,
  "norms": {
    "asymmetry": 7.246275424957275,
    "border_irregularity": 7.214767932891846,
    "colour_variation": 7.313465595245361,
    "diameter_large": 7.185190200805664,
    "atypical_pigment_network": 7.624958515167236,
    "blue_white_veil": 7.424449920654297,
    "atypical_vascular_pattern": 7.376657485961914,
    "irregular_streaks": 7.377592086791992,
    "irregular_pigmentation": 7.4008564949035645,
    "irregular_dots_globules": 7.270352363586426,
    "regression_structures": 6.88925838470459,
    "symmetric_uniform": 7.087395191192627,
    "reticular_network": 7.59100866317749,
    "arborizing_vessels": 6.788568019866943,
    "blue_grey_ovoid_nests": 7.230810165405273,
    "ulceration": 6.908129692077637,
    "scaly_surface": 7.469157695770264,
    "strawberry_pattern": 7.307633399963379,
    "milia_like_cysts": 7.013837814331055,
    "comedo_like_openings": 7.34922456741333,
    "cerebriform_surface": 7.392794609069824,
    "central_white_patch": 7.475751876831055,
    "red_lacunae": 7.3296589851379395,
    "healthy_skin": 7.461124897003174
  },
  "just_eliminated": []
}