{
  "lambda": 0.1636653739294609,
  "n_active": 24,
  "val_balacc": 0.5665312371283169,
  "val_auc": 0.8564830957023449,
  "val_loss": 1.362512230873108,
  "actual_epochs": 19,
  "norms": {
    "asymmetry": 8.681510925292969,
    "border_irregularity": 9.322135925292969,
    "colour_variation": 10.01784610748291,
    "diameter_large": 9.231470108032227,
    "atypical_pigment_network": 10.67575740814209,
    "blue_white_veil": 10.242131233215332,
    "atypical_vascular_pattern": 9.842411041259766,
    "irregular_streaks": 9.011460304260254,
    "irregular_pigmentation": 9.777095794677734,
    "irregular_dots_globules": 9.10297966003418,
    "regression_structures": 9.52303409576416,
    "symmetric_uniform": 9.461788177490234,
    "reticular_network": 9.836847305297852,
    "arborizing_vessels": 10.088166236877441,
    "blue_grey_ovoid_nests": 9.7365140914917,
    "ulceration": 9.429312705993652,
    "scaly_surface": 9.993851661682129,
    "strawberry_pattern": 9.468311309814453,
    "milia_like_cysts": 8.918439865112305,
    "comedo_like_openings": 10.072871208190918,
    "cerebriform_surface": 10.31185245513916,
    "central_white_patch": 9.92823314666748,
    "red_lacunae": 9.898006439208984,
    "healthy_skin": 9.438798904418945
  },
  "just_eliminated": []
}