{
  "lambda": 0.7614353775030362,
  "n_active": 24,
  "val_balacc": 0.5594060148852954,
  "val_auc": 0.8556561201304678,
  "val_loss": 1.3658920526504517,
  "actual_epochs": 13,
  "norms": {
    "asymmetry": 8.752975463867188,
    "border_irregularity": 9.744251251220703,
    "colour_variation": 10.369147300720215,
    "diameter_large": 9.386381149291992,
    "atypical_pigment_network": 11.178465843200684,
    "blue_white_veil": 10.834261894226074,
    "atypical_vascular_pattern": 10.353958129882812,
    "irregular_streaks": 9.245772361755371,
    "irregular_pigmentation": 10.023886680603027,
    "irregular_dots_globules": 8.98778247833252,
    "regression_structures": 9.766582489013672,
    "symmetric_uniform": 9.746170997619629,
    "reticular_network": 10.087518692016602,
    "arborizing_vessels": 10.252582550048828,
    "blue_grey_ovoid_nests": 9.934792518615723,
    "ulceration": 10.180283546447754,
    "scaly_surface": 10.43086051940918,
    "strawberry_pattern": 9.851244926452637,
    "milia_like_cysts": 8.960172653198242,
    "comedo_like_openings": 10.794687271118164,
    "cerebriform_surface": 10.6211576461792,
    "central_white_patch": 9.910433769226074,
    "red_lacunae": 10.201918601989746,
    "healthy_skin": 10.110969543457031
  },
  "just_eliminated": []
}