{
  "lambda": 0.05350250105473706,
  "n_active": 24,
  "val_balacc": 0.5856988235019331,
  "val_auc": 0.8614450150972661,
  "val_loss": 1.2669439315795898,
  "actual_epochs": 16,
  "norms": {
    "asymmetry": 8.353589057922363,
    "border_irregularity": 8.599886894226074,
    "colour_variation": 8.730618476867676,
    "diameter_large": 8.703481674194336,
    "atypical_pigment_network": 9.196856498718262,
    "blue_white_veil": 9.185333251953125,
    "atypical_vascular_pattern": 8.408672332763672,
    "irregular_streaks": 8.160393714904785,
    "irregular_pigmentation": 8.631823539733887,
    "irregular_dots_globules": 7.4869842529296875,
    "regression_structures": 7.65613317489624,
    "symmetric_uniform": 8.382503509521484,
    "reticular_network": 8.984506607055664,
    "arborizing_vessels": 8.19700813293457,
    "blue_grey_ovoid_nests": 8.462100982666016,
    "ulceration": 8.196586608886719,
    "scaly_surface": 8.617439270019531,
    "strawberry_pattern": 8.189542770385742,
    "milia_like_cysts": 7.533039093017578,
    "comedo_like_openings": 7.977789878845215,
    "cerebriform_surface": 9.687972068786621,
    "central_white_patch": 8.798985481262207,
    "red_lacunae": 8.667487144470215,
    "healthy_skin": 8.708314895629883
  },
  "just_eliminated": []
}