{
  "lambda": 9.423108187686552,
  "n_active": 21,
  "val_balacc": 0.5784446934730257,
  "val_auc": 0.8397441936245671,
  "val_loss": 1.2485915422439575,
  "actual_epochs": 11,
  "norms": {
    "asymmetry": 2.263058662414551,
    "border_irregularity": 0.0,
    "colour_variation": 2.7625443935394287,
    "diameter_large": 3.573122262954712,
    "atypical_pigment_network": 3.0333216190338135,
    "blue_white_veil": 2.4847047328948975,
    "atypical_vascular_pattern": 0.976742684841156,
    "irregular_streaks": 1.5502985715866089,
    "irregular_pigmentation": 2.6837024688720703,
    "irregular_dots_globules": 0.0,
    "regression_structures": 0.0,
    "symmetric_uniform": 1.77141535282135,
    "reticular_network": 3.6015214920043945,
    "arborizing_vessels": 2.4365932941436768,
    "blue_grey_ovoid_nests": 3.250936508178711,
    "ulceration": 2.2772514820098877,
    "scaly_surface": 3.7702951431274414,
    "strawberry_pattern": 1.1069191694259644,
    "milia_like_cysts": 2.018986701965332,
    "comedo_like_openings": 2.404284954071045,
    "cerebriform_surface": 2.3411200046539307,
    "central_white_patch": 3.378826141357422,
    "red_lacunae": 3.46175479888916,
    "healthy_skin": 0.6289438009262085
  },
  "just_eliminated": []
}