{
  "lambda": 0.18821518001888,
  "n_active": 24,
  "val_balacc": 0.5643090456659141,
  "val_auc": 0.8597058480281347,
  "val_loss": 1.3400076627731323,
  "actual_epochs": 13,
  "norms": {
    "asymmetry": 9.193746566772461,
    "border_irregularity": 8.65563678741455,
    "colour_variation": 9.178808212280273,
    "diameter_large": 9.157915115356445,
    "atypical_pigment_network": 10.959077835083008,
    "blue_white_veil": 10.239264488220215,
    "atypical_vascular_pattern": 9.408347129821777,
    "irregular_streaks": 9.205681800842285,
    "irregular_pigmentation": 9.775856018066406,
    "irregular_dots_globules": 8.724503517150879,
    "regression_structures": 9.413150787353516,
    "symmetric_uniform": 8.260493278503418,
    "reticular_network": 9.962054252624512,
    "arborizing_vessels": 9.119597434997559,
    "blue_grey_ovoid_nests": 9.512972831726074,
    "ulceration": 9.456787109375,
    "scaly_surface": 9.311898231506348,
    "strawberry_pattern": 9.347625732421875,
    "milia_like_cysts": 8.92336654663086,
    "comedo_like_openings": 9.29745101928711,
    "cerebriform_surface": 10.453412055969238,
    "central_white_patch": 9.772466659545898,
    "red_lacunae": 9.434727668762207,
    "healthy_skin": 9.926859855651855
  },
  "just_eliminated": []
}