{
  "lambda": 5.387692689884073,
  "n_active": 24,
  "val_balacc": 0.5963044894497117,
  "val_auc": 0.8563665367551526,
  "val_loss": 1.1767977476119995,
  "actual_epochs": 17,
  "norms": {
    "asymmetry": 3.754289388656616,
    "border_irregularity": 1.2363539934158325,
    "colour_variation": 3.8198535442352295,
    "diameter_large": 4.587647438049316,
    "atypical_pigment_network": 5.339247226715088,
    "blue_white_veil": 4.757035732269287,
    "atypical_vascular_pattern": 2.868351936340332,
    "irregular_streaks": 2.7639052867889404,
    "irregular_pigmentation": 3.906792402267456,
    "irregular_dots_globules": 2.6148531436920166,
    "regression_structures": 1.2203514575958252,
    "symmetric_uniform": 2.2211623191833496,
    "reticular_network": 5.054813861846924,
    "arborizing_vessels": 3.8345515727996826,
    "blue_grey_ovoid_nests": 3.8862571716308594,
    "ulceration": 3.686492681503296,
    "scaly_surface": 4.344757556915283,
    "strawberry_pattern": 3.8161067962646484,
    "milia_like_cysts": 2.308631658554077,
    "comedo_like_openings": 3.608199119567871,
    "cerebriform_surface": 3.773487091064453,
    "central_white_patch": 4.615028381347656,
    "red_lacunae": 4.648914337158203,
    "healthy_skin": 3.9600138664245605
  },
  "just_eliminated": []
}