{
  "lambda": 1.0069982867477654,
  "n_active": 24,
  "val_balacc": 0.5821343440995765,
  "val_auc": 0.8586941276108494,
  "val_loss": 1.360818862915039,
  "actual_epochs": 12,
  "norms": {
    "asymmetry": 8.490717887878418,
    "border_irregularity": 9.544888496398926,
    "colour_variation": 10.17963981628418,
    "diameter_large": 9.173718452453613,
    "atypical_pigment_network": 11.034295082092285,
    "blue_white_veil": 10.677305221557617,
    "atypical_vascular_pattern": 10.177830696105957,
    "irregular_streaks": 9.034734725952148,
    "irregular_pigmentation": 9.825596809387207,
    "irregular_dots_globules": 8.723127365112305,
    "regression_structures": 9.45405387878418,
    "symmetric_uniform": 9.540547370910645,
    "reticular_network": 9.880889892578125,
    "arborizing_vessels": 10.027724266052246,
    "blue_grey_ovoid_nests": 9.692177772521973,
    "ulceration": 10.006303787231445,
    "scaly_surface": 10.197099685668945,
    "strawberry_pattern": 9.694336891174316,
    "milia_like_cysts": 8.700246810913086,
    "comedo_like_openings": 10.659363746643066,
    "cerebriform_surface": 10.322790145874023,
    "central_white_patch": 9.61349868774414,
    "red_lacunae": 9.963713645935059,
    "healthy_skin": 9.972559928894043
  },
  "just_eliminated": []
}