{
  "lambda": 0.01,
  "n_active": 24,
  "val_balacc": 0.5877748664520309,
  "val_auc": 0.8626930287214944,
  "val_loss": 1.1662403345108032,
  "actual_epochs": 18,
  "norms": {
    "asymmetry": 7.3417439460754395,
    "border_irregularity": 7.289798736572266,
    "colour_variation": 7.636138439178467,
    "diameter_large": 6.566370964050293,
    "atypical_pigment_network": 7.157670974731445,
    "blue_white_veil": 7.466140270233154,
    "atypical_vascular_pattern": 7.356035232543945,
    "irregular_streaks": 7.167222499847412,
    "irregular_pigmentation": 7.621492862701416,
    "irregular_dots_globules": 7.550445079803467,
    "regression_structures": 7.248025417327881,
    "symmetric_uniform": 7.298506736755371,
    "reticular_network": 7.463606357574463,
    "arborizing_vessels": 7.197114944458008,
    "blue_grey_ovoid_nests": 7.449956893920898,
    "ulceration": 7.057956218719482,
    "scaly_surface": 7.535799026489258,
    "strawberry_pattern": 7.134693622589111,
    "milia_like_cysts": 7.2363691329956055,
    "comedo_like_openings": 7.149731159210205,
    "cerebriform_surface": 6.903970241546631,
    "central_white_patch": 7.7606120109558105,
    "red_lacunae": 7.451148986816406,
    "healthy_skin": 7.2430500984191895
  },
  "just_eliminated": []
}