{
  "lambda": 3.0804307816990786,
  "n_active": 24,
  "val_balacc": 0.5906005684645242,
  "val_auc": 0.8641195446180906,
  "val_loss": 1.161943793296814,
  "actual_epochs": 41,
  "norms": {
    "asymmetry": 6.708186626434326,
    "border_irregularity": 4.248532772064209,
    "colour_variation": 5.967463493347168,
    "diameter_large": 6.4937262535095215,
    "atypical_pigment_network": 8.365019798278809,
    "blue_white_veil": 8.067145347595215,
    "atypical_vascular_pattern": 6.433923721313477,
    "irregular_streaks": 4.86878776550293,
    "irregular_pigmentation": 5.902437210083008,
    "irregular_dots_globules": 5.159538745880127,
    "regression_structures": 4.088229656219482,
    "symmetric_uniform": 5.29782247543335,
    "reticular_network": 7.236683368682861,
    "arborizing_vessels": 6.864785671234131,
    "blue_grey_ovoid_nests": 6.0916972160339355,
    "ulceration": 5.987386703491211,
    "scaly_surface": 6.305190086364746,
    "strawberry_pattern": 6.94058084487915,
    "milia_like_cysts": 5.173086643218994,
    "comedo_like_openings": 6.352474212646484,
    "cerebriform_surface": 6.249161720275879,
    "central_white_patch": 6.3043718338012695,
    "red_lacunae": 7.010396480560303,
    "healthy_skin": 6.842109680175781
  },
  "just_eliminated": []
}