{
  "lambda": 0.04652391396064092,
  "n_active": 24,
  "val_balacc": 0.5848774836364358,
  "val_auc": 0.8610385033292028,
  "val_loss": 1.2759650945663452,
  "actual_epochs": 11,
  "norms": {
    "asymmetry": 8.612871170043945,
    "border_irregularity": 7.954217910766602,
    "colour_variation": 8.70010757446289,
    "diameter_large": 9.381075859069824,
    "atypical_pigment_network": 10.081825256347656,
    "blue_white_veil": 9.385053634643555,
    "atypical_vascular_pattern": 8.81954574584961,
    "irregular_streaks": 8.135568618774414,
    "irregular_pigmentation": 7.95161771774292,
    "irregular_dots_globules": 8.548778533935547,
    "regression_structures": 7.2930684089660645,
    "symmetric_uniform": 8.31976318359375,
    "reticular_network": 9.109694480895996,
    "arborizing_vessels": 9.22793960571289,
    "blue_grey_ovoid_nests": 8.547955513000488,
    "ulceration": 8.234163284301758,
    "scaly_surface": 9.41642951965332,
    "strawberry_pattern": 9.204819679260254,
    "milia_like_cysts": 8.306947708129883,
    "comedo_like_openings": 8.538290023803711,
    "cerebriform_surface": 9.211174964904785,
    "central_white_patch": 8.833733558654785,
    "red_lacunae": 9.227554321289062,
    "healthy_skin": 9.118717193603516
  },
  "just_eliminated": []
}