{
  "lambda": 0.04652391396064092,
  "n_active": 24,
  "val_balacc": 0.5859480233445689,
  "val_auc": 0.8632784969183732,
  "val_loss": 1.2830191850662231,
  "actual_epochs": 20,
  "norms": {
    "asymmetry": 8.30095386505127,
    "border_irregularity": 7.6555705070495605,
    "colour_variation": 8.399012565612793,
    "diameter_large": 8.44973087310791,
    "atypical_pigment_network": 9.214747428894043,
    "blue_white_veil": 8.77088451385498,
    "atypical_vascular_pattern": 8.239045143127441,
    "irregular_streaks": 8.232125282287598,
    "irregular_pigmentation": 8.388276100158691,
    "irregular_dots_globules": 7.939335346221924,
    "regression_structures": 8.601784706115723,
    "symmetric_uniform": 7.4127631187438965,
    "reticular_network": 8.615900993347168,
    "arborizing_vessels": 8.302956581115723,
    "blue_grey_ovoid_nests": 8.591702461242676,
    "ulceration": 8.30081558227539,
    "scaly_surface": 8.38988208770752,
    "strawberry_pattern": 8.141829490661621,
    "milia_like_cysts": 8.190716743469238,
    "comedo_like_openings": 8.48230266571045,
    "cerebriform_surface": 9.194311141967773,
    "central_white_patch": 8.778218269348145,
    "red_lacunae": 8.725156784057617,
    "healthy_skin": 8.735660552978516
  },
  "just_eliminated": []
}