{
  "lambda": 1.15804802975993,
  "n_active": 24,
  "val_balacc": 0.572326611818773,
  "val_auc": 0.8600948518634371,
  "val_loss": 1.2966276407241821,
  "actual_epochs": 23,
  "norms": {
    "asymmetry": 10.103991508483887,
    "border_irregularity": 8.09559440612793,
    "colour_variation": 9.413873672485352,
    "diameter_large": 9.580728530883789,
    "atypical_pigment_network": 12.095091819763184,
    "blue_white_veil": 11.365724563598633,
    "atypical_vascular_pattern": 10.551081657409668,
    "irregular_streaks": 8.279167175292969,
    "irregular_pigmentation": 9.408621788024902,
    "irregular_dots_globules": 8.701927185058594,
    "regression_structures": 7.895329475402832,
    "symmetric_uniform": 8.908931732177734,
    "reticular_network": 10.48068904876709,
    "arborizing_vessels": 10.369169235229492,
    "blue_grey_ovoid_nests": 9.067943572998047,
    "ulceration": 9.19324779510498,
    "scaly_surface": 10.0701904296875,
    "strawberry_pattern": 10.758753776550293,
    "milia_like_cysts": 8.758301734924316,
    "comedo_like_openings": 10.126585960388184,
    "cerebriform_surface": 9.5342435836792,
    "central_white_patch": 9.037379264831543,
    "red_lacunae": 10.545159339904785,
    "healthy_skin": 10.597980499267578
  },
  "just_eliminated": []
}