{
  "lambda": 0.030590228625390608,
  "n_active": 24,
  "val_balacc": 0.5958412931237351,
  "val_auc": 0.8641274179650112,
  "val_loss": 1.2488641738891602,
  "actual_epochs": 16,
  "norms": {
    "asymmetry": 7.976692199707031,
    "border_irregularity": 7.3985161781311035,
    "colour_variation": 8.092822074890137,
    "diameter_large": 8.109818458557129,
    "atypical_pigment_network": 8.578767776489258,
    "blue_white_veil": 8.172760009765625,
    "atypical_vascular_pattern": 7.752065658569336,
    "irregular_streaks": 7.837856292724609,
    "irregular_pigmentation": 7.916555404663086,
    "irregular_dots_globules": 7.6510162353515625,
    "regression_structures": 8.231764793395996,
    "symmetric_uniform": 7.152037143707275,
    "reticular_network": 8.106049537658691,
    "arborizing_vessels": 7.845634937286377,
    "blue_grey_ovoid_nests": 8.1952543258667,
    "ulceration": 7.972568035125732,
    "scaly_surface": 7.967329502105713,
    "strawberry_pattern": 7.664001941680908,
    "milia_like_cysts": 7.854431629180908,
    "comedo_like_openings": 8.146510124206543,
    "cerebriform_surface": 8.61448860168457,
    "central_white_patch": 8.230422019958496,
    "red_lacunae": 8.363245010375977,
    "healthy_skin": 8.18150520324707
  },
  "just_eliminated": []
}