{
  "lambda": 0.020113571874999993,
  "n_active": 24,
  "val_balacc": 0.5979242521001138,
  "val_auc": 0.8642976758249967,
  "val_loss": 1.2276233434677124,
  "actual_epochs": 12,
  "norms": {
    "asymmetry": 7.750564098358154,
    "border_irregularity": 7.266047954559326,
    "colour_variation": 7.8371992111206055,
    "diameter_large": 7.751160621643066,
    "atypical_pigment_network": 8.040087699890137,
    "blue_white_veil": 7.725467205047607,
    "atypical_vascular_pattern": 7.391441822052002,
    "irregular_streaks": 7.496833324432373,
    "irregular_pigmentation": 7.5348052978515625,
    "irregular_dots_globules": 7.455369472503662,
    "regression_structures": 7.967059135437012,
    "symmetric_uniform": 6.900169849395752,
    "reticular_network": 7.749159812927246,
    "arborizing_vessels": 7.436745643615723,
    "blue_grey_ovoid_nests": 7.818013668060303,
    "ulceration": 7.711443901062012,
    "scaly_surface": 7.56842041015625,
    "strawberry_pattern": 7.231892108917236,
    "milia_like_cysts": 7.638270854949951,
    "comedo_like_openings": 7.751018524169922,
    "cerebriform_surface": 8.099723815917969,
    "central_white_patch": 7.695401668548584,
    "red_lacunae": 8.005230903625488,
    "healthy_skin": 7.641883373260498
  },
  "just_eliminated": []
}