{
  "lambda": 0.8756506841284916,
  "n_active": 24,
  "val_balacc": 0.5650911273626925,
  "val_auc": 0.8606390859845164,
  "val_loss": 1.3450363874435425,
  "actual_epochs": 24,
  "norms": {
    "asymmetry": 9.00446891784668,
    "border_irregularity": 8.55535888671875,
    "colour_variation": 9.958488464355469,
    "diameter_large": 9.788373947143555,
    "atypical_pigment_network": 10.618134498596191,
    "blue_white_veil": 11.933808326721191,
    "atypical_vascular_pattern": 9.823719024658203,
    "irregular_streaks": 8.2797269821167,
    "irregular_pigmentation": 8.937219619750977,
    "irregular_dots_globules": 7.756472587585449,
    "regression_structures": 8.602880477905273,
    "symmetric_uniform": 9.050810813903809,
    "reticular_network": 10.708821296691895,
    "arborizing_vessels": 8.496187210083008,
    "blue_grey_ovoid_nests": 9.893091201782227,
    "ulceration": 9.27817153930664,
    "scaly_surface": 10.763540267944336,
    "strawberry_pattern": 9.649462699890137,
    "milia_like_cysts": 8.696516036987305,
    "comedo_like_openings": 8.99645709991455,
    "cerebriform_surface": 10.538899421691895,
    "central_white_patch": 9.128835678100586,
    "red_lacunae": 9.760788917541504,
    "healthy_skin": 10.060416221618652
  },
  "just_eliminated": []
}