{
  "lambda": 0.02660019880468749,
  "n_active": 24,
  "val_balacc": 0.578984554703258,
  "val_auc": 0.8635597109306585,
  "val_loss": 1.2726784944534302,
  "actual_epochs": 12,
  "norms": {
    "asymmetry": 7.702496528625488,
    "border_irregularity": 7.627132892608643,
    "colour_variation": 8.41006088256836,
    "diameter_large": 7.286693096160889,
    "atypical_pigment_network": 8.230452537536621,
    "blue_white_veil": 8.157381057739258,
    "atypical_vascular_pattern": 7.883321285247803,
    "irregular_streaks": 7.6728386878967285,
    "irregular_pigmentation": 8.093954086303711,
    "irregular_dots_globules": 7.970699310302734,
    "regression_structures": 7.828298091888428,
    "symmetric_uniform": 7.753766059875488,
    "reticular_network": 8.254895210266113,
    "arborizing_vessels": 8.231332778930664,
    "blue_grey_ovoid_nests": 8.064188003540039,
    "ulceration": 7.402173042297363,
    "scaly_surface": 8.221126556396484,
    "strawberry_pattern": 7.571657657623291,
    "milia_like_cysts": 7.678351402282715,
    "comedo_like_openings": 7.703111171722412,
    "cerebriform_surface": 8.205108642578125,
    "central_white_patch": 8.514195442199707,
    "red_lacunae": 8.108343124389648,
    "healthy_skin": 7.752511978149414
  },
  "just_eliminated": []
}