{
  "lambda": 1.3317552342239194,
  "n_active": 24,
  "val_balacc": 0.5821751442627908,
  "val_auc": 0.8603936566786593,
  "val_loss": 1.3089187145233154,
  "actual_epochs": 16,
  "norms": {
    "asymmetry": 9.893115043640137,
    "border_irregularity": 7.894184589385986,
    "colour_variation": 9.211519241333008,
    "diameter_large": 9.364326477050781,
    "atypical_pigment_network": 11.863426208496094,
    "blue_white_veil": 11.175369262695312,
    "atypical_vascular_pattern": 10.311573028564453,
    "irregular_streaks": 8.087784767150879,
    "irregular_pigmentation": 9.223485946655273,
    "irregular_dots_globules": 8.492521286010742,
    "regression_structures": 7.677646160125732,
    "symmetric_uniform": 8.72651195526123,
    "reticular_network": 10.303417205810547,
    "arborizing_vessels": 10.15087890625,
    "blue_grey_ovoid_nests": 8.925483703613281,
    "ulceration": 8.975794792175293,
    "scaly_surface": 9.820883750915527,
    "strawberry_pattern": 10.550535202026367,
    "milia_like_cysts": 8.543098449707031,
    "comedo_like_openings": 9.87761116027832,
    "cerebriform_surface": 9.27020263671875,
    "central_white_patch": 8.857547760009766,
    "red_lacunae": 10.313810348510742,
    "healthy_skin": 10.369614601135254
  },
  "just_eliminated": []
}