{
  "lambda": 1.15804802975993,
  "n_active": 24,
  "val_balacc": 0.5761356679686551,
  "val_auc": 0.8568189597500288,
  "val_loss": 1.325491189956665,
  "actual_epochs": 16,
  "norms": {
    "asymmetry": 8.325511932373047,
    "border_irregularity": 9.368744850158691,
    "colour_variation": 9.990577697753906,
    "diameter_large": 8.99010944366455,
    "atypical_pigment_network": 10.889121055603027,
    "blue_white_veil": 10.491229057312012,
    "atypical_vascular_pattern": 10.019587516784668,
    "irregular_streaks": 8.893102645874023,
    "irregular_pigmentation": 9.659989356994629,
    "irregular_dots_globules": 8.51141357421875,
    "regression_structures": 9.240262031555176,
    "symmetric_uniform": 9.346982955932617,
    "reticular_network": 9.748481750488281,
    "arborizing_vessels": 9.839024543762207,
    "blue_grey_ovoid_nests": 9.503315925598145,
    "ulceration": 9.853777885437012,
    "scaly_surface": 10.045575141906738,
    "strawberry_pattern": 9.527900695800781,
    "milia_like_cysts": 8.559340476989746,
    "comedo_like_openings": 10.510689735412598,
    "cerebriform_surface": 10.138166427612305,
    "central_white_patch": 9.428426742553711,
    "red_lacunae": 9.834568977355957,
    "healthy_skin": 9.824186325073242
  },
  "just_eliminated": []
}