{
  "lambda": 0.7614353775030362,
  "n_active": 24,
  "val_balacc": 0.5811261933371163,
  "val_auc": 0.8583928656916336,
  "val_loss": 1.3281689882278442,
  "actual_epochs": 29,
  "norms": {
    "asymmetry": 9.128426551818848,
    "border_irregularity": 8.665033340454102,
    "colour_variation": 10.040444374084473,
    "diameter_large": 9.843542098999023,
    "atypical_pigment_network": 10.662874221801758,
    "blue_white_veil": 11.918354034423828,
    "atypical_vascular_pattern": 9.931681632995605,
    "irregular_streaks": 8.432732582092285,
    "irregular_pigmentation": 9.058107376098633,
    "irregular_dots_globules": 7.9232048988342285,
    "regression_structures": 8.750255584716797,
    "symmetric_uniform": 9.176934242248535,
    "reticular_network": 10.760717391967773,
    "arborizing_vessels": 8.600293159484863,
    "blue_grey_ovoid_nests": 9.977365493774414,
    "ulceration": 9.39856243133545,
    "scaly_surface": 10.857175827026367,
    "strawberry_pattern": 9.700238227844238,
    "milia_like_cysts": 8.851569175720215,
    "comedo_like_openings": 9.09860610961914,
    "cerebriform_surface": 10.617969512939453,
    "central_white_patch": 9.248174667358398,
    "red_lacunae": 9.859830856323242,
    "healthy_skin": 10.153082847595215
  },
  "just_eliminated": []
}