{
  "lambda": 0.07075705764488975,
  "n_active": 24,
  "val_balacc": 0.5990572641816245,
  "val_auc": 0.8604021172996217,
  "val_loss": 1.30324387550354,
  "actual_epochs": 22,
  "norms": {
    "asymmetry": 8.721227645874023,
    "border_irregularity": 8.259185791015625,
    "colour_variation": 9.113865852355957,
    "diameter_large": 9.306022644042969,
    "atypical_pigment_network": 9.666911125183105,
    "blue_white_veil": 9.417586326599121,
    "atypical_vascular_pattern": 8.999926567077637,
    "irregular_streaks": 8.33068561553955,
    "irregular_pigmentation": 8.597397804260254,
    "irregular_dots_globules": 7.989091396331787,
    "regression_structures": 8.361604690551758,
    "symmetric_uniform": 8.534781455993652,
    "reticular_network": 9.48029899597168,
    "arborizing_vessels": 8.3472261428833,
    "blue_grey_ovoid_nests": 9.084321022033691,
    "ulceration": 8.265419006347656,
    "scaly_surface": 9.710477828979492,
    "strawberry_pattern": 8.79086971282959,
    "milia_like_cysts": 8.261309623718262,
    "comedo_like_openings": 8.636842727661133,
    "cerebriform_surface": 9.84358024597168,
    "central_white_patch": 9.020877838134766,
    "red_lacunae": 9.042010307312012,
    "healthy_skin": 9.35591983795166
  },
  "just_eliminated": []
}