{
  "lambda": 0.07075705764488975,
  "n_active": 24,
  "val_balacc": 0.5942064651146277,
  "val_auc": 0.8612060759222236,
  "val_loss": 1.2916275262832642,
  "actual_epochs": 20,
  "norms": {
    "asymmetry": 9.02399730682373,
    "border_irregularity": 8.310601234436035,
    "colour_variation": 9.161402702331543,
    "diameter_large": 9.78425121307373,
    "atypical_pigment_network": 10.872756004333496,
    "blue_white_veil": 10.15118408203125,
    "atypical_vascular_pattern": 9.362954139709473,
    "irregular_streaks": 8.404984474182129,
    "irregular_pigmentation": 8.40307331085205,
    "irregular_dots_globules": 8.92899227142334,
    "regression_structures": 7.573484897613525,
    "symmetric_uniform": 8.7195405960083,
    "reticular_network": 9.54308032989502,
    "arborizing_vessels": 9.798654556274414,
    "blue_grey_ovoid_nests": 8.888867378234863,
    "ulceration": 8.689117431640625,
    "scaly_surface": 9.80762767791748,
    "strawberry_pattern": 9.821479797363281,
    "milia_like_cysts": 8.701977729797363,
    "comedo_like_openings": 9.07296371459961,
    "cerebriform_surface": 9.665870666503906,
    "central_white_patch": 9.205466270446777,
    "red_lacunae": 9.70221996307373,
    "healthy_skin": 9.770645141601562
  },
  "just_eliminated": []
}