{
  "lambda": 0.030590228625390608,
  "n_active": 24,
  "val_balacc": 0.6100377833980503,
  "val_auc": 0.8640506583256005,
  "val_loss": 1.2427915334701538,
  "actual_epochs": 16,
  "norms": {
    "asymmetry": 8.062976837158203,
    "border_irregularity": 7.748560428619385,
    "colour_variation": 8.322566032409668,
    "diameter_large": 8.374094009399414,
    "atypical_pigment_network": 8.726127624511719,
    "blue_white_veil": 8.345568656921387,
    "atypical_vascular_pattern": 8.22445297241211,
    "irregular_streaks": 7.824835777282715,
    "irregular_pigmentation": 7.9537835121154785,
    "irregular_dots_globules": 7.620326519012451,
    "regression_structures": 7.553436756134033,
    "symmetric_uniform": 7.808244228363037,
    "reticular_network": 8.506635665893555,
    "arborizing_vessels": 7.693476676940918,
    "blue_grey_ovoid_nests": 8.312837600708008,
    "ulceration": 7.470813274383545,
    "scaly_surface": 8.679241180419922,
    "strawberry_pattern": 8.030145645141602,
    "milia_like_cysts": 7.587827682495117,
    "comedo_like_openings": 7.9785542488098145,
    "cerebriform_surface": 8.816934585571289,
    "central_white_patch": 8.377280235290527,
    "red_lacunae": 8.200836181640625,
    "healthy_skin": 8.581783294677734
  },
  "just_eliminated": []
}