{
  "lambda": 0.12375453605252242,
  "n_active": 24,
  "val_balacc": 0.5759891723312002,
  "val_auc": 0.8574214313765345,
  "val_loss": 1.3805811405181885,
  "actual_epochs": 12,
  "norms": {
    "asymmetry": 8.531188011169434,
    "border_irregularity": 9.07576847076416,
    "colour_variation": 9.788742065429688,
    "diameter_large": 8.981740951538086,
    "atypical_pigment_network": 10.404305458068848,
    "blue_white_veil": 9.98794937133789,
    "atypical_vascular_pattern": 9.546782493591309,
    "irregular_streaks": 8.866436004638672,
    "irregular_pigmentation": 9.546669960021973,
    "irregular_dots_globules": 8.941056251525879,
    "regression_structures": 9.2609281539917,
    "symmetric_uniform": 9.244160652160645,
    "reticular_network": 9.686816215515137,
    "arborizing_vessels": 9.903738021850586,
    "blue_grey_ovoid_nests": 9.5090970993042,
    "ulceration": 9.048434257507324,
    "scaly_surface": 9.679282188415527,
    "strawberry_pattern": 9.192580223083496,
    "milia_like_cysts": 8.736077308654785,
    "comedo_like_openings": 9.772884368896484,
    "cerebriform_surface": 10.077370643615723,
    "central_white_patch": 9.723185539245605,
    "red_lacunae": 9.62864875793457,
    "healthy_skin": 9.132150650024414
  },
  "just_eliminated": []
}