{
  "lambda": 0.5757545387546589,
  "n_active": 24,
  "val_balacc": 0.568775173769898,
  "val_auc": 0.8569942216759762,
  "val_loss": 1.3327401876449585,
  "actual_epochs": 14,
  "norms": {
    "asymmetry": 10.521757125854492,
    "border_irregularity": 8.914311408996582,
    "colour_variation": 10.027151107788086,
    "diameter_large": 10.30445384979248,
    "atypical_pigment_network": 12.641523361206055,
    "blue_white_veil": 11.895307540893555,
    "atypical_vascular_pattern": 11.079545021057129,
    "irregular_streaks": 8.908345222473145,
    "irregular_pigmentation": 9.800263404846191,
    "irregular_dots_globules": 9.505305290222168,
    "regression_structures": 8.394816398620605,
    "symmetric_uniform": 9.498610496520996,
    "reticular_network": 10.954646110534668,
    "arborizing_vessels": 10.964699745178223,
    "blue_grey_ovoid_nests": 9.642792701721191,
    "ulceration": 9.725398063659668,
    "scaly_surface": 10.697002410888672,
    "strawberry_pattern": 11.360260963439941,
    "milia_like_cysts": 9.444357872009277,
    "comedo_like_openings": 10.566530227661133,
    "cerebriform_surface": 10.221603393554688,
    "central_white_patch": 9.649211883544922,
    "red_lacunae": 11.064081192016602,
    "healthy_skin": 11.199715614318848
  },
  "just_eliminated": []
}