{
  "lambda": 2.025433241850303,
  "n_active": 24,
  "val_balacc": 0.5642974236051347,
  "val_auc": 0.8640772087376969,
  "val_loss": 1.244678258895874,
  "actual_epochs": 15,
  "norms": {
    "asymmetry": 7.686655044555664,
    "border_irregularity": 6.929940223693848,
    "colour_variation": 8.516570091247559,
    "diameter_large": 8.47769832611084,
    "atypical_pigment_network": 9.363288879394531,
    "blue_white_veil": 10.957049369812012,
    "atypical_vascular_pattern": 8.253592491149902,
    "irregular_streaks": 6.792797088623047,
    "irregular_pigmentation": 7.45759391784668,
    "irregular_dots_globules": 5.978169918060303,
    "regression_structures": 6.9018635749816895,
    "symmetric_uniform": 7.600356101989746,
    "reticular_network": 9.326469421386719,
    "arborizing_vessels": 6.989355564117432,
    "blue_grey_ovoid_nests": 8.635494232177734,
    "ulceration": 7.826437950134277,
    "scaly_surface": 9.360177993774414,
    "strawberry_pattern": 8.443737983703613,
    "milia_like_cysts": 7.1998291015625,
    "comedo_like_openings": 7.590292930603027,
    "cerebriform_surface": 9.179898262023926,
    "central_white_patch": 7.769179344177246,
    "red_lacunae": 8.517714500427246,
    "healthy_skin": 8.625417709350586
  },
  "just_eliminated": []
}