{
  "lambda": 4.684950165116586,
  "n_active": 24,
  "val_balacc": 0.5976882810923815,
  "val_auc": 0.8582733566045667,
  "val_loss": 1.1670856475830078,
  "actual_epochs": 19,
  "norms": {
    "asymmetry": 4.572904586791992,
    "border_irregularity": 2.205197811126709,
    "colour_variation": 4.319012641906738,
    "diameter_large": 5.127261638641357,
    "atypical_pigment_network": 6.237612724304199,
    "blue_white_veil": 5.756495475769043,
    "atypical_vascular_pattern": 3.973557949066162,
    "irregular_streaks": 3.295682668685913,
    "irregular_pigmentation": 4.459508419036865,
    "irregular_dots_globules": 3.4569599628448486,
    "regression_structures": 2.095435619354248,
    "symmetric_uniform": 3.0257019996643066,
    "reticular_network": 5.568445205688477,
    "arborizing_vessels": 4.680399417877197,
    "blue_grey_ovoid_nests": 4.508538246154785,
    "ulceration": 4.325312614440918,
    "scaly_surface": 4.798382759094238,
    "strawberry_pattern": 4.728381156921387,
    "milia_like_cysts": 3.0742931365966797,
    "comedo_like_openings": 4.283580303192139,
    "cerebriform_surface": 4.511643886566162,
    "central_white_patch": 4.996389389038086,
    "red_lacunae": 5.333702564239502,
    "healthy_skin": 4.811766624450684
  },
  "just_eliminated": []
}