{
  "lambda": 28.825503382312178,
  "n_active": 9,
  "val_balacc": 0.5099491835337034,
  "val_auc": 0.7587718853284423,
  "val_loss": 1.5504286289215088,
  "actual_epochs": 11,
  "norms": {
    "asymmetry": 2.182457685470581,
    "border_irregularity": 0.0,
    "colour_variation": 1.6163792610168457,
    "diameter_large": 2.180806875228882,
    "atypical_pigment_network": 0.0,
    "blue_white_veil": 0.0,
    "atypical_vascular_pattern": 0.0,
    "irregular_streaks": 0.0,
    "irregular_pigmentation": 0.0,
    "irregular_dots_globules": 0.0,
    "regression_structures": 0.0,
    "symmetric_uniform": 0.0,
    "reticular_network": 3.2474780082702637,
    "arborizing_vessels": 0.0,
    "blue_grey_ovoid_nests": 0.0,
    "ulceration": 0.0,
    "scaly_surface": 2.079111099243164,
    "strawberry_pattern": 0.0,
    "milia_like_cysts": 1.3172320127487183,
    "comedo_like_openings": 2.3026466369628906,
    "cerebriform_surface": 0.0,
    "central_white_patch": 1.9253896474838257,
    "red_lacunae": 1.8275262117385864,
    "healthy_skin": 0.0
  },
  "just_eliminated": [
    "cerebriform_surface"
  ]
}