{
  "lambda": 0.21644745702171198,
  "n_active": 24,
  "val_balacc": 0.5559241085291019,
  "val_auc": 0.8578259566241154,
  "val_loss": 1.3703056573867798,
  "actual_epochs": 15,
  "norms": {
    "asymmetry": 8.95654296875,
    "border_irregularity": 9.650741577148438,
    "colour_variation": 9.605538368225098,
    "diameter_large": 9.68167781829834,
    "atypical_pigment_network": 10.562544822692871,
    "blue_white_veil": 11.073317527770996,
    "atypical_vascular_pattern": 9.670327186584473,
    "irregular_streaks": 9.39085578918457,
    "irregular_pigmentation": 9.817304611206055,
    "irregular_dots_globules": 8.17236042022705,
    "regression_structures": 8.44024658203125,
    "symmetric_uniform": 9.442217826843262,
    "reticular_network": 10.360540390014648,
    "arborizing_vessels": 9.027273178100586,
    "blue_grey_ovoid_nests": 9.504426002502441,
    "ulceration": 9.458803176879883,
    "scaly_surface": 9.87738037109375,
    "strawberry_pattern": 9.309976577758789,
    "milia_like_cysts": 8.431925773620605,
    "comedo_like_openings": 9.209381103515625,
    "cerebriform_surface": 10.898152351379395,
    "central_white_patch": 9.731598854064941,
    "red_lacunae": 9.847315788269043,
    "healthy_skin": 9.68502426147461
  },
  "just_eliminated": []
}