{
  "lambda": 3.0804307816990786,
  "n_active": 24,
  "val_balacc": 0.5997965015987313,
  "val_auc": 0.8604603138376055,
  "val_loss": 1.1770492792129517,
  "actual_epochs": 11,
  "norms": {
    "asymmetry": 4.783413887023926,
    "border_irregularity": 4.92940092086792,
    "colour_variation": 5.5595316886901855,
    "diameter_large": 6.163015842437744,
    "atypical_pigment_network": 7.239677906036377,
    "blue_white_veil": 8.349397659301758,
    "atypical_vascular_pattern": 6.176892280578613,
    "irregular_streaks": 5.959996700286865,
    "irregular_pigmentation": 6.424124240875244,
    "irregular_dots_globules": 4.031582355499268,
    "regression_structures": 3.833953380584717,
    "symmetric_uniform": 5.554666042327881,
    "reticular_network": 6.976929664611816,
    "arborizing_vessels": 4.927121639251709,
    "blue_grey_ovoid_nests": 6.078357219696045,
    "ulceration": 5.962803840637207,
    "scaly_surface": 6.612205505371094,
    "strawberry_pattern": 5.813699722290039,
    "milia_like_cysts": 4.266772270202637,
    "comedo_like_openings": 6.478940010070801,
    "cerebriform_surface": 6.910408020019531,
    "central_white_patch": 6.249955654144287,
    "red_lacunae": 6.4542646408081055,
    "healthy_skin": 5.252668857574463
  },
  "just_eliminated": []
}