{
  "lambda": 0.28625176191121404,
  "n_active": 24,
  "val_balacc": 0.5726203155952462,
  "val_auc": 0.858667473383583,
  "val_loss": 1.407631754875183,
  "actual_epochs": 19,
  "norms": {
    "asymmetry": 8.891441345214844,
    "border_irregularity": 9.756003379821777,
    "colour_variation": 10.427894592285156,
    "diameter_large": 9.531694412231445,
    "atypical_pigment_network": 11.019015312194824,
    "blue_white_veil": 10.788304328918457,
    "atypical_vascular_pattern": 10.355887413024902,
    "irregular_streaks": 9.271291732788086,
    "irregular_pigmentation": 10.114431381225586,
    "irregular_dots_globules": 9.2465238571167,
    "regression_structures": 9.784529685974121,
    "symmetric_uniform": 9.801433563232422,
    "reticular_network": 10.138812065124512,
    "arborizing_vessels": 10.431249618530273,
    "blue_grey_ovoid_nests": 10.062522888183594,
    "ulceration": 10.018957138061523,
    "scaly_surface": 10.3654146194458,
    "strawberry_pattern": 9.874509811401367,
    "milia_like_cysts": 9.107954025268555,
    "comedo_like_openings": 10.571094512939453,
    "cerebriform_surface": 10.660908699035645,
    "central_white_patch": 10.1430025100708,
    "red_lacunae": 10.208060264587402,
    "healthy_skin": 9.974312782287598
  },
  "just_eliminated": []
}