{
  "lambda": 8.194007119727438,
  "n_active": 21,
  "val_balacc": 0.5632495324181991,
  "val_auc": 0.8439323819907153,
  "val_loss": 1.236567735671997,
  "actual_epochs": 11,
  "norms": {
    "asymmetry": 2.4545984268188477,
    "border_irregularity": 0.0,
    "colour_variation": 3.1422617435455322,
    "diameter_large": 3.6781442165374756,
    "atypical_pigment_network": 3.492933988571167,
    "blue_white_veil": 3.133017063140869,
    "atypical_vascular_pattern": 1.1826400756835938,
    "irregular_streaks": 2.076566219329834,
    "irregular_pigmentation": 3.017237663269043,
    "irregular_dots_globules": 0.0,
    "regression_structures": 0.0,
    "symmetric_uniform": 1.8645751476287842,
    "reticular_network": 3.637040615081787,
    "arborizing_vessels": 2.464905261993408,
    "blue_grey_ovoid_nests": 3.0905065536499023,
    "ulceration": 2.489391565322876,
    "scaly_surface": 3.814271926879883,
    "strawberry_pattern": 1.7084403038024902,
    "milia_like_cysts": 1.7208019495010376,
    "comedo_like_openings": 2.3424956798553467,
    "cerebriform_surface": 2.805607795715332,
    "central_white_patch": 3.592350482940674,
    "red_lacunae": 3.428375244140625,
    "healthy_skin": 1.331615686416626
  },
  "just_eliminated": []
}