{
  "lambda": 6.195846593366683,
  "n_active": 24,
  "val_balacc": 0.5853188138194858,
  "val_auc": 0.8512846263707505,
  "val_loss": 1.198561429977417,
  "actual_epochs": 13,
  "norms": {
    "asymmetry": 3.0610525608062744,
    "border_irregularity": 1.248132586479187,
    "colour_variation": 3.5550215244293213,
    "diameter_large": 3.7423088550567627,
    "atypical_pigment_network": 4.174587726593018,
    "blue_white_veil": 3.765925407409668,
    "atypical_vascular_pattern": 2.384751319885254,
    "irregular_streaks": 2.540287494659424,
    "irregular_pigmentation": 3.83133602142334,
    "irregular_dots_globules": 1.6008810997009277,
    "regression_structures": 1.1978299617767334,
    "symmetric_uniform": 1.4416580200195312,
    "reticular_network": 4.440865516662598,
    "arborizing_vessels": 2.800116539001465,
    "blue_grey_ovoid_nests": 3.3980541229248047,
    "ulceration": 3.029127359390259,
    "scaly_surface": 4.22750997543335,
    "strawberry_pattern": 2.852436065673828,
    "milia_like_cysts": 2.0727944374084473,
    "comedo_like_openings": 2.7411277294158936,
    "cerebriform_surface": 3.3516595363616943,
    "central_white_patch": 3.9303815364837646,
    "red_lacunae": 3.9562253952026367,
    "healthy_skin": 2.829331874847412
  },
  "just_eliminated": []
}