{
  "lambda": 28.825503382312178,
  "n_active": 9,
  "val_balacc": 0.503201197963494,
  "val_auc": 0.7540147861367157,
  "val_loss": 1.5655955076217651,
  "actual_epochs": 11,
  "norms": {
    "asymmetry": 2.2522473335266113,
    "border_irregularity": 0.0,
    "colour_variation": 2.3390302658081055,
    "diameter_large": 2.1002554893493652,
    "atypical_pigment_network": 0.0,
    "blue_white_veil": 0.0,
    "atypical_vascular_pattern": 0.0,
    "irregular_streaks": 0.0,
    "irregular_pigmentation": 0.0,
    "irregular_dots_globules": 0.0,
    "regression_structures": 0.0,
    "symmetric_uniform": 0.0,
    "reticular_network": 3.1217856407165527,
    "arborizing_vessels": 0.0,
    "blue_grey_ovoid_nests": 0.0,
    "ulceration": 0.0,
    "scaly_surface": 2.2581329345703125,
    "strawberry_pattern": 0.0,
    "milia_like_cysts": 1.35239839553833,
    "comedo_like_openings": 2.2045798301696777,
    "cerebriform_surface": 0.0,
    "central_white_patch": 1.5800175666809082,
    "red_lacunae": 0.8230805993080139,
    "healthy_skin": 0.0
  },
  "just_eliminated": [
    "atypical_pigment_network",
    "cerebriform_surface"
  ]
}