{
  "lambda": 0.24891457557496874,
  "n_active": 24,
  "val_balacc": 0.5694146271114985,
  "val_auc": 0.8593891687566722,
  "val_loss": 1.348040223121643,
  "actual_epochs": 35,
  "norms": {
    "asymmetry": 9.371301651000977,
    "border_irregularity": 8.92054557800293,
    "colour_variation": 9.380215644836426,
    "diameter_large": 9.272220611572266,
    "atypical_pigment_network": 11.393574714660645,
    "blue_white_veil": 10.53905200958252,
    "atypical_vascular_pattern": 9.721649169921875,
    "irregular_streaks": 9.345711708068848,
    "irregular_pigmentation": 9.984198570251465,
    "irregular_dots_globules": 8.801584243774414,
    "regression_structures": 9.599851608276367,
    "symmetric_uniform": 8.431215286254883,
    "reticular_network": 10.263252258300781,
    "arborizing_vessels": 9.227036476135254,
    "blue_grey_ovoid_nests": 9.777458190917969,
    "ulceration": 9.703493118286133,
    "scaly_surface": 9.536050796508789,
    "strawberry_pattern": 9.570465087890625,
    "milia_like_cysts": 9.107412338256836,
    "comedo_like_openings": 9.424088478088379,
    "cerebriform_surface": 10.729364395141602,
    "central_white_patch": 9.913235664367676,
    "red_lacunae": 9.561251640319824,
    "healthy_skin": 10.10108470916748
  },
  "just_eliminated": []
}