{
  "lambda": 0.10761264004567168,
  "n_active": 24,
  "val_balacc": 0.5938081946849862,
  "val_auc": 0.8592321771641693,
  "val_loss": 1.3032535314559937,
  "actual_epochs": 12,
  "norms": {
    "asymmetry": 8.866575241088867,
    "border_irregularity": 8.283109664916992,
    "colour_variation": 8.938591003417969,
    "diameter_large": 9.006840705871582,
    "atypical_pigment_network": 10.43712329864502,
    "blue_white_veil": 9.759537696838379,
    "atypical_vascular_pattern": 9.01745891571045,
    "irregular_streaks": 8.921425819396973,
    "irregular_pigmentation": 9.330446243286133,
    "irregular_dots_globules": 8.487945556640625,
    "regression_structures": 9.192407608032227,
    "symmetric_uniform": 8.027316093444824,
    "reticular_network": 9.515376091003418,
    "arborizing_vessels": 8.922513008117676,
    "blue_grey_ovoid_nests": 9.15984058380127,
    "ulceration": 9.008842468261719,
    "scaly_surface": 9.066410064697266,
    "strawberry_pattern": 8.910313606262207,
    "milia_like_cysts": 8.675797462463379,
    "comedo_like_openings": 9.077445983886719,
    "cerebriform_surface": 10.093064308166504,
    "central_white_patch": 9.503701210021973,
    "red_lacunae": 9.280460357666016,
    "healthy_skin": 9.589804649353027
  },
  "just_eliminated": []
}