{
  "lambda": 0.08137061629162322,
  "n_active": 24,
  "val_balacc": 0.5649668698380982,
  "val_auc": 0.8612401826454249,
  "val_loss": 1.3006529808044434,
  "actual_epochs": 18,
  "norms": {
    "asymmetry": 8.308496475219727,
    "border_irregularity": 8.654352188110352,
    "colour_variation": 9.39587688446045,
    "diameter_large": 8.498719215393066,
    "atypical_pigment_network": 9.802281379699707,
    "blue_white_veil": 9.47338581085205,
    "atypical_vascular_pattern": 9.070181846618652,
    "irregular_streaks": 8.607829093933105,
    "irregular_pigmentation": 9.1254301071167,
    "irregular_dots_globules": 8.720634460449219,
    "regression_structures": 8.78739070892334,
    "symmetric_uniform": 8.890728950500488,
    "reticular_network": 9.356792449951172,
    "arborizing_vessels": 9.527113914489746,
    "blue_grey_ovoid_nests": 9.138591766357422,
    "ulceration": 8.52329158782959,
    "scaly_surface": 9.269271850585938,
    "strawberry_pattern": 8.724786758422852,
    "milia_like_cysts": 8.485448837280273,
    "comedo_like_openings": 9.192790985107422,
    "cerebriform_surface": 9.61481761932373,
    "central_white_patch": 9.398345947265625,
    "red_lacunae": 9.254939079284668,
    "healthy_skin": 8.716643333435059
  },
  "just_eliminated": []
}