{
  "lambda": 0.6621177195678577,
  "n_active": 24,
  "val_balacc": 0.5739810781399308,
  "val_auc": 0.8549336129476305,
  "val_loss": 1.3806931972503662,
  "actual_epochs": 13,
  "norms": {
    "asymmetry": 8.814685821533203,
    "border_irregularity": 9.775520324707031,
    "colour_variation": 10.418631553649902,
    "diameter_large": 9.452054977416992,
    "atypical_pigment_network": 11.21329116821289,
    "blue_white_veil": 10.895069122314453,
    "atypical_vascular_pattern": 10.411055564880371,
    "irregular_streaks": 9.274312973022461,
    "irregular_pigmentation": 10.052118301391602,
    "irregular_dots_globules": 9.076983451843262,
    "regression_structures": 9.854382514953613,
    "symmetric_uniform": 9.778341293334961,
    "reticular_network": 10.115480422973633,
    "arborizing_vessels": 10.336912155151367,
    "blue_grey_ovoid_nests": 9.970149993896484,
    "ulceration": 10.23792552947998,
    "scaly_surface": 10.491178512573242,
    "strawberry_pattern": 9.901728630065918,
    "milia_like_cysts": 9.026432991027832,
    "comedo_like_openings": 10.811492919921875,
    "cerebriform_surface": 10.676810264587402,
    "central_white_patch": 9.991637229919434,
    "red_lacunae": 10.277963638305664,
    "healthy_skin": 10.157401084899902
  },
  "just_eliminated": []
}