{
  "lambda": 0.37856795512758057,
  "n_active": 24,
  "val_balacc": 0.5755584479550775,
  "val_auc": 0.8564021375024786,
  "val_loss": 1.3914575576782227,
  "actual_epochs": 11,
  "norms": {
    "asymmetry": 9.10357666015625,
    "border_irregularity": 9.829739570617676,
    "colour_variation": 9.770048141479492,
    "diameter_large": 9.82478141784668,
    "atypical_pigment_network": 10.774231910705566,
    "blue_white_veil": 11.519001007080078,
    "atypical_vascular_pattern": 9.87328815460205,
    "irregular_streaks": 9.579493522644043,
    "irregular_pigmentation": 10.050180435180664,
    "irregular_dots_globules": 8.169604301452637,
    "regression_structures": 8.502729415893555,
    "symmetric_uniform": 9.5740327835083,
    "reticular_network": 10.681846618652344,
    "arborizing_vessels": 9.047356605529785,
    "blue_grey_ovoid_nests": 9.625690460205078,
    "ulceration": 9.797070503234863,
    "scaly_surface": 10.104806900024414,
    "strawberry_pattern": 9.503216743469238,
    "milia_like_cysts": 8.558310508728027,
    "comedo_like_openings": 9.538288116455078,
    "cerebriform_surface": 11.016509056091309,
    "central_white_patch": 9.771289825439453,
    "red_lacunae": 10.008868217468262,
    "healthy_skin": 9.730216026306152
  },
  "just_eliminated": []
}