{
  "lambda": 0.04045557735707907,
  "n_active": 24,
  "val_balacc": 0.5693752187082529,
  "val_auc": 0.8619418179929283,
  "val_loss": 1.270061731338501,
  "actual_epochs": 13,
  "norms": {
    "asymmetry": 7.976757526397705,
    "border_irregularity": 7.965328693389893,
    "colour_variation": 8.818113327026367,
    "diameter_large": 7.830260753631592,
    "atypical_pigment_network": 8.964744567871094,
    "blue_white_veil": 8.737125396728516,
    "atypical_vascular_pattern": 8.319398880004883,
    "irregular_streaks": 8.081131935119629,
    "irregular_pigmentation": 8.526204109191895,
    "irregular_dots_globules": 8.242938995361328,
    "regression_structures": 8.204265594482422,
    "symmetric_uniform": 8.234548568725586,
    "reticular_network": 8.675158500671387,
    "arborizing_vessels": 8.768492698669434,
    "blue_grey_ovoid_nests": 8.45765495300293,
    "ulceration": 7.795799255371094,
    "scaly_surface": 8.65950870513916,
    "strawberry_pattern": 7.996188163757324,
    "milia_like_cysts": 8.062567710876465,
    "comedo_like_openings": 8.299638748168945,
    "cerebriform_surface": 8.804337501525879,
    "central_white_patch": 8.861356735229492,
    "red_lacunae": 8.575806617736816,
    "healthy_skin": 8.1022367477417
  },
  "just_eliminated": []
}