{
  "lambda": 0.06152787621294761,
  "n_active": 24,
  "val_balacc": 0.5904871345987937,
  "val_auc": 0.8577397744609373,
  "val_loss": 1.2759586572647095,
  "actual_epochs": 20,
  "norms": {
    "asymmetry": 8.89955997467041,
    "border_irregularity": 8.225931167602539,
    "colour_variation": 8.989505767822266,
    "diameter_large": 9.6303129196167,
    "atypical_pigment_network": 10.558096885681152,
    "blue_white_veil": 9.859092712402344,
    "atypical_vascular_pattern": 9.180434226989746,
    "irregular_streaks": 8.325535774230957,
    "irregular_pigmentation": 8.232577323913574,
    "irregular_dots_globules": 8.789172172546387,
    "regression_structures": 7.483490467071533,
    "symmetric_uniform": 8.586969375610352,
    "reticular_network": 9.40666675567627,
    "arborizing_vessels": 9.608354568481445,
    "blue_grey_ovoid_nests": 8.765664100646973,
    "ulceration": 8.511970520019531,
    "scaly_surface": 9.666244506835938,
    "strawberry_pattern": 9.574459075927734,
    "milia_like_cysts": 8.518238067626953,
    "comedo_like_openings": 8.891610145568848,
    "cerebriform_surface": 9.472611427307129,
    "central_white_patch": 9.085856437683105,
    "red_lacunae": 9.524857521057129,
    "healthy_skin": 9.550320625305176
  },
  "just_eliminated": []
}