{
  "lambda": 3.5424953989539403,
  "n_active": 24,
  "val_balacc": 0.597950736659476,
  "val_auc": 0.8618262816650446,
  "val_loss": 1.1611329317092896,
  "actual_epochs": 27,
  "norms": {
    "asymmetry": 4.349574565887451,
    "border_irregularity": 4.520967960357666,
    "colour_variation": 5.760190486907959,
    "diameter_large": 5.509792327880859,
    "atypical_pigment_network": 7.397707462310791,
    "blue_white_veil": 6.236717224121094,
    "atypical_vascular_pattern": 5.483963489532471,
    "irregular_streaks": 5.32175874710083,
    "irregular_pigmentation": 5.517761707305908,
    "irregular_dots_globules": 4.352628231048584,
    "regression_structures": 4.588573932647705,
    "symmetric_uniform": 5.023669242858887,
    "reticular_network": 6.035499095916748,
    "arborizing_vessels": 5.243488311767578,
    "blue_grey_ovoid_nests": 5.278059005737305,
    "ulceration": 5.664729118347168,
    "scaly_surface": 5.87805700302124,
    "strawberry_pattern": 5.5921854972839355,
    "milia_like_cysts": 4.04850435256958,
    "comedo_like_openings": 6.5472092628479,
    "cerebriform_surface": 5.897103309631348,
    "central_white_patch": 5.6270575523376465,
    "red_lacunae": 5.636085033416748,
    "healthy_skin": 5.721149444580078
  },
  "just_eliminated": []
}