{
  "lambda": 0.04045557735707907,
  "n_active": 24,
  "val_balacc": 0.6012519035593193,
  "val_auc": 0.8627120797641294,
  "val_loss": 1.2763640880584717,
  "actual_epochs": 13,
  "norms": {
    "asymmetry": 8.266088485717773,
    "border_irregularity": 7.8593292236328125,
    "colour_variation": 8.537155151367188,
    "diameter_large": 8.639530181884766,
    "atypical_pigment_network": 9.049843788146973,
    "blue_white_veil": 8.640023231506348,
    "atypical_vascular_pattern": 8.446270942687988,
    "irregular_streaks": 7.973422050476074,
    "irregular_pigmentation": 8.150932312011719,
    "irregular_dots_globules": 7.755218505859375,
    "regression_structures": 7.812524795532227,
    "symmetric_uniform": 8.043878555297852,
    "reticular_network": 8.769840240478516,
    "arborizing_vessels": 7.898068904876709,
    "blue_grey_ovoid_nests": 8.505030632019043,
    "ulceration": 7.704943656921387,
    "scaly_surface": 8.986403465270996,
    "strawberry_pattern": 8.288182258605957,
    "milia_like_cysts": 7.774233818054199,
    "comedo_like_openings": 8.142816543579102,
    "cerebriform_surface": 9.156193733215332,
    "central_white_patch": 8.614197731018066,
    "red_lacunae": 8.48912239074707,
    "healthy_skin": 8.86246109008789
  },
  "just_eliminated": []
}