{
  "lambda": 0.43535314839671757,
  "n_active": 24,
  "val_balacc": 0.5652923311587716,
  "val_auc": 0.8584435894827596,
  "val_loss": 1.3769348859786987,
  "actual_epochs": 11,
  "norms": {
    "asymmetry": 9.408895492553711,
    "border_irregularity": 9.006829261779785,
    "colour_variation": 10.121438980102539,
    "diameter_large": 10.161280632019043,
    "atypical_pigment_network": 10.79073429107666,
    "blue_white_veil": 11.501855850219727,
    "atypical_vascular_pattern": 10.07917308807373,
    "irregular_streaks": 8.784323692321777,
    "irregular_pigmentation": 9.316547393798828,
    "irregular_dots_globules": 8.362008094787598,
    "regression_structures": 9.017884254455566,
    "symmetric_uniform": 9.425623893737793,
    "reticular_network": 10.79751968383789,
    "arborizing_vessels": 8.885634422302246,
    "blue_grey_ovoid_nests": 10.035992622375488,
    "ulceration": 9.451214790344238,
    "scaly_surface": 10.932833671569824,
    "strawberry_pattern": 9.80184268951416,
    "milia_like_cysts": 9.108097076416016,
    "comedo_like_openings": 9.285555839538574,
    "cerebriform_surface": 10.859130859375,
    "central_white_patch": 9.578654289245605,
    "red_lacunae": 9.907105445861816,
    "healthy_skin": 10.419198036193848
  },
  "just_eliminated": []
}