{
  "lambda": 4.073869708797031,
  "n_active": 24,
  "val_balacc": 0.5829263752130632,
  "val_auc": 0.8610606753327592,
  "val_loss": 1.1563804149627686,
  "actual_epochs": 34,
  "norms": {
    "asymmetry": 3.442575216293335,
    "border_irregularity": 3.308288097381592,
    "colour_variation": 4.845983982086182,
    "diameter_large": 4.757200717926025,
    "atypical_pigment_network": 6.509796619415283,
    "blue_white_veil": 5.018108367919922,
    "atypical_vascular_pattern": 4.241913318634033,
    "irregular_streaks": 4.387943744659424,
    "irregular_pigmentation": 4.735947132110596,
    "irregular_dots_globules": 3.4141151905059814,
    "regression_structures": 3.376051664352417,
    "symmetric_uniform": 3.860776424407959,
    "reticular_network": 5.212961673736572,
    "arborizing_vessels": 4.138209819793701,
    "blue_grey_ovoid_nests": 4.258383274078369,
    "ulceration": 4.578502655029297,
    "scaly_surface": 5.118898868560791,
    "strawberry_pattern": 4.562866687774658,
    "milia_like_cysts": 2.970555067062378,
    "comedo_like_openings": 5.420140743255615,
    "cerebriform_surface": 4.884181499481201,
    "central_white_patch": 4.9404072761535645,
    "red_lacunae": 4.769612789154053,
    "healthy_skin": 4.647261142730713
  },
  "just_eliminated": []
}