{
  "lambda": 4.073869708797031,
  "n_active": 24,
  "val_balacc": 0.5799720321381354,
  "val_auc": 0.8579580412838712,
  "val_loss": 1.1664984226226807,
  "actual_epochs": 26,
  "norms": {
    "asymmetry": 4.094879627227783,
    "border_irregularity": 2.947319746017456,
    "colour_variation": 4.520406723022461,
    "diameter_large": 4.551199913024902,
    "atypical_pigment_network": 6.080390930175781,
    "blue_white_veil": 5.25257682800293,
    "atypical_vascular_pattern": 3.730173349380493,
    "irregular_streaks": 3.617441177368164,
    "irregular_pigmentation": 4.988839626312256,
    "irregular_dots_globules": 2.748507261276245,
    "regression_structures": 2.983032703399658,
    "symmetric_uniform": 2.1980600357055664,
    "reticular_network": 5.344385147094727,
    "arborizing_vessels": 3.6067123413085938,
    "blue_grey_ovoid_nests": 4.766026496887207,
    "ulceration": 4.246354579925537,
    "scaly_surface": 4.737875461578369,
    "strawberry_pattern": 4.2030863761901855,
    "milia_like_cysts": 3.0232856273651123,
    "comedo_like_openings": 3.666846990585327,
    "cerebriform_surface": 4.971280097961426,
    "central_white_patch": 4.807462692260742,
    "red_lacunae": 4.7500410079956055,
    "healthy_skin": 4.669670581817627
  },
  "just_eliminated": []
}