{
  "lambda": 0.18821518001888,
  "n_active": 24,
  "val_balacc": 0.584920389312756,
  "val_auc": 0.8612015416229655,
  "val_loss": 1.3574557304382324,
  "actual_epochs": 19,
  "norms": {
    "asymmetry": 9.235014915466309,
    "border_irregularity": 8.924148559570312,
    "colour_variation": 9.844378471374512,
    "diameter_large": 9.912562370300293,
    "atypical_pigment_network": 10.471136093139648,
    "blue_white_veil": 10.611839294433594,
    "atypical_vascular_pattern": 9.738032341003418,
    "irregular_streaks": 8.71981430053711,
    "irregular_pigmentation": 9.121360778808594,
    "irregular_dots_globules": 8.386642456054688,
    "regression_structures": 8.952804565429688,
    "symmetric_uniform": 9.228727340698242,
    "reticular_network": 10.424850463867188,
    "arborizing_vessels": 8.789787292480469,
    "blue_grey_ovoid_nests": 9.816102027893066,
    "ulceration": 9.094012260437012,
    "scaly_surface": 10.576584815979004,
    "strawberry_pattern": 9.543501853942871,
    "milia_like_cysts": 8.878268241882324,
    "comedo_like_openings": 9.139315605163574,
    "cerebriform_surface": 10.704366683959961,
    "central_white_patch": 9.529989242553711,
    "red_lacunae": 9.686600685119629,
    "healthy_skin": 10.22904109954834
  },
  "just_eliminated": []
}