{
  "lambda": 0.017490062499999993,
  "n_active": 24,
  "val_balacc": 0.597768815953941,
  "val_auc": 0.8595860107476404,
  "val_loss": 1.230812430381775,
  "actual_epochs": 25,
  "norms": {
    "asymmetry": 7.786294460296631,
    "border_irregularity": 7.26627779006958,
    "colour_variation": 7.826654434204102,
    "diameter_large": 8.347536087036133,
    "atypical_pigment_network": 8.460097312927246,
    "blue_white_veil": 7.902411460876465,
    "atypical_vascular_pattern": 7.719016075134277,
    "irregular_streaks": 7.683255672454834,
    "irregular_pigmentation": 7.224123001098633,
    "irregular_dots_globules": 7.7159905433654785,
    "regression_structures": 6.747636795043945,
    "symmetric_uniform": 7.631317138671875,
    "reticular_network": 8.284675598144531,
    "arborizing_vessels": 8.1755952835083,
    "blue_grey_ovoid_nests": 7.566057205200195,
    "ulceration": 7.125552177429199,
    "scaly_surface": 8.319169998168945,
    "strawberry_pattern": 8.027231216430664,
    "milia_like_cysts": 7.4577460289001465,
    "comedo_like_openings": 7.489582538604736,
    "cerebriform_surface": 7.994295120239258,
    "central_white_patch": 7.9017415046691895,
    "red_lacunae": 8.182574272155762,
    "healthy_skin": 7.785035133361816
  },
  "just_eliminated": []
}