{
  "lambda": 0.015208749999999998,
  "n_active": 24,
  "val_balacc": 0.6122650472051359,
  "val_auc": 0.8616156620922565,
  "val_loss": 1.2147533893585205,
  "actual_epochs": 16,
  "norms": {
    "asymmetry": 7.849486351013184,
    "border_irregularity": 7.636223793029785,
    "colour_variation": 7.804067611694336,
    "diameter_large": 7.432601451873779,
    "atypical_pigment_network": 8.052844047546387,
    "blue_white_veil": 7.705221652984619,
    "atypical_vascular_pattern": 7.298916816711426,
    "irregular_streaks": 7.071599006652832,
    "irregular_pigmentation": 7.560972213745117,
    "irregular_dots_globules": 6.9928741455078125,
    "regression_structures": 6.788027763366699,
    "symmetric_uniform": 7.60633659362793,
    "reticular_network": 7.747513771057129,
    "arborizing_vessels": 7.311175346374512,
    "blue_grey_ovoid_nests": 7.328094482421875,
    "ulceration": 7.328575611114502,
    "scaly_surface": 7.516549587249756,
    "strawberry_pattern": 7.381755352020264,
    "milia_like_cysts": 6.630630970001221,
    "comedo_like_openings": 7.161560535430908,
    "cerebriform_surface": 8.25365161895752,
    "central_white_patch": 7.849850177764893,
    "red_lacunae": 7.672871112823486,
    "healthy_skin": 7.767643928527832
  },
  "just_eliminated": []
}