{
  "lambda": 28.825503382312178,
  "n_active": 7,
  "val_balacc": 0.4823116245977244,
  "val_auc": 0.7378003099305772,
  "val_loss": 1.6008814573287964,
  "actual_epochs": 11,
  "norms": {
    "asymmetry": 1.0497173070907593,
    "border_irregularity": 0.0,
    "colour_variation": 1.8975059986114502,
    "diameter_large": 0.0,
    "atypical_pigment_network": 0.0,
    "blue_white_veil": 0.0,
    "atypical_vascular_pattern": 0.0,
    "irregular_streaks": 0.0,
    "irregular_pigmentation": 0.0,
    "irregular_dots_globules": 0.0,
    "regression_structures": 0.0,
    "symmetric_uniform": 0.0,
    "reticular_network": 3.3708560466766357,
    "arborizing_vessels": 0.0,
    "blue_grey_ovoid_nests": 0.0,
    "ulceration": 0.0,
    "scaly_surface": 2.1796905994415283,
    "strawberry_pattern": 0.0,
    "milia_like_cysts": 1.9696332216262817,
    "comedo_like_openings": 0.0,
    "cerebriform_surface": 0.0,
    "central_white_patch": 1.9956539869308472,
    "red_lacunae": 0.8425858020782471,
    "healthy_skin": 0.0
  },
  "just_eliminated": []
}