{
  "lambda": 14.33136966494778,
  "n_active": 16,
  "val_balacc": 0.5414624985686006,
  "val_auc": 0.8296828814999153,
  "val_loss": 1.3259713649749756,
  "actual_epochs": 11,
  "norms": {
    "asymmetry": 2.799863338470459,
    "border_irregularity": 0.0,
    "colour_variation": 2.665597438812256,
    "diameter_large": 2.9421143531799316,
    "atypical_pigment_network": 2.223280668258667,
    "blue_white_veil": 0.0,
    "atypical_vascular_pattern": 0.6046461462974548,
    "irregular_streaks": 0.0,
    "irregular_pigmentation": 1.3791273832321167,
    "irregular_dots_globules": 0.0,
    "regression_structures": 0.0,
    "symmetric_uniform": 0.0,
    "reticular_network": 3.669445514678955,
    "arborizing_vessels": 1.651408314704895,
    "blue_grey_ovoid_nests": 2.553206443786621,
    "ulceration": 2.087707757949829,
    "scaly_surface": 3.309673309326172,
    "strawberry_pattern": 0.0,
    "milia_like_cysts": 2.244784355163574,
    "comedo_like_openings": 2.834974527359009,
    "cerebriform_surface": 2.126565933227539,
    "central_white_patch": 3.180738925933838,
    "red_lacunae": 3.0089099407196045,
    "healthy_skin": 0.0
  },
  "just_eliminated": [
    "blue_white_veil",
    "irregular_streaks"
  ]
}