{
  "lambda": 0.01,
  "n_active": 24,
  "val_balacc": 0.5821458737800075,
  "val_auc": 0.8627227783139891,
  "val_loss": 1.1876829862594604,
  "actual_epochs": 16,
  "norms": {
    "asymmetry": 7.787431716918945,
    "border_irregularity": 7.364453315734863,
    "colour_variation": 7.512598991394043,
    "diameter_large": 7.214354038238525,
    "atypical_pigment_network": 7.7442121505737305,
    "blue_white_veil": 7.524526119232178,
    "atypical_vascular_pattern": 7.128317832946777,
    "irregular_streaks": 6.872696399688721,
    "irregular_pigmentation": 7.403887748718262,
    "irregular_dots_globules": 7.00319766998291,
    "regression_structures": 6.653825759887695,
    "symmetric_uniform": 7.559769630432129,
    "reticular_network": 7.423739910125732,
    "arborizing_vessels": 7.0836639404296875,
    "blue_grey_ovoid_nests": 6.989631652832031,
    "ulceration": 7.230340003967285,
    "scaly_surface": 7.329476833343506,
    "strawberry_pattern": 7.291873455047607,
    "milia_like_cysts": 6.632275581359863,
    "comedo_like_openings": 7.179523944854736,
    "cerebriform_surface": 7.760527610778809,
    "central_white_patch": 7.543239116668701,
    "red_lacunae": 7.393352031707764,
    "healthy_skin": 7.604560852050781
  },
  "just_eliminated": []
}