{
  "lambda": 0.12375453605252242,
  "n_active": 24,
  "val_balacc": 0.5780796749889213,
  "val_auc": 0.8598743768362068,
  "val_loss": 1.3059600591659546,
  "actual_epochs": 11,
  "norms": {
    "asymmetry": 8.699350357055664,
    "border_irregularity": 9.310717582702637,
    "colour_variation": 9.252995491027832,
    "diameter_large": 9.36177921295166,
    "atypical_pigment_network": 10.01701831817627,
    "blue_white_veil": 10.351211547851562,
    "atypical_vascular_pattern": 9.252204895019531,
    "irregular_streaks": 8.971174240112305,
    "irregular_pigmentation": 9.38681411743164,
    "irregular_dots_globules": 7.959020614624023,
    "regression_structures": 8.199849128723145,
    "symmetric_uniform": 9.044148445129395,
    "reticular_network": 9.877314567565918,
    "arborizing_vessels": 8.69035530090332,
    "blue_grey_ovoid_nests": 9.20561408996582,
    "ulceration": 8.90760612487793,
    "scaly_surface": 9.435467720031738,
    "strawberry_pattern": 8.884298324584961,
    "milia_like_cysts": 8.179754257202148,
    "comedo_like_openings": 8.730849266052246,
    "cerebriform_surface": 10.515891075134277,
    "central_white_patch": 9.375136375427246,
    "red_lacunae": 9.418097496032715,
    "healthy_skin": 9.299201011657715
  },
  "just_eliminated": []
}