{
  "lambda": 0.09357620873536668,
  "n_active": 24,
  "val_balacc": 0.5753370755667058,
  "val_auc": 0.8612858136343456,
  "val_loss": 1.3122196197509766,
  "actual_epochs": 28,
  "norms": {
    "asymmetry": 8.82902717590332,
    "border_irregularity": 8.222268104553223,
    "colour_variation": 8.884397506713867,
    "diameter_large": 8.98351001739502,
    "atypical_pigment_network": 10.300963401794434,
    "blue_white_veil": 9.618589401245117,
    "atypical_vascular_pattern": 8.948933601379395,
    "irregular_streaks": 8.80525016784668,
    "irregular_pigmentation": 9.21492862701416,
    "irregular_dots_globules": 8.425047874450684,
    "regression_structures": 9.097724914550781,
    "symmetric_uniform": 7.942897319793701,
    "reticular_network": 9.411632537841797,
    "arborizing_vessels": 8.845528602600098,
    "blue_grey_ovoid_nests": 9.13392162322998,
    "ulceration": 8.934287071228027,
    "scaly_surface": 9.009208679199219,
    "strawberry_pattern": 8.844989776611328,
    "milia_like_cysts": 8.607148170471191,
    "comedo_like_openings": 9.032869338989258,
    "cerebriform_surface": 9.970417022705078,
    "central_white_patch": 9.406885147094727,
    "red_lacunae": 9.232132911682129,
    "healthy_skin": 9.486907958984375
  },
  "just_eliminated": []
}