{
  "lambda": 0.023130607656249993,
  "n_active": 24,
  "val_balacc": 0.5932258461473153,
  "val_auc": 0.8669267566015681,
  "val_loss": 1.2201858758926392,
  "actual_epochs": 26,
  "norms": {
    "asymmetry": 7.816317558288574,
    "border_irregularity": 7.566357612609863,
    "colour_variation": 8.001391410827637,
    "diameter_large": 7.9341278076171875,
    "atypical_pigment_network": 8.332839965820312,
    "blue_white_veil": 7.949738025665283,
    "atypical_vascular_pattern": 7.937928199768066,
    "irregular_streaks": 7.637279033660889,
    "irregular_pigmentation": 7.758655548095703,
    "irregular_dots_globules": 7.477161407470703,
    "regression_structures": 7.3011345863342285,
    "symmetric_uniform": 7.4865899085998535,
    "reticular_network": 8.191408157348633,
    "arborizing_vessels": 7.333620548248291,
    "blue_grey_ovoid_nests": 7.891080379486084,
    "ulceration": 7.223278522491455,
    "scaly_surface": 8.261970520019531,
    "strawberry_pattern": 7.7538886070251465,
    "milia_like_cysts": 7.340344429016113,
    "comedo_like_openings": 7.709855079650879,
    "cerebriform_surface": 8.424300193786621,
    "central_white_patch": 8.01590633392334,
    "red_lacunae": 7.867706775665283,
    "healthy_skin": 8.192368507385254
  },
  "just_eliminated": []
}