{
  "lambda": 0.10761264004567168,
  "n_active": 24,
  "val_balacc": 0.5927932235377283,
  "val_auc": 0.8608893269167338,
  "val_loss": 1.3372511863708496,
  "actual_epochs": 12,
  "norms": {
    "asymmetry": 8.956036567687988,
    "border_irregularity": 8.575149536132812,
    "colour_variation": 9.491423606872559,
    "diameter_large": 9.621122360229492,
    "atypical_pigment_network": 9.98828125,
    "blue_white_veil": 9.977161407470703,
    "atypical_vascular_pattern": 9.339454650878906,
    "irregular_streaks": 8.577335357666016,
    "irregular_pigmentation": 8.855549812316895,
    "irregular_dots_globules": 8.22913932800293,
    "regression_structures": 8.659734725952148,
    "symmetric_uniform": 8.884592056274414,
    "reticular_network": 9.956912994384766,
    "arborizing_vessels": 8.567113876342773,
    "blue_grey_ovoid_nests": 9.489585876464844,
    "ulceration": 8.640029907226562,
    "scaly_surface": 10.137476921081543,
    "strawberry_pattern": 9.15306282043457,
    "milia_like_cysts": 8.55793285369873,
    "comedo_like_openings": 8.910076141357422,
    "cerebriform_surface": 10.308989524841309,
    "central_white_patch": 9.298735618591309,
    "red_lacunae": 9.346171379089355,
    "healthy_skin": 9.774747848510742
  },
  "just_eliminated": []
}