{
  "lambda": 0.05350250105473706,
  "n_active": 24,
  "val_balacc": 0.58402326459498,
  "val_auc": 0.8618152254842589,
  "val_loss": 1.3347535133361816,
  "actual_epochs": 11,
  "norms": {
    "asymmetry": 8.393468856811523,
    "border_irregularity": 7.721597671508789,
    "colour_variation": 8.476263046264648,
    "diameter_large": 8.500535011291504,
    "atypical_pigment_network": 9.351180076599121,
    "blue_white_veil": 8.92905330657959,
    "atypical_vascular_pattern": 8.349750518798828,
    "irregular_streaks": 8.321287155151367,
    "irregular_pigmentation": 8.480595588684082,
    "irregular_dots_globules": 8.000779151916504,
    "regression_structures": 8.642499923706055,
    "symmetric_uniform": 7.461683750152588,
    "reticular_network": 8.72460651397705,
    "arborizing_vessels": 8.358550071716309,
    "blue_grey_ovoid_nests": 8.672891616821289,
    "ulceration": 8.376879692077637,
    "scaly_surface": 8.486191749572754,
    "strawberry_pattern": 8.232257843017578,
    "milia_like_cysts": 8.250154495239258,
    "comedo_like_openings": 8.557365417480469,
    "cerebriform_surface": 9.299808502197266,
    "central_white_patch": 8.866963386535645,
    "red_lacunae": 8.806429862976074,
    "healthy_skin": 8.82171630859375
  },
  "just_eliminated": []
}