{
  "lambda": 28.825503382312178,
  "n_active": 8,
  "val_balacc": 0.4500122597265484,
  "val_auc": 0.7595243492401293,
  "val_loss": 1.5774810314178467,
  "actual_epochs": 11,
  "norms": {
    "asymmetry": 2.993594169616699,
    "border_irregularity": 0.0,
    "colour_variation": 2.2974305152893066,
    "diameter_large": 0.0,
    "atypical_pigment_network": 0.0,
    "blue_white_veil": 0.0,
    "atypical_vascular_pattern": 0.0,
    "irregular_streaks": 0.0,
    "irregular_pigmentation": 0.0,
    "irregular_dots_globules": 0.0,
    "regression_structures": 0.0,
    "symmetric_uniform": 0.0,
    "reticular_network": 3.133375883102417,
    "arborizing_vessels": 0.0,
    "blue_grey_ovoid_nests": 0.0,
    "ulceration": 0.0,
    "scaly_surface": 1.6284639835357666,
    "strawberry_pattern": 0.0,
    "milia_like_cysts": 1.7260390520095825,
    "comedo_like_openings": 2.1438748836517334,
    "cerebriform_surface": 0.0,
    "central_white_patch": 0.8520688414573669,
    "red_lacunae": 1.7291654348373413,
    "healthy_skin": 0.0
  },
  "just_eliminated": []
}