{
  "lambda": 1.0069982867477654,
  "n_active": 24,
  "val_balacc": 0.5439327341726703,
  "val_auc": 0.8602551625933501,
  "val_loss": 1.31877601146698,
  "actual_epochs": 19,
  "norms": {
    "asymmetry": 10.28492546081543,
    "border_irregularity": 8.310070991516113,
    "colour_variation": 9.646210670471191,
    "diameter_large": 9.826186180114746,
    "atypical_pigment_network": 12.328981399536133,
    "blue_white_veil": 11.529550552368164,
    "atypical_vascular_pattern": 10.738992691040039,
    "irregular_streaks": 8.50866413116455,
    "irregular_pigmentation": 9.600428581237793,
    "irregular_dots_globules": 8.958497047424316,
    "regression_structures": 8.113859176635742,
    "symmetric_uniform": 9.135163307189941,
    "reticular_network": 10.653430938720703,
    "arborizing_vessels": 10.577478408813477,
    "blue_grey_ovoid_nests": 9.235322952270508,
    "ulceration": 9.366730690002441,
    "scaly_surface": 10.307040214538574,
    "strawberry_pattern": 10.984649658203125,
    "milia_like_cysts": 9.047486305236816,
    "comedo_like_openings": 10.35132122039795,
    "cerebriform_surface": 9.76870059967041,
    "central_white_patch": 9.207684516906738,
    "red_lacunae": 10.7634859085083,
    "healthy_skin": 10.782562255859375
  },
  "just_eliminated": []
}