{
  "lambda": 1.5315185193575074,
  "n_active": 24,
  "val_balacc": 0.5769678374625155,
  "val_auc": 0.8609735766828303,
  "val_loss": 1.2657822370529175,
  "actual_epochs": 31,
  "norms": {
    "asymmetry": 9.447858810424805,
    "border_irregularity": 7.356440544128418,
    "colour_variation": 8.725858688354492,
    "diameter_large": 8.900333404541016,
    "atypical_pigment_network": 11.335678100585938,
    "blue_white_veil": 10.828768730163574,
    "atypical_vascular_pattern": 9.805195808410645,
    "irregular_streaks": 7.584441661834717,
    "irregular_pigmentation": 8.741673469543457,
    "irregular_dots_globules": 7.98969841003418,
    "regression_structures": 7.15664529800415,
    "symmetric_uniform": 8.241384506225586,
    "reticular_network": 9.867498397827148,
    "arborizing_vessels": 9.694395065307617,
    "blue_grey_ovoid_nests": 8.512194633483887,
    "ulceration": 8.474262237548828,
    "scaly_surface": 9.307182312011719,
    "strawberry_pattern": 10.01569652557373,
    "milia_like_cysts": 8.018118858337402,
    "comedo_like_openings": 9.403935432434082,
    "cerebriform_surface": 8.832310676574707,
    "central_white_patch": 8.460640907287598,
    "red_lacunae": 9.780049324035645,
    "healthy_skin": 9.856206893920898
  },
  "just_eliminated": []
}