{
  "lambda": 0.0115,
  "n_active": 24,
  "val_balacc": 0.595963022779995,
  "val_auc": 0.8623458887320509,
  "val_loss": 1.1792184114456177,
  "actual_epochs": 24,
  "norms": {
    "asymmetry": 7.442291259765625,
    "border_irregularity": 7.017456531524658,
    "colour_variation": 7.32970666885376,
    "diameter_large": 7.811018466949463,
    "atypical_pigment_network": 7.567523956298828,
    "blue_white_veil": 7.254369258880615,
    "atypical_vascular_pattern": 7.217533111572266,
    "irregular_streaks": 7.586069583892822,
    "irregular_pigmentation": 6.856971740722656,
    "irregular_dots_globules": 7.242191791534424,
    "regression_structures": 6.6161322593688965,
    "symmetric_uniform": 7.3426995277404785,
    "reticular_network": 7.753655433654785,
    "arborizing_vessels": 7.527445316314697,
    "blue_grey_ovoid_nests": 7.118609428405762,
    "ulceration": 6.858971118927002,
    "scaly_surface": 7.656247138977051,
    "strawberry_pattern": 7.351593017578125,
    "milia_like_cysts": 7.007940769195557,
    "comedo_like_openings": 6.92488956451416,
    "cerebriform_surface": 7.199443340301514,
    "central_white_patch": 7.241125106811523,
    "red_lacunae": 7.620502471923828,
    "healthy_skin": 7.186367511749268
  },
  "just_eliminated": []
}