{
  "lambda": 0.28625176191121404,
  "n_active": 24,
  "val_balacc": 0.5591800019214594,
  "val_auc": 0.8590468368494427,
  "val_loss": 1.3625319004058838,
  "actual_epochs": 14,
  "norms": {
    "asymmetry": 9.422140121459961,
    "border_irregularity": 9.013972282409668,
    "colour_variation": 9.456250190734863,
    "diameter_large": 9.310341835021973,
    "atypical_pigment_network": 11.511490821838379,
    "blue_white_veil": 10.621870040893555,
    "atypical_vascular_pattern": 9.771453857421875,
    "irregular_streaks": 9.3530912399292,
    "irregular_pigmentation": 10.030587196350098,
    "irregular_dots_globules": 8.788484573364258,
    "regression_structures": 9.591642379760742,
    "symmetric_uniform": 8.471380233764648,
    "reticular_network": 10.3749418258667,
    "arborizing_vessels": 9.251514434814453,
    "blue_grey_ovoid_nests": 9.789327621459961,
    "ulceration": 9.755517959594727,
    "scaly_surface": 9.613306999206543,
    "strawberry_pattern": 9.631978034973145,
    "milia_like_cysts": 9.179954528808594,
    "comedo_like_openings": 9.471182823181152,
    "cerebriform_surface": 10.822554588317871,
    "central_white_patch": 9.922398567199707,
    "red_lacunae": 9.587189674377441,
    "healthy_skin": 10.162832260131836
  },
  "just_eliminated": []
}