{
  "lambda": 0.0115,
  "n_active": 24,
  "val_balacc": 0.5778975084485529,
  "val_auc": 0.862951645579146,
  "val_loss": 1.191564917564392,
  "actual_epochs": 18,
  "norms": {
    "asymmetry": 7.367692947387695,
    "border_irregularity": 7.2771687507629395,
    "colour_variation": 7.754662990570068,
    "diameter_large": 6.620213985443115,
    "atypical_pigment_network": 7.273044586181641,
    "blue_white_veil": 7.518011093139648,
    "atypical_vascular_pattern": 7.360732555389404,
    "irregular_streaks": 7.16410493850708,
    "irregular_pigmentation": 7.660406112670898,
    "irregular_dots_globules": 7.580603122711182,
    "regression_structures": 7.296869277954102,
    "symmetric_uniform": 7.2858052253723145,
    "reticular_network": 7.578120708465576,
    "arborizing_vessels": 7.270496845245361,
    "blue_grey_ovoid_nests": 7.464399337768555,
    "ulceration": 7.078436851501465,
    "scaly_surface": 7.605690956115723,
    "strawberry_pattern": 7.161241054534912,
    "milia_like_cysts": 7.237231254577637,
    "comedo_like_openings": 7.147622585296631,
    "cerebriform_surface": 7.061738014221191,
    "central_white_patch": 7.8224778175354,
    "red_lacunae": 7.521730422973633,
    "healthy_skin": 7.266496181488037
  },
  "just_eliminated": []
}