{
  "lambda": 2.6786354623470254,
  "n_active": 24,
  "val_balacc": 0.5994752326767158,
  "val_auc": 0.8646881921793549,
  "val_loss": 1.1690280437469482,
  "actual_epochs": 34,
  "norms": {
    "asymmetry": 7.506293296813965,
    "border_irregularity": 5.078445911407471,
    "colour_variation": 6.700687885284424,
    "diameter_large": 7.133852005004883,
    "atypical_pigment_network": 9.274271965026855,
    "blue_white_veil": 8.847835540771484,
    "atypical_vascular_pattern": 7.3965606689453125,
    "irregular_streaks": 5.542494773864746,
    "irregular_pigmentation": 6.624053478240967,
    "irregular_dots_globules": 5.999918460845947,
    "regression_structures": 4.914333343505859,
    "symmetric_uniform": 6.05281400680542,
    "reticular_network": 7.908519268035889,
    "arborizing_vessels": 7.5981574058532715,
    "blue_grey_ovoid_nests": 6.736551284790039,
    "ulceration": 6.59195613861084,
    "scaly_surface": 7.12453031539917,
    "strawberry_pattern": 7.776309967041016,
    "milia_like_cysts": 5.958169937133789,
    "comedo_like_openings": 7.165823936462402,
    "cerebriform_surface": 6.8959879875183105,
    "central_white_patch": 6.836100101470947,
    "red_lacunae": 7.750393390655518,
    "healthy_skin": 7.6313652992248535
  },
  "just_eliminated": []
}