{
  "lambda": 0.5006561206562252,
  "n_active": 24,
  "val_balacc": 0.5728796889303912,
  "val_auc": 0.8555530961800383,
  "val_loss": 1.4116572141647339,
  "actual_epochs": 16,
  "norms": {
    "asymmetry": 8.885870933532715,
    "border_irregularity": 9.829795837402344,
    "colour_variation": 10.48388957977295,
    "diameter_large": 9.533784866333008,
    "atypical_pigment_network": 11.214082717895508,
    "blue_white_veil": 10.9546537399292,
    "atypical_vascular_pattern": 10.46985149383545,
    "irregular_streaks": 9.379688262939453,
    "irregular_pigmentation": 10.150949478149414,
    "irregular_dots_globules": 9.212347984313965,
    "regression_structures": 9.879181861877441,
    "symmetric_uniform": 9.866098403930664,
    "reticular_network": 10.20565128326416,
    "arborizing_vessels": 10.451765060424805,
    "blue_grey_ovoid_nests": 10.056756019592285,
    "ulceration": 10.259612083435059,
    "scaly_surface": 10.492425918579102,
    "strawberry_pattern": 9.93251895904541,
    "milia_like_cysts": 9.096296310424805,
    "comedo_like_openings": 10.80774211883545,
    "cerebriform_surface": 10.697123527526855,
    "central_white_patch": 10.078206062316895,
    "red_lacunae": 10.355026245117188,
    "healthy_skin": 10.162504196166992
  },
  "just_eliminated": []
}