{
  "lambda": 5.387692689884073,
  "n_active": 24,
  "val_balacc": 0.6100609932746938,
  "val_auc": 0.8543699702239015,
  "val_loss": 1.1757251024246216,
  "actual_epochs": 13,
  "norms": {
    "asymmetry": 2.5723023414611816,
    "border_irregularity": 1.756624698638916,
    "colour_variation": 4.075071334838867,
    "diameter_large": 3.9553205966949463,
    "atypical_pigment_network": 5.311957359313965,
    "blue_white_veil": 3.857891082763672,
    "atypical_vascular_pattern": 2.858707904815674,
    "irregular_streaks": 3.2556464672088623,
    "irregular_pigmentation": 3.9239251613616943,
    "irregular_dots_globules": 2.520129680633545,
    "regression_structures": 2.093594789505005,
    "symmetric_uniform": 2.7897279262542725,
    "reticular_network": 4.592716217041016,
    "arborizing_vessels": 3.0183286666870117,
    "blue_grey_ovoid_nests": 3.453946352005005,
    "ulceration": 3.4284262657165527,
    "scaly_surface": 4.516753673553467,
    "strawberry_pattern": 3.196514844894409,
    "milia_like_cysts": 2.4215567111968994,
    "comedo_like_openings": 4.197579383850098,
    "cerebriform_surface": 3.6501941680908203,
    "central_white_patch": 4.313093185424805,
    "red_lacunae": 4.037257671356201,
    "healthy_skin": 3.336824655532837
  },
  "just_eliminated": []
}