{
  "lambda": 0.12375453605252242,
  "n_active": 24,
  "val_balacc": 0.5655918101447333,
  "val_auc": 0.8604428149364537,
  "val_loss": 1.3269225358963013,
  "actual_epochs": 11,
  "norms": {
    "asymmetry": 9.017263412475586,
    "border_irregularity": 8.650304794311523,
    "colour_variation": 9.549690246582031,
    "diameter_large": 9.646623611450195,
    "atypical_pigment_network": 10.109944343566895,
    "blue_white_veil": 10.079564094543457,
    "atypical_vascular_pattern": 9.43073844909668,
    "irregular_streaks": 8.600693702697754,
    "irregular_pigmentation": 8.900491714477539,
    "irregular_dots_globules": 8.297232627868652,
    "regression_structures": 8.73475456237793,
    "symmetric_uniform": 8.964683532714844,
    "reticular_network": 10.038362503051758,
    "arborizing_vessels": 8.623795509338379,
    "blue_grey_ovoid_nests": 9.544177055358887,
    "ulceration": 8.730295181274414,
    "scaly_surface": 10.219114303588867,
    "strawberry_pattern": 9.208168029785156,
    "milia_like_cysts": 8.62537670135498,
    "comedo_like_openings": 8.97104263305664,
    "cerebriform_surface": 10.391853332519531,
    "central_white_patch": 9.311579704284668,
    "red_lacunae": 9.409605026245117,
    "healthy_skin": 9.90680980682373
  },
  "just_eliminated": []
}