{
  "lambda": 1.7612462972611331,
  "n_active": 24,
  "val_balacc": 0.5862289386763379,
  "val_auc": 0.8608579389204981,
  "val_loss": 1.2472445964813232,
  "actual_epochs": 39,
  "norms": {
    "asymmetry": 7.501099586486816,
    "border_irregularity": 7.832075595855713,
    "colour_variation": 8.000779151916504,
    "diameter_large": 7.953390121459961,
    "atypical_pigment_network": 9.344017028808594,
    "blue_white_veil": 10.753312110900879,
    "atypical_vascular_pattern": 8.409466743469238,
    "irregular_streaks": 8.12906551361084,
    "irregular_pigmentation": 8.728781700134277,
    "irregular_dots_globules": 6.185184001922607,
    "regression_structures": 6.591042518615723,
    "symmetric_uniform": 8.14291763305664,
    "reticular_network": 9.237300872802734,
    "arborizing_vessels": 7.3097968101501465,
    "blue_grey_ovoid_nests": 8.158556938171387,
    "ulceration": 8.492408752441406,
    "scaly_surface": 8.809442520141602,
    "strawberry_pattern": 7.991074085235596,
    "milia_like_cysts": 6.846709251403809,
    "comedo_like_openings": 8.648941040039062,
    "cerebriform_surface": 9.24021053314209,
    "central_white_patch": 8.169837951660156,
    "red_lacunae": 8.667647361755371,
    "healthy_skin": 7.85676908493042
  },
  "just_eliminated": []
}