{
  "lambda": 0.02660019880468749,
  "n_active": 24,
  "val_balacc": 0.5930959046763734,
  "val_auc": 0.8625867032751324,
  "val_loss": 1.2212557792663574,
  "actual_epochs": 13,
  "norms": {
    "asymmetry": 7.873456001281738,
    "border_irregularity": 7.335155487060547,
    "colour_variation": 7.967376708984375,
    "diameter_large": 7.969335079193115,
    "atypical_pigment_network": 8.403722763061523,
    "blue_white_veil": 7.9840779304504395,
    "atypical_vascular_pattern": 7.640452861785889,
    "irregular_streaks": 7.675500869750977,
    "irregular_pigmentation": 7.781963348388672,
    "irregular_dots_globules": 7.573617458343506,
    "regression_structures": 8.145337104797363,
    "symmetric_uniform": 7.050441265106201,
    "reticular_network": 7.98484468460083,
    "arborizing_vessels": 7.705309867858887,
    "blue_grey_ovoid_nests": 8.02849292755127,
    "ulceration": 7.878151893615723,
    "scaly_surface": 7.810795307159424,
    "strawberry_pattern": 7.480401039123535,
    "milia_like_cysts": 7.773994445800781,
    "comedo_like_openings": 7.990707874298096,
    "cerebriform_surface": 8.429988861083984,
    "central_white_patch": 8.01286506652832,
    "red_lacunae": 8.210805892944336,
    "healthy_skin": 7.981522560119629
  },
  "just_eliminated": []
}