{
  "lambda": 0.0115,
  "n_active": 24,
  "val_balacc": 0.5952972161447365,
  "val_auc": 0.8620672271238841,
  "val_loss": 1.188709020614624,
  "actual_epochs": 15,
  "norms": {
    "asymmetry": 7.801131725311279,
    "border_irregularity": 7.431524276733398,
    "colour_variation": 7.60545539855957,
    "diameter_large": 7.244034290313721,
    "atypical_pigment_network": 7.832075595855713,
    "blue_white_veil": 7.549215793609619,
    "atypical_vascular_pattern": 7.128879070281982,
    "irregular_streaks": 6.897543907165527,
    "irregular_pigmentation": 7.40397834777832,
    "irregular_dots_globules": 6.935765743255615,
    "regression_structures": 6.657080173492432,
    "symmetric_uniform": 7.538748264312744,
    "reticular_network": 7.517186164855957,
    "arborizing_vessels": 7.105451583862305,
    "blue_grey_ovoid_nests": 7.0953450202941895,
    "ulceration": 7.208280086517334,
    "scaly_surface": 7.364407062530518,
    "strawberry_pattern": 7.32575798034668,
    "milia_like_cysts": 6.591978073120117,
    "comedo_like_openings": 7.128255367279053,
    "cerebriform_surface": 7.883569240570068,
    "central_white_patch": 7.634207725524902,
    "red_lacunae": 7.452615737915039,
    "healthy_skin": 7.65484619140625
  },
  "just_eliminated": []
}