{
  "lambda": 0.18821518001888,
  "n_active": 24,
  "val_balacc": 0.5569061626878121,
  "val_auc": 0.8569334780073936,
  "val_loss": 1.3595459461212158,
  "actual_epochs": 20,
  "norms": {
    "asymmetry": 8.751762390136719,
    "border_irregularity": 9.445069313049316,
    "colour_variation": 10.15748405456543,
    "diameter_large": 9.299519538879395,
    "atypical_pigment_network": 10.847125053405762,
    "blue_white_veil": 10.432615280151367,
    "atypical_vascular_pattern": 9.96708869934082,
    "irregular_streaks": 9.072657585144043,
    "irregular_pigmentation": 9.889078140258789,
    "irregular_dots_globules": 9.166980743408203,
    "regression_structures": 9.618768692016602,
    "symmetric_uniform": 9.541400909423828,
    "reticular_network": 9.939491271972656,
    "arborizing_vessels": 10.172191619873047,
    "blue_grey_ovoid_nests": 9.812195777893066,
    "ulceration": 9.566642761230469,
    "scaly_surface": 10.107817649841309,
    "strawberry_pattern": 9.586993217468262,
    "milia_like_cysts": 9.007414817810059,
    "comedo_like_openings": 10.223250389099121,
    "cerebriform_surface": 10.443950653076172,
    "central_white_patch": 9.968378067016602,
    "red_lacunae": 9.99924373626709,
    "healthy_skin": 9.606649398803711
  },
  "just_eliminated": []
}