{
  "lambda": 14.33136966494778,
  "n_active": 16,
  "val_balacc": 0.5539235898385061,
  "val_auc": 0.8302384549313729,
  "val_loss": 1.3030439615249634,
  "actual_epochs": 11,
  "norms": {
    "asymmetry": 2.772747278213501,
    "border_irregularity": 0.0,
    "colour_variation": 2.8073320388793945,
    "diameter_large": 3.1933422088623047,
    "atypical_pigment_network": 2.6984376907348633,
    "blue_white_veil": 1.3090853691101074,
    "atypical_vascular_pattern": 0.0,
    "irregular_streaks": 0.0,
    "irregular_pigmentation": 0.8038276433944702,
    "irregular_dots_globules": 0.0,
    "regression_structures": 0.0,
    "symmetric_uniform": 0.0,
    "reticular_network": 3.578701972961426,
    "arborizing_vessels": 1.8615649938583374,
    "blue_grey_ovoid_nests": 2.3855113983154297,
    "ulceration": 2.1566216945648193,
    "scaly_surface": 3.486351490020752,
    "strawberry_pattern": 0.0,
    "milia_like_cysts": 2.480947494506836,
    "comedo_like_openings": 2.675023078918457,
    "cerebriform_surface": 2.057690382003784,
    "central_white_patch": 3.0428385734558105,
    "red_lacunae": 3.1140811443328857,
    "healthy_skin": 0.0
  },
  "just_eliminated": []
}