{
  "lambda": 0.43535314839671757,
  "n_active": 24,
  "val_balacc": 0.5491360483691529,
  "val_auc": 0.8611231496405631,
  "val_loss": 1.3341753482818604,
  "actual_epochs": 14,
  "norms": {
    "asymmetry": 9.486377716064453,
    "border_irregularity": 9.13136100769043,
    "colour_variation": 9.509465217590332,
    "diameter_large": 9.284987449645996,
    "atypical_pigment_network": 11.76286792755127,
    "blue_white_veil": 10.92176342010498,
    "atypical_vascular_pattern": 9.966344833374023,
    "irregular_streaks": 9.396883010864258,
    "irregular_pigmentation": 10.165090560913086,
    "irregular_dots_globules": 8.838430404663086,
    "regression_structures": 9.660844802856445,
    "symmetric_uniform": 8.5474853515625,
    "reticular_network": 10.658414840698242,
    "arborizing_vessels": 9.303506851196289,
    "blue_grey_ovoid_nests": 9.894947052001953,
    "ulceration": 9.906490325927734,
    "scaly_surface": 9.623108863830566,
    "strawberry_pattern": 9.78541088104248,
    "milia_like_cysts": 9.220071792602539,
    "comedo_like_openings": 9.497042655944824,
    "cerebriform_surface": 10.883683204650879,
    "central_white_patch": 9.987663269042969,
    "red_lacunae": 9.602606773376465,
    "healthy_skin": 10.263303756713867
  },
  "just_eliminated": []
}