{
  "lambda": 0.5006561206562252,
  "n_active": 24,
  "val_balacc": 0.5681054170993537,
  "val_auc": 0.8580963193313399,
  "val_loss": 1.3731560707092285,
  "actual_epochs": 16,
  "norms": {
    "asymmetry": 9.3906831741333,
    "border_irregularity": 8.993081092834473,
    "colour_variation": 10.134814262390137,
    "diameter_large": 10.12698745727539,
    "atypical_pigment_network": 10.805872917175293,
    "blue_white_veil": 11.627144813537598,
    "atypical_vascular_pattern": 10.043472290039062,
    "irregular_streaks": 8.724394798278809,
    "irregular_pigmentation": 9.301434516906738,
    "irregular_dots_globules": 8.29460620880127,
    "regression_structures": 9.005745887756348,
    "symmetric_uniform": 9.413113594055176,
    "reticular_network": 10.845498085021973,
    "arborizing_vessels": 8.883166313171387,
    "blue_grey_ovoid_nests": 10.108208656311035,
    "ulceration": 9.466914176940918,
    "scaly_surface": 10.943558692932129,
    "strawberry_pattern": 9.809165954589844,
    "milia_like_cysts": 9.076566696166992,
    "comedo_like_openings": 9.270492553710938,
    "cerebriform_surface": 10.832566261291504,
    "central_white_patch": 9.535765647888184,
    "red_lacunae": 9.913074493408203,
    "healthy_skin": 10.35074520111084
  },
  "just_eliminated": []
}