{
  "lambda": 0.04045557735707907,
  "n_active": 24,
  "val_balacc": 0.5884341066951931,
  "val_auc": 0.8624709814876289,
  "val_loss": 1.2695263624191284,
  "actual_epochs": 15,
  "norms": {
    "asymmetry": 8.521360397338867,
    "border_irregularity": 7.895123481750488,
    "colour_variation": 8.64106273651123,
    "diameter_large": 9.32605266571045,
    "atypical_pigment_network": 9.942462921142578,
    "blue_white_veil": 9.24148941040039,
    "atypical_vascular_pattern": 8.712287902832031,
    "irregular_streaks": 8.084138870239258,
    "irregular_pigmentation": 7.910045623779297,
    "irregular_dots_globules": 8.484441757202148,
    "regression_structures": 7.230486869812012,
    "symmetric_uniform": 8.258139610290527,
    "reticular_network": 9.03014850616455,
    "arborizing_vessels": 9.15246295928955,
    "blue_grey_ovoid_nests": 8.488381385803223,
    "ulceration": 8.139792442321777,
    "scaly_surface": 9.305699348449707,
    "strawberry_pattern": 9.138957977294922,
    "milia_like_cysts": 8.234654426574707,
    "comedo_like_openings": 8.461504936218262,
    "cerebriform_surface": 9.133920669555664,
    "central_white_patch": 8.74860954284668,
    "red_lacunae": 9.08830451965332,
    "healthy_skin": 9.015772819519043
  },
  "just_eliminated": []
}