{
  "lambda": 0.1636653739294609,
  "n_active": 24,
  "val_balacc": 0.5677810141902068,
  "val_auc": 0.8558160252948034,
  "val_loss": 1.3784462213516235,
  "actual_epochs": 12,
  "norms": {
    "asymmetry": 9.18461799621582,
    "border_irregularity": 8.846779823303223,
    "colour_variation": 9.760144233703613,
    "diameter_large": 9.830900192260742,
    "atypical_pigment_network": 10.370370864868164,
    "blue_white_veil": 10.460248947143555,
    "atypical_vascular_pattern": 9.65839958190918,
    "irregular_streaks": 8.667804718017578,
    "irregular_pigmentation": 9.077866554260254,
    "irregular_dots_globules": 8.360806465148926,
    "regression_structures": 8.884495735168457,
    "symmetric_uniform": 9.175158500671387,
    "reticular_network": 10.322335243225098,
    "arborizing_vessels": 8.755842208862305,
    "blue_grey_ovoid_nests": 9.722712516784668,
    "ulceration": 9.015972137451172,
    "scaly_surface": 10.484505653381348,
    "strawberry_pattern": 9.448149681091309,
    "milia_like_cysts": 8.840389251708984,
    "comedo_like_openings": 9.089105606079102,
    "cerebriform_surface": 10.632254600524902,
    "central_white_patch": 9.471332550048828,
    "red_lacunae": 9.6373291015625,
    "healthy_skin": 10.119244575500488
  },
  "just_eliminated": []
}