{
  "lambda": 0.21644745702171198,
  "n_active": 24,
  "val_balacc": 0.5859731617414193,
  "val_auc": 0.8599986387408092,
  "val_loss": 1.383715271949768,
  "actual_epochs": 14,
  "norms": {
    "asymmetry": 9.30887222290039,
    "border_irregularity": 8.997461318969727,
    "colour_variation": 9.943846702575684,
    "diameter_large": 9.99604606628418,
    "atypical_pigment_network": 10.524014472961426,
    "blue_white_veil": 10.747442245483398,
    "atypical_vascular_pattern": 9.854134559631348,
    "irregular_streaks": 8.768677711486816,
    "irregular_pigmentation": 9.181414604187012,
    "irregular_dots_globules": 8.410747528076172,
    "regression_structures": 8.964606285095215,
    "symmetric_uniform": 9.304506301879883,
    "reticular_network": 10.510503768920898,
    "arborizing_vessels": 8.845904350280762,
    "blue_grey_ovoid_nests": 9.859440803527832,
    "ulceration": 9.203913688659668,
    "scaly_surface": 10.631264686584473,
    "strawberry_pattern": 9.613285064697266,
    "milia_like_cysts": 8.950056076049805,
    "comedo_like_openings": 9.193145751953125,
    "cerebriform_surface": 10.77269458770752,
    "central_white_patch": 9.58619499206543,
    "red_lacunae": 9.729690551757812,
    "healthy_skin": 10.280046463012695
  },
  "just_eliminated": []
}