{
  "lambda": 3.0804307816990786,
  "n_active": 24,
  "val_balacc": 0.5978039807943516,
  "val_auc": 0.8634377650250719,
  "val_loss": 1.1605374813079834,
  "actual_epochs": 24,
  "norms": {
    "asymmetry": 6.123348236083984,
    "border_irregularity": 4.918044090270996,
    "colour_variation": 6.701516151428223,
    "diameter_large": 7.125221252441406,
    "atypical_pigment_network": 7.7559814453125,
    "blue_white_veil": 9.374783515930176,
    "atypical_vascular_pattern": 6.342137336730957,
    "irregular_streaks": 5.127678394317627,
    "irregular_pigmentation": 5.838417053222656,
    "irregular_dots_globules": 4.274329662322998,
    "regression_structures": 4.8198561668396,
    "symmetric_uniform": 5.775664329528809,
    "reticular_network": 7.546785354614258,
    "arborizing_vessels": 5.209872245788574,
    "blue_grey_ovoid_nests": 7.045057773590088,
    "ulceration": 5.896579265594482,
    "scaly_surface": 7.51850700378418,
    "strawberry_pattern": 6.83585786819458,
    "milia_like_cysts": 5.201301097869873,
    "comedo_like_openings": 5.829190254211426,
    "cerebriform_surface": 7.510798931121826,
    "central_white_patch": 6.322441101074219,
    "red_lacunae": 6.811088562011719,
    "healthy_skin": 6.7833404541015625
  },
  "just_eliminated": []
}