{
  "lambda": 1.5315185193575074,
  "n_active": 24,
  "val_balacc": 0.5726826533767416,
  "val_auc": 0.8594986637464374,
  "val_loss": 1.2870161533355713,
  "actual_epochs": 16,
  "norms": {
    "asymmetry": 8.02219009399414,
    "border_irregularity": 8.414907455444336,
    "colour_variation": 8.564885139465332,
    "diameter_large": 8.472319602966309,
    "atypical_pigment_network": 9.93319320678711,
    "blue_white_veil": 11.250283241271973,
    "atypical_vascular_pattern": 8.966172218322754,
    "irregular_streaks": 8.659587860107422,
    "irregular_pigmentation": 9.216598510742188,
    "irregular_dots_globules": 6.791806697845459,
    "regression_structures": 7.185020923614502,
    "symmetric_uniform": 8.700441360473633,
    "reticular_network": 9.774009704589844,
    "arborizing_vessels": 7.829138278961182,
    "blue_grey_ovoid_nests": 8.637018203735352,
    "ulceration": 9.036892890930176,
    "scaly_surface": 9.316061973571777,
    "strawberry_pattern": 8.460667610168457,
    "milia_like_cysts": 7.359571933746338,
    "comedo_like_openings": 9.125685691833496,
    "cerebriform_surface": 9.835086822509766,
    "central_white_patch": 8.664131164550781,
    "red_lacunae": 9.128331184387207,
    "healthy_skin": 8.438138961791992
  },
  "just_eliminated": []
}