{
  "lambda": 0.5006561206562252,
  "n_active": 24,
  "val_balacc": 0.5594731643951524,
  "val_auc": 0.8592664522766466,
  "val_loss": 1.3379662036895752,
  "actual_epochs": 13,
  "norms": {
    "asymmetry": 9.480945587158203,
    "border_irregularity": 9.190020561218262,
    "colour_variation": 9.479301452636719,
    "diameter_large": 9.24167251586914,
    "atypical_pigment_network": 11.796345710754395,
    "blue_white_veil": 10.967855453491211,
    "atypical_vascular_pattern": 9.938462257385254,
    "irregular_streaks": 9.346196174621582,
    "irregular_pigmentation": 10.173999786376953,
    "irregular_dots_globules": 8.825289726257324,
    "regression_structures": 9.637367248535156,
    "symmetric_uniform": 8.528216361999512,
    "reticular_network": 10.687694549560547,
    "arborizing_vessels": 9.265398025512695,
    "blue_grey_ovoid_nests": 9.8804349899292,
    "ulceration": 9.960464477539062,
    "scaly_surface": 9.608779907226562,
    "strawberry_pattern": 9.793161392211914,
    "milia_like_cysts": 9.252859115600586,
    "comedo_like_openings": 9.5098237991333,
    "cerebriform_surface": 10.911592483520508,
    "central_white_patch": 9.98748779296875,
    "red_lacunae": 9.561448097229004,
    "healthy_skin": 10.292222023010254
  },
  "just_eliminated": []
}