{
  "lambda": 3.0804307816990786,
  "n_active": 24,
  "val_balacc": 0.5791743314299603,
  "val_auc": 0.8593432603112551,
  "val_loss": 1.1703150272369385,
  "actual_epochs": 39,
  "norms": {
    "asymmetry": 5.476646900177002,
    "border_irregularity": 4.844841003417969,
    "colour_variation": 5.77863073348999,
    "diameter_large": 5.428154945373535,
    "atypical_pigment_network": 8.031614303588867,
    "blue_white_veil": 7.188046455383301,
    "atypical_vascular_pattern": 5.692432403564453,
    "irregular_streaks": 5.254658222198486,
    "irregular_pigmentation": 6.5171332359313965,
    "irregular_dots_globules": 4.45168924331665,
    "regression_structures": 5.193163871765137,
    "symmetric_uniform": 4.2909746170043945,
    "reticular_network": 7.109155178070068,
    "arborizing_vessels": 5.214418411254883,
    "blue_grey_ovoid_nests": 6.621140956878662,
    "ulceration": 5.966161251068115,
    "scaly_surface": 5.899302959442139,
    "strawberry_pattern": 5.99639892578125,
    "milia_like_cysts": 5.0189104080200195,
    "comedo_like_openings": 5.4086689949035645,
    "cerebriform_surface": 6.857073783874512,
    "central_white_patch": 6.082921981811523,
    "red_lacunae": 6.038848876953125,
    "healthy_skin": 6.439380645751953
  },
  "just_eliminated": []
}