{
  "lambda": 0.030590228625390608,
  "n_active": 24,
  "val_balacc": 0.5999681454674384,
  "val_auc": 0.861380848108717,
  "val_loss": 1.2578390836715698,
  "actual_epochs": 22,
  "norms": {
    "asymmetry": 8.116005897521973,
    "border_irregularity": 8.163772583007812,
    "colour_variation": 8.410621643066406,
    "diameter_large": 8.218181610107422,
    "atypical_pigment_network": 8.773258209228516,
    "blue_white_veil": 8.532899856567383,
    "atypical_vascular_pattern": 7.896904945373535,
    "irregular_streaks": 7.736973285675049,
    "irregular_pigmentation": 8.253392219543457,
    "irregular_dots_globules": 7.28659200668335,
    "regression_structures": 7.271618366241455,
    "symmetric_uniform": 8.038830757141113,
    "reticular_network": 8.47463321685791,
    "arborizing_vessels": 7.856773853302002,
    "blue_grey_ovoid_nests": 8.043639183044434,
    "ulceration": 7.7752861976623535,
    "scaly_surface": 8.18126392364502,
    "strawberry_pattern": 7.824252128601074,
    "milia_like_cysts": 7.146412372589111,
    "comedo_like_openings": 7.645453453063965,
    "cerebriform_surface": 9.220148086547852,
    "central_white_patch": 8.445439338684082,
    "red_lacunae": 8.25015926361084,
    "healthy_skin": 8.304328918457031
  },
  "just_eliminated": []
}