{
  "lambda": 0.5006561206562252,
  "n_active": 24,
  "val_balacc": 0.5783637713891184,
  "val_auc": 0.856368489281,
  "val_loss": 1.3811908960342407,
  "actual_epochs": 18,
  "norms": {
    "asymmetry": 10.506901741027832,
    "border_irregularity": 8.949688911437988,
    "colour_variation": 10.074070930480957,
    "diameter_large": 10.340958595275879,
    "atypical_pigment_network": 12.703712463378906,
    "blue_white_veil": 11.888370513916016,
    "atypical_vascular_pattern": 11.07702922821045,
    "irregular_streaks": 8.92578125,
    "irregular_pigmentation": 9.817678451538086,
    "irregular_dots_globules": 9.552323341369629,
    "regression_structures": 8.45979118347168,
    "symmetric_uniform": 9.556035995483398,
    "reticular_network": 10.956676483154297,
    "arborizing_vessels": 11.008742332458496,
    "blue_grey_ovoid_nests": 9.651664733886719,
    "ulceration": 9.760048866271973,
    "scaly_surface": 10.706417083740234,
    "strawberry_pattern": 11.414116859436035,
    "milia_like_cysts": 9.504039764404297,
    "comedo_like_openings": 10.541448593139648,
    "cerebriform_surface": 10.270037651062012,
    "central_white_patch": 9.677657127380371,
    "red_lacunae": 11.091289520263672,
    "healthy_skin": 11.1932373046875
  },
  "just_eliminated": []
}