{
  "lambda": 0.32918952619789615,
  "n_active": 24,
  "val_balacc": 0.5625455101966171,
  "val_auc": 0.8563859392690477,
  "val_loss": 1.3476381301879883,
  "actual_epochs": 16,
  "norms": {
    "asymmetry": 9.43891429901123,
    "border_irregularity": 8.998320579528809,
    "colour_variation": 10.053461074829102,
    "diameter_large": 10.123353004455566,
    "atypical_pigment_network": 10.699920654296875,
    "blue_white_veil": 11.2579927444458,
    "atypical_vascular_pattern": 10.054168701171875,
    "irregular_streaks": 8.84817123413086,
    "irregular_pigmentation": 9.287692070007324,
    "irregular_dots_globules": 8.402325630187988,
    "regression_structures": 9.0631685256958,
    "symmetric_uniform": 9.418292045593262,
    "reticular_network": 10.726500511169434,
    "arborizing_vessels": 8.921228408813477,
    "blue_grey_ovoid_nests": 10.00090217590332,
    "ulceration": 9.437938690185547,
    "scaly_surface": 10.882231712341309,
    "strawberry_pattern": 9.751649856567383,
    "milia_like_cysts": 9.058178901672363,
    "comedo_like_openings": 9.29342269897461,
    "cerebriform_surface": 10.854666709899902,
    "central_white_patch": 9.554224967956543,
    "red_lacunae": 9.883442878723145,
    "healthy_skin": 10.392913818359375
  },
  "just_eliminated": []
}