{
  "lambda": 2.025433241850303,
  "n_active": 24,
  "val_balacc": 0.6013662356920103,
  "val_auc": 0.860204949104788,
  "val_loss": 1.2475814819335938,
  "actual_epochs": 13,
  "norms": {
    "asymmetry": 7.226513862609863,
    "border_irregularity": 8.163288116455078,
    "colour_variation": 8.917792320251465,
    "diameter_large": 8.001914024353027,
    "atypical_pigment_network": 9.998845100402832,
    "blue_white_veil": 9.490655899047852,
    "atypical_vascular_pattern": 8.975875854492188,
    "irregular_streaks": 7.972700595855713,
    "irregular_pigmentation": 8.556164741516113,
    "irregular_dots_globules": 7.404536724090576,
    "regression_structures": 8.072184562683105,
    "symmetric_uniform": 8.32520580291748,
    "reticular_network": 8.718326568603516,
    "arborizing_vessels": 8.744301795959473,
    "blue_grey_ovoid_nests": 8.445050239562988,
    "ulceration": 8.8867769241333,
    "scaly_surface": 8.991747856140137,
    "strawberry_pattern": 8.58102035522461,
    "milia_like_cysts": 7.406713485717773,
    "comedo_like_openings": 9.649949073791504,
    "cerebriform_surface": 9.069437980651855,
    "central_white_patch": 8.460418701171875,
    "red_lacunae": 8.696182250976562,
    "healthy_skin": 8.884968757629395
  },
  "just_eliminated": []
}