{
  "lambda": 0.01,
  "n_active": 24,
  "val_balacc": 0.6011036914230099,
  "val_auc": 0.8618806876824364,
  "val_loss": 1.1490998268127441,
  "actual_epochs": 19,
  "norms": {
    "asymmetry": 7.253055095672607,
    "border_irregularity": 7.285350799560547,
    "colour_variation": 7.273215293884277,
    "diameter_large": 7.192183971405029,
    "atypical_pigment_network": 7.612740516662598,
    "blue_white_veil": 7.4141526222229,
    "atypical_vascular_pattern": 7.377587795257568,
    "irregular_streaks": 7.475316047668457,
    "irregular_pigmentation": 7.384471416473389,
    "irregular_dots_globules": 7.363521099090576,
    "regression_structures": 6.910909175872803,
    "symmetric_uniform": 7.182100772857666,
    "reticular_network": 7.596225261688232,
    "arborizing_vessels": 6.887189865112305,
    "blue_grey_ovoid_nests": 7.212984085083008,
    "ulceration": 6.948032379150391,
    "scaly_surface": 7.475793838500977,
    "strawberry_pattern": 7.324499130249023,
    "milia_like_cysts": 7.111611843109131,
    "comedo_like_openings": 7.394998073577881,
    "cerebriform_surface": 7.312163829803467,
    "central_white_patch": 7.440213203430176,
    "red_lacunae": 7.3854265213012695,
    "healthy_skin": 7.422163963317871
  },
  "just_eliminated": []
}