{
  "lambda": 0.0351787629191992,
  "n_active": 24,
  "val_balacc": 0.5981073171713865,
  "val_auc": 0.8627884559169068,
  "val_loss": 1.2527556419372559,
  "actual_epochs": 25,
  "norms": {
    "asymmetry": 8.380178451538086,
    "border_irregularity": 7.7913970947265625,
    "colour_variation": 8.529020309448242,
    "diameter_large": 9.143298149108887,
    "atypical_pigment_network": 9.716548919677734,
    "blue_white_veil": 9.035971641540527,
    "atypical_vascular_pattern": 8.583659172058105,
    "irregular_streaks": 8.02847671508789,
    "irregular_pigmentation": 7.778158664703369,
    "irregular_dots_globules": 8.364888191223145,
    "regression_structures": 7.122268199920654,
    "symmetric_uniform": 8.164590835571289,
    "reticular_network": 8.899489402770996,
    "arborizing_vessels": 9.034259796142578,
    "blue_grey_ovoid_nests": 8.346217155456543,
    "ulceration": 7.990496635437012,
    "scaly_surface": 9.179930686950684,
    "strawberry_pattern": 8.99022388458252,
    "milia_like_cysts": 8.150022506713867,
    "comedo_like_openings": 8.295648574829102,
    "cerebriform_surface": 9.017263412475586,
    "central_white_patch": 8.666543006896973,
    "red_lacunae": 8.965631484985352,
    "healthy_skin": 8.835114479064941
  },
  "just_eliminated": []
}