{
  "lambda": 0.06152787621294761,
  "n_active": 24,
  "val_balacc": 0.5822238533607386,
  "val_auc": 0.8624592100004377,
  "val_loss": 1.3057619333267212,
  "actual_epochs": 15,
  "norms": {
    "asymmetry": 8.508968353271484,
    "border_irregularity": 7.819177627563477,
    "colour_variation": 8.544549942016602,
    "diameter_large": 8.629563331604004,
    "atypical_pigment_network": 9.529936790466309,
    "blue_white_veil": 9.0655517578125,
    "atypical_vascular_pattern": 8.489023208618164,
    "irregular_streaks": 8.436808586120605,
    "irregular_pigmentation": 8.669090270996094,
    "irregular_dots_globules": 8.108933448791504,
    "regression_structures": 8.778246879577637,
    "symmetric_uniform": 7.59130334854126,
    "reticular_network": 8.885462760925293,
    "arborizing_vessels": 8.48587703704834,
    "blue_grey_ovoid_nests": 8.780455589294434,
    "ulceration": 8.496530532836914,
    "scaly_surface": 8.575021743774414,
    "strawberry_pattern": 8.37193775177002,
    "milia_like_cysts": 8.305296897888184,
    "comedo_like_openings": 8.632296562194824,
    "cerebriform_surface": 9.447321891784668,
    "central_white_patch": 8.957378387451172,
    "red_lacunae": 8.878337860107422,
    "healthy_skin": 8.967618942260742
  },
  "just_eliminated": []
}