{
  "lambda": 0.08137061629162322,
  "n_active": 24,
  "val_balacc": 0.5719123285553117,
  "val_auc": 0.8595729290386638,
  "val_loss": 1.3033809661865234,
  "actual_epochs": 13,
  "norms": {
    "asymmetry": 9.127222061157227,
    "border_irregularity": 8.321635246276855,
    "colour_variation": 9.255144119262695,
    "diameter_large": 9.867350578308105,
    "atypical_pigment_network": 11.026433944702148,
    "blue_white_veil": 10.299894332885742,
    "atypical_vascular_pattern": 9.483673095703125,
    "irregular_streaks": 8.475729942321777,
    "irregular_pigmentation": 8.484457015991211,
    "irregular_dots_globules": 9.006608009338379,
    "regression_structures": 7.625398635864258,
    "symmetric_uniform": 8.815956115722656,
    "reticular_network": 9.665433883666992,
    "arborizing_vessels": 9.893549919128418,
    "blue_grey_ovoid_nests": 8.978439331054688,
    "ulceration": 8.817585945129395,
    "scaly_surface": 9.863059043884277,
    "strawberry_pattern": 9.924995422363281,
    "milia_like_cysts": 8.781336784362793,
    "comedo_like_openings": 9.15427303314209,
    "cerebriform_surface": 9.741597175598145,
    "central_white_patch": 9.309162139892578,
    "red_lacunae": 9.799507141113281,
    "healthy_skin": 9.905282974243164
  },
  "just_eliminated": []
}