{
  "lambda": 0.14231771646040078,
  "n_active": 24,
  "val_balacc": 0.5634076527109254,
  "val_auc": 0.8607971704040812,
  "val_loss": 1.352117896080017,
  "actual_epochs": 16,
  "norms": {
    "asymmetry": 9.025710105895996,
    "border_irregularity": 8.47208309173584,
    "colour_variation": 9.05955982208252,
    "diameter_large": 9.108755111694336,
    "atypical_pigment_network": 10.728560447692871,
    "blue_white_veil": 10.035149574279785,
    "atypical_vascular_pattern": 9.248648643493652,
    "irregular_streaks": 9.0791015625,
    "irregular_pigmentation": 9.577274322509766,
    "irregular_dots_globules": 8.664204597473145,
    "regression_structures": 9.344501495361328,
    "symmetric_uniform": 8.17623233795166,
    "reticular_network": 9.77637004852295,
    "arborizing_vessels": 9.047355651855469,
    "blue_grey_ovoid_nests": 9.343239784240723,
    "ulceration": 9.22737979888916,
    "scaly_surface": 9.219738960266113,
    "strawberry_pattern": 9.164669036865234,
    "milia_like_cysts": 8.821871757507324,
    "comedo_like_openings": 9.225118637084961,
    "cerebriform_surface": 10.301775932312012,
    "central_white_patch": 9.68208122253418,
    "red_lacunae": 9.354266166687012,
    "healthy_skin": 9.839049339294434
  },
  "just_eliminated": []
}