{
  "lambda": 0.08137061629162322,
  "n_active": 24,
  "val_balacc": 0.5835244628709298,
  "val_auc": 0.8583460397450468,
  "val_loss": 1.333703875541687,
  "actual_epochs": 20,
  "norms": {
    "asymmetry": 8.503079414367676,
    "border_irregularity": 8.973904609680176,
    "colour_variation": 9.053250312805176,
    "diameter_large": 9.078710556030273,
    "atypical_pigment_network": 9.667329788208008,
    "blue_white_veil": 9.822041511535645,
    "atypical_vascular_pattern": 8.917092323303223,
    "irregular_streaks": 8.564691543579102,
    "irregular_pigmentation": 9.047905921936035,
    "irregular_dots_globules": 7.765012741088867,
    "regression_structures": 8.009346008300781,
    "symmetric_uniform": 8.739086151123047,
    "reticular_network": 9.448718070983887,
    "arborizing_vessels": 8.486112594604492,
    "blue_grey_ovoid_nests": 8.822938919067383,
    "ulceration": 8.568703651428223,
    "scaly_surface": 9.063838958740234,
    "strawberry_pattern": 8.571845054626465,
    "milia_like_cysts": 7.870355129241943,
    "comedo_like_openings": 8.364768981933594,
    "cerebriform_surface": 10.186986923217773,
    "central_white_patch": 9.130803108215332,
    "red_lacunae": 9.135370254516602,
    "healthy_skin": 9.032888412475586
  },
  "just_eliminated": []
}