{
  "lambda": 0.10761264004567168,
  "n_active": 24,
  "val_balacc": 0.5869173216222475,
  "val_auc": 0.8588047176097585,
  "val_loss": 1.3248618841171265,
  "actual_epochs": 17,
  "norms": {
    "asymmetry": 9.402697563171387,
    "border_irregularity": 8.474915504455566,
    "colour_variation": 9.501347541809082,
    "diameter_large": 10.078615188598633,
    "atypical_pigment_network": 11.433730125427246,
    "blue_white_veil": 10.771966934204102,
    "atypical_vascular_pattern": 9.882804870605469,
    "irregular_streaks": 8.606284141540527,
    "irregular_pigmentation": 8.789509773254395,
    "irregular_dots_globules": 9.212163925170898,
    "regression_structures": 7.83441686630249,
    "symmetric_uniform": 9.025456428527832,
    "reticular_network": 9.950809478759766,
    "arborizing_vessels": 10.274967193603516,
    "blue_grey_ovoid_nests": 9.128323554992676,
    "ulceration": 9.009684562683105,
    "scaly_surface": 10.105509757995605,
    "strawberry_pattern": 10.269341468811035,
    "milia_like_cysts": 9.037430763244629,
    "comedo_like_openings": 9.465188980102539,
    "cerebriform_surface": 9.947894096374512,
    "central_white_patch": 9.425678253173828,
    "red_lacunae": 10.204154968261719,
    "healthy_skin": 10.302740097045898
  },
  "just_eliminated": []
}