{
  "lambda": 2.025433241850303,
  "n_active": 24,
  "val_balacc": 0.5973548433508277,
  "val_auc": 0.8606333531293971,
  "val_loss": 1.2148114442825317,
  "actual_epochs": 17,
  "norms": {
    "asymmetry": 8.877791404724121,
    "border_irregularity": 6.6380438804626465,
    "colour_variation": 8.069673538208008,
    "diameter_large": 8.265975952148438,
    "atypical_pigment_network": 10.684142112731934,
    "blue_white_veil": 10.190119743347168,
    "atypical_vascular_pattern": 9.100486755371094,
    "irregular_streaks": 6.9092888832092285,
    "irregular_pigmentation": 8.016182899475098,
    "irregular_dots_globules": 7.283934593200684,
    "regression_structures": 6.439795017242432,
    "symmetric_uniform": 7.552756309509277,
    "reticular_network": 9.212108612060547,
    "arborizing_vessels": 9.063125610351562,
    "blue_grey_ovoid_nests": 7.944321155548096,
    "ulceration": 7.793981075286865,
    "scaly_surface": 8.645391464233398,
    "strawberry_pattern": 9.360564231872559,
    "milia_like_cysts": 7.308727741241455,
    "comedo_like_openings": 8.711618423461914,
    "cerebriform_surface": 8.21915054321289,
    "central_white_patch": 7.935481548309326,
    "red_lacunae": 9.13410758972168,
    "healthy_skin": 9.186811447143555
  },
  "just_eliminated": []
}