{
  "lambda": 0.05350250105473706,
  "n_active": 24,
  "val_balacc": 0.592562466815366,
  "val_auc": 0.8598130669257645,
  "val_loss": 1.2864376306533813,
  "actual_epochs": 21,
  "norms": {
    "asymmetry": 8.106983184814453,
    "border_irregularity": 8.227132797241211,
    "colour_variation": 9.06432056427002,
    "diameter_large": 8.114690780639648,
    "atypical_pigment_network": 9.366048812866211,
    "blue_white_veil": 9.042177200317383,
    "atypical_vascular_pattern": 8.655552864074707,
    "irregular_streaks": 8.24738597869873,
    "irregular_pigmentation": 8.757822036743164,
    "irregular_dots_globules": 8.427534103393555,
    "regression_structures": 8.464818954467773,
    "symmetric_uniform": 8.517964363098145,
    "reticular_network": 9.004379272460938,
    "arborizing_vessels": 9.148183822631836,
    "blue_grey_ovoid_nests": 8.766777038574219,
    "ulceration": 8.117070198059082,
    "scaly_surface": 8.931943893432617,
    "strawberry_pattern": 8.30574893951416,
    "milia_like_cysts": 8.226195335388184,
    "comedo_like_openings": 8.709564208984375,
    "cerebriform_surface": 9.173179626464844,
    "central_white_patch": 9.115401268005371,
    "red_lacunae": 8.842798233032227,
    "healthy_skin": 8.36826229095459
  },
  "just_eliminated": []
}