{
  "lambda": 0.14231771646040078,
  "n_active": 24,
  "val_balacc": 0.564775298772078,
  "val_auc": 0.8577112462187979,
  "val_loss": 1.3387999534606934,
  "actual_epochs": 19,
  "norms": {
    "asymmetry": 8.586715698242188,
    "border_irregularity": 9.214956283569336,
    "colour_variation": 9.90318775177002,
    "diameter_large": 9.083867073059082,
    "atypical_pigment_network": 10.514482498168945,
    "blue_white_veil": 10.136858940124512,
    "atypical_vascular_pattern": 9.672345161437988,
    "irregular_streaks": 8.926959991455078,
    "irregular_pigmentation": 9.669509887695312,
    "irregular_dots_globules": 9.028341293334961,
    "regression_structures": 9.384969711303711,
    "symmetric_uniform": 9.398590087890625,
    "reticular_network": 9.783300399780273,
    "arborizing_vessels": 10.006573677062988,
    "blue_grey_ovoid_nests": 9.613320350646973,
    "ulceration": 9.26980209350586,
    "scaly_surface": 9.838953971862793,
    "strawberry_pattern": 9.337010383605957,
    "milia_like_cysts": 8.821098327636719,
    "comedo_like_openings": 9.91071605682373,
    "cerebriform_surface": 10.230422973632812,
    "central_white_patch": 9.809026718139648,
    "red_lacunae": 9.78503131866455,
    "healthy_skin": 9.319822311401367
  },
  "just_eliminated": []
}