{
  "lambda": 0.05350250105473706,
  "n_active": 24,
  "val_balacc": 0.6028444048353034,
  "val_auc": 0.8615222338283964,
  "val_loss": 1.2724746465682983,
  "actual_epochs": 23,
  "norms": {
    "asymmetry": 8.442449569702148,
    "border_irregularity": 8.026945114135742,
    "colour_variation": 8.778901100158691,
    "diameter_large": 8.949230194091797,
    "atypical_pigment_network": 9.254898071289062,
    "blue_white_veil": 8.905790328979492,
    "atypical_vascular_pattern": 8.667902946472168,
    "irregular_streaks": 8.145086288452148,
    "irregular_pigmentation": 8.336994171142578,
    "irregular_dots_globules": 7.854110240936279,
    "regression_structures": 8.005121231079102,
    "symmetric_uniform": 8.230364799499512,
    "reticular_network": 9.081199645996094,
    "arborizing_vessels": 8.05544376373291,
    "blue_grey_ovoid_nests": 8.749956130981445,
    "ulceration": 7.966318130493164,
    "scaly_surface": 9.28732681274414,
    "strawberry_pattern": 8.513596534729004,
    "milia_like_cysts": 7.985531330108643,
    "comedo_like_openings": 8.379878997802734,
    "cerebriform_surface": 9.454068183898926,
    "central_white_patch": 8.772696495056152,
    "red_lacunae": 8.7244291305542,
    "healthy_skin": 9.063075065612793
  },
  "just_eliminated": []
}