{
  "lambda": 0.5757545387546589,
  "n_active": 24,
  "val_balacc": 0.5661123842629723,
  "val_auc": 0.857715631669935,
  "val_loss": 1.3724581003189087,
  "actual_epochs": 19,
  "norms": {
    "asymmetry": 8.85902214050293,
    "border_irregularity": 9.810195922851562,
    "colour_variation": 10.450434684753418,
    "diameter_large": 9.506441116333008,
    "atypical_pigment_network": 11.237205505371094,
    "blue_white_veil": 10.963337898254395,
    "atypical_vascular_pattern": 10.470945358276367,
    "irregular_streaks": 9.315171241760254,
    "irregular_pigmentation": 10.122539520263672,
    "irregular_dots_globules": 9.156594276428223,
    "regression_structures": 9.889357566833496,
    "symmetric_uniform": 9.834712982177734,
    "reticular_network": 10.162355422973633,
    "arborizing_vessels": 10.393987655639648,
    "blue_grey_ovoid_nests": 10.001365661621094,
    "ulceration": 10.263657569885254,
    "scaly_surface": 10.5016450881958,
    "strawberry_pattern": 9.935404777526855,
    "milia_like_cysts": 9.070731163024902,
    "comedo_like_openings": 10.781352043151855,
    "cerebriform_surface": 10.69692611694336,
    "central_white_patch": 10.035310745239258,
    "red_lacunae": 10.327491760253906,
    "healthy_skin": 10.161864280700684
  },
  "just_eliminated": []
}