{
  "lambda": 0.015208749999999998,
  "n_active": 24,
  "val_balacc": 0.5834080835218222,
  "val_auc": 0.8660891335031595,
  "val_loss": 1.20626962184906,
  "actual_epochs": 21,
  "norms": {
    "asymmetry": 7.659083843231201,
    "border_irregularity": 7.217912197113037,
    "colour_variation": 7.7263102531433105,
    "diameter_large": 7.595223903656006,
    "atypical_pigment_network": 7.792027950286865,
    "blue_white_veil": 7.563091278076172,
    "atypical_vascular_pattern": 7.3264479637146,
    "irregular_streaks": 7.339293479919434,
    "irregular_pigmentation": 7.3340582847595215,
    "irregular_dots_globules": 7.380597114562988,
    "regression_structures": 7.8412628173828125,
    "symmetric_uniform": 6.880724906921387,
    "reticular_network": 7.631258964538574,
    "arborizing_vessels": 7.264581680297852,
    "blue_grey_ovoid_nests": 7.615547180175781,
    "ulceration": 7.6362481117248535,
    "scaly_surface": 7.424092769622803,
    "strawberry_pattern": 7.084031105041504,
    "milia_like_cysts": 7.581175327301025,
    "comedo_like_openings": 7.5356855392456055,
    "cerebriform_surface": 7.886487007141113,
    "central_white_patch": 7.483416557312012,
    "red_lacunae": 7.884219646453857,
    "healthy_skin": 7.441458225250244
  },
  "just_eliminated": []
}