{
  "lambda": 0.24891457557496874,
  "n_active": 24,
  "val_balacc": 0.5783654328130077,
  "val_auc": 0.8591812413708886,
  "val_loss": 1.3600069284439087,
  "actual_epochs": 33,
  "norms": {
    "asymmetry": 10.174796104431152,
    "border_irregularity": 8.867790222167969,
    "colour_variation": 10.028107643127441,
    "diameter_large": 10.460163116455078,
    "atypical_pigment_network": 12.368082046508789,
    "blue_white_veil": 11.672869682312012,
    "atypical_vascular_pattern": 10.65457820892334,
    "irregular_streaks": 8.901959419250488,
    "irregular_pigmentation": 9.586738586425781,
    "irregular_dots_globules": 9.62473201751709,
    "regression_structures": 8.270812034606934,
    "symmetric_uniform": 9.447211265563965,
    "reticular_network": 10.602128028869629,
    "arborizing_vessels": 10.818236351013184,
    "blue_grey_ovoid_nests": 9.544730186462402,
    "ulceration": 9.66136360168457,
    "scaly_surface": 10.607649803161621,
    "strawberry_pattern": 11.148476600646973,
    "milia_like_cysts": 9.425765991210938,
    "comedo_like_openings": 10.2150297164917,
    "cerebriform_surface": 10.350908279418945,
    "central_white_patch": 9.721539497375488,
    "red_lacunae": 10.796506881713867,
    "healthy_skin": 10.950488090515137
  },
  "just_eliminated": []
}