{
  "lambda": 2.6786354623470254,
  "n_active": 24,
  "val_balacc": 0.5991997410777515,
  "val_auc": 0.8614465302515312,
  "val_loss": 1.185099720954895,
  "actual_epochs": 34,
  "norms": {
    "asymmetry": 5.662388801574707,
    "border_irregularity": 6.4030842781066895,
    "colour_variation": 7.275720596313477,
    "diameter_large": 6.658000946044922,
    "atypical_pigment_network": 8.672869682312012,
    "blue_white_veil": 7.8118977546691895,
    "atypical_vascular_pattern": 7.2209343910217285,
    "irregular_streaks": 6.592145919799805,
    "irregular_pigmentation": 6.986187934875488,
    "irregular_dots_globules": 5.766958236694336,
    "regression_structures": 6.409656047821045,
    "symmetric_uniform": 6.723316669464111,
    "reticular_network": 7.3302130699157715,
    "arborizing_vessels": 7.005962371826172,
    "blue_grey_ovoid_nests": 6.803279399871826,
    "ulceration": 7.2054123878479,
    "scaly_surface": 7.353407859802246,
    "strawberry_pattern": 7.0667619705200195,
    "milia_like_cysts": 5.733227252960205,
    "comedo_like_openings": 8.121542930603027,
    "cerebriform_surface": 7.379430294036865,
    "central_white_patch": 7.05523157119751,
    "red_lacunae": 7.094015598297119,
    "healthy_skin": 7.397940158843994
  },
  "just_eliminated": []
}