{
  "lambda": 0.013224999999999999,
  "n_active": 24,
  "val_balacc": 0.6094141649776194,
  "val_auc": 0.8653266863972779,
  "val_loss": 1.1677789688110352,
  "actual_epochs": 14,
  "norms": {
    "asymmetry": 7.307524681091309,
    "border_irregularity": 7.255094528198242,
    "colour_variation": 7.429398536682129,
    "diameter_large": 7.278533458709717,
    "atypical_pigment_network": 7.707079887390137,
    "blue_white_veil": 7.477755546569824,
    "atypical_vascular_pattern": 7.441546440124512,
    "irregular_streaks": 7.381906986236572,
    "irregular_pigmentation": 7.422383785247803,
    "irregular_dots_globules": 7.236644744873047,
    "regression_structures": 6.905336856842041,
    "symmetric_uniform": 7.106203556060791,
    "reticular_network": 7.645330905914307,
    "arborizing_vessels": 6.8521246910095215,
    "blue_grey_ovoid_nests": 7.2969536781311035,
    "ulceration": 6.929215431213379,
    "scaly_surface": 7.612466335296631,
    "strawberry_pattern": 7.325223922729492,
    "milia_like_cysts": 7.022877216339111,
    "comedo_like_openings": 7.367818355560303,
    "cerebriform_surface": 7.5164475440979,
    "central_white_patch": 7.569464683532715,
    "red_lacunae": 7.386147975921631,
    "healthy_skin": 7.564891338348389
  },
  "just_eliminated": []
}