{
  "lambda": 0.43535314839671757,
  "n_active": 24,
  "val_balacc": 0.5816806340504233,
  "val_auc": 0.855360841435203,
  "val_loss": 1.3840234279632568,
  "actual_epochs": 12,
  "norms": {
    "asymmetry": 8.921065330505371,
    "border_irregularity": 9.800420761108398,
    "colour_variation": 10.491291999816895,
    "diameter_large": 9.493256568908691,
    "atypical_pigment_network": 11.160722732543945,
    "blue_white_veil": 10.9279146194458,
    "atypical_vascular_pattern": 10.47087574005127,
    "irregular_streaks": 9.400449752807617,
    "irregular_pigmentation": 10.164998054504395,
    "irregular_dots_globules": 9.248026847839355,
    "regression_structures": 9.852999687194824,
    "symmetric_uniform": 9.884857177734375,
    "reticular_network": 10.208436012268066,
    "arborizing_vessels": 10.453042984008789,
    "blue_grey_ovoid_nests": 10.104043006896973,
    "ulceration": 10.252073287963867,
    "scaly_surface": 10.505172729492188,
    "strawberry_pattern": 9.943697929382324,
    "milia_like_cysts": 9.132333755493164,
    "comedo_like_openings": 10.762078285217285,
    "cerebriform_surface": 10.669689178466797,
    "central_white_patch": 10.097678184509277,
    "red_lacunae": 10.344776153564453,
    "healthy_skin": 10.145285606384277
  },
  "just_eliminated": []
}