{
  "lambda": 1.7612462972611331,
  "n_active": 24,
  "val_balacc": 0.572951734337231,
  "val_auc": 0.8617711543658392,
  "val_loss": 1.241039514541626,
  "actual_epochs": 17,
  "norms": {
    "asymmetry": 9.180465698242188,
    "border_irregularity": 7.037367820739746,
    "colour_variation": 8.452720642089844,
    "diameter_large": 8.595593452453613,
    "atypical_pigment_network": 11.051733016967773,
    "blue_white_veil": 10.556221008300781,
    "atypical_vascular_pattern": 9.470650672912598,
    "irregular_streaks": 7.255152702331543,
    "irregular_pigmentation": 8.442025184631348,
    "irregular_dots_globules": 7.649120807647705,
    "regression_structures": 6.816896915435791,
    "symmetric_uniform": 7.935412406921387,
    "reticular_network": 9.605307579040527,
    "arborizing_vessels": 9.359830856323242,
    "blue_grey_ovoid_nests": 8.258868217468262,
    "ulceration": 8.17930793762207,
    "scaly_surface": 8.998418807983398,
    "strawberry_pattern": 9.692351341247559,
    "milia_like_cysts": 7.698821067810059,
    "comedo_like_openings": 9.060800552368164,
    "cerebriform_surface": 8.5137939453125,
    "central_white_patch": 8.278146743774414,
    "red_lacunae": 9.53701114654541,
    "healthy_skin": 9.531891822814941
  },
  "just_eliminated": []
}