{
  "lambda": 0.28625176191121404,
  "n_active": 24,
  "val_balacc": 0.5653463760192777,
  "val_auc": 0.8572064376224345,
  "val_loss": 1.3771958351135254,
  "actual_epochs": 26,
  "norms": {
    "asymmetry": 9.05385971069336,
    "border_irregularity": 9.765159606933594,
    "colour_variation": 9.71061897277832,
    "diameter_large": 9.75426959991455,
    "atypical_pigment_network": 10.680727005004883,
    "blue_white_veil": 11.348306655883789,
    "atypical_vascular_pattern": 9.805099487304688,
    "irregular_streaks": 9.531185150146484,
    "irregular_pigmentation": 9.98073673248291,
    "irregular_dots_globules": 8.174749374389648,
    "regression_structures": 8.481993675231934,
    "symmetric_uniform": 9.529434204101562,
    "reticular_network": 10.574400901794434,
    "arborizing_vessels": 9.068063735961914,
    "blue_grey_ovoid_nests": 9.595355033874512,
    "ulceration": 9.651900291442871,
    "scaly_surface": 10.048233032226562,
    "strawberry_pattern": 9.41353702545166,
    "milia_like_cysts": 8.513405799865723,
    "comedo_like_openings": 9.381589889526367,
    "cerebriform_surface": 10.985915184020996,
    "central_white_patch": 9.751322746276855,
    "red_lacunae": 9.967334747314453,
    "healthy_skin": 9.736526489257812
  },
  "just_eliminated": []
}