{
  "lambda": 1.5315185193575074,
  "n_active": 24,
  "val_balacc": 0.5822424931488677,
  "val_auc": 0.8591461557433551,
  "val_loss": 1.302762746810913,
  "actual_epochs": 22,
  "norms": {
    "asymmetry": 7.781044006347656,
    "border_irregularity": 8.862268447875977,
    "colour_variation": 9.52134895324707,
    "diameter_large": 8.531210899353027,
    "atypical_pigment_network": 10.481428146362305,
    "blue_white_veil": 10.08173942565918,
    "atypical_vascular_pattern": 9.554614067077637,
    "irregular_streaks": 8.456128120422363,
    "irregular_pigmentation": 9.194852828979492,
    "irregular_dots_globules": 8.021492004394531,
    "regression_structures": 8.740926742553711,
    "symmetric_uniform": 8.870323181152344,
    "reticular_network": 9.29273796081543,
    "arborizing_vessels": 9.360594749450684,
    "blue_grey_ovoid_nests": 9.010159492492676,
    "ulceration": 9.48080825805664,
    "scaly_surface": 9.614242553710938,
    "strawberry_pattern": 9.135157585144043,
    "milia_like_cysts": 8.020552635192871,
    "comedo_like_openings": 10.16307544708252,
    "cerebriform_surface": 9.667495727539062,
    "central_white_patch": 8.974149703979492,
    "red_lacunae": 9.329891204833984,
    "healthy_skin": 9.418673515319824
  },
  "just_eliminated": []
}