{
  "lambda": 0.07075705764488975,
  "n_active": 24,
  "val_balacc": 0.5915493779776729,
  "val_auc": 0.8601750418336497,
  "val_loss": 1.3345563411712646,
  "actual_epochs": 17,
  "norms": {
    "asymmetry": 8.439433097839355,
    "border_irregularity": 8.810323715209961,
    "colour_variation": 8.921895980834961,
    "diameter_large": 8.957515716552734,
    "atypical_pigment_network": 9.441750526428223,
    "blue_white_veil": 9.584038734436035,
    "atypical_vascular_pattern": 8.679109573364258,
    "irregular_streaks": 8.390077590942383,
    "irregular_pigmentation": 8.882089614868164,
    "irregular_dots_globules": 7.6438798904418945,
    "regression_structures": 7.855410575866699,
    "symmetric_uniform": 8.61506175994873,
    "reticular_network": 9.243240356445312,
    "arborizing_vessels": 8.372538566589355,
    "blue_grey_ovoid_nests": 8.691627502441406,
    "ulceration": 8.401213645935059,
    "scaly_surface": 8.872836112976074,
    "strawberry_pattern": 8.411005020141602,
    "milia_like_cysts": 7.738895416259766,
    "comedo_like_openings": 8.21097469329834,
    "cerebriform_surface": 9.971420288085938,
    "central_white_patch": 9.024109840393066,
    "red_lacunae": 8.940202713012695,
    "healthy_skin": 8.876304626464844
  },
  "just_eliminated": []
}