{
  "lambda": 0.09357620873536668,
  "n_active": 24,
  "val_balacc": 0.597147743811341,
  "val_auc": 0.8632515035980892,
  "val_loss": 1.31489896774292,
  "actual_epochs": 30,
  "norms": {
    "asymmetry": 8.930424690246582,
    "border_irregularity": 8.48782730102539,
    "colour_variation": 9.3785982131958,
    "diameter_large": 9.518831253051758,
    "atypical_pigment_network": 9.93472957611084,
    "blue_white_veil": 9.807255744934082,
    "atypical_vascular_pattern": 9.268176078796387,
    "irregular_streaks": 8.470685005187988,
    "irregular_pigmentation": 8.791308403015137,
    "irregular_dots_globules": 8.16243839263916,
    "regression_structures": 8.56178092956543,
    "symmetric_uniform": 8.802145004272461,
    "reticular_network": 9.833540916442871,
    "arborizing_vessels": 8.518176078796387,
    "blue_grey_ovoid_nests": 9.397196769714355,
    "ulceration": 8.55012321472168,
    "scaly_surface": 10.037724494934082,
    "strawberry_pattern": 9.057438850402832,
    "milia_like_cysts": 8.488813400268555,
    "comedo_like_openings": 8.846746444702148,
    "cerebriform_surface": 10.18785285949707,
    "central_white_patch": 9.259564399719238,
    "red_lacunae": 9.26305103302002,
    "healthy_skin": 9.666790962219238
  },
  "just_eliminated": []
}