{
  "lambda": 0.32918952619789615,
  "n_active": 24,
  "val_balacc": 0.5493415187844788,
  "val_auc": 0.8589336034262907,
  "val_loss": 1.3735250234603882,
  "actual_epochs": 24,
  "norms": {
    "asymmetry": 10.366355895996094,
    "border_irregularity": 8.934982299804688,
    "colour_variation": 10.110997200012207,
    "diameter_large": 10.402623176574707,
    "atypical_pigment_network": 12.577285766601562,
    "blue_white_veil": 11.835379600524902,
    "atypical_vascular_pattern": 10.858530044555664,
    "irregular_streaks": 8.94859504699707,
    "irregular_pigmentation": 9.717297554016113,
    "irregular_dots_globules": 9.653353691101074,
    "regression_structures": 8.378979682922363,
    "symmetric_uniform": 9.516200065612793,
    "reticular_network": 10.741349220275879,
    "arborizing_vessels": 10.972697257995605,
    "blue_grey_ovoid_nests": 9.6317720413208,
    "ulceration": 9.76189136505127,
    "scaly_surface": 10.667468070983887,
    "strawberry_pattern": 11.274255752563477,
    "milia_like_cysts": 9.503898620605469,
    "comedo_like_openings": 10.348840713500977,
    "cerebriform_surface": 10.393936157226562,
    "central_white_patch": 9.815080642700195,
    "red_lacunae": 10.979690551757812,
    "healthy_skin": 11.127659797668457
  },
  "just_eliminated": []
}