{
  "lambda": 5.387692689884073,
  "n_active": 24,
  "val_balacc": 0.5860325739057438,
  "val_auc": 0.8551895652543434,
  "val_loss": 1.1727097034454346,
  "actual_epochs": 13,
  "norms": {
    "asymmetry": 3.666811943054199,
    "border_irregularity": 1.2825502157211304,
    "colour_variation": 4.203515529632568,
    "diameter_large": 4.916722297668457,
    "atypical_pigment_network": 5.362037658691406,
    "blue_white_veil": 5.651634216308594,
    "atypical_vascular_pattern": 3.1100914478302,
    "irregular_streaks": 2.9315989017486572,
    "irregular_pigmentation": 3.719302177429199,
    "irregular_dots_globules": 1.8041789531707764,
    "regression_structures": 1.8284199237823486,
    "symmetric_uniform": 2.3918840885162354,
    "reticular_network": 4.728104114532471,
    "arborizing_vessels": 2.8368403911590576,
    "blue_grey_ovoid_nests": 4.3227009773254395,
    "ulceration": 3.0906105041503906,
    "scaly_surface": 4.805312633514404,
    "strawberry_pattern": 3.6938204765319824,
    "milia_like_cysts": 2.2923762798309326,
    "comedo_like_openings": 3.1816864013671875,
    "cerebriform_surface": 4.717149257659912,
    "central_white_patch": 4.471059799194336,
    "red_lacunae": 4.311030387878418,
    "healthy_skin": 3.5494508743286133
  },
  "just_eliminated": []
}