{
  "lambda": 0.12375453605252242,
  "n_active": 24,
  "val_balacc": 0.5690850194874392,
  "val_auc": 0.8590323908992019,
  "val_loss": 1.3217954635620117,
  "actual_epochs": 15,
  "norms": {
    "asymmetry": 9.5177583694458,
    "border_irregularity": 8.554960250854492,
    "colour_variation": 9.599418640136719,
    "diameter_large": 10.153067588806152,
    "atypical_pigment_network": 11.589635848999023,
    "blue_white_veil": 10.93919849395752,
    "atypical_vascular_pattern": 10.047009468078613,
    "irregular_streaks": 8.641216278076172,
    "irregular_pigmentation": 8.93735408782959,
    "irregular_dots_globules": 9.3168306350708,
    "regression_structures": 7.914031982421875,
    "symmetric_uniform": 9.112093925476074,
    "reticular_network": 10.05569839477539,
    "arborizing_vessels": 10.356385231018066,
    "blue_grey_ovoid_nests": 9.194440841674805,
    "ulceration": 9.131467819213867,
    "scaly_surface": 10.211601257324219,
    "strawberry_pattern": 10.402880668640137,
    "milia_like_cysts": 9.10279369354248,
    "comedo_like_openings": 9.597026824951172,
    "cerebriform_surface": 10.014371871948242,
    "central_white_patch": 9.479842185974121,
    "red_lacunae": 10.289602279663086,
    "healthy_skin": 10.389078140258789
  },
  "just_eliminated": []
}