{
  "lambda": 0.6621177195678577,
  "n_active": 24,
  "val_balacc": 0.5708915386077261,
  "val_auc": 0.8582249416084299,
  "val_loss": 1.346708059310913,
  "actual_epochs": 28,
  "norms": {
    "asymmetry": 10.446895599365234,
    "border_irregularity": 8.779172897338867,
    "colour_variation": 9.959158897399902,
    "diameter_large": 10.242926597595215,
    "atypical_pigment_network": 12.615623474121094,
    "blue_white_veil": 11.837964057922363,
    "atypical_vascular_pattern": 11.01814079284668,
    "irregular_streaks": 8.84974479675293,
    "irregular_pigmentation": 9.773211479187012,
    "irregular_dots_globules": 9.403952598571777,
    "regression_structures": 8.345582008361816,
    "symmetric_uniform": 9.452640533447266,
    "reticular_network": 10.947178840637207,
    "arborizing_vessels": 10.894618034362793,
    "blue_grey_ovoid_nests": 9.547985076904297,
    "ulceration": 9.650668144226074,
    "scaly_surface": 10.664496421813965,
    "strawberry_pattern": 11.311197280883789,
    "milia_like_cysts": 9.412142753601074,
    "comedo_like_openings": 10.557371139526367,
    "cerebriform_surface": 10.14215087890625,
    "central_white_patch": 9.549410820007324,
    "red_lacunae": 11.04177474975586,
    "healthy_skin": 11.133234024047852
  },
  "just_eliminated": []
}