{
  "lambda": 21.796221839177452,
  "n_active": 12,
  "val_balacc": 0.49297060140598664,
  "val_auc": 0.7924946521648332,
  "val_loss": 1.4514031410217285,
  "actual_epochs": 11,
  "norms": {
    "asymmetry": 3.1597182750701904,
    "border_irregularity": 0.0,
    "colour_variation": 2.5170722007751465,
    "diameter_large": 0.5552776455879211,
    "atypical_pigment_network": 1.8295055627822876,
    "blue_white_veil": 0.0,
    "atypical_vascular_pattern": 0.0,
    "irregular_streaks": 0.0,
    "irregular_pigmentation": 0.0,
    "irregular_dots_globules": 0.0,
    "regression_structures": 0.0,
    "symmetric_uniform": 0.0,
    "reticular_network": 3.2884576320648193,
    "arborizing_vessels": 0.0,
    "blue_grey_ovoid_nests": 0.0,
    "ulceration": 1.4974403381347656,
    "scaly_surface": 2.8646605014801025,
    "strawberry_pattern": 0.0,
    "milia_like_cysts": 2.6474244594573975,
    "comedo_like_openings": 1.5401209592819214,
    "cerebriform_surface": 0.34890249371528625,
    "central_white_patch": 2.581517219543457,
    "red_lacunae": 2.0283749103546143,
    "healthy_skin": 0.0
  },
  "just_eliminated": [
    "arborizing_vessels",
    "blue_grey_ovoid_nests"
  ]
}