{
  "lambda": 0.0115,
  "n_active": 24,
  "val_balacc": 0.5977926597207749,
  "val_auc": 0.8645376181606265,
  "val_loss": 1.1762224435806274,
  "actual_epochs": 15,
  "norms": {
    "asymmetry": 7.551690578460693,
    "border_irregularity": 7.253973007202148,
    "colour_variation": 7.588541507720947,
    "diameter_large": 7.409576416015625,
    "atypical_pigment_network": 7.5060529708862305,
    "blue_white_veil": 7.305924892425537,
    "atypical_vascular_pattern": 7.143960952758789,
    "irregular_streaks": 7.164828777313232,
    "irregular_pigmentation": 7.098048210144043,
    "irregular_dots_globules": 7.3060078620910645,
    "regression_structures": 7.681930065155029,
    "symmetric_uniform": 6.819575786590576,
    "reticular_network": 7.351005554199219,
    "arborizing_vessels": 7.075464725494385,
    "blue_grey_ovoid_nests": 7.471396446228027,
    "ulceration": 7.5901923179626465,
    "scaly_surface": 7.2351908683776855,
    "strawberry_pattern": 6.934116840362549,
    "milia_like_cysts": 7.521304130554199,
    "comedo_like_openings": 7.312481880187988,
    "cerebriform_surface": 7.588483810424805,
    "central_white_patch": 7.1552653312683105,
    "red_lacunae": 7.6641082763671875,
    "healthy_skin": 7.218719959259033
  },
  "just_eliminated": []
}