{
  "lambda": 18.95323638189344,
  "n_active": 14,
  "val_balacc": 0.53151214706704,
  "val_auc": 0.8092561546999787,
  "val_loss": 1.404437780380249,
  "actual_epochs": 11,
  "norms": {
    "asymmetry": 2.9425954818725586,
    "border_irregularity": 0.0,
    "colour_variation": 2.568047523498535,
    "diameter_large": 2.5374996662139893,
    "atypical_pigment_network": 2.3728816509246826,
    "blue_white_veil": 0.0,
    "atypical_vascular_pattern": 0.0,
    "irregular_streaks": 0.0,
    "irregular_pigmentation": 0.0,
    "irregular_dots_globules": 0.0,
    "regression_structures": 0.0,
    "symmetric_uniform": 0.0,
    "reticular_network": 3.3680920600891113,
    "arborizing_vessels": 0.5757136940956116,
    "blue_grey_ovoid_nests": 1.6929045915603638,
    "ulceration": 1.4858051538467407,
    "scaly_surface": 2.8193917274475098,
    "strawberry_pattern": 0.0,
    "milia_like_cysts": 2.238626003265381,
    "comedo_like_openings": 2.3635332584381104,
    "cerebriform_surface": 1.9137096405029297,
    "central_white_patch": 2.763575553894043,
    "red_lacunae": 2.369110584259033,
    "healthy_skin": 0.0
  },
  "just_eliminated": [
    "irregular_pigmentation"
  ]
}