{
  "lambda": 4.073869708797031,
  "n_active": 24,
  "val_balacc": 0.5839666952885307,
  "val_auc": 0.857924031034072,
  "val_loss": 1.1655741930007935,
  "actual_epochs": 24,
  "norms": {
    "asymmetry": 4.7216973304748535,
    "border_irregularity": 2.973543405532837,
    "colour_variation": 5.184565544128418,
    "diameter_large": 5.8791093826293945,
    "atypical_pigment_network": 6.467591285705566,
    "blue_white_veil": 7.3876471519470215,
    "atypical_vascular_pattern": 4.512256145477295,
    "irregular_streaks": 3.835458993911743,
    "irregular_pigmentation": 4.520722389221191,
    "irregular_dots_globules": 2.8109002113342285,
    "regression_structures": 3.0658469200134277,
    "symmetric_uniform": 3.819110870361328,
    "reticular_network": 5.84508752822876,
    "arborizing_vessels": 3.6703431606292725,
    "blue_grey_ovoid_nests": 5.54336404800415,
    "ulceration": 4.178048610687256,
    "scaly_surface": 5.993183135986328,
    "strawberry_pattern": 5.1170806884765625,
    "milia_like_cysts": 3.4142308235168457,
    "comedo_like_openings": 4.232371807098389,
    "cerebriform_surface": 5.966999530792236,
    "central_white_patch": 5.071197509765625,
    "red_lacunae": 5.366454124450684,
    "healthy_skin": 4.975213527679443
  },
  "just_eliminated": []
}