balanced_accuracy,macro_f1,weighted_f1,top1_accuracy,auc_ovr_weighted
0.5503707575301603,0.4403599510736015,0.6435843215055462,0.5994987468671679,0.8597652206530105
