{
  "step": 67,
  "lambda_s": 13.310684626901063,
  "n_active": 12,
  "val_balacc": 0.510118840399054,
  "val_auc": 0.7957563173019742,
  "val_loss": 1.5110636912286282,
  "train_loss": 1.4061265796130915,
  "epochs_used": 7,
  "time_sec": 7.547627210617065,
  "just_eliminated": [],
  "issue4_fix": "best_within_step_checkpoint_restored",
  "norms": {
    "asymmetry": 3.441100597381592,
    "border_irregularity": 0.0,
    "colour_variation": 0.0,
    "diameter_large": 0.0,
    "atypical_pigment_network": 3.0390472412109375,
    "blue_white_veil": 0.0,
    "atypical_vascular_pattern": 0.0,
    "irregular_streaks": 0.0,
    "irregular_pigmentation": 0.0,
    "irregular_dots_globules": 0.0,
    "regression_structures": 0.0,
    "symmetric_uniform": 1.5936554670333862,
    "reticular_network": 3.478167772293091,
    "arborizing_vessels": 0.0,
    "blue_grey_ovoid_nests": 1.8363935947418213,
    "ulceration": 2.3970987796783447,
    "scaly_surface": 3.71429443359375,
    "strawberry_pattern": 1.5514416694641113,
    "milia_like_cysts": 2.832897186279297,
    "comedo_like_openings": 2.6053037643432617,
    "cerebriform_surface": 0.0,
    "central_white_patch": 3.506382703781128,
    "red_lacunae": 2.7413580417633057,
    "healthy_skin": 0.0
  }
}