{
  "step": 20,
  "lambda_s": 2.106849175993674,
  "n_active": 24,
  "val_balacc": 0.5872281499760377,
  "val_auc": 0.8412647401584399,
  "val_loss": 1.4692325592041016,
  "train_loss": 1.080949681712673,
  "epochs_used": 8,
  "time_sec": 9.196426153182983,
  "just_eliminated": [],
  "issue4_fix": "best_within_step_checkpoint_restored",
  "norms": {
    "asymmetry": 4.371461868286133,
    "border_irregularity": 1.1799259185791016,
    "colour_variation": 4.137129783630371,
    "diameter_large": 3.6107242107391357,
    "atypical_pigment_network": 4.159736156463623,
    "blue_white_veil": 4.036525726318359,
    "atypical_vascular_pattern": 3.0665318965911865,
    "irregular_streaks": 0.7064624428749084,
    "irregular_pigmentation": 0.2219686061143875,
    "irregular_dots_globules": 2.2212605476379395,
    "regression_structures": 1.2095730304718018,
    "symmetric_uniform": 3.24835205078125,
    "reticular_network": 5.21146297454834,
    "arborizing_vessels": 3.7533981800079346,
    "blue_grey_ovoid_nests": 4.148512363433838,
    "ulceration": 4.357768535614014,
    "scaly_surface": 4.828802108764648,
    "strawberry_pattern": 3.6540722846984863,
    "milia_like_cysts": 4.075231552124023,
    "comedo_like_openings": 5.074709415435791,
    "cerebriform_surface": 4.5594658851623535,
    "central_white_patch": 5.346534252166748,
    "red_lacunae": 4.7578253746032715,
    "healthy_skin": 4.0385870933532715
  }
}