{
  "step": 64,
  "lambda_s": 11.833150164731968,
  "n_active": 12,
  "val_balacc": 0.5182876858668464,
  "val_auc": 0.8049916230507482,
  "val_loss": 1.49692253023386,
  "train_loss": 1.3583834851802388,
  "epochs_used": 7,
  "time_sec": 7.3462769985198975,
  "just_eliminated": [],
  "issue4_fix": "best_within_step_checkpoint_restored",
  "norms": {
    "asymmetry": 3.431978940963745,
    "border_irregularity": 0.0,
    "colour_variation": 0.0,
    "diameter_large": 0.0,
    "atypical_pigment_network": 3.0893280506134033,
    "blue_white_veil": 0.0,
    "atypical_vascular_pattern": 0.0,
    "irregular_streaks": 0.0,
    "irregular_pigmentation": 0.0,
    "irregular_dots_globules": 0.0,
    "regression_structures": 0.0,
    "symmetric_uniform": 1.7045563459396362,
    "reticular_network": 3.5277047157287598,
    "arborizing_vessels": 0.0,
    "blue_grey_ovoid_nests": 1.9821306467056274,
    "ulceration": 2.458667039871216,
    "scaly_surface": 3.8435521125793457,
    "strawberry_pattern": 1.9186795949935913,
    "milia_like_cysts": 2.830049753189087,
    "comedo_like_openings": 2.8041787147521973,
    "cerebriform_surface": 0.0,
    "central_white_patch": 3.5599615573883057,
    "red_lacunae": 2.7792000770568848,
    "healthy_skin": 0.0
  }
}