{
  "step": 6,
  "lambda_s": 1.2166529024000001,
  "n_active": 24,
  "val_balacc": 0.5896802572202128,
  "val_auc": 0.842029908343747,
  "val_loss": 1.429562009871006,
  "train_loss": 1.1151800772546332,
  "epochs_used": 11,
  "time_sec": 11.638422727584839,
  "just_eliminated": [],
  "issue4_fix": "best_within_step_checkpoint_restored",
  "norms": {
    "asymmetry": 5.274449825286865,
    "border_irregularity": 4.440052032470703,
    "colour_variation": 5.314318656921387,
    "diameter_large": 5.361884117126465,
    "atypical_pigment_network": 5.206935882568359,
    "blue_white_veil": 5.251877307891846,
    "atypical_vascular_pattern": 4.90563440322876,
    "irregular_streaks": 4.39924430847168,
    "irregular_pigmentation": 3.87752103805542,
    "irregular_dots_globules": 4.8437113761901855,
    "regression_structures": 4.573502540588379,
    "symmetric_uniform": 4.745239734649658,
    "reticular_network": 5.800685405731201,
    "arborizing_vessels": 5.089960098266602,
    "blue_grey_ovoid_nests": 5.567255020141602,
    "ulceration": 5.7251715660095215,
    "scaly_surface": 5.807365894317627,
    "strawberry_pattern": 4.9414472579956055,
    "milia_like_cysts": 5.655572414398193,
    "comedo_like_openings": 5.9267191886901855,
    "cerebriform_surface": 5.644199371337891,
    "central_white_patch": 6.039289951324463,
    "red_lacunae": 5.926179885864258,
    "healthy_skin": 5.444727897644043
  }
}