{
  "step": 50,
  "lambda_s": 6.833349371421459,
  "n_active": 14,
  "val_balacc": 0.5477360158682679,
  "val_auc": 0.8252979821790395,
  "val_loss": 1.445735588669777,
  "train_loss": 1.243589513927471,
  "epochs_used": 8,
  "time_sec": 9.990459203720093,
  "just_eliminated": [],
  "issue4_fix": "best_within_step_checkpoint_restored",
  "norms": {
    "asymmetry": 3.4139699935913086,
    "border_irregularity": 0.0,
    "colour_variation": 0.0,
    "diameter_large": 1.8275682926177979,
    "atypical_pigment_network": 3.2740530967712402,
    "blue_white_veil": 0.0,
    "atypical_vascular_pattern": 0.0,
    "irregular_streaks": 0.0,
    "irregular_pigmentation": 0.0,
    "irregular_dots_globules": 0.0,
    "regression_structures": 0.0,
    "symmetric_uniform": 2.2177650928497314,
    "reticular_network": 3.792071580886841,
    "arborizing_vessels": 0.0,
    "blue_grey_ovoid_nests": 2.5458710193634033,
    "ulceration": 2.751464605331421,
    "scaly_surface": 4.029657363891602,
    "strawberry_pattern": 2.8312911987304688,
    "milia_like_cysts": 2.5206847190856934,
    "comedo_like_openings": 3.4232044219970703,
    "cerebriform_surface": 1.4886260032653809,
    "central_white_patch": 3.9092042446136475,
    "red_lacunae": 3.2142486572265625,
    "healthy_skin": 0.0
  }
}