{
  "step": 13,
  "lambda_s": 1.6010322185676815,
  "n_active": 24,
  "val_balacc": 0.5740752777485056,
  "val_auc": 0.8418680342337429,
  "val_loss": 1.4240140169858932,
  "train_loss": 1.130496141420662,
  "epochs_used": 8,
  "time_sec": 9.444424629211426,
  "just_eliminated": [],
  "issue4_fix": "best_within_step_checkpoint_restored",
  "norms": {
    "asymmetry": 4.640742778778076,
    "border_irregularity": 2.3794095516204834,
    "colour_variation": 4.4612507820129395,
    "diameter_large": 4.136716842651367,
    "atypical_pigment_network": 4.409201622009277,
    "blue_white_veil": 4.384668350219727,
    "atypical_vascular_pattern": 3.6594021320343018,
    "irregular_streaks": 2.0696890354156494,
    "irregular_pigmentation": 1.1829869747161865,
    "irregular_dots_globules": 3.115283966064453,
    "regression_structures": 2.3774335384368896,
    "symmetric_uniform": 3.6412484645843506,
    "reticular_network": 5.448630332946777,
    "arborizing_vessels": 4.210969924926758,
    "blue_grey_ovoid_nests": 4.561121940612793,
    "ulceration": 4.689637184143066,
    "scaly_surface": 5.116821765899658,
    "strawberry_pattern": 4.042684078216553,
    "milia_like_cysts": 4.553995609283447,
    "comedo_like_openings": 5.254499912261963,
    "cerebriform_surface": 4.928976058959961,
    "central_white_patch": 5.617484092712402,
    "red_lacunae": 5.066201686859131,
    "healthy_skin": 4.501764297485352
  }
}