{
  "step": 80,
  "lambda_s": 22.163268336416625,
  "n_active": 7,
  "val_balacc": 0.5182060650610268,
  "val_auc": 0.7791182880741438,
  "val_loss": 1.4889056403189898,
  "train_loss": 1.451439100859009,
  "epochs_used": 7,
  "time_sec": 8.341028928756714,
  "just_eliminated": [],
  "issue4_fix": "best_within_step_checkpoint_restored",
  "norms": {
    "asymmetry": 2.466902017593384,
    "border_irregularity": 0.0,
    "colour_variation": 0.0,
    "diameter_large": 0.0,
    "atypical_pigment_network": 2.300758123397827,
    "blue_white_veil": 0.0,
    "atypical_vascular_pattern": 0.0,
    "irregular_streaks": 0.0,
    "irregular_pigmentation": 0.0,
    "irregular_dots_globules": 0.0,
    "regression_structures": 0.0,
    "symmetric_uniform": 0.0,
    "reticular_network": 3.508577346801758,
    "arborizing_vessels": 0.0,
    "blue_grey_ovoid_nests": 0.0,
    "ulceration": 0.0,
    "scaly_surface": 2.9145655632019043,
    "strawberry_pattern": 0.0,
    "milia_like_cysts": 3.342677354812622,
    "comedo_like_openings": 0.0,
    "cerebriform_surface": 0.0,
    "central_white_patch": 2.709359884262085,
    "red_lacunae": 2.803819417953491,
    "healthy_skin": 0.0
  }
}