{
  "step": 66,
  "lambda_s": 12.798735218174098,
  "n_active": 12,
  "val_balacc": 0.5237339367936525,
  "val_auc": 0.7995733730638268,
  "val_loss": 1.5093346349895,
  "train_loss": 1.3726681167331374,
  "epochs_used": 9,
  "time_sec": 9.531126499176025,
  "just_eliminated": [],
  "issue4_fix": "best_within_step_checkpoint_restored",
  "norms": {
    "asymmetry": 3.405632972717285,
    "border_irregularity": 0.0,
    "colour_variation": 0.0,
    "diameter_large": 0.0,
    "atypical_pigment_network": 3.044896125793457,
    "blue_white_veil": 0.0,
    "atypical_vascular_pattern": 0.0,
    "irregular_streaks": 0.0,
    "irregular_pigmentation": 0.0,
    "irregular_dots_globules": 0.0,
    "regression_structures": 0.0,
    "symmetric_uniform": 1.6724783182144165,
    "reticular_network": 3.4923484325408936,
    "arborizing_vessels": 0.0,
    "blue_grey_ovoid_nests": 1.8945660591125488,
    "ulceration": 2.3897767066955566,
    "scaly_surface": 3.751739263534546,
    "strawberry_pattern": 1.6137839555740356,
    "milia_like_cysts": 2.809859275817871,
    "comedo_like_openings": 2.6216299533843994,
    "cerebriform_surface": 0.0,
    "central_white_patch": 3.5607998371124268,
    "red_lacunae": 2.7367825508117676,
    "healthy_skin": 0.0
  }
}