{
  "step": 82,
  "lambda_s": 23.97179103266822,
  "n_active": 7,
  "val_balacc": 0.5205672148597934,
  "val_auc": 0.7735586323376031,
  "val_loss": 1.5038215927779675,
  "train_loss": 1.4823542578555244,
  "epochs_used": 7,
  "time_sec": 11.015294551849365,
  "just_eliminated": [],
  "issue4_fix": "best_within_step_checkpoint_restored",
  "norms": {
    "asymmetry": 2.2604851722717285,
    "border_irregularity": 0.0,
    "colour_variation": 0.0,
    "diameter_large": 0.0,
    "atypical_pigment_network": 2.1661553382873535,
    "blue_white_veil": 0.0,
    "atypical_vascular_pattern": 0.0,
    "irregular_streaks": 0.0,
    "irregular_pigmentation": 0.0,
    "irregular_dots_globules": 0.0,
    "regression_structures": 0.0,
    "symmetric_uniform": 0.0,
    "reticular_network": 3.524617910385132,
    "arborizing_vessels": 0.0,
    "blue_grey_ovoid_nests": 0.0,
    "ulceration": 0.0,
    "scaly_surface": 2.820780038833618,
    "strawberry_pattern": 0.0,
    "milia_like_cysts": 3.118905544281006,
    "comedo_like_openings": 0.0,
    "cerebriform_surface": 0.0,
    "central_white_patch": 2.6661155223846436,
    "red_lacunae": 2.697420120239258,
    "healthy_skin": 0.0
  }
}