{
  "step": 42,
  "lambda_s": 4.993061453054123,
  "n_active": 18,
  "val_balacc": 0.5706328563451963,
  "val_auc": 0.835535726120622,
  "val_loss": 1.4016448892652988,
  "train_loss": 1.2010313409690185,
  "epochs_used": 8,
  "time_sec": 9.887712717056274,
  "just_eliminated": [],
  "issue4_fix": "best_within_step_checkpoint_restored",
  "norms": {
    "asymmetry": 3.0962414741516113,
    "border_irregularity": 0.0,
    "colour_variation": 2.175154685974121,
    "diameter_large": 2.47574782371521,
    "atypical_pigment_network": 3.299011468887329,
    "blue_white_veil": 2.50795841217041,
    "atypical_vascular_pattern": 0.0,
    "irregular_streaks": 0.0,
    "irregular_pigmentation": 0.0,
    "irregular_dots_globules": 0.0,
    "regression_structures": 0.0,
    "symmetric_uniform": 2.5234062671661377,
    "reticular_network": 4.436628818511963,
    "arborizing_vessels": 1.7515381574630737,
    "blue_grey_ovoid_nests": 2.984126329421997,
    "ulceration": 3.0680394172668457,
    "scaly_surface": 4.080610752105713,
    "strawberry_pattern": 3.0351481437683105,
    "milia_like_cysts": 2.5300209522247314,
    "comedo_like_openings": 3.941927909851074,
    "cerebriform_surface": 3.073676824569702,
    "central_white_patch": 4.372387886047363,
    "red_lacunae": 3.606379270553589,
    "healthy_skin": 1.3631782531738281
  }
}