{
  "step": 76,
  "lambda_s": 18.945254660885347,
  "n_active": 7,
  "val_balacc": 0.5302223269438279,
  "val_auc": 0.7769983852204303,
  "val_loss": 1.456592757254839,
  "train_loss": 1.450506735782561,
  "epochs_used": 7,
  "time_sec": 7.956130027770996,
  "just_eliminated": [],
  "issue4_fix": "best_within_step_checkpoint_restored",
  "norms": {
    "asymmetry": 2.8523411750793457,
    "border_irregularity": 0.0,
    "colour_variation": 0.0,
    "diameter_large": 0.0,
    "atypical_pigment_network": 2.4952330589294434,
    "blue_white_veil": 0.0,
    "atypical_vascular_pattern": 0.0,
    "irregular_streaks": 0.0,
    "irregular_pigmentation": 0.0,
    "irregular_dots_globules": 0.0,
    "regression_structures": 0.0,
    "symmetric_uniform": 0.0,
    "reticular_network": 3.5954465866088867,
    "arborizing_vessels": 0.0,
    "blue_grey_ovoid_nests": 0.0,
    "ulceration": 0.0,
    "scaly_surface": 3.0912370681762695,
    "strawberry_pattern": 0.0,
    "milia_like_cysts": 3.664271831512451,
    "comedo_like_openings": 0.0,
    "cerebriform_surface": 0.0,
    "central_white_patch": 2.870173454284668,
    "red_lacunae": 2.932462453842163,
    "healthy_skin": 0.0
  }
}