{
  "step": 9,
  "lambda_s": 1.3685690504052739,
  "n_active": 24,
  "val_balacc": 0.5849374769954424,
  "val_auc": 0.8454741235645946,
  "val_loss": 1.4349948465824127,
  "train_loss": 1.1102866626190053,
  "epochs_used": 11,
  "time_sec": 11.797396898269653,
  "just_eliminated": [],
  "issue4_fix": "best_within_step_checkpoint_restored",
  "norms": {
    "asymmetry": 4.81109094619751,
    "border_irregularity": 3.0739712715148926,
    "colour_variation": 4.68892765045166,
    "diameter_large": 4.563816070556641,
    "atypical_pigment_network": 4.6543660163879395,
    "blue_white_veil": 4.639065742492676,
    "atypical_vascular_pattern": 4.053975582122803,
    "irregular_streaks": 2.9596686363220215,
    "irregular_pigmentation": 2.135807514190674,
    "irregular_dots_globules": 3.7088117599487305,
    "regression_structures": 3.120561361312866,
    "symmetric_uniform": 3.931680917739868,
    "reticular_network": 5.523587703704834,
    "arborizing_vessels": 4.518173694610596,
    "blue_grey_ovoid_nests": 4.878703594207764,
    "ulceration": 5.012791633605957,
    "scaly_surface": 5.321574687957764,
    "strawberry_pattern": 4.274359703063965,
    "milia_like_cysts": 4.892299652099609,
    "comedo_like_openings": 5.454916477203369,
    "cerebriform_surface": 5.138972759246826,
    "central_white_patch": 5.746344566345215,
    "red_lacunae": 5.357075214385986,
    "healthy_skin": 4.776485919952393
  }
}