{
  "step": 85,
  "lambda_s": 26.96500474817131,
  "n_active": 7,
  "val_balacc": 0.5192667326936018,
  "val_auc": 0.76977140014427,
  "val_loss": 1.545701026916504,
  "train_loss": 1.4931293082730472,
  "epochs_used": 7,
  "time_sec": 8.955216407775879,
  "just_eliminated": [],
  "issue4_fix": "best_within_step_checkpoint_restored",
  "norms": {
    "asymmetry": 1.7854541540145874,
    "border_irregularity": 0.0,
    "colour_variation": 0.0,
    "diameter_large": 0.0,
    "atypical_pigment_network": 1.9776476621627808,
    "blue_white_veil": 0.0,
    "atypical_vascular_pattern": 0.0,
    "irregular_streaks": 0.0,
    "irregular_pigmentation": 0.0,
    "irregular_dots_globules": 0.0,
    "regression_structures": 0.0,
    "symmetric_uniform": 0.0,
    "reticular_network": 3.37062668800354,
    "arborizing_vessels": 0.0,
    "blue_grey_ovoid_nests": 0.0,
    "ulceration": 0.0,
    "scaly_surface": 2.734954357147217,
    "strawberry_pattern": 0.0,
    "milia_like_cysts": 2.8430755138397217,
    "comedo_like_openings": 0.0,
    "cerebriform_surface": 0.0,
    "central_white_patch": 2.577810287475586,
    "red_lacunae": 2.4432547092437744,
    "healthy_skin": 0.0
  }
}