{
  "step": 12,
  "lambda_s": 1.5394540563150783,
  "n_active": 24,
  "val_balacc": 0.5761080984177199,
  "val_auc": 0.8428767467837742,
  "val_loss": 1.4219356030225754,
  "train_loss": 1.151961763125034,
  "epochs_used": 10,
  "time_sec": 11.968021631240845,
  "just_eliminated": [],
  "issue4_fix": "best_within_step_checkpoint_restored",
  "norms": {
    "asymmetry": 4.631722927093506,
    "border_irregularity": 2.4547152519226074,
    "colour_variation": 4.476554870605469,
    "diameter_large": 4.1834940910339355,
    "atypical_pigment_network": 4.450026512145996,
    "blue_white_veil": 4.418900012969971,
    "atypical_vascular_pattern": 3.69738507270813,
    "irregular_streaks": 2.1902592182159424,
    "irregular_pigmentation": 1.2807464599609375,
    "irregular_dots_globules": 3.187678813934326,
    "regression_structures": 2.4737937450408936,
    "symmetric_uniform": 3.672384738922119,
    "reticular_network": 5.480595588684082,
    "arborizing_vessels": 4.24625825881958,
    "blue_grey_ovoid_nests": 4.5926103591918945,
    "ulceration": 4.742884635925293,
    "scaly_surface": 5.124417304992676,
    "strawberry_pattern": 4.072863578796387,
    "milia_like_cysts": 4.5887370109558105,
    "comedo_like_openings": 5.283890247344971,
    "cerebriform_surface": 4.943016529083252,
    "central_white_patch": 5.616966724395752,
    "red_lacunae": 5.122278690338135,
    "healthy_skin": 4.536482334136963
  }
}