{
  "step": 11,
  "lambda_s": 1.4802442849183444,
  "n_active": 24,
  "val_balacc": 0.5886263060577138,
  "val_auc": 0.8392724029645877,
  "val_loss": 1.423779010772705,
  "train_loss": 1.1417032719251805,
  "epochs_used": 16,
  "time_sec": 17.177030563354492,
  "just_eliminated": [],
  "issue4_fix": "best_within_step_checkpoint_restored",
  "norms": {
    "asymmetry": 4.67864465713501,
    "border_irregularity": 2.609382390975952,
    "colour_variation": 4.517462253570557,
    "diameter_large": 4.289065837860107,
    "atypical_pigment_network": 4.509211540222168,
    "blue_white_veil": 4.472287178039551,
    "atypical_vascular_pattern": 3.7698445320129395,
    "irregular_streaks": 2.4599413871765137,
    "irregular_pigmentation": 1.4953358173370361,
    "irregular_dots_globules": 3.3326914310455322,
    "regression_structures": 2.6461844444274902,
    "symmetric_uniform": 3.7049126625061035,
    "reticular_network": 5.494600296020508,
    "arborizing_vessels": 4.319436550140381,
    "blue_grey_ovoid_nests": 4.649761199951172,
    "ulceration": 4.820563793182373,
    "scaly_surface": 5.210082530975342,
    "strawberry_pattern": 4.099242210388184,
    "milia_like_cysts": 4.665469169616699,
    "comedo_like_openings": 5.318545818328857,
    "cerebriform_surface": 4.995762825012207,
    "central_white_patch": 5.644140720367432,
    "red_lacunae": 5.15305757522583,
    "healthy_skin": 4.5962700843811035
  }
}