{
  "step": 61,
  "lambda_s": 10.519627408052855,
  "n_active": 12,
  "val_balacc": 0.5259616817978551,
  "val_auc": 0.8128068572716757,
  "val_loss": 1.472905158996582,
  "train_loss": 1.3208835163723163,
  "epochs_used": 10,
  "time_sec": 10.420000076293945,
  "just_eliminated": [],
  "issue4_fix": "best_within_step_checkpoint_restored",
  "norms": {
    "asymmetry": 3.482926368713379,
    "border_irregularity": 0.0,
    "colour_variation": 0.0,
    "diameter_large": 0.0,
    "atypical_pigment_network": 3.226593017578125,
    "blue_white_veil": 0.0,
    "atypical_vascular_pattern": 0.0,
    "irregular_streaks": 0.0,
    "irregular_pigmentation": 0.0,
    "irregular_dots_globules": 0.0,
    "regression_structures": 0.0,
    "symmetric_uniform": 1.9247188568115234,
    "reticular_network": 3.5493524074554443,
    "arborizing_vessels": 0.0,
    "blue_grey_ovoid_nests": 2.2303807735443115,
    "ulceration": 2.5358474254608154,
    "scaly_surface": 3.9158711433410645,
    "strawberry_pattern": 2.155109405517578,
    "milia_like_cysts": 2.81160306930542,
    "comedo_like_openings": 2.844454050064087,
    "cerebriform_surface": 0.0,
    "central_white_patch": 3.6525895595550537,
    "red_lacunae": 2.7886924743652344,
    "healthy_skin": 0.0
  }
}