{
  "step": 34,
  "lambda_s": 3.648381096719621,
  "n_active": 19,
  "val_balacc": 0.5726952335605684,
  "val_auc": 0.8410859866050492,
  "val_loss": 1.3728180825710297,
  "train_loss": 1.1637426447879473,
  "epochs_used": 10,
  "time_sec": 11.144249439239502,
  "just_eliminated": [],
  "issue4_fix": "best_within_step_checkpoint_restored",
  "norms": {
    "asymmetry": 3.2471940517425537,
    "border_irregularity": 0.0,
    "colour_variation": 2.981581211090088,
    "diameter_large": 2.6551897525787354,
    "atypical_pigment_network": 3.5197460651397705,
    "blue_white_veil": 2.9041755199432373,
    "atypical_vascular_pattern": 0.005811246111989021,
    "irregular_streaks": 0.0,
    "irregular_pigmentation": 0.0,
    "irregular_dots_globules": 0.0,
    "regression_structures": 0.0,
    "symmetric_uniform": 2.688075542449951,
    "reticular_network": 4.66996431350708,
    "arborizing_vessels": 2.4627180099487305,
    "blue_grey_ovoid_nests": 3.2287890911102295,
    "ulceration": 3.421290159225464,
    "scaly_surface": 4.279360771179199,
    "strawberry_pattern": 3.1168787479400635,
    "milia_like_cysts": 2.8064322471618652,
    "comedo_like_openings": 4.2982659339904785,
    "cerebriform_surface": 3.5410373210906982,
    "central_white_patch": 4.66677713394165,
    "red_lacunae": 3.9179117679595947,
    "healthy_skin": 2.3902103900909424
  }
}