{
  "step": 14,
  "lambda_s": 1.6650735073103888,
  "n_active": 24,
  "val_balacc": 0.5968235814928194,
  "val_auc": 0.8423580315278333,
  "val_loss": 1.4206818044185638,
  "train_loss": 1.0617923972431988,
  "epochs_used": 15,
  "time_sec": 17.87881302833557,
  "just_eliminated": [],
  "issue4_fix": "best_within_step_checkpoint_restored",
  "norms": {
    "asymmetry": 4.551449298858643,
    "border_irregularity": 2.01696515083313,
    "colour_variation": 4.332653522491455,
    "diameter_large": 3.9648525714874268,
    "atypical_pigment_network": 4.320645332336426,
    "blue_white_veil": 4.260412693023682,
    "atypical_vascular_pattern": 3.454742193222046,
    "irregular_streaks": 1.6733367443084717,
    "irregular_pigmentation": 0.7843380570411682,
    "irregular_dots_globules": 2.8205904960632324,
    "regression_structures": 1.996978998184204,
    "symmetric_uniform": 3.475233793258667,
    "reticular_network": 5.3500261306762695,
    "arborizing_vessels": 4.065570831298828,
    "blue_grey_ovoid_nests": 4.43234395980835,
    "ulceration": 4.617462635040283,
    "scaly_surface": 5.004004955291748,
    "strawberry_pattern": 3.8956263065338135,
    "milia_like_cysts": 4.376052379608154,
    "comedo_like_openings": 5.2011308670043945,
    "cerebriform_surface": 4.779114723205566,
    "central_white_patch": 5.532711505889893,
    "red_lacunae": 4.965324878692627,
    "healthy_skin": 4.2949323654174805
  }
}