{
  "step": 7,
  "lambda_s": 1.2653190184960004,
  "n_active": 24,
  "val_balacc": 0.5984401044891969,
  "val_auc": 0.8414454719344232,
  "val_loss": 1.4288341701030731,
  "train_loss": 1.018701266085384,
  "epochs_used": 21,
  "time_sec": 21.89302968978882,
  "just_eliminated": [],
  "issue4_fix": "best_within_step_checkpoint_restored",
  "norms": {
    "asymmetry": 5.043911457061768,
    "border_irregularity": 3.882366180419922,
    "colour_variation": 5.028590679168701,
    "diameter_large": 4.997830867767334,
    "atypical_pigment_network": 4.951498508453369,
    "blue_white_veil": 4.986874103546143,
    "atypical_vascular_pattern": 4.5538740158081055,
    "irregular_streaks": 3.8122658729553223,
    "irregular_pigmentation": 3.261963367462158,
    "irregular_dots_globules": 4.349712371826172,
    "regression_structures": 3.977947235107422,
    "symmetric_uniform": 4.3881635665893555,
    "reticular_network": 5.652955055236816,
    "arborizing_vessels": 4.830657482147217,
    "blue_grey_ovoid_nests": 5.253328800201416,
    "ulceration": 5.396373271942139,
    "scaly_surface": 5.609034538269043,
    "strawberry_pattern": 4.653656959533691,
    "milia_like_cysts": 5.329699993133545,
    "comedo_like_openings": 5.70086145401001,
    "cerebriform_surface": 5.426822185516357,
    "central_white_patch": 5.9142866134643555,
    "red_lacunae": 5.654397010803223,
    "healthy_skin": 5.13408088684082
  }
}