{
  "step": 44,
  "lambda_s": 5.40049526762334,
  "n_active": 18,
  "val_balacc": 0.5811578813914953,
  "val_auc": 0.8332829239712903,
  "val_loss": 1.417529832571745,
  "train_loss": 1.212200349922554,
  "epochs_used": 8,
  "time_sec": 9.328204154968262,
  "just_eliminated": [],
  "issue4_fix": "best_within_step_checkpoint_restored",
  "norms": {
    "asymmetry": 3.0862793922424316,
    "border_irregularity": 0.0,
    "colour_variation": 1.8837238550186157,
    "diameter_large": 2.4624409675598145,
    "atypical_pigment_network": 3.2958736419677734,
    "blue_white_veil": 2.335038423538208,
    "atypical_vascular_pattern": 0.0,
    "irregular_streaks": 0.0,
    "irregular_pigmentation": 0.0,
    "irregular_dots_globules": 0.0,
    "regression_structures": 0.0,
    "symmetric_uniform": 2.4354443550109863,
    "reticular_network": 4.341856956481934,
    "arborizing_vessels": 1.4972648620605469,
    "blue_grey_ovoid_nests": 2.891787052154541,
    "ulceration": 3.016589403152466,
    "scaly_surface": 3.978135585784912,
    "strawberry_pattern": 2.919860601425171,
    "milia_like_cysts": 2.4474360942840576,
    "comedo_like_openings": 3.854519844055176,
    "cerebriform_surface": 2.8982739448547363,
    "central_white_patch": 4.253077983856201,
    "red_lacunae": 3.531254768371582,
    "healthy_skin": 0.9013350605964661
  }
}