{
  "step": 59,
  "lambda_s": 9.725986878747092,
  "n_active": 12,
  "val_balacc": 0.5227525107198329,
  "val_auc": 0.8093081907730069,
  "val_loss": 1.4703745320439339,
  "train_loss": 1.3263916471435042,
  "epochs_used": 7,
  "time_sec": 7.476759433746338,
  "just_eliminated": [],
  "issue4_fix": "best_within_step_checkpoint_restored",
  "norms": {
    "asymmetry": 3.4736721515655518,
    "border_irregularity": 0.0,
    "colour_variation": 0.0,
    "diameter_large": 0.0,
    "atypical_pigment_network": 3.2585527896881104,
    "blue_white_veil": 0.0,
    "atypical_vascular_pattern": 0.0,
    "irregular_streaks": 0.0,
    "irregular_pigmentation": 0.0,
    "irregular_dots_globules": 0.0,
    "regression_structures": 0.0,
    "symmetric_uniform": 1.853916049003601,
    "reticular_network": 3.6617183685302734,
    "arborizing_vessels": 0.0,
    "blue_grey_ovoid_nests": 2.231431007385254,
    "ulceration": 2.566736936569214,
    "scaly_surface": 4.0242180824279785,
    "strawberry_pattern": 2.2572968006134033,
    "milia_like_cysts": 2.7040114402770996,
    "comedo_like_openings": 2.9047794342041016,
    "cerebriform_surface": 0.0,
    "central_white_patch": 3.6847875118255615,
    "red_lacunae": 2.929964780807495,
    "healthy_skin": 0.0
  }
}