{
  "step": 72,
  "lambda_s": 16.19448308425024,
  "n_active": 7,
  "val_balacc": 0.5286379402372036,
  "val_auc": 0.7786350921720411,
  "val_loss": 1.4430897235870361,
  "train_loss": 1.429022290543832,
  "epochs_used": 11,
  "time_sec": 12.267269849777222,
  "just_eliminated": [],
  "issue4_fix": "best_within_step_checkpoint_restored",
  "norms": {
    "asymmetry": 2.9452290534973145,
    "border_irregularity": 0.0,
    "colour_variation": 0.0,
    "diameter_large": 0.0,
    "atypical_pigment_network": 2.5443460941314697,
    "blue_white_veil": 0.0,
    "atypical_vascular_pattern": 0.0,
    "irregular_streaks": 0.0,
    "irregular_pigmentation": 0.0,
    "irregular_dots_globules": 0.0,
    "regression_structures": 0.0,
    "symmetric_uniform": 0.0,
    "reticular_network": 3.6755998134613037,
    "arborizing_vessels": 0.0,
    "blue_grey_ovoid_nests": 0.0,
    "ulceration": 0.0,
    "scaly_surface": 3.1139473915100098,
    "strawberry_pattern": 0.0,
    "milia_like_cysts": 3.817686080932617,
    "comedo_like_openings": 0.0,
    "cerebriform_surface": 0.0,
    "central_white_patch": 2.885380983352661,
    "red_lacunae": 2.8988263607025146,
    "healthy_skin": 0.0
  }
}