{
  "step": 52,
  "lambda_s": 7.390950680129451,
  "n_active": 14,
  "val_balacc": 0.5514243616494008,
  "val_auc": 0.8239900065071439,
  "val_loss": 1.4538116715848446,
  "train_loss": 1.2832954459658379,
  "epochs_used": 8,
  "time_sec": 10.16286826133728,
  "just_eliminated": [],
  "issue4_fix": "best_within_step_checkpoint_restored",
  "norms": {
    "asymmetry": 3.361966371536255,
    "border_irregularity": 0.0,
    "colour_variation": 0.0,
    "diameter_large": 1.7510987520217896,
    "atypical_pigment_network": 3.303706645965576,
    "blue_white_veil": 0.0,
    "atypical_vascular_pattern": 0.0,
    "irregular_streaks": 0.0,
    "irregular_pigmentation": 0.0,
    "irregular_dots_globules": 0.0,
    "regression_structures": 0.0,
    "symmetric_uniform": 2.243832588195801,
    "reticular_network": 3.7908143997192383,
    "arborizing_vessels": 0.0,
    "blue_grey_ovoid_nests": 2.5009822845458984,
    "ulceration": 2.7279460430145264,
    "scaly_surface": 4.015057563781738,
    "strawberry_pattern": 2.783535957336426,
    "milia_like_cysts": 2.5285847187042236,
    "comedo_like_openings": 3.401068925857544,
    "cerebriform_surface": 1.300223469734192,
    "central_white_patch": 3.8279459476470947,
    "red_lacunae": 3.1648366451263428,
    "healthy_skin": 0.0
  }
}