{
  "step": 73,
  "lambda_s": 16.84226240762025,
  "n_active": 7,
  "val_balacc": 0.5155415129172993,
  "val_auc": 0.7796256074326918,
  "val_loss": 1.4459802117198706,
  "train_loss": 1.4653728270645663,
  "epochs_used": 8,
  "time_sec": 8.783993005752563,
  "just_eliminated": [],
  "issue4_fix": "best_within_step_checkpoint_restored",
  "norms": {
    "asymmetry": 2.879514694213867,
    "border_irregularity": 0.0,
    "colour_variation": 0.0,
    "diameter_large": 0.0,
    "atypical_pigment_network": 2.592686891555786,
    "blue_white_veil": 0.0,
    "atypical_vascular_pattern": 0.0,
    "irregular_streaks": 0.0,
    "irregular_pigmentation": 0.0,
    "irregular_dots_globules": 0.0,
    "regression_structures": 0.0,
    "symmetric_uniform": 0.0,
    "reticular_network": 3.6662662029266357,
    "arborizing_vessels": 0.0,
    "blue_grey_ovoid_nests": 0.0,
    "ulceration": 0.0,
    "scaly_surface": 3.063232660293579,
    "strawberry_pattern": 0.0,
    "milia_like_cysts": 3.7485833168029785,
    "comedo_like_openings": 0.0,
    "cerebriform_surface": 0.0,
    "central_white_patch": 2.806191921234131,
    "red_lacunae": 2.906005382537842,
    "healthy_skin": 0.0
  }
}