{
  "step": 3,
  "lambda_s": 1.0816000000000001,
  "n_active": 24,
  "val_balacc": 0.5884118852630416,
  "val_auc": 0.8382260104161127,
  "val_loss": 1.430711418390274,
  "train_loss": 1.1071983171039652,
  "epochs_used": 18,
  "time_sec": 19.186241149902344,
  "just_eliminated": [],
  "issue4_fix": "best_within_step_checkpoint_restored",
  "norms": {
    "asymmetry": 5.551166534423828,
    "border_irregularity": 5.0531229972839355,
    "colour_variation": 5.649288654327393,
    "diameter_large": 5.746853351593018,
    "atypical_pigment_network": 5.584033012390137,
    "blue_white_veil": 5.519568920135498,
    "atypical_vascular_pattern": 5.291297435760498,
    "irregular_streaks": 5.08224630355835,
    "irregular_pigmentation": 4.608937740325928,
    "irregular_dots_globules": 5.354589462280273,
    "regression_structures": 5.169668674468994,
    "symmetric_uniform": 5.174257278442383,
    "reticular_network": 5.960984230041504,
    "arborizing_vessels": 5.411498069763184,
    "blue_grey_ovoid_nests": 5.901497840881348,
    "ulceration": 6.095450401306152,
    "scaly_surface": 6.045587062835693,
    "strawberry_pattern": 5.30092716217041,
    "milia_like_cysts": 6.018756866455078,
    "comedo_like_openings": 6.135617256164551,
    "cerebriform_surface": 5.897297382354736,
    "central_white_patch": 6.14580774307251,
    "red_lacunae": 6.201487064361572,
    "healthy_skin": 5.725471019744873
  }
}