{
  "step": 51,
  "lambda_s": 7.106683346278317,
  "n_active": 14,
  "val_balacc": 0.5490755372896594,
  "val_auc": 0.8276821344992492,
  "val_loss": 1.4454175233840942,
  "train_loss": 1.2360699826515116,
  "epochs_used": 8,
  "time_sec": 10.067934036254883,
  "just_eliminated": [],
  "issue4_fix": "best_within_step_checkpoint_restored",
  "norms": {
    "asymmetry": 3.401376247406006,
    "border_irregularity": 0.0,
    "colour_variation": 0.0,
    "diameter_large": 1.8312625885009766,
    "atypical_pigment_network": 3.2832071781158447,
    "blue_white_veil": 0.0,
    "atypical_vascular_pattern": 0.0,
    "irregular_streaks": 0.0,
    "irregular_pigmentation": 0.0,
    "irregular_dots_globules": 0.0,
    "regression_structures": 0.0,
    "symmetric_uniform": 2.2016656398773193,
    "reticular_network": 3.8337769508361816,
    "arborizing_vessels": 0.0,
    "blue_grey_ovoid_nests": 2.5288619995117188,
    "ulceration": 2.7576494216918945,
    "scaly_surface": 4.031501293182373,
    "strawberry_pattern": 2.795015335083008,
    "milia_like_cysts": 2.547191858291626,
    "comedo_like_openings": 3.443481922149658,
    "cerebriform_surface": 1.4374288320541382,
    "central_white_patch": 3.839315414428711,
    "red_lacunae": 3.2371184825897217,
    "healthy_skin": 0.0
  }
}