{
  "step": 10,
  "lambda_s": 1.423311812421485,
  "n_active": 24,
  "val_balacc": 0.5849236602062106,
  "val_auc": 0.8403206423251198,
  "val_loss": 1.433987446129322,
  "train_loss": 1.1710345092949368,
  "epochs_used": 8,
  "time_sec": 8.66508960723877,
  "just_eliminated": [],
  "issue4_fix": "best_within_step_checkpoint_restored",
  "norms": {
    "asymmetry": 4.773676872253418,
    "border_irregularity": 2.983318328857422,
    "colour_variation": 4.635592460632324,
    "diameter_large": 4.515644550323486,
    "atypical_pigment_network": 4.617916107177734,
    "blue_white_veil": 4.611780643463135,
    "atypical_vascular_pattern": 3.998426914215088,
    "irregular_streaks": 2.854170322418213,
    "irregular_pigmentation": 2.034891128540039,
    "irregular_dots_globules": 3.6535422801971436,
    "regression_structures": 3.0431177616119385,
    "symmetric_uniform": 3.8909521102905273,
    "reticular_network": 5.536232948303223,
    "arborizing_vessels": 4.479806423187256,
    "blue_grey_ovoid_nests": 4.829281330108643,
    "ulceration": 4.973963260650635,
    "scaly_surface": 5.30691385269165,
    "strawberry_pattern": 4.255959987640381,
    "milia_like_cysts": 4.838033199310303,
    "comedo_like_openings": 5.453406810760498,
    "cerebriform_surface": 5.1075897216796875,
    "central_white_patch": 5.706686019897461,
    "red_lacunae": 5.339964389801025,
    "healthy_skin": 4.756903171539307
  }
}