{
  "step": 45,
  "lambda_s": 5.616515078328274,
  "n_active": 18,
  "val_balacc": 0.5646623535737929,
  "val_auc": 0.8335693762727553,
  "val_loss": 1.444093942642212,
  "train_loss": 1.217248187556128,
  "epochs_used": 8,
  "time_sec": 9.560717582702637,
  "just_eliminated": [],
  "issue4_fix": "best_within_step_checkpoint_restored",
  "norms": {
    "asymmetry": 3.092963218688965,
    "border_irregularity": 0.0,
    "colour_variation": 1.7025777101516724,
    "diameter_large": 2.355804204940796,
    "atypical_pigment_network": 3.2475903034210205,
    "blue_white_veil": 2.308361768722534,
    "atypical_vascular_pattern": 0.0,
    "irregular_streaks": 0.0,
    "irregular_pigmentation": 0.0,
    "irregular_dots_globules": 0.0,
    "regression_structures": 0.0,
    "symmetric_uniform": 2.4084129333496094,
    "reticular_network": 4.298233509063721,
    "arborizing_vessels": 1.3896297216415405,
    "blue_grey_ovoid_nests": 2.850630044937134,
    "ulceration": 3.000563621520996,
    "scaly_surface": 4.0237603187561035,
    "strawberry_pattern": 2.865285873413086,
    "milia_like_cysts": 2.4476630687713623,
    "comedo_like_openings": 3.8006961345672607,
    "cerebriform_surface": 2.857248544692993,
    "central_white_patch": 4.258533954620361,
    "red_lacunae": 3.5271494388580322,
    "healthy_skin": 0.599251389503479
  }
}