{
  "step": 33,
  "lambda_s": 3.508058746845789,
  "n_active": 19,
  "val_balacc": 0.5819257170563296,
  "val_auc": 0.8394983872959989,
  "val_loss": 1.3749114461243153,
  "train_loss": 1.13252657482238,
  "epochs_used": 8,
  "time_sec": 8.781256437301636,
  "just_eliminated": [],
  "issue4_fix": "best_within_step_checkpoint_restored",
  "norms": {
    "asymmetry": 3.3846583366394043,
    "border_irregularity": 0.0,
    "colour_variation": 3.1040146350860596,
    "diameter_large": 2.739525318145752,
    "atypical_pigment_network": 3.5834133625030518,
    "blue_white_veil": 2.9646575450897217,
    "atypical_vascular_pattern": 0.29762697219848633,
    "irregular_streaks": 0.0,
    "irregular_pigmentation": 0.0,
    "irregular_dots_globules": 0.0,
    "regression_structures": 0.0,
    "symmetric_uniform": 2.7498128414154053,
    "reticular_network": 4.727124214172363,
    "arborizing_vessels": 2.570573329925537,
    "blue_grey_ovoid_nests": 3.267467498779297,
    "ulceration": 3.477090358734131,
    "scaly_surface": 4.31025505065918,
    "strawberry_pattern": 3.2087836265563965,
    "milia_like_cysts": 2.8815581798553467,
    "comedo_like_openings": 4.391129970550537,
    "cerebriform_surface": 3.6011765003204346,
    "central_white_patch": 4.719274044036865,
    "red_lacunae": 4.010312557220459,
    "healthy_skin": 2.5154125690460205
  }
}