{
  "step": 24,
  "lambda_s": 2.464715543165146,
  "n_active": 20,
  "val_balacc": 0.575979595950985,
  "val_auc": 0.8398445360732154,
  "val_loss": 1.3679067008197308,
  "train_loss": 1.1519775640391547,
  "epochs_used": 8,
  "time_sec": 8.573644876480103,
  "just_eliminated": [],
  "issue4_fix": "best_within_step_checkpoint_restored",
  "norms": {
    "asymmetry": 3.912025213241577,
    "border_irregularity": 0.0,
    "colour_variation": 3.5821356773376465,
    "diameter_large": 3.056626558303833,
    "atypical_pigment_network": 3.8598203659057617,
    "blue_white_veil": 3.476393222808838,
    "atypical_vascular_pattern": 1.8912394046783447,
    "irregular_streaks": 0.0,
    "irregular_pigmentation": 0.0,
    "irregular_dots_globules": 0.6795564293861389,
    "regression_structures": 0.0,
    "symmetric_uniform": 2.886920928955078,
    "reticular_network": 4.897106647491455,
    "arborizing_vessels": 3.1930758953094482,
    "blue_grey_ovoid_nests": 3.583209991455078,
    "ulceration": 3.9298994541168213,
    "scaly_surface": 4.542449474334717,
    "strawberry_pattern": 3.418393611907959,
    "milia_like_cysts": 3.41104793548584,
    "comedo_like_openings": 4.630755424499512,
    "cerebriform_surface": 4.07023286819458,
    "central_white_patch": 5.003631114959717,
    "red_lacunae": 4.363239765167236,
    "healthy_skin": 3.35679292678833
  }
}