{
  "step": 4,
  "lambda_s": 1.124864,
  "n_active": 24,
  "val_balacc": 0.596592431211737,
  "val_auc": 0.843930597243271,
  "val_loss": 1.4471787363290787,
  "train_loss": 1.2054803657910005,
  "epochs_used": 10,
  "time_sec": 10.983729839324951,
  "just_eliminated": [],
  "issue4_fix": "best_within_step_checkpoint_restored",
  "norms": {
    "asymmetry": 5.460399627685547,
    "border_irregularity": 4.873701095581055,
    "colour_variation": 5.550674915313721,
    "diameter_large": 5.6559367179870605,
    "atypical_pigment_network": 5.465336322784424,
    "blue_white_veil": 5.457464218139648,
    "atypical_vascular_pattern": 5.1870832443237305,
    "irregular_streaks": 4.874484539031982,
    "irregular_pigmentation": 4.398810386657715,
    "irregular_dots_globules": 5.213651180267334,
    "regression_structures": 5.007297515869141,
    "symmetric_uniform": 5.047846794128418,
    "reticular_network": 5.902847766876221,
    "arborizing_vessels": 5.325105667114258,
    "blue_grey_ovoid_nests": 5.802032470703125,
    "ulceration": 6.0084614753723145,
    "scaly_surface": 5.981899738311768,
    "strawberry_pattern": 5.206801414489746,
    "milia_like_cysts": 5.929304599761963,
    "comedo_like_openings": 6.071953296661377,
    "cerebriform_surface": 5.832170009613037,
    "central_white_patch": 6.13368558883667,
    "red_lacunae": 6.110616683959961,
    "healthy_skin": 5.630652904510498
  }
}