{
  "step": 25,
  "lambda_s": 2.5633041648917523,
  "n_active": 20,
  "val_balacc": 0.5985339661450092,
  "val_auc": 0.8445341525950437,
  "val_loss": 1.3653892502188683,
  "train_loss": 1.0957669387395506,
  "epochs_used": 13,
  "time_sec": 16.06632423400879,
  "just_eliminated": [],
  "issue4_fix": "best_within_step_checkpoint_restored",
  "norms": {
    "asymmetry": 3.7960739135742188,
    "border_irregularity": 0.0,
    "colour_variation": 3.504887819290161,
    "diameter_large": 3.019426107406616,
    "atypical_pigment_network": 3.7839081287384033,
    "blue_white_veil": 3.3488340377807617,
    "atypical_vascular_pattern": 1.565744161605835,
    "irregular_streaks": 0.0,
    "irregular_pigmentation": 0.0,
    "irregular_dots_globules": 0.13307803869247437,
    "regression_structures": 0.0,
    "symmetric_uniform": 2.8625543117523193,
    "reticular_network": 4.8679656982421875,
    "arborizing_vessels": 3.081404209136963,
    "blue_grey_ovoid_nests": 3.5761775970458984,
    "ulceration": 3.83948016166687,
    "scaly_surface": 4.5030670166015625,
    "strawberry_pattern": 3.3485307693481445,
    "milia_like_cysts": 3.2806918621063232,
    "comedo_like_openings": 4.595313549041748,
    "cerebriform_surface": 4.003621578216553,
    "central_white_patch": 4.975809574127197,
    "red_lacunae": 4.2862348556518555,
    "healthy_skin": 3.2432806491851807
  }
}