{
  "step": 56,
  "lambda_s": 8.64636691968726,
  "n_active": 14,
  "val_balacc": 0.5236859213645781,
  "val_auc": 0.8197105026023199,
  "val_loss": 1.4702299162745476,
  "train_loss": 1.2895816794115234,
  "epochs_used": 10,
  "time_sec": 11.431959867477417,
  "just_eliminated": [],
  "issue4_fix": "best_within_step_checkpoint_restored",
  "norms": {
    "asymmetry": 3.3421034812927246,
    "border_irregularity": 0.0,
    "colour_variation": 0.0,
    "diameter_large": 1.4716154336929321,
    "atypical_pigment_network": 3.2193355560302734,
    "blue_white_veil": 0.0,
    "atypical_vascular_pattern": 0.0,
    "irregular_streaks": 0.0,
    "irregular_pigmentation": 0.0,
    "irregular_dots_globules": 0.0,
    "regression_structures": 0.0,
    "symmetric_uniform": 2.121274471282959,
    "reticular_network": 3.7268388271331787,
    "arborizing_vessels": 0.0,
    "blue_grey_ovoid_nests": 2.3514411449432373,
    "ulceration": 2.6276793479919434,
    "scaly_surface": 4.0305256843566895,
    "strawberry_pattern": 2.696173667907715,
    "milia_like_cysts": 2.5730464458465576,
    "comedo_like_openings": 3.1783995628356934,
    "cerebriform_surface": 0.002596875187009573,
    "central_white_patch": 3.745703935623169,
    "red_lacunae": 3.078192949295044,
    "healthy_skin": 0.0
  }
}