{
  "step": 29,
  "lambda_s": 2.998703319182268,
  "n_active": 19,
  "val_balacc": 0.575509545970324,
  "val_auc": 0.8382249295655034,
  "val_loss": 1.3535658456385136,
  "train_loss": 1.1525372602387411,
  "epochs_used": 8,
  "time_sec": 8.701366901397705,
  "just_eliminated": [],
  "issue4_fix": "best_within_step_checkpoint_restored",
  "norms": {
    "asymmetry": 3.5225467681884766,
    "border_irregularity": 0.0,
    "colour_variation": 3.296067953109741,
    "diameter_large": 2.8510944843292236,
    "atypical_pigment_network": 3.655360460281372,
    "blue_white_veil": 3.1095950603485107,
    "atypical_vascular_pattern": 0.6787004470825195,
    "irregular_streaks": 0.0,
    "irregular_pigmentation": 0.0,
    "irregular_dots_globules": 0.0,
    "regression_structures": 0.0,
    "symmetric_uniform": 2.7942512035369873,
    "reticular_network": 4.810612678527832,
    "arborizing_vessels": 2.7920567989349365,
    "blue_grey_ovoid_nests": 3.3529093265533447,
    "ulceration": 3.673583984375,
    "scaly_surface": 4.385194778442383,
    "strawberry_pattern": 3.2979047298431396,
    "milia_like_cysts": 3.025200605392456,
    "comedo_like_openings": 4.4960784912109375,
    "cerebriform_surface": 3.770219326019287,
    "central_white_patch": 4.7625346183776855,
    "red_lacunae": 4.150875568389893,
    "healthy_skin": 2.7745935916900635
  }
}