{
  "step": 23,
  "lambda_s": 2.369918791504948,
  "n_active": 20,
  "val_balacc": 0.5719575800270587,
  "val_auc": 0.8412755021025333,
  "val_loss": 1.3529523611068726,
  "train_loss": 1.1620869565888983,
  "epochs_used": 8,
  "time_sec": 8.548600196838379,
  "just_eliminated": [],
  "issue4_fix": "best_within_step_checkpoint_restored",
  "norms": {
    "asymmetry": 3.9241461753845215,
    "border_irregularity": 0.0,
    "colour_variation": 3.5852863788604736,
    "diameter_large": 3.0537667274475098,
    "atypical_pigment_network": 3.8864574432373047,
    "blue_white_veil": 3.4979400634765625,
    "atypical_vascular_pattern": 1.9862048625946045,
    "irregular_streaks": 0.0,
    "irregular_pigmentation": 0.0,
    "irregular_dots_globules": 0.8601317405700684,
    "regression_structures": 0.0,
    "symmetric_uniform": 2.8826346397399902,
    "reticular_network": 4.911194324493408,
    "arborizing_vessels": 3.218930721282959,
    "blue_grey_ovoid_nests": 3.6125142574310303,
    "ulceration": 3.925248622894287,
    "scaly_surface": 4.519582271575928,
    "strawberry_pattern": 3.4330456256866455,
    "milia_like_cysts": 3.4607205390930176,
    "comedo_like_openings": 4.658233642578125,
    "cerebriform_surface": 4.090807914733887,
    "central_white_patch": 5.035137176513672,
    "red_lacunae": 4.377676010131836,
    "healthy_skin": 3.3768551349639893
  }
}