{
  "step": 77,
  "lambda_s": 19.703064847320764,
  "n_active": 7,
  "val_balacc": 0.5249323172677931,
  "val_auc": 0.7774330546718385,
  "val_loss": 1.4624682366847992,
  "train_loss": 1.440965225563429,
  "epochs_used": 7,
  "time_sec": 8.117063760757446,
  "just_eliminated": [],
  "issue4_fix": "best_within_step_checkpoint_restored",
  "norms": {
    "asymmetry": 2.7437496185302734,
    "border_irregularity": 0.0,
    "colour_variation": 0.0,
    "diameter_large": 0.0,
    "atypical_pigment_network": 2.4682657718658447,
    "blue_white_veil": 0.0,
    "atypical_vascular_pattern": 0.0,
    "irregular_streaks": 0.0,
    "irregular_pigmentation": 0.0,
    "irregular_dots_globules": 0.0,
    "regression_structures": 0.0,
    "symmetric_uniform": 0.0,
    "reticular_network": 3.5818612575531006,
    "arborizing_vessels": 0.0,
    "blue_grey_ovoid_nests": 0.0,
    "ulceration": 0.0,
    "scaly_surface": 3.035712480545044,
    "strawberry_pattern": 0.0,
    "milia_like_cysts": 3.573399305343628,
    "comedo_like_openings": 0.0,
    "cerebriform_surface": 0.0,
    "central_white_patch": 2.8222815990448,
    "red_lacunae": 2.968217134475708,
    "healthy_skin": 0.0
  }
}