{
  "step": 16,
  "lambda_s": 1.8009435055069165,
  "n_active": 24,
  "val_balacc": 0.5783864495791643,
  "val_auc": 0.8405609535907741,
  "val_loss": 1.4536750465631485,
  "train_loss": 1.1492689481547729,
  "epochs_used": 7,
  "time_sec": 8.972881555557251,
  "just_eliminated": [],
  "issue4_fix": "best_within_step_checkpoint_restored",
  "norms": {
    "asymmetry": 4.455096244812012,
    "border_irregularity": 1.432408094406128,
    "colour_variation": 4.210294246673584,
    "diameter_large": 3.7011213302612305,
    "atypical_pigment_network": 4.250518321990967,
    "blue_white_veil": 4.126670837402344,
    "atypical_vascular_pattern": 3.1673800945281982,
    "irregular_streaks": 1.010986089706421,
    "irregular_pigmentation": 0.3398873507976532,
    "irregular_dots_globules": 2.3803558349609375,
    "regression_structures": 1.4277100563049316,
    "symmetric_uniform": 3.2854156494140625,
    "reticular_network": 5.294978618621826,
    "arborizing_vessels": 3.8970179557800293,
    "blue_grey_ovoid_nests": 4.227561950683594,
    "ulceration": 4.422330856323242,
    "scaly_surface": 4.91402530670166,
    "strawberry_pattern": 3.7464311122894287,
    "milia_like_cysts": 4.188872337341309,
    "comedo_like_openings": 5.145933151245117,
    "cerebriform_surface": 4.6240034103393555,
    "central_white_patch": 5.443211555480957,
    "red_lacunae": 4.783881664276123,
    "healthy_skin": 4.136062145233154
  }
}