{
  "step": 65,
  "lambda_s": 12.306476171321247,
  "n_active": 12,
  "val_balacc": 0.5093135199340877,
  "val_auc": 0.802940120703174,
  "val_loss": 1.4950336329638958,
  "train_loss": 1.3626617557580818,
  "epochs_used": 7,
  "time_sec": 7.492390394210815,
  "just_eliminated": [],
  "issue4_fix": "best_within_step_checkpoint_restored",
  "norms": {
    "asymmetry": 3.418447732925415,
    "border_irregularity": 0.0,
    "colour_variation": 0.0,
    "diameter_large": 0.0,
    "atypical_pigment_network": 3.0606496334075928,
    "blue_white_veil": 0.0,
    "atypical_vascular_pattern": 0.0,
    "irregular_streaks": 0.0,
    "irregular_pigmentation": 0.0,
    "irregular_dots_globules": 0.0,
    "regression_structures": 0.0,
    "symmetric_uniform": 1.7025002241134644,
    "reticular_network": 3.5269510746002197,
    "arborizing_vessels": 0.0,
    "blue_grey_ovoid_nests": 1.9933736324310303,
    "ulceration": 2.369149923324585,
    "scaly_surface": 3.832102060317993,
    "strawberry_pattern": 1.871924877166748,
    "milia_like_cysts": 2.832066535949707,
    "comedo_like_openings": 2.7907216548919678,
    "cerebriform_surface": 0.0,
    "central_white_patch": 3.6080446243286133,
    "red_lacunae": 2.752434253692627,
    "healthy_skin": 0.0
  }
}