{
  "step": 49,
  "lambda_s": 6.570528241751402,
  "n_active": 14,
  "val_balacc": 0.5552953667024989,
  "val_auc": 0.8262681657974089,
  "val_loss": 1.4492720440030098,
  "train_loss": 1.2556629420661838,
  "epochs_used": 8,
  "time_sec": 9.907132148742676,
  "just_eliminated": [],
  "issue4_fix": "best_within_step_checkpoint_restored",
  "norms": {
    "asymmetry": 3.372851610183716,
    "border_irregularity": 0.0,
    "colour_variation": 0.0,
    "diameter_large": 1.8402531147003174,
    "atypical_pigment_network": 3.223897933959961,
    "blue_white_veil": 0.0,
    "atypical_vascular_pattern": 0.0,
    "irregular_streaks": 0.0,
    "irregular_pigmentation": 0.0,
    "irregular_dots_globules": 0.0,
    "regression_structures": 0.0,
    "symmetric_uniform": 2.2907044887542725,
    "reticular_network": 3.863628625869751,
    "arborizing_vessels": 0.0,
    "blue_grey_ovoid_nests": 2.530172348022461,
    "ulceration": 2.741274118423462,
    "scaly_surface": 4.028615951538086,
    "strawberry_pattern": 2.8265185356140137,
    "milia_like_cysts": 2.5125772953033447,
    "comedo_like_openings": 3.4308907985687256,
    "cerebriform_surface": 1.6046456098556519,
    "central_white_patch": 3.8683550357818604,
    "red_lacunae": 3.284010410308838,
    "healthy_skin": 0.0
  }
}