{
  "step": 15,
  "lambda_s": 1.7316764476028044,
  "n_active": 24,
  "val_balacc": 0.598259131843146,
  "val_auc": 0.8425471744291988,
  "val_loss": 1.4169268682599068,
  "train_loss": 1.1333503493960082,
  "epochs_used": 18,
  "time_sec": 22.041369676589966,
  "just_eliminated": [],
  "issue4_fix": "best_within_step_checkpoint_restored",
  "norms": {
    "asymmetry": 4.4615936279296875,
    "border_irregularity": 1.4872901439666748,
    "colour_variation": 4.221078872680664,
    "diameter_large": 3.716917037963867,
    "atypical_pigment_network": 4.251803398132324,
    "blue_white_veil": 4.153198719024658,
    "atypical_vascular_pattern": 3.2099671363830566,
    "irregular_streaks": 1.1043013334274292,
    "irregular_pigmentation": 0.3458614945411682,
    "irregular_dots_globules": 2.403917074203491,
    "regression_structures": 1.4714138507843018,
    "symmetric_uniform": 3.3186028003692627,
    "reticular_network": 5.284294605255127,
    "arborizing_vessels": 3.9137110710144043,
    "blue_grey_ovoid_nests": 4.2393975257873535,
    "ulceration": 4.436254978179932,
    "scaly_surface": 4.918230056762695,
    "strawberry_pattern": 3.7404041290283203,
    "milia_like_cysts": 4.2065019607543945,
    "comedo_like_openings": 5.130255222320557,
    "cerebriform_surface": 4.645651340484619,
    "central_white_patch": 5.435909748077393,
    "red_lacunae": 4.81976842880249,
    "healthy_skin": 4.140903472900391
  }
}