{
  "step": 41,
  "lambda_s": 4.801020627936657,
  "n_active": 18,
  "val_balacc": 0.5609242006281778,
  "val_auc": 0.8349779286495971,
  "val_loss": 1.411456037312746,
  "train_loss": 1.215467710353331,
  "epochs_used": 7,
  "time_sec": 8.137299537658691,
  "just_eliminated": [],
  "issue4_fix": "best_within_step_checkpoint_restored",
  "norms": {
    "asymmetry": 3.1302905082702637,
    "border_irregularity": 0.0,
    "colour_variation": 2.311840295791626,
    "diameter_large": 2.533676862716675,
    "atypical_pigment_network": 3.3083388805389404,
    "blue_white_veil": 2.5377485752105713,
    "atypical_vascular_pattern": 0.0,
    "irregular_streaks": 0.0,
    "irregular_pigmentation": 0.0,
    "irregular_dots_globules": 0.0,
    "regression_structures": 0.0,
    "symmetric_uniform": 2.5647475719451904,
    "reticular_network": 4.519142150878906,
    "arborizing_vessels": 1.9047077894210815,
    "blue_grey_ovoid_nests": 3.0069284439086914,
    "ulceration": 3.149137496948242,
    "scaly_surface": 4.1875433921813965,
    "strawberry_pattern": 3.0975797176361084,
    "milia_like_cysts": 2.566610097885132,
    "comedo_like_openings": 3.9712352752685547,
    "cerebriform_surface": 3.141292095184326,
    "central_white_patch": 4.442737579345703,
    "red_lacunae": 3.643707036972046,
    "healthy_skin": 1.5458598136901855
  }
}