{
  "step": 38,
  "lambda_s": 4.268089856139636,
  "n_active": 18,
  "val_balacc": 0.5636271408652277,
  "val_auc": 0.837748463788719,
  "val_loss": 1.3866259083151817,
  "train_loss": 1.195417639292831,
  "epochs_used": 7,
  "time_sec": 8.240355730056763,
  "just_eliminated": [],
  "issue4_fix": "best_within_step_checkpoint_restored",
  "norms": {
    "asymmetry": 3.170661449432373,
    "border_irregularity": 0.0,
    "colour_variation": 2.5279226303100586,
    "diameter_large": 2.6422979831695557,
    "atypical_pigment_network": 3.3637473583221436,
    "blue_white_veil": 2.645254611968994,
    "atypical_vascular_pattern": 0.0,
    "irregular_streaks": 0.0,
    "irregular_pigmentation": 0.0,
    "irregular_dots_globules": 0.0,
    "regression_structures": 0.0,
    "symmetric_uniform": 2.641435146331787,
    "reticular_network": 4.572149753570557,
    "arborizing_vessels": 2.0975382328033447,
    "blue_grey_ovoid_nests": 3.0480031967163086,
    "ulceration": 3.2293946743011475,
    "scaly_surface": 4.230299472808838,
    "strawberry_pattern": 3.084106683731079,
    "milia_like_cysts": 2.679413080215454,
    "comedo_like_openings": 4.113852500915527,
    "cerebriform_surface": 3.241877794265747,
    "central_white_patch": 4.52170991897583,
    "red_lacunae": 3.713414192199707,
    "healthy_skin": 1.832031011581421
  }
}