{
  "step": 81,
  "lambda_s": 23.04979906987329,
  "n_active": 7,
  "val_balacc": 0.5256923203342632,
  "val_auc": 0.7733097996693001,
  "val_loss": 1.499250702559948,
  "train_loss": 1.4571348286691175,
  "epochs_used": 7,
  "time_sec": 8.614004611968994,
  "just_eliminated": [],
  "issue4_fix": "best_within_step_checkpoint_restored",
  "norms": {
    "asymmetry": 2.3779304027557373,
    "border_irregularity": 0.0,
    "colour_variation": 0.0,
    "diameter_large": 0.0,
    "atypical_pigment_network": 2.2165026664733887,
    "blue_white_veil": 0.0,
    "atypical_vascular_pattern": 0.0,
    "irregular_streaks": 0.0,
    "irregular_pigmentation": 0.0,
    "irregular_dots_globules": 0.0,
    "regression_structures": 0.0,
    "symmetric_uniform": 0.0,
    "reticular_network": 3.522059679031372,
    "arborizing_vessels": 0.0,
    "blue_grey_ovoid_nests": 0.0,
    "ulceration": 0.0,
    "scaly_surface": 2.87619686126709,
    "strawberry_pattern": 0.0,
    "milia_like_cysts": 3.2796854972839355,
    "comedo_like_openings": 0.0,
    "cerebriform_surface": 0.0,
    "central_white_patch": 2.613089084625244,
    "red_lacunae": 2.8042449951171875,
    "healthy_skin": 0.0
  }
}