{
  "step": 62,
  "lambda_s": 10.94041250437497,
  "n_active": 12,
  "val_balacc": 0.5229918019762225,
  "val_auc": 0.8068872941940202,
  "val_loss": 1.4972224906086922,
  "train_loss": 1.3194912264109362,
  "epochs_used": 9,
  "time_sec": 9.27982211112976,
  "just_eliminated": [],
  "issue4_fix": "best_within_step_checkpoint_restored",
  "norms": {
    "asymmetry": 3.4759042263031006,
    "border_irregularity": 0.0,
    "colour_variation": 0.0,
    "diameter_large": 0.0,
    "atypical_pigment_network": 3.0960609912872314,
    "blue_white_veil": 0.0,
    "atypical_vascular_pattern": 0.0,
    "irregular_streaks": 0.0,
    "irregular_pigmentation": 0.0,
    "irregular_dots_globules": 0.0,
    "regression_structures": 0.0,
    "symmetric_uniform": 1.6709154844284058,
    "reticular_network": 3.573549747467041,
    "arborizing_vessels": 0.0,
    "blue_grey_ovoid_nests": 2.025639533996582,
    "ulceration": 2.533785820007324,
    "scaly_surface": 3.8192808628082275,
    "strawberry_pattern": 1.9871406555175781,
    "milia_like_cysts": 2.68876314163208,
    "comedo_like_openings": 2.751160144805908,
    "cerebriform_surface": 0.0,
    "central_white_patch": 3.636892080307007,
    "red_lacunae": 2.7593538761138916,
    "healthy_skin": 0.0
  }
}