{
  "step": 60,
  "lambda_s": 10.115026353896976,
  "n_active": 12,
  "val_balacc": 0.52612771682711,
  "val_auc": 0.8113258193546236,
  "val_loss": 1.471353892236948,
  "train_loss": 1.3421301525958238,
  "epochs_used": 8,
  "time_sec": 8.423864603042603,
  "just_eliminated": [],
  "issue4_fix": "best_within_step_checkpoint_restored",
  "norms": {
    "asymmetry": 3.5434648990631104,
    "border_irregularity": 0.0,
    "colour_variation": 0.0,
    "diameter_large": 0.0,
    "atypical_pigment_network": 3.2611451148986816,
    "blue_white_veil": 0.0,
    "atypical_vascular_pattern": 0.0,
    "irregular_streaks": 0.0,
    "irregular_pigmentation": 0.0,
    "irregular_dots_globules": 0.0,
    "regression_structures": 0.0,
    "symmetric_uniform": 1.8834774494171143,
    "reticular_network": 3.5430262088775635,
    "arborizing_vessels": 0.0,
    "blue_grey_ovoid_nests": 2.2887022495269775,
    "ulceration": 2.538923740386963,
    "scaly_surface": 4.027498722076416,
    "strawberry_pattern": 2.272270917892456,
    "milia_like_cysts": 2.675062894821167,
    "comedo_like_openings": 2.897130250930786,
    "cerebriform_surface": 0.0,
    "central_white_patch": 3.69399356842041,
    "red_lacunae": 2.9346938133239746,
    "healthy_skin": 0.0
  }
}