{
  "step": 28,
  "lambda_s": 2.883368576136796,
  "n_active": 19,
  "val_balacc": 0.5781137807935434,
  "val_auc": 0.8416774509733951,
  "val_loss": 1.3470964021980762,
  "train_loss": 1.1722276727933316,
  "epochs_used": 9,
  "time_sec": 9.881407737731934,
  "just_eliminated": [],
  "issue4_fix": "best_within_step_checkpoint_restored",
  "norms": {
    "asymmetry": 3.592155933380127,
    "border_irregularity": 0.0,
    "colour_variation": 3.3547749519348145,
    "diameter_large": 2.8809142112731934,
    "atypical_pigment_network": 3.6787731647491455,
    "blue_white_veil": 3.131513833999634,
    "atypical_vascular_pattern": 0.7335589528083801,
    "irregular_streaks": 0.0,
    "irregular_pigmentation": 0.0,
    "irregular_dots_globules": 0.0,
    "regression_structures": 0.0,
    "symmetric_uniform": 2.7792606353759766,
    "reticular_network": 4.800002098083496,
    "arborizing_vessels": 2.841508626937866,
    "blue_grey_ovoid_nests": 3.387399673461914,
    "ulceration": 3.6882028579711914,
    "scaly_surface": 4.385891914367676,
    "strawberry_pattern": 3.3099167346954346,
    "milia_like_cysts": 3.076002597808838,
    "comedo_like_openings": 4.506078243255615,
    "cerebriform_surface": 3.8114054203033447,
    "central_white_patch": 4.794098377227783,
    "red_lacunae": 4.171557903289795,
    "healthy_skin": 2.8317198753356934
  }
}