{
  "step": 2,
  "lambda_s": 1.04,
  "n_active": 24,
  "val_balacc": 0.588388763843276,
  "val_auc": 0.8372124327162432,
  "val_loss": 1.4385348409414291,
  "train_loss": 1.1007559996849827,
  "epochs_used": 25,
  "time_sec": 26.939175367355347,
  "just_eliminated": [],
  "issue4_fix": "best_within_step_checkpoint_restored",
  "norms": {
    "asymmetry": 5.82417631149292,
    "border_irregularity": 5.551590442657471,
    "colour_variation": 5.974973201751709,
    "diameter_large": 6.041810035705566,
    "atypical_pigment_network": 5.907440662384033,
    "blue_white_veil": 5.781246185302734,
    "atypical_vascular_pattern": 5.606865406036377,
    "irregular_streaks": 5.553474426269531,
    "irregular_pigmentation": 5.077254295349121,
    "irregular_dots_globules": 5.757781505584717,
    "regression_structures": 5.650010108947754,
    "symmetric_uniform": 5.490860939025879,
    "reticular_network": 6.11933708190918,
    "arborizing_vessels": 5.661912441253662,
    "blue_grey_ovoid_nests": 6.209909439086914,
    "ulceration": 6.406671047210693,
    "scaly_surface": 6.2441511154174805,
    "strawberry_pattern": 5.617209434509277,
    "milia_like_cysts": 6.378563404083252,
    "comedo_like_openings": 6.3214263916015625,
    "cerebriform_surface": 6.114034175872803,
    "central_white_patch": 6.217484951019287,
    "red_lacunae": 6.432657241821289,
    "healthy_skin": 5.960659980773926
  }
}