{
  "step": 32,
  "lambda_s": 3.3731334104286432,
  "n_active": 19,
  "val_balacc": 0.5678249707679931,
  "val_auc": 0.8393217547306423,
  "val_loss": 1.3665443994104862,
  "train_loss": 1.1869210964191903,
  "epochs_used": 8,
  "time_sec": 8.653055906295776,
  "just_eliminated": [],
  "issue4_fix": "best_within_step_checkpoint_restored",
  "norms": {
    "asymmetry": 3.407687187194824,
    "border_irregularity": 0.0,
    "colour_variation": 3.1541805267333984,
    "diameter_large": 2.737811326980591,
    "atypical_pigment_network": 3.6039018630981445,
    "blue_white_veil": 2.992685079574585,
    "atypical_vascular_pattern": 0.37197020649909973,
    "irregular_streaks": 0.0,
    "irregular_pigmentation": 0.0,
    "irregular_dots_globules": 0.0,
    "regression_structures": 0.0,
    "symmetric_uniform": 2.7788028717041016,
    "reticular_network": 4.766186714172363,
    "arborizing_vessels": 2.6020030975341797,
    "blue_grey_ovoid_nests": 3.305683135986328,
    "ulceration": 3.53240966796875,
    "scaly_surface": 4.348905086517334,
    "strawberry_pattern": 3.232640027999878,
    "milia_like_cysts": 2.9342386722564697,
    "comedo_like_openings": 4.374413967132568,
    "cerebriform_surface": 3.622309684753418,
    "central_white_patch": 4.739080905914307,
    "red_lacunae": 4.045316219329834,
    "healthy_skin": 2.5886616706848145
  }
}