{
  "step": 78,
  "lambda_s": 20.491187441213594,
  "n_active": 7,
  "val_balacc": 0.5234303097204547,
  "val_auc": 0.7778178821316518,
  "val_loss": 1.4782644510269165,
  "train_loss": 1.469330684025044,
  "epochs_used": 7,
  "time_sec": 8.081343173980713,
  "just_eliminated": [],
  "issue4_fix": "best_within_step_checkpoint_restored",
  "norms": {
    "asymmetry": 2.647017002105713,
    "border_irregularity": 0.0,
    "colour_variation": 0.0,
    "diameter_large": 0.0,
    "atypical_pigment_network": 2.4225852489471436,
    "blue_white_veil": 0.0,
    "atypical_vascular_pattern": 0.0,
    "irregular_streaks": 0.0,
    "irregular_pigmentation": 0.0,
    "irregular_dots_globules": 0.0,
    "regression_structures": 0.0,
    "symmetric_uniform": 0.0,
    "reticular_network": 3.5591630935668945,
    "arborizing_vessels": 0.0,
    "blue_grey_ovoid_nests": 0.0,
    "ulceration": 0.0,
    "scaly_surface": 2.946180582046509,
    "strawberry_pattern": 0.0,
    "milia_like_cysts": 3.458672046661377,
    "comedo_like_openings": 0.0,
    "cerebriform_surface": 0.0,
    "central_white_patch": 2.773705244064331,
    "red_lacunae": 2.9031763076782227,
    "healthy_skin": 0.0
  }
}