{
  "step": 54,
  "lambda_s": 7.994052255628014,
  "n_active": 14,
  "val_balacc": 0.5411818996027346,
  "val_auc": 0.8212810267833778,
  "val_loss": 1.483589317649603,
  "train_loss": 1.282651040320041,
  "epochs_used": 7,
  "time_sec": 8.515740156173706,
  "just_eliminated": [],
  "issue4_fix": "best_within_step_checkpoint_restored",
  "norms": {
    "asymmetry": 3.421884059906006,
    "border_irregularity": 0.0,
    "colour_variation": 0.0,
    "diameter_large": 1.7387492656707764,
    "atypical_pigment_network": 3.256762981414795,
    "blue_white_veil": 0.0,
    "atypical_vascular_pattern": 0.0,
    "irregular_streaks": 0.0,
    "irregular_pigmentation": 0.0,
    "irregular_dots_globules": 0.0,
    "regression_structures": 0.0,
    "symmetric_uniform": 2.207334041595459,
    "reticular_network": 3.7363133430480957,
    "arborizing_vessels": 0.0,
    "blue_grey_ovoid_nests": 2.5475053787231445,
    "ulceration": 2.7205002307891846,
    "scaly_surface": 4.002405643463135,
    "strawberry_pattern": 2.8374147415161133,
    "milia_like_cysts": 2.5044736862182617,
    "comedo_like_openings": 3.3960301876068115,
    "cerebriform_surface": 1.056119441986084,
    "central_white_patch": 3.851508855819702,
    "red_lacunae": 3.1276841163635254,
    "healthy_skin": 0.0
  }
}