{
  "step": 19,
  "lambda_s": 2.0258165153785326,
  "n_active": 24,
  "val_balacc": 0.5853328062679564,
  "val_auc": 0.8416229458097308,
  "val_loss": 1.4857282117009163,
  "train_loss": 1.1128523511266537,
  "epochs_used": 7,
  "time_sec": 8.30688190460205,
  "just_eliminated": [],
  "issue4_fix": "best_within_step_checkpoint_restored",
  "norms": {
    "asymmetry": 4.392408847808838,
    "border_irregularity": 1.2814656496047974,
    "colour_variation": 4.166021347045898,
    "diameter_large": 3.6615476608276367,
    "atypical_pigment_network": 4.195221900939941,
    "blue_white_veil": 4.073454856872559,
    "atypical_vascular_pattern": 3.113335132598877,
    "irregular_streaks": 0.812899649143219,
    "irregular_pigmentation": 0.288425475358963,
    "irregular_dots_globules": 2.300846815109253,
    "regression_structures": 1.299816608428955,
    "symmetric_uniform": 3.2591986656188965,
    "reticular_network": 5.261647701263428,
    "arborizing_vessels": 3.8134450912475586,
    "blue_grey_ovoid_nests": 4.173501968383789,
    "ulceration": 4.391162395477295,
    "scaly_surface": 4.858861446380615,
    "strawberry_pattern": 3.691937208175659,
    "milia_like_cysts": 4.147249698638916,
    "comedo_like_openings": 5.138466835021973,
    "cerebriform_surface": 4.600367069244385,
    "central_white_patch": 5.395432949066162,
    "red_lacunae": 4.7638840675354,
    "healthy_skin": 4.082934379577637
  }
}