{
  "step": 30,
  "lambda_s": 3.118651451949559,
  "n_active": 19,
  "val_balacc": 0.5903359832298612,
  "val_auc": 0.8410631490969441,
  "val_loss": 1.3544779606163502,
  "train_loss": 1.1551230203161567,
  "epochs_used": 7,
  "time_sec": 7.900743246078491,
  "just_eliminated": [],
  "issue4_fix": "best_within_step_checkpoint_restored",
  "norms": {
    "asymmetry": 3.5154647827148438,
    "border_irregularity": 0.0,
    "colour_variation": 3.2854983806610107,
    "diameter_large": 2.834686279296875,
    "atypical_pigment_network": 3.652266502380371,
    "blue_white_veil": 3.118452548980713,
    "atypical_vascular_pattern": 0.6201243996620178,
    "irregular_streaks": 0.0,
    "irregular_pigmentation": 0.0,
    "irregular_dots_globules": 0.0,
    "regression_structures": 0.0,
    "symmetric_uniform": 2.789031744003296,
    "reticular_network": 4.820903301239014,
    "arborizing_vessels": 2.797367572784424,
    "blue_grey_ovoid_nests": 3.3452377319335938,
    "ulceration": 3.67972731590271,
    "scaly_surface": 4.354639053344727,
    "strawberry_pattern": 3.2935688495635986,
    "milia_like_cysts": 3.01065993309021,
    "comedo_like_openings": 4.446659564971924,
    "cerebriform_surface": 3.7496895790100098,
    "central_white_patch": 4.790816783905029,
    "red_lacunae": 4.157876491546631,
    "healthy_skin": 2.7491838932037354
  }
}