{
  "condition": "sparsity_only",
  "seeds_run": [
    42
  ],
  "n_steps_per_seed": [
    60
  ],
  "dense_val_balacc": [
    0.6129831038022565
  ],
  "elapsed_min_per_seed": [
    12.82264899412791
  ],
  "avg_sec_per_step": [
    12.807500588893891
  ],
  "total_elapsed_min": 13.925404063860576,
  "budget_exceeded": false,
  "completed_at": "2026-06-06T06:36:13.116946+00:00"
}