{
  "step": 55,
  "lambda_s": 8.313814345853135,
  "n_active": 13,
  "val_balacc": 0.4895702547835773,
  "val_auc": 0.8043713100013704,
  "val_loss": 1.4316431917250156,
  "train_loss": 1.291557371513838,
  "epochs_used": 9,
  "time_sec": 10.166868686676025,
  "just_eliminated": [],
  "issue4_fix": "best_within_step_checkpoint_restored",
  "norms": {
    "asymmetry": 2.8250374794006348,
    "border_irregularity": 0.0,
    "colour_variation": 0.0,
    "diameter_large": 1.8848627805709839,
    "atypical_pigment_network": 2.503977060317993,
    "blue_white_veil": 0.0,
    "atypical_vascular_pattern": 0.0,
    "irregular_streaks": 0.0,
    "irregular_pigmentation": 0.0,
    "irregular_dots_globules": 2.6664023399353027,
    "regression_structures": 0.0,
    "symmetric_uniform": 0.0,
    "reticular_network": 4.333319664001465,
    "arborizing_vessels": 2.8288159370422363,
    "blue_grey_ovoid_nests": 3.05403733253479,
    "ulceration": 1.9448477029800415,
    "scaly_surface": 3.6264419555664062,
    "strawberry_pattern": 2.151956796646118,
    "milia_like_cysts": 3.7887799739837646,
    "comedo_like_openings": 0.0,
    "cerebriform_surface": 0.0,
    "central_white_patch": 4.173494338989258,
    "red_lacunae": 3.511385917663574,
    "healthy_skin": 0.0
  }
}