{
  "step": 48,
  "lambda_s": 6.317815617068656,
  "n_active": 14,
  "val_balacc": 0.5127363050437265,
  "val_auc": 0.8088949976945804,
  "val_loss": 1.4015746265649796,
  "train_loss": 1.2017863491161247,
  "epochs_used": 12,
  "time_sec": 13.095046520233154,
  "just_eliminated": [],
  "issue4_fix": "best_within_step_checkpoint_restored",
  "norms": {
    "asymmetry": 2.908526659011841,
    "border_irregularity": 0.0,
    "colour_variation": 0.0,
    "diameter_large": 2.157785177230835,
    "atypical_pigment_network": 2.719522476196289,
    "blue_white_veil": 0.0,
    "atypical_vascular_pattern": 0.0,
    "irregular_streaks": 0.0,
    "irregular_pigmentation": 0.0,
    "irregular_dots_globules": 2.7970237731933594,
    "regression_structures": 0.0,
    "symmetric_uniform": 0.0,
    "reticular_network": 4.548325061798096,
    "arborizing_vessels": 2.8128206729888916,
    "blue_grey_ovoid_nests": 3.1946327686309814,
    "ulceration": 2.313105583190918,
    "scaly_surface": 4.0279645919799805,
    "strawberry_pattern": 2.722576141357422,
    "milia_like_cysts": 3.8307387828826904,
    "comedo_like_openings": 0.0,
    "cerebriform_surface": 0.0,
    "central_white_patch": 4.27191162109375,
    "red_lacunae": 3.8642427921295166,
    "healthy_skin": 2.088801145553589
  }
}