{
  "step": 50,
  "lambda_s": 6.833349371421459,
  "n_active": 14,
  "val_balacc": 0.5005343089485246,
  "val_auc": 0.8068318683858191,
  "val_loss": 1.4103906899690628,
  "train_loss": 1.2652309637315764,
  "epochs_used": 8,
  "time_sec": 8.814177989959717,
  "just_eliminated": [],
  "issue4_fix": "best_within_step_checkpoint_restored",
  "norms": {
    "asymmetry": 2.904238700866699,
    "border_irregularity": 0.0,
    "colour_variation": 0.0,
    "diameter_large": 2.004085063934326,
    "atypical_pigment_network": 2.7024896144866943,
    "blue_white_veil": 0.0,
    "atypical_vascular_pattern": 0.0,
    "irregular_streaks": 0.0,
    "irregular_pigmentation": 0.0,
    "irregular_dots_globules": 2.7378580570220947,
    "regression_structures": 0.0,
    "symmetric_uniform": 0.0,
    "reticular_network": 4.518365859985352,
    "arborizing_vessels": 2.832146167755127,
    "blue_grey_ovoid_nests": 3.143760919570923,
    "ulceration": 2.1775686740875244,
    "scaly_surface": 3.888651132583618,
    "strawberry_pattern": 2.5930216312408447,
    "milia_like_cysts": 3.767827272415161,
    "comedo_like_openings": 0.0,
    "cerebriform_surface": 0.0,
    "central_white_patch": 4.194846153259277,
    "red_lacunae": 3.6986923217773438,
    "healthy_skin": 1.3808506727218628
  }
}