{
  "step": 24,
  "lambda_s": 2.464715543165146,
  "n_active": 23,
  "val_balacc": 0.4947195792284594,
  "val_auc": 0.814413151539969,
  "val_loss": 1.4596096277236938,
  "train_loss": 1.118058222322561,
  "epochs_used": 7,
  "time_sec": 10.072855472564697,
  "just_eliminated": [],
  "issue4_fix": "best_within_step_checkpoint_restored",
  "norms": {
    "asymmetry": 4.200780391693115,
    "border_irregularity": 0.0,
    "colour_variation": 3.326725959777832,
    "diameter_large": 2.6068992614746094,
    "atypical_pigment_network": 4.228080749511719,
    "blue_white_veil": 4.2395124435424805,
    "atypical_vascular_pattern": 3.3684964179992676,
    "irregular_streaks": 0.21271011233329773,
    "irregular_pigmentation": 2.294205904006958,
    "irregular_dots_globules": 3.5965466499328613,
    "regression_structures": 1.934255599975586,
    "symmetric_uniform": 3.2470052242279053,
    "reticular_network": 5.52195405960083,
    "arborizing_vessels": 3.718172788619995,
    "blue_grey_ovoid_nests": 4.44809103012085,
    "ulceration": 3.6208674907684326,
    "scaly_surface": 5.003623008728027,
    "strawberry_pattern": 3.8738818168640137,
    "milia_like_cysts": 4.1184282302856445,
    "comedo_like_openings": 3.1958186626434326,
    "cerebriform_surface": 4.122926235198975,
    "central_white_patch": 4.636372089385986,
    "red_lacunae": 5.121505260467529,
    "healthy_skin": 4.272575378417969
  }
}