{
  "step": 80,
  "lambda_s": 22.163268336416625,
  "n_active": 8,
  "val_balacc": 0.4606294116013615,
  "val_auc": 0.7527479021367471,
  "val_loss": 1.5076932646334171,
  "train_loss": 1.4464423844178642,
  "epochs_used": 7,
  "time_sec": 7.5177834033966064,
  "just_eliminated": [],
  "issue4_fix": "best_within_step_checkpoint_restored",
  "norms": {
    "asymmetry": 1.6219613552093506,
    "border_irregularity": 0.0,
    "colour_variation": 0.0,
    "diameter_large": 0.0,
    "atypical_pigment_network": 0.0,
    "blue_white_veil": 0.0,
    "atypical_vascular_pattern": 0.0,
    "irregular_streaks": 0.0,
    "irregular_pigmentation": 0.0,
    "irregular_dots_globules": 1.4329255819320679,
    "regression_structures": 0.0,
    "symmetric_uniform": 0.0,
    "reticular_network": 3.8058247566223145,
    "arborizing_vessels": 1.6880215406417847,
    "blue_grey_ovoid_nests": 0.0,
    "ulceration": 0.0,
    "scaly_surface": 2.1422719955444336,
    "strawberry_pattern": 0.0,
    "milia_like_cysts": 3.227412700653076,
    "comedo_like_openings": 0.0,
    "cerebriform_surface": 0.0,
    "central_white_patch": 2.995814085006714,
    "red_lacunae": 2.5775980949401855,
    "healthy_skin": 0.0
  }
}