{
  "step": 75,
  "lambda_s": 18.216591020082063,
  "n_active": 9,
  "val_balacc": 0.48153421271168273,
  "val_auc": 0.7681984297336978,
  "val_loss": 1.4775134902447462,
  "train_loss": 1.4108924168362293,
  "epochs_used": 7,
  "time_sec": 7.447258949279785,
  "just_eliminated": [],
  "issue4_fix": "best_within_step_checkpoint_restored",
  "norms": {
    "asymmetry": 2.0860533714294434,
    "border_irregularity": 0.0,
    "colour_variation": 0.0,
    "diameter_large": 0.0,
    "atypical_pigment_network": 0.0,
    "blue_white_veil": 0.0,
    "atypical_vascular_pattern": 0.0,
    "irregular_streaks": 0.0,
    "irregular_pigmentation": 0.0,
    "irregular_dots_globules": 1.7773072719573975,
    "regression_structures": 0.0,
    "symmetric_uniform": 0.0,
    "reticular_network": 3.91691517829895,
    "arborizing_vessels": 2.2819697856903076,
    "blue_grey_ovoid_nests": 1.4858424663543701,
    "ulceration": 0.0,
    "scaly_surface": 2.494824171066284,
    "strawberry_pattern": 0.0,
    "milia_like_cysts": 3.2709827423095703,
    "comedo_like_openings": 0.0,
    "cerebriform_surface": 0.0,
    "central_white_patch": 3.2301952838897705,
    "red_lacunae": 2.887906074523926,
    "healthy_skin": 0.0
  }
}