{
  "step": 67,
  "lambda_s": 13.310684626901063,
  "n_active": 9,
  "val_balacc": 0.46958100435087324,
  "val_auc": 0.782183856010333,
  "val_loss": 1.4113511480391026,
  "train_loss": 1.351734336453364,
  "epochs_used": 8,
  "time_sec": 8.677746295928955,
  "just_eliminated": [],
  "issue4_fix": "best_within_step_checkpoint_restored",
  "norms": {
    "asymmetry": 2.504531145095825,
    "border_irregularity": 0.0,
    "colour_variation": 0.0,
    "diameter_large": 0.0,
    "atypical_pigment_network": 0.0,
    "blue_white_veil": 0.0,
    "atypical_vascular_pattern": 0.0,
    "irregular_streaks": 0.0,
    "irregular_pigmentation": 0.0,
    "irregular_dots_globules": 2.2921948432922363,
    "regression_structures": 0.0,
    "symmetric_uniform": 0.0,
    "reticular_network": 4.11013650894165,
    "arborizing_vessels": 2.729538679122925,
    "blue_grey_ovoid_nests": 2.415536642074585,
    "ulceration": 0.0,
    "scaly_surface": 3.20526385307312,
    "strawberry_pattern": 0.0,
    "milia_like_cysts": 3.6113083362579346,
    "comedo_like_openings": 0.0,
    "cerebriform_surface": 0.0,
    "central_white_patch": 3.6475729942321777,
    "red_lacunae": 3.123978614807129,
    "healthy_skin": 0.0
  }
}