{
  "step": 23,
  "lambda_s": 2.369918791504948,
  "n_active": 23,
  "val_balacc": 0.5086657682896403,
  "val_auc": 0.8131556935394145,
  "val_loss": 1.469458244740963,
  "train_loss": 1.1151740942083364,
  "epochs_used": 7,
  "time_sec": 7.781608819961548,
  "just_eliminated": [],
  "issue4_fix": "best_within_step_checkpoint_restored",
  "norms": {
    "asymmetry": 4.225051403045654,
    "border_irregularity": 0.0,
    "colour_variation": 3.3488333225250244,
    "diameter_large": 2.647583246231079,
    "atypical_pigment_network": 4.254288196563721,
    "blue_white_veil": 4.260311603546143,
    "atypical_vascular_pattern": 3.3833811283111572,
    "irregular_streaks": 0.24776333570480347,
    "irregular_pigmentation": 2.3222551345825195,
    "irregular_dots_globules": 3.6424970626831055,
    "regression_structures": 1.977212905883789,
    "symmetric_uniform": 3.2587709426879883,
    "reticular_network": 5.525218486785889,
    "arborizing_vessels": 3.72283935546875,
    "blue_grey_ovoid_nests": 4.466500759124756,
    "ulceration": 3.6478681564331055,
    "scaly_surface": 5.036637306213379,
    "strawberry_pattern": 3.8912196159362793,
    "milia_like_cysts": 4.143176555633545,
    "comedo_like_openings": 3.2304632663726807,
    "cerebriform_surface": 4.157989501953125,
    "central_white_patch": 4.639653205871582,
    "red_lacunae": 5.138545036315918,
    "healthy_skin": 4.291149139404297
  }
}