{
  "step": 20,
  "lambda_s": 2.106849175993674,
  "n_active": 24,
  "val_balacc": 0.5048169047630716,
  "val_auc": 0.815658205151483,
  "val_loss": 1.4840740039944649,
  "train_loss": 1.0969378946533979,
  "epochs_used": 8,
  "time_sec": 9.655133485794067,
  "just_eliminated": [],
  "issue4_fix": "best_within_step_checkpoint_restored",
  "norms": {
    "asymmetry": 4.317993640899658,
    "border_irregularity": 0.21614450216293335,
    "colour_variation": 3.624630928039551,
    "diameter_large": 2.8234288692474365,
    "atypical_pigment_network": 4.303494930267334,
    "blue_white_veil": 4.439042568206787,
    "atypical_vascular_pattern": 3.6233882904052734,
    "irregular_streaks": 1.1315709352493286,
    "irregular_pigmentation": 2.6537928581237793,
    "irregular_dots_globules": 3.8509466648101807,
    "regression_structures": 2.3089680671691895,
    "symmetric_uniform": 3.41027569770813,
    "reticular_network": 5.6499247550964355,
    "arborizing_vessels": 3.954030752182007,
    "blue_grey_ovoid_nests": 4.623264312744141,
    "ulceration": 3.778212547302246,
    "scaly_surface": 5.143440246582031,
    "strawberry_pattern": 4.04443359375,
    "milia_like_cysts": 4.269193649291992,
    "comedo_like_openings": 3.492825984954834,
    "cerebriform_surface": 4.353242874145508,
    "central_white_patch": 4.731420993804932,
    "red_lacunae": 5.296780109405518,
    "healthy_skin": 4.405747413635254
  }
}