{
  "step": 34,
  "lambda_s": 3.648381096719621,
  "n_active": 21,
  "val_balacc": 0.4912553149986966,
  "val_auc": 0.8121238864944997,
  "val_loss": 1.4615312963724136,
  "train_loss": 1.1965986958139105,
  "epochs_used": 10,
  "time_sec": 11.576855659484863,
  "just_eliminated": [],
  "issue4_fix": "best_within_step_checkpoint_restored",
  "norms": {
    "asymmetry": 3.528308629989624,
    "border_irregularity": 0.0,
    "colour_variation": 1.592680811882019,
    "diameter_large": 2.154829978942871,
    "atypical_pigment_network": 3.380232810974121,
    "blue_white_veil": 2.8709802627563477,
    "atypical_vascular_pattern": 1.5598376989364624,
    "irregular_streaks": 0.0,
    "irregular_pigmentation": 0.36865749955177307,
    "irregular_dots_globules": 2.735788106918335,
    "regression_structures": 0.0,
    "symmetric_uniform": 2.419316053390503,
    "reticular_network": 5.029345989227295,
    "arborizing_vessels": 2.9144792556762695,
    "blue_grey_ovoid_nests": 3.8220252990722656,
    "ulceration": 2.751335382461548,
    "scaly_surface": 4.451788425445557,
    "strawberry_pattern": 3.384381055831909,
    "milia_like_cysts": 3.8404347896575928,
    "comedo_like_openings": 1.3119980096817017,
    "cerebriform_surface": 2.980665922164917,
    "central_white_patch": 4.316461563110352,
    "red_lacunae": 4.509237289428711,
    "healthy_skin": 3.754552125930786
  }
}