{
  "step": 16,
  "lambda_s": 1.8009435055069165,
  "n_active": 24,
  "val_balacc": 0.49781406786113214,
  "val_auc": 0.8181351264250155,
  "val_loss": 1.4356761947274208,
  "train_loss": 1.105213642921925,
  "epochs_used": 12,
  "time_sec": 14.797543048858643,
  "just_eliminated": [],
  "issue4_fix": "best_within_step_checkpoint_restored",
  "norms": {
    "asymmetry": 4.624329090118408,
    "border_irregularity": 1.4738504886627197,
    "colour_variation": 4.220168113708496,
    "diameter_large": 3.2455873489379883,
    "atypical_pigment_network": 4.421727180480957,
    "blue_white_veil": 4.789224624633789,
    "atypical_vascular_pattern": 4.113319396972656,
    "irregular_streaks": 2.3762972354888916,
    "irregular_pigmentation": 3.2853150367736816,
    "irregular_dots_globules": 4.3219780921936035,
    "regression_structures": 2.9333913326263428,
    "symmetric_uniform": 3.8026070594787598,
    "reticular_network": 5.830012321472168,
    "arborizing_vessels": 4.398496150970459,
    "blue_grey_ovoid_nests": 4.912968158721924,
    "ulceration": 4.187591552734375,
    "scaly_surface": 5.427793502807617,
    "strawberry_pattern": 4.313310623168945,
    "milia_like_cysts": 4.553400039672852,
    "comedo_like_openings": 3.8631961345672607,
    "cerebriform_surface": 4.639824390411377,
    "central_white_patch": 5.026391506195068,
    "red_lacunae": 5.470413684844971,
    "healthy_skin": 4.693749904632568
  }
}