{
  "step": 5,
  "lambda_s": 1.1698585600000002,
  "n_active": 24,
  "val_balacc": 0.497912252934638,
  "val_auc": 0.8115261061615009,
  "val_loss": 1.4474420323967934,
  "train_loss": 1.1694901766117147,
  "epochs_used": 27,
  "time_sec": 28.29665732383728,
  "just_eliminated": [],
  "issue4_fix": "best_within_step_checkpoint_restored",
  "norms": {
    "asymmetry": 5.531198501586914,
    "border_irregularity": 4.262712478637695,
    "colour_variation": 5.607298374176025,
    "diameter_large": 4.464649677276611,
    "atypical_pigment_network": 5.170299053192139,
    "blue_white_veil": 5.694680690765381,
    "atypical_vascular_pattern": 5.101042747497559,
    "irregular_streaks": 4.284428119659424,
    "irregular_pigmentation": 5.0424394607543945,
    "irregular_dots_globules": 5.518279552459717,
    "regression_structures": 4.688415050506592,
    "symmetric_uniform": 5.155097007751465,
    "reticular_network": 6.280016899108887,
    "arborizing_vessels": 5.522587776184082,
    "blue_grey_ovoid_nests": 5.752532958984375,
    "ulceration": 5.25063419342041,
    "scaly_surface": 6.263531684875488,
    "strawberry_pattern": 5.433700084686279,
    "milia_like_cysts": 5.66810417175293,
    "comedo_like_openings": 5.150272369384766,
    "cerebriform_surface": 5.348198413848877,
    "central_white_patch": 6.071511268615723,
    "red_lacunae": 6.152441024780273,
    "healthy_skin": 5.721993446350098
  }
}