{
  "step": 1,
  "lambda_s": 1.0,
  "n_active": 24,
  "val_balacc": 0.5228501146588411,
  "val_auc": 0.8176885125480137,
  "val_loss": 1.4997261390089989,
  "train_loss": 1.0753547067470715,
  "epochs_used": 29,
  "time_sec": 32.41218280792236,
  "just_eliminated": [],
  "issue4_fix": "best_within_step_checkpoint_restored",
  "norms": {
    "asymmetry": 6.5029144287109375,
    "border_irregularity": 6.12074089050293,
    "colour_variation": 6.608246326446533,
    "diameter_large": 5.610113143920898,
    "atypical_pigment_network": 6.108237266540527,
    "blue_white_veil": 6.559421539306641,
    "atypical_vascular_pattern": 6.270289897918701,
    "irregular_streaks": 5.944862365722656,
    "irregular_pigmentation": 6.506580352783203,
    "irregular_dots_globules": 6.643399715423584,
    "regression_structures": 6.181591987609863,
    "symmetric_uniform": 6.34589147567749,
    "reticular_network": 6.787588596343994,
    "arborizing_vessels": 6.44033670425415,
    "blue_grey_ovoid_nests": 6.66278076171875,
    "ulceration": 6.23421049118042,
    "scaly_surface": 6.958765506744385,
    "strawberry_pattern": 6.382645130157471,
    "milia_like_cysts": 6.631967067718506,
    "comedo_like_openings": 6.283348083496094,
    "cerebriform_surface": 5.977190017700195,
    "central_white_patch": 6.953685283660889,
    "red_lacunae": 6.798960208892822,
    "healthy_skin": 6.5517377853393555
  }
}