{
  "step": 40,
  "lambda_s": 4.616365988400632,
  "n_active": 17,
  "val_balacc": 0.4935495945990008,
  "val_auc": 0.8117306114450804,
  "val_loss": 1.4177037104964256,
  "train_loss": 1.172189964513652,
  "epochs_used": 7,
  "time_sec": 8.515117883682251,
  "just_eliminated": [],
  "issue4_fix": "best_within_step_checkpoint_restored",
  "norms": {
    "asymmetry": 3.2380504608154297,
    "border_irregularity": 0.0,
    "colour_variation": 0.0,
    "diameter_large": 2.1767656803131104,
    "atypical_pigment_network": 2.649693489074707,
    "blue_white_veil": 0.8532864451408386,
    "atypical_vascular_pattern": 0.0,
    "irregular_streaks": 0.0,
    "irregular_pigmentation": 0.0,
    "irregular_dots_globules": 2.796546220779419,
    "regression_structures": 0.0,
    "symmetric_uniform": 1.6580173969268799,
    "reticular_network": 4.833307266235352,
    "arborizing_vessels": 2.6420745849609375,
    "blue_grey_ovoid_nests": 3.4568541049957275,
    "ulceration": 2.4798781871795654,
    "scaly_surface": 4.280735015869141,
    "strawberry_pattern": 3.1779119968414307,
    "milia_like_cysts": 3.922621488571167,
    "comedo_like_openings": 0.0,
    "cerebriform_surface": 1.1684552431106567,
    "central_white_patch": 4.299962997436523,
    "red_lacunae": 4.25791597366333,
    "healthy_skin": 3.6013758182525635
  }
}