{
  "step": 4,
  "lambda_s": 1.124864,
  "n_active": 24,
  "val_balacc": 0.4938067487532676,
  "val_auc": 0.8178598468823153,
  "val_loss": 1.46070946007967,
  "train_loss": 1.0848061085120135,
  "epochs_used": 11,
  "time_sec": 11.765571355819702,
  "just_eliminated": [],
  "issue4_fix": "best_within_step_checkpoint_restored",
  "norms": {
    "asymmetry": 5.9446892738342285,
    "border_irregularity": 5.124748229980469,
    "colour_variation": 6.077515125274658,
    "diameter_large": 4.940918922424316,
    "atypical_pigment_network": 5.550976276397705,
    "blue_white_veil": 6.030197620391846,
    "atypical_vascular_pattern": 5.5116801261901855,
    "irregular_streaks": 4.999720096588135,
    "irregular_pigmentation": 5.697851657867432,
    "irregular_dots_globules": 6.020570278167725,
    "regression_structures": 5.320863723754883,
    "symmetric_uniform": 5.673869609832764,
    "reticular_network": 6.439288139343262,
    "arborizing_vessels": 5.931920528411865,
    "blue_grey_ovoid_nests": 6.130651473999023,
    "ulceration": 5.662872791290283,
    "scaly_surface": 6.565806865692139,
    "strawberry_pattern": 5.8478922843933105,
    "milia_like_cysts": 6.101403713226318,
    "comedo_like_openings": 5.631428241729736,
    "cerebriform_surface": 5.586116313934326,
    "central_white_patch": 6.491665840148926,
    "red_lacunae": 6.391793727874756,
    "healthy_skin": 6.091976165771484
  }
}