{
  "step": 46,
  "lambda_s": 5.841175681461405,
  "n_active": 14,
  "val_balacc": 0.4905676385718362,
  "val_auc": 0.8096770542884084,
  "val_loss": 1.3933867551386356,
  "train_loss": 1.2125506689811332,
  "epochs_used": 15,
  "time_sec": 15.860444068908691,
  "just_eliminated": [],
  "issue4_fix": "best_within_step_checkpoint_restored",
  "norms": {
    "asymmetry": 2.981710433959961,
    "border_irregularity": 0.0,
    "colour_variation": 0.0,
    "diameter_large": 2.2806761264801025,
    "atypical_pigment_network": 2.579118490219116,
    "blue_white_veil": 0.0,
    "atypical_vascular_pattern": 0.0,
    "irregular_streaks": 0.0,
    "irregular_pigmentation": 0.0,
    "irregular_dots_globules": 2.7336642742156982,
    "regression_structures": 0.0,
    "symmetric_uniform": 0.0,
    "reticular_network": 4.536795139312744,
    "arborizing_vessels": 2.789881706237793,
    "blue_grey_ovoid_nests": 3.2261288166046143,
    "ulceration": 2.38533878326416,
    "scaly_surface": 4.061906337738037,
    "strawberry_pattern": 2.902827501296997,
    "milia_like_cysts": 3.8388357162475586,
    "comedo_like_openings": 0.0,
    "cerebriform_surface": 0.0,
    "central_white_patch": 4.241893768310547,
    "red_lacunae": 3.994169235229492,
    "healthy_skin": 2.879350185394287
  }
}