{
  "step": 10,
  "lambda_s": 1.423311812421485,
  "n_active": 24,
  "val_balacc": 0.5044586211282784,
  "val_auc": 0.8189537750212238,
  "val_loss": 1.4490860179066658,
  "train_loss": 1.1122194782470334,
  "epochs_used": 9,
  "time_sec": 10.139979124069214,
  "just_eliminated": [],
  "issue4_fix": "best_within_step_checkpoint_restored",
  "norms": {
    "asymmetry": 5.0466179847717285,
    "border_irregularity": 2.9244327545166016,
    "colour_variation": 4.984436511993408,
    "diameter_large": 3.840876579284668,
    "atypical_pigment_network": 4.728429317474365,
    "blue_white_veil": 5.287674903869629,
    "atypical_vascular_pattern": 4.699418067932129,
    "irregular_streaks": 3.385474920272827,
    "irregular_pigmentation": 4.162349700927734,
    "irregular_dots_globules": 4.946447849273682,
    "regression_structures": 3.7958223819732666,
    "symmetric_uniform": 4.49996280670166,
    "reticular_network": 6.103154182434082,
    "arborizing_vessels": 4.971040725708008,
    "blue_grey_ovoid_nests": 5.315916061401367,
    "ulceration": 4.746750354766846,
    "scaly_surface": 5.863985061645508,
    "strawberry_pattern": 4.905913829803467,
    "milia_like_cysts": 5.120389938354492,
    "comedo_like_openings": 4.461906433105469,
    "cerebriform_surface": 5.0552778244018555,
    "central_white_patch": 5.5282464027404785,
    "red_lacunae": 5.832553386688232,
    "healthy_skin": 5.2526679039001465
  }
}