{
  "step": 58,
  "lambda_s": 9.351910460333741,
  "n_active": 13,
  "val_balacc": 0.4882108122279026,
  "val_auc": 0.7996669179610165,
  "val_loss": 1.4536287263035774,
  "train_loss": 1.2573206893534656,
  "epochs_used": 8,
  "time_sec": 9.580879926681519,
  "just_eliminated": [],
  "issue4_fix": "best_within_step_checkpoint_restored",
  "norms": {
    "asymmetry": 2.7258923053741455,
    "border_irregularity": 0.0,
    "colour_variation": 0.0,
    "diameter_large": 1.728485107421875,
    "atypical_pigment_network": 2.266395330429077,
    "blue_white_veil": 0.0,
    "atypical_vascular_pattern": 0.0,
    "irregular_streaks": 0.0,
    "irregular_pigmentation": 0.0,
    "irregular_dots_globules": 2.664128303527832,
    "regression_structures": 0.0,
    "symmetric_uniform": 0.0,
    "reticular_network": 4.2837324142456055,
    "arborizing_vessels": 2.7482433319091797,
    "blue_grey_ovoid_nests": 2.9309229850769043,
    "ulceration": 1.691594123840332,
    "scaly_surface": 3.4675443172454834,
    "strawberry_pattern": 1.6011996269226074,
    "milia_like_cysts": 3.779611349105835,
    "comedo_like_openings": 0.0,
    "cerebriform_surface": 0.0,
    "central_white_patch": 4.065088272094727,
    "red_lacunae": 3.418503999710083,
    "healthy_skin": 0.0
  }
}