{
  "step": 47,
  "lambda_s": 6.074822708719862,
  "n_active": 14,
  "val_balacc": 0.5064230539508167,
  "val_auc": 0.8091599115056902,
  "val_loss": 1.3929406851530075,
  "train_loss": 1.2064565252940853,
  "epochs_used": 19,
  "time_sec": 20.14113211631775,
  "just_eliminated": [],
  "issue4_fix": "best_within_step_checkpoint_restored",
  "norms": {
    "asymmetry": 2.945979356765747,
    "border_irregularity": 0.0,
    "colour_variation": 0.0,
    "diameter_large": 2.1863386631011963,
    "atypical_pigment_network": 2.619478464126587,
    "blue_white_veil": 0.0,
    "atypical_vascular_pattern": 0.0,
    "irregular_streaks": 0.0,
    "irregular_pigmentation": 0.0,
    "irregular_dots_globules": 2.811648368835449,
    "regression_structures": 0.0,
    "symmetric_uniform": 0.0,
    "reticular_network": 4.531208515167236,
    "arborizing_vessels": 2.770705461502075,
    "blue_grey_ovoid_nests": 3.2084310054779053,
    "ulceration": 2.299488067626953,
    "scaly_surface": 4.001053333282471,
    "strawberry_pattern": 2.770533800125122,
    "milia_like_cysts": 3.834721326828003,
    "comedo_like_openings": 0.0,
    "cerebriform_surface": 0.0,
    "central_white_patch": 4.246770858764648,
    "red_lacunae": 3.943521022796631,
    "healthy_skin": 2.4196391105651855
  }
}