{
  "step": 39,
  "lambda_s": 4.438813450385222,
  "n_active": 17,
  "val_balacc": 0.49901031645657984,
  "val_auc": 0.8093935971096526,
  "val_loss": 1.4308359697461128,
  "train_loss": 1.192582319694352,
  "epochs_used": 8,
  "time_sec": 9.801461696624756,
  "just_eliminated": [],
  "issue4_fix": "best_within_step_checkpoint_restored",
  "norms": {
    "asymmetry": 3.2150537967681885,
    "border_irregularity": 0.0,
    "colour_variation": 0.0,
    "diameter_large": 2.245847463607788,
    "atypical_pigment_network": 2.6963677406311035,
    "blue_white_veil": 0.9982010722160339,
    "atypical_vascular_pattern": 0.0,
    "irregular_streaks": 0.0,
    "irregular_pigmentation": 0.0,
    "irregular_dots_globules": 2.7643415927886963,
    "regression_structures": 0.0,
    "symmetric_uniform": 1.6540164947509766,
    "reticular_network": 4.81667947769165,
    "arborizing_vessels": 2.6299736499786377,
    "blue_grey_ovoid_nests": 3.4630446434020996,
    "ulceration": 2.499730348587036,
    "scaly_surface": 4.251609802246094,
    "strawberry_pattern": 3.2288193702697754,
    "milia_like_cysts": 3.9227683544158936,
    "comedo_like_openings": 0.0,
    "cerebriform_surface": 1.2380038499832153,
    "central_white_patch": 4.292098045349121,
    "red_lacunae": 4.3140788078308105,
    "healthy_skin": 3.6071300506591797
  }
}