{
  "step": 28,
  "lambda_s": 2.883368576136796,
  "n_active": 22,
  "val_balacc": 0.503097089228801,
  "val_auc": 0.8104613456633012,
  "val_loss": 1.4352650418877602,
  "train_loss": 1.1548645311635952,
  "epochs_used": 7,
  "time_sec": 7.638614892959595,
  "just_eliminated": [],
  "issue4_fix": "best_within_step_checkpoint_restored",
  "norms": {
    "asymmetry": 3.9704878330230713,
    "border_irregularity": 0.0,
    "colour_variation": 2.809870719909668,
    "diameter_large": 2.371645450592041,
    "atypical_pigment_network": 3.956469774246216,
    "blue_white_veil": 3.842493772506714,
    "atypical_vascular_pattern": 2.8953654766082764,
    "irregular_streaks": 0.0,
    "irregular_pigmentation": 1.7860908508300781,
    "irregular_dots_globules": 3.1991846561431885,
    "regression_structures": 1.2910798788070679,
    "symmetric_uniform": 2.9814529418945312,
    "reticular_network": 5.336124420166016,
    "arborizing_vessels": 3.3525853157043457,
    "blue_grey_ovoid_nests": 4.231799602508545,
    "ulceration": 3.289034128189087,
    "scaly_surface": 4.78997278213501,
    "strawberry_pattern": 3.664278030395508,
    "milia_like_cysts": 3.9392669200897217,
    "comedo_like_openings": 2.728647470474243,
    "cerebriform_surface": 3.7589330673217773,
    "central_white_patch": 4.504997730255127,
    "red_lacunae": 4.977689266204834,
    "healthy_skin": 4.040703296661377
  }
}