{
  "step": 36,
  "lambda_s": 3.946088994211942,
  "n_active": 20,
  "val_balacc": 0.49148705721168123,
  "val_auc": 0.8106560336132986,
  "val_loss": 1.422088485211134,
  "train_loss": 1.1728080703841233,
  "epochs_used": 9,
  "time_sec": 10.619185209274292,
  "just_eliminated": [],
  "issue4_fix": "best_within_step_checkpoint_restored",
  "norms": {
    "asymmetry": 3.349231719970703,
    "border_irregularity": 0.0,
    "colour_variation": 0.7852522730827332,
    "diameter_large": 2.1613998413085938,
    "atypical_pigment_network": 3.0903968811035156,
    "blue_white_veil": 2.4639410972595215,
    "atypical_vascular_pattern": 0.7642804384231567,
    "irregular_streaks": 0.0,
    "irregular_pigmentation": 0.0,
    "irregular_dots_globules": 2.6723685264587402,
    "regression_structures": 0.0,
    "symmetric_uniform": 2.200763702392578,
    "reticular_network": 4.968262672424316,
    "arborizing_vessels": 2.817777395248413,
    "blue_grey_ovoid_nests": 3.6374499797821045,
    "ulceration": 2.627387046813965,
    "scaly_surface": 4.394771099090576,
    "strawberry_pattern": 3.341256856918335,
    "milia_like_cysts": 3.8893232345581055,
    "comedo_like_openings": 0.5250851511955261,
    "cerebriform_surface": 2.613675355911255,
    "central_white_patch": 4.255609035491943,
    "red_lacunae": 4.424591541290283,
    "healthy_skin": 3.6898460388183594
  }
}