{
  "step": 53,
  "lambda_s": 7.686588707334629,
  "n_active": 14,
  "val_balacc": 0.4911820043925966,
  "val_auc": 0.8014255427184196,
  "val_loss": 1.4181069694459438,
  "train_loss": 1.2531197001917274,
  "epochs_used": 14,
  "time_sec": 15.547710180282593,
  "just_eliminated": [],
  "issue4_fix": "best_within_step_checkpoint_restored",
  "norms": {
    "asymmetry": 2.8208870887756348,
    "border_irregularity": 0.0,
    "colour_variation": 0.0,
    "diameter_large": 1.9336084127426147,
    "atypical_pigment_network": 2.608107328414917,
    "blue_white_veil": 0.0,
    "atypical_vascular_pattern": 0.0,
    "irregular_streaks": 0.0,
    "irregular_pigmentation": 0.0,
    "irregular_dots_globules": 2.697299003601074,
    "regression_structures": 0.0,
    "symmetric_uniform": 0.0,
    "reticular_network": 4.393521785736084,
    "arborizing_vessels": 2.866147994995117,
    "blue_grey_ovoid_nests": 3.06750226020813,
    "ulceration": 2.014103651046753,
    "scaly_surface": 3.7719385623931885,
    "strawberry_pattern": 2.3336594104766846,
    "milia_like_cysts": 3.7718896865844727,
    "comedo_like_openings": 0.0,
    "cerebriform_surface": 0.0,
    "central_white_patch": 4.17753267288208,
    "red_lacunae": 3.5352866649627686,
    "healthy_skin": 0.27080681920051575
  }
}