{
  "step": 44,
  "lambda_s": 5.40049526762334,
  "n_active": 14,
  "val_balacc": 0.5082082668922162,
  "val_auc": 0.8116872262203891,
  "val_loss": 1.3828681744635105,
  "train_loss": 1.268284256836695,
  "epochs_used": 8,
  "time_sec": 8.676663160324097,
  "just_eliminated": [],
  "issue4_fix": "best_within_step_checkpoint_restored",
  "norms": {
    "asymmetry": 3.030822515487671,
    "border_irregularity": 0.0,
    "colour_variation": 0.0,
    "diameter_large": 2.2673192024230957,
    "atypical_pigment_network": 2.5100529193878174,
    "blue_white_veil": 0.0,
    "atypical_vascular_pattern": 0.0,
    "irregular_streaks": 0.0,
    "irregular_pigmentation": 0.0,
    "irregular_dots_globules": 2.767270803451538,
    "regression_structures": 0.0,
    "symmetric_uniform": 0.0,
    "reticular_network": 4.632554054260254,
    "arborizing_vessels": 2.743048906326294,
    "blue_grey_ovoid_nests": 3.311793565750122,
    "ulceration": 2.391479253768921,
    "scaly_surface": 4.143469333648682,
    "strawberry_pattern": 3.0155413150787354,
    "milia_like_cysts": 3.908590078353882,
    "comedo_like_openings": 0.0,
    "cerebriform_surface": 0.0,
    "central_white_patch": 4.260110378265381,
    "red_lacunae": 4.053616046905518,
    "healthy_skin": 3.217515468597412
  }
}