{
  "step": 30,
  "lambda_s": 3.118651451949559,
  "n_active": 22,
  "val_balacc": 0.5069371843440609,
  "val_auc": 0.8145419921067738,
  "val_loss": 1.4463837146759033,
  "train_loss": 1.1329763453112998,
  "epochs_used": 10,
  "time_sec": 11.150913953781128,
  "just_eliminated": [],
  "issue4_fix": "best_within_step_checkpoint_restored",
  "norms": {
    "asymmetry": 3.866055727005005,
    "border_irregularity": 0.0,
    "colour_variation": 2.5603480339050293,
    "diameter_large": 2.2126715183258057,
    "atypical_pigment_network": 3.7720682621002197,
    "blue_white_veil": 3.6289138793945312,
    "atypical_vascular_pattern": 2.613377809524536,
    "irregular_streaks": 0.0,
    "irregular_pigmentation": 1.5337711572647095,
    "irregular_dots_globules": 3.014763832092285,
    "regression_structures": 0.8301683068275452,
    "symmetric_uniform": 2.830702781677246,
    "reticular_network": 5.204586505889893,
    "arborizing_vessels": 3.2455554008483887,
    "blue_grey_ovoid_nests": 4.1309733390808105,
    "ulceration": 3.1651735305786133,
    "scaly_surface": 4.658941268920898,
    "strawberry_pattern": 3.5899300575256348,
    "milia_like_cysts": 3.9229612350463867,
    "comedo_like_openings": 2.4352259635925293,
    "cerebriform_surface": 3.5659427642822266,
    "central_white_patch": 4.455480575561523,
    "red_lacunae": 4.844496726989746,
    "healthy_skin": 3.938839912414551
  }
}