{
  "step": 70,
  "lambda_s": 14.972709952154437,
  "n_active": 9,
  "val_balacc": 0.47656873526983395,
  "val_auc": 0.7778018659003181,
  "val_loss": 1.4320703856647015,
  "train_loss": 1.3420297148080427,
  "epochs_used": 8,
  "time_sec": 8.217406988143921,
  "just_eliminated": [],
  "issue4_fix": "best_within_step_checkpoint_restored",
  "norms": {
    "asymmetry": 2.4701900482177734,
    "border_irregularity": 0.0,
    "colour_variation": 0.0,
    "diameter_large": 0.0,
    "atypical_pigment_network": 0.0,
    "blue_white_veil": 0.0,
    "atypical_vascular_pattern": 0.0,
    "irregular_streaks": 0.0,
    "irregular_pigmentation": 0.0,
    "irregular_dots_globules": 2.1139307022094727,
    "regression_structures": 0.0,
    "symmetric_uniform": 0.0,
    "reticular_network": 4.091014385223389,
    "arborizing_vessels": 2.579261302947998,
    "blue_grey_ovoid_nests": 2.110140323638916,
    "ulceration": 0.0,
    "scaly_surface": 2.9522809982299805,
    "strawberry_pattern": 0.0,
    "milia_like_cysts": 3.546198606491089,
    "comedo_like_openings": 0.0,
    "cerebriform_surface": 0.0,
    "central_white_patch": 3.501492977142334,
    "red_lacunae": 2.976511001586914,
    "healthy_skin": 0.0
  }
}