{
  "step": 77,
  "lambda_s": 19.703064847320764,
  "n_active": 9,
  "val_balacc": 0.4696441231598608,
  "val_auc": 0.7592640461148151,
  "val_loss": 1.4901045188307762,
  "train_loss": 1.441887246360063,
  "epochs_used": 7,
  "time_sec": 7.420719623565674,
  "just_eliminated": [],
  "issue4_fix": "best_within_step_checkpoint_restored",
  "norms": {
    "asymmetry": 1.885170578956604,
    "border_irregularity": 0.0,
    "colour_variation": 0.0,
    "diameter_large": 0.0,
    "atypical_pigment_network": 0.0,
    "blue_white_veil": 0.0,
    "atypical_vascular_pattern": 0.0,
    "irregular_streaks": 0.0,
    "irregular_pigmentation": 0.0,
    "irregular_dots_globules": 1.6908667087554932,
    "regression_structures": 0.0,
    "symmetric_uniform": 0.0,
    "reticular_network": 3.8919146060943604,
    "arborizing_vessels": 2.161862850189209,
    "blue_grey_ovoid_nests": 1.0888221263885498,
    "ulceration": 0.0,
    "scaly_surface": 2.4170172214508057,
    "strawberry_pattern": 0.0,
    "milia_like_cysts": 3.2389373779296875,
    "comedo_like_openings": 0.0,
    "cerebriform_surface": 0.0,
    "central_white_patch": 3.1025125980377197,
    "red_lacunae": 2.8217647075653076,
    "healthy_skin": 0.0
  }
}