{
  "step": 17,
  "lambda_s": 1.8729812457271933,
  "n_active": 24,
  "val_balacc": 0.5025592934149229,
  "val_auc": 0.8151454863746217,
  "val_loss": 1.4139733612537384,
  "train_loss": 1.1229339281966484,
  "epochs_used": 20,
  "time_sec": 24.694392681121826,
  "just_eliminated": [],
  "issue4_fix": "best_within_step_checkpoint_restored",
  "norms": {
    "asymmetry": 4.440778732299805,
    "border_irregularity": 0.8779600262641907,
    "colour_variation": 3.94474720954895,
    "diameter_large": 3.024055242538452,
    "atypical_pigment_network": 4.382333755493164,
    "blue_white_veil": 4.589146614074707,
    "atypical_vascular_pattern": 3.864619255065918,
    "irregular_streaks": 1.8281211853027344,
    "irregular_pigmentation": 2.9335196018218994,
    "irregular_dots_globules": 4.048092842102051,
    "regression_structures": 2.613973617553711,
    "symmetric_uniform": 3.5998313426971436,
    "reticular_network": 5.73935079574585,
    "arborizing_vessels": 4.145257472991943,
    "blue_grey_ovoid_nests": 4.75731086730957,
    "ulceration": 3.9487643241882324,
    "scaly_surface": 5.30473518371582,
    "strawberry_pattern": 4.180427551269531,
    "milia_like_cysts": 4.397426128387451,
    "comedo_like_openings": 3.6953518390655518,
    "cerebriform_surface": 4.4843316078186035,
    "central_white_patch": 4.884031295776367,
    "red_lacunae": 5.349600791931152,
    "healthy_skin": 4.526326656341553
  }
}