{
  "step": 72,
  "lambda_s": 16.19448308425024,
  "n_active": 9,
  "val_balacc": 0.47346959836971175,
  "val_auc": 0.776531062003524,
  "val_loss": 1.4494358990341425,
  "train_loss": 1.359884829666579,
  "epochs_used": 8,
  "time_sec": 11.116336345672607,
  "just_eliminated": [],
  "issue4_fix": "best_within_step_checkpoint_restored",
  "norms": {
    "asymmetry": 2.2835042476654053,
    "border_irregularity": 0.0,
    "colour_variation": 0.0,
    "diameter_large": 0.0,
    "atypical_pigment_network": 0.0,
    "blue_white_veil": 0.0,
    "atypical_vascular_pattern": 0.0,
    "irregular_streaks": 0.0,
    "irregular_pigmentation": 0.0,
    "irregular_dots_globules": 2.0631120204925537,
    "regression_structures": 0.0,
    "symmetric_uniform": 0.0,
    "reticular_network": 4.047449588775635,
    "arborizing_vessels": 2.443018913269043,
    "blue_grey_ovoid_nests": 1.966425895690918,
    "ulceration": 0.0,
    "scaly_surface": 2.7203140258789062,
    "strawberry_pattern": 0.0,
    "milia_like_cysts": 3.38661789894104,
    "comedo_like_openings": 0.0,
    "cerebriform_surface": 0.0,
    "central_white_patch": 3.4251129627227783,
    "red_lacunae": 2.900938034057617,
    "healthy_skin": 0.0
  }
}