{
  "step": 57,
  "lambda_s": 8.992221596474751,
  "n_active": 13,
  "val_balacc": 0.489316764690928,
  "val_auc": 0.7997529985551037,
  "val_loss": 1.4458834417164326,
  "train_loss": 1.2840764395234359,
  "epochs_used": 11,
  "time_sec": 13.940358877182007,
  "just_eliminated": [],
  "issue4_fix": "best_within_step_checkpoint_restored",
  "norms": {
    "asymmetry": 2.714830160140991,
    "border_irregularity": 0.0,
    "colour_variation": 0.0,
    "diameter_large": 1.8622748851776123,
    "atypical_pigment_network": 2.3407843112945557,
    "blue_white_veil": 0.0,
    "atypical_vascular_pattern": 0.0,
    "irregular_streaks": 0.0,
    "irregular_pigmentation": 0.0,
    "irregular_dots_globules": 2.737107038497925,
    "regression_structures": 0.0,
    "symmetric_uniform": 0.0,
    "reticular_network": 4.291830539703369,
    "arborizing_vessels": 2.797344207763672,
    "blue_grey_ovoid_nests": 2.950188159942627,
    "ulceration": 1.8048807382583618,
    "scaly_surface": 3.5447440147399902,
    "strawberry_pattern": 1.796411156654358,
    "milia_like_cysts": 3.7947232723236084,
    "comedo_like_openings": 0.0,
    "cerebriform_surface": 0.0,
    "central_white_patch": 4.089146614074707,
    "red_lacunae": 3.437455654144287,
    "healthy_skin": 0.0
  }
}