{
  "step": 11,
  "lambda_s": 1.4802442849183444,
  "n_active": 24,
  "val_balacc": 0.49690882514682233,
  "val_auc": 0.8171935208115676,
  "val_loss": 1.4385943934321404,
  "train_loss": 1.1127491109906182,
  "epochs_used": 10,
  "time_sec": 11.407717227935791,
  "just_eliminated": [],
  "issue4_fix": "best_within_step_checkpoint_restored",
  "norms": {
    "asymmetry": 5.005326747894287,
    "border_irregularity": 2.744250774383545,
    "colour_variation": 4.8868231773376465,
    "diameter_large": 3.7599599361419678,
    "atypical_pigment_network": 4.680337905883789,
    "blue_white_veil": 5.263850688934326,
    "atypical_vascular_pattern": 4.639749526977539,
    "irregular_streaks": 3.2572154998779297,
    "irregular_pigmentation": 4.051192760467529,
    "irregular_dots_globules": 4.874438762664795,
    "regression_structures": 3.6858229637145996,
    "symmetric_uniform": 4.3976826667785645,
    "reticular_network": 6.050732612609863,
    "arborizing_vessels": 4.893342971801758,
    "blue_grey_ovoid_nests": 5.245015621185303,
    "ulceration": 4.655163764953613,
    "scaly_surface": 5.805766582489014,
    "strawberry_pattern": 4.823472023010254,
    "milia_like_cysts": 5.029856204986572,
    "comedo_like_openings": 4.378591060638428,
    "cerebriform_surface": 5.02325963973999,
    "central_white_patch": 5.4484148025512695,
    "red_lacunae": 5.777884483337402,
    "healthy_skin": 5.177658557891846
  }
}