{
  "step": 31,
  "lambda_s": 3.2433975100275414,
  "n_active": 22,
  "val_balacc": 0.49698203914953976,
  "val_auc": 0.8098933454685081,
  "val_loss": 1.4596886932849884,
  "train_loss": 1.1885646862756283,
  "epochs_used": 7,
  "time_sec": 7.838567018508911,
  "just_eliminated": [],
  "issue4_fix": "best_within_step_checkpoint_restored",
  "norms": {
    "asymmetry": 3.821833372116089,
    "border_irregularity": 0.0,
    "colour_variation": 2.519727945327759,
    "diameter_large": 2.2261693477630615,
    "atypical_pigment_network": 3.757624626159668,
    "blue_white_veil": 3.5814571380615234,
    "atypical_vascular_pattern": 2.5867257118225098,
    "irregular_streaks": 0.0,
    "irregular_pigmentation": 1.5097386837005615,
    "irregular_dots_globules": 3.004918336868286,
    "regression_structures": 0.7568284273147583,
    "symmetric_uniform": 2.8161799907684326,
    "reticular_network": 5.242128372192383,
    "arborizing_vessels": 3.2355458736419678,
    "blue_grey_ovoid_nests": 4.0994744300842285,
    "ulceration": 3.1644396781921387,
    "scaly_surface": 4.676981449127197,
    "strawberry_pattern": 3.5823850631713867,
    "milia_like_cysts": 3.9153270721435547,
    "comedo_like_openings": 2.4236254692077637,
    "cerebriform_surface": 3.5294573307037354,
    "central_white_patch": 4.434373378753662,
    "red_lacunae": 4.838269233703613,
    "healthy_skin": 3.9500505924224854
  }
}