{
  "step": 26,
  "lambda_s": 2.665836331487422,
  "n_active": 22,
  "val_balacc": 0.4910911182457512,
  "val_auc": 0.8129148147484657,
  "val_loss": 1.4155351296067238,
  "train_loss": 1.1440200155651876,
  "epochs_used": 11,
  "time_sec": 11.714768886566162,
  "just_eliminated": [],
  "issue4_fix": "best_within_step_checkpoint_restored",
  "norms": {
    "asymmetry": 4.003359794616699,
    "border_irregularity": 0.0,
    "colour_variation": 2.904946804046631,
    "diameter_large": 2.400864601135254,
    "atypical_pigment_network": 3.981672525405884,
    "blue_white_veil": 3.910486936569214,
    "atypical_vascular_pattern": 2.9963111877441406,
    "irregular_streaks": 0.0,
    "irregular_pigmentation": 1.8609721660614014,
    "irregular_dots_globules": 3.2657876014709473,
    "regression_structures": 1.4307762384414673,
    "symmetric_uniform": 3.0051887035369873,
    "reticular_network": 5.404966354370117,
    "arborizing_vessels": 3.4411184787750244,
    "blue_grey_ovoid_nests": 4.289358615875244,
    "ulceration": 3.3859333992004395,
    "scaly_surface": 4.822564601898193,
    "strawberry_pattern": 3.7250170707702637,
    "milia_like_cysts": 3.9921340942382812,
    "comedo_like_openings": 2.825819730758667,
    "cerebriform_surface": 3.8296146392822266,
    "central_white_patch": 4.529201984405518,
    "red_lacunae": 5.007052421569824,
    "healthy_skin": 4.082428455352783
  }
}