{
  "step": 22,
  "lambda_s": 2.278768068754758,
  "n_active": 23,
  "val_balacc": 0.49839766312307987,
  "val_auc": 0.8151060306327174,
  "val_loss": 1.4491941779851913,
  "train_loss": 1.0938050454626613,
  "epochs_used": 7,
  "time_sec": 8.181627988815308,
  "just_eliminated": [],
  "issue4_fix": "best_within_step_checkpoint_restored",
  "norms": {
    "asymmetry": 4.198904037475586,
    "border_irregularity": 0.0,
    "colour_variation": 3.3582677841186523,
    "diameter_large": 2.6657018661499023,
    "atypical_pigment_network": 4.226036071777344,
    "blue_white_veil": 4.266018390655518,
    "atypical_vascular_pattern": 3.4154818058013916,
    "irregular_streaks": 0.2979767322540283,
    "irregular_pigmentation": 2.357069969177246,
    "irregular_dots_globules": 3.652913808822632,
    "regression_structures": 1.9953227043151855,
    "symmetric_uniform": 3.272080421447754,
    "reticular_network": 5.538992881774902,
    "arborizing_vessels": 3.7304134368896484,
    "blue_grey_ovoid_nests": 4.482698917388916,
    "ulceration": 3.649298667907715,
    "scaly_surface": 5.03527307510376,
    "strawberry_pattern": 3.9045650959014893,
    "milia_like_cysts": 4.123960971832275,
    "comedo_like_openings": 3.2672550678253174,
    "cerebriform_surface": 4.1841301918029785,
    "central_white_patch": 4.670485973358154,
    "red_lacunae": 5.129055976867676,
    "healthy_skin": 4.3170647621154785
  }
}