{
  "step": 59,
  "lambda_s": 9.725986878747092,
  "n_active": 13,
  "val_balacc": 0.485229033289222,
  "val_auc": 0.7976380474213266,
  "val_loss": 1.4617556147277355,
  "train_loss": 1.259459202228066,
  "epochs_used": 9,
  "time_sec": 10.798067331314087,
  "just_eliminated": [],
  "issue4_fix": "best_within_step_checkpoint_restored",
  "norms": {
    "asymmetry": 2.6975090503692627,
    "border_irregularity": 0.0,
    "colour_variation": 0.0,
    "diameter_large": 1.5435028076171875,
    "atypical_pigment_network": 2.1615254878997803,
    "blue_white_veil": 0.0,
    "atypical_vascular_pattern": 0.0,
    "irregular_streaks": 0.0,
    "irregular_pigmentation": 0.0,
    "irregular_dots_globules": 2.6987483501434326,
    "regression_structures": 0.0,
    "symmetric_uniform": 0.0,
    "reticular_network": 4.296250343322754,
    "arborizing_vessels": 2.8074538707733154,
    "blue_grey_ovoid_nests": 2.881605863571167,
    "ulceration": 1.3530107736587524,
    "scaly_surface": 3.393829107284546,
    "strawberry_pattern": 1.2417038679122925,
    "milia_like_cysts": 3.7992374897003174,
    "comedo_like_openings": 0.0,
    "cerebriform_surface": 0.0,
    "central_white_patch": 4.056933879852295,
    "red_lacunae": 3.3233680725097656,
    "healthy_skin": 0.0
  }
}