{
  "step": 38,
  "lambda_s": 4.268089856139636,
  "n_active": 17,
  "val_balacc": 0.4908508142726733,
  "val_auc": 0.8118188932728727,
  "val_loss": 1.4265821687877178,
  "train_loss": 1.179906494045183,
  "epochs_used": 10,
  "time_sec": 12.087565183639526,
  "just_eliminated": [],
  "issue4_fix": "best_within_step_checkpoint_restored",
  "norms": {
    "asymmetry": 3.251168966293335,
    "border_irregularity": 0.0,
    "colour_variation": 0.0,
    "diameter_large": 2.2471189498901367,
    "atypical_pigment_network": 2.6585793495178223,
    "blue_white_veil": 1.1638720035552979,
    "atypical_vascular_pattern": 0.0,
    "irregular_streaks": 0.0,
    "irregular_pigmentation": 0.0,
    "irregular_dots_globules": 2.756544589996338,
    "regression_structures": 0.0,
    "symmetric_uniform": 1.7579550743103027,
    "reticular_network": 4.879441738128662,
    "arborizing_vessels": 2.669881582260132,
    "blue_grey_ovoid_nests": 3.4950125217437744,
    "ulceration": 2.511550188064575,
    "scaly_surface": 4.3149309158325195,
    "strawberry_pattern": 3.2701504230499268,
    "milia_like_cysts": 3.9425220489501953,
    "comedo_like_openings": 0.0,
    "cerebriform_surface": 1.363507628440857,
    "central_white_patch": 4.304226398468018,
    "red_lacunae": 4.333758354187012,
    "healthy_skin": 3.609194755554199
  }
}