{
  "step": 29,
  "lambda_s": 2.998703319182268,
  "n_active": 22,
  "val_balacc": 0.504764198821312,
  "val_auc": 0.8142679234641097,
  "val_loss": 1.445531502366066,
  "train_loss": 1.1292238129592669,
  "epochs_used": 10,
  "time_sec": 11.099055051803589,
  "just_eliminated": [],
  "issue4_fix": "best_within_step_checkpoint_restored",
  "norms": {
    "asymmetry": 3.9224600791931152,
    "border_irregularity": 0.0,
    "colour_variation": 2.6869325637817383,
    "diameter_large": 2.2957241535186768,
    "atypical_pigment_network": 3.8381240367889404,
    "blue_white_veil": 3.7486469745635986,
    "atypical_vascular_pattern": 2.764768362045288,
    "irregular_streaks": 0.0,
    "irregular_pigmentation": 1.6448185443878174,
    "irregular_dots_globules": 3.1101081371307373,
    "regression_structures": 1.08336341381073,
    "symmetric_uniform": 2.931382179260254,
    "reticular_network": 5.261361122131348,
    "arborizing_vessels": 3.299145460128784,
    "blue_grey_ovoid_nests": 4.159217357635498,
    "ulceration": 3.242889881134033,
    "scaly_surface": 4.717554092407227,
    "strawberry_pattern": 3.645562171936035,
    "milia_like_cysts": 3.921043872833252,
    "comedo_like_openings": 2.5868027210235596,
    "cerebriform_surface": 3.672607183456421,
    "central_white_patch": 4.4538421630859375,
    "red_lacunae": 4.901251316070557,
    "healthy_skin": 4.0193772315979
  }
}