{
  "step": 13,
  "lambda_s": 1.6010322185676815,
  "n_active": 24,
  "val_balacc": 0.4947093027649712,
  "val_auc": 0.8182888536937125,
  "val_loss": 1.446420930325985,
  "train_loss": 1.1388592527097234,
  "epochs_used": 11,
  "time_sec": 12.93081283569336,
  "just_eliminated": [],
  "issue4_fix": "best_within_step_checkpoint_restored",
  "norms": {
    "asymmetry": 4.848840713500977,
    "border_irregularity": 2.298527956008911,
    "colour_variation": 4.639777183532715,
    "diameter_large": 3.5629050731658936,
    "atypical_pigment_network": 4.576491355895996,
    "blue_white_veil": 5.0845184326171875,
    "atypical_vascular_pattern": 4.448423385620117,
    "irregular_streaks": 2.9334707260131836,
    "irregular_pigmentation": 3.7586653232574463,
    "irregular_dots_globules": 4.663026332855225,
    "regression_structures": 3.421086549758911,
    "symmetric_uniform": 4.1606268882751465,
    "reticular_network": 5.927056312561035,
    "arborizing_vessels": 4.707015037536621,
    "blue_grey_ovoid_nests": 5.1387176513671875,
    "ulceration": 4.478590965270996,
    "scaly_surface": 5.655576229095459,
    "strawberry_pattern": 4.654732704162598,
    "milia_like_cysts": 4.8426055908203125,
    "comedo_like_openings": 4.166614532470703,
    "cerebriform_surface": 4.882375717163086,
    "central_white_patch": 5.291253089904785,
    "red_lacunae": 5.664943218231201,
    "healthy_skin": 4.990535736083984
  }
}