{
  "step": 27,
  "lambda_s": 2.772469784746919,
  "n_active": 22,
  "val_balacc": 0.5035182493210791,
  "val_auc": 0.8168649606321391,
  "val_loss": 1.439737044274807,
  "train_loss": 1.104039634700116,
  "epochs_used": 8,
  "time_sec": 8.81311845779419,
  "just_eliminated": [],
  "issue4_fix": "best_within_step_checkpoint_restored",
  "norms": {
    "asymmetry": 3.962041139602661,
    "border_irregularity": 0.0,
    "colour_variation": 2.8589892387390137,
    "diameter_large": 2.370741844177246,
    "atypical_pigment_network": 3.971067190170288,
    "blue_white_veil": 3.8871607780456543,
    "atypical_vascular_pattern": 2.938978433609009,
    "irregular_streaks": 0.0,
    "irregular_pigmentation": 1.7909026145935059,
    "irregular_dots_globules": 3.1942391395568848,
    "regression_structures": 1.3409229516983032,
    "symmetric_uniform": 3.004157781600952,
    "reticular_network": 5.351119518280029,
    "arborizing_vessels": 3.4059784412384033,
    "blue_grey_ovoid_nests": 4.2632527351379395,
    "ulceration": 3.3266797065734863,
    "scaly_surface": 4.824073314666748,
    "strawberry_pattern": 3.692270278930664,
    "milia_like_cysts": 3.959298849105835,
    "comedo_like_openings": 2.773869037628174,
    "cerebriform_surface": 3.7721173763275146,
    "central_white_patch": 4.528360843658447,
    "red_lacunae": 4.96321439743042,
    "healthy_skin": 4.05674934387207
  }
}