{
  "step": 18,
  "lambda_s": 1.947900495556281,
  "n_active": 24,
  "val_balacc": 0.5000097612351132,
  "val_auc": 0.8165279321946781,
  "val_loss": 1.4575366228818893,
  "train_loss": 1.058710518640126,
  "epochs_used": 15,
  "time_sec": 18.42887282371521,
  "just_eliminated": [],
  "issue4_fix": "best_within_step_checkpoint_restored",
  "norms": {
    "asymmetry": 4.347490310668945,
    "border_irregularity": 0.32670843601226807,
    "colour_variation": 3.750598192214966,
    "diameter_large": 2.88204288482666,
    "atypical_pigment_network": 4.3232831954956055,
    "blue_white_veil": 4.501960754394531,
    "atypical_vascular_pattern": 3.6976916790008545,
    "irregular_streaks": 1.435112476348877,
    "irregular_pigmentation": 2.7377097606658936,
    "irregular_dots_globules": 3.9012837409973145,
    "regression_structures": 2.3913657665252686,
    "symmetric_uniform": 3.460634708404541,
    "reticular_network": 5.684631824493408,
    "arborizing_vessels": 3.992623805999756,
    "blue_grey_ovoid_nests": 4.665487766265869,
    "ulceration": 3.8583316802978516,
    "scaly_surface": 5.190605640411377,
    "strawberry_pattern": 4.081114768981934,
    "milia_like_cysts": 4.305872917175293,
    "comedo_like_openings": 3.564052104949951,
    "cerebriform_surface": 4.383359909057617,
    "central_white_patch": 4.775060653686523,
    "red_lacunae": 5.314030647277832,
    "healthy_skin": 4.4533538818359375
  }
}