{
  "step": 63,
  "lambda_s": 11.378029004549969,
  "n_active": 9,
  "val_balacc": 0.4868455497370043,
  "val_auc": 0.7883117551678108,
  "val_loss": 1.4010237008333206,
  "train_loss": 1.2913178026909191,
  "epochs_used": 9,
  "time_sec": 10.382644176483154,
  "just_eliminated": [],
  "issue4_fix": "best_within_step_checkpoint_restored",
  "norms": {
    "asymmetry": 2.598677158355713,
    "border_irregularity": 0.0,
    "colour_variation": 0.0,
    "diameter_large": 0.0,
    "atypical_pigment_network": 0.0,
    "blue_white_veil": 0.0,
    "atypical_vascular_pattern": 0.0,
    "irregular_streaks": 0.0,
    "irregular_pigmentation": 0.0,
    "irregular_dots_globules": 2.676964521408081,
    "regression_structures": 0.0,
    "symmetric_uniform": 0.0,
    "reticular_network": 4.2389702796936035,
    "arborizing_vessels": 2.8002498149871826,
    "blue_grey_ovoid_nests": 2.628938674926758,
    "ulceration": 0.0,
    "scaly_surface": 3.2806236743927,
    "strawberry_pattern": 0.0,
    "milia_like_cysts": 3.906684637069702,
    "comedo_like_openings": 0.0,
    "cerebriform_surface": 0.0,
    "central_white_patch": 3.9195749759674072,
    "red_lacunae": 3.215301036834717,
    "healthy_skin": 0.0
  }
}