{
  "step": 56,
  "lambda_s": 8.64636691968726,
  "n_active": 13,
  "val_balacc": 0.49260447799774415,
  "val_auc": 0.8012296774858715,
  "val_loss": 1.4372787959873676,
  "train_loss": 1.2792852008035167,
  "epochs_used": 8,
  "time_sec": 9.226758241653442,
  "just_eliminated": [],
  "issue4_fix": "best_within_step_checkpoint_restored",
  "norms": {
    "asymmetry": 2.7750864028930664,
    "border_irregularity": 0.0,
    "colour_variation": 0.0,
    "diameter_large": 1.8286733627319336,
    "atypical_pigment_network": 2.46688175201416,
    "blue_white_veil": 0.0,
    "atypical_vascular_pattern": 0.0,
    "irregular_streaks": 0.0,
    "irregular_pigmentation": 0.0,
    "irregular_dots_globules": 2.6761481761932373,
    "regression_structures": 0.0,
    "symmetric_uniform": 0.0,
    "reticular_network": 4.367952823638916,
    "arborizing_vessels": 2.800154209136963,
    "blue_grey_ovoid_nests": 3.031003713607788,
    "ulceration": 1.9378706216812134,
    "scaly_surface": 3.6271510124206543,
    "strawberry_pattern": 2.10176420211792,
    "milia_like_cysts": 3.824063777923584,
    "comedo_like_openings": 0.0,
    "cerebriform_surface": 0.0,
    "central_white_patch": 4.162132263183594,
    "red_lacunae": 3.5249555110931396,
    "healthy_skin": 0.0
  }
}