{
  "step": 71,
  "lambda_s": 15.571618350240616,
  "n_active": 9,
  "val_balacc": 0.4612228671748398,
  "val_auc": 0.7766422712916566,
  "val_loss": 1.441954342648387,
  "train_loss": 1.3772561797693057,
  "epochs_used": 8,
  "time_sec": 9.336620330810547,
  "just_eliminated": [],
  "issue4_fix": "best_within_step_checkpoint_restored",
  "norms": {
    "asymmetry": 2.3573639392852783,
    "border_irregularity": 0.0,
    "colour_variation": 0.0,
    "diameter_large": 0.0,
    "atypical_pigment_network": 0.0,
    "blue_white_veil": 0.0,
    "atypical_vascular_pattern": 0.0,
    "irregular_streaks": 0.0,
    "irregular_pigmentation": 0.0,
    "irregular_dots_globules": 2.0956597328186035,
    "regression_structures": 0.0,
    "symmetric_uniform": 0.0,
    "reticular_network": 4.052741527557373,
    "arborizing_vessels": 2.5484209060668945,
    "blue_grey_ovoid_nests": 2.05422043800354,
    "ulceration": 0.0,
    "scaly_surface": 2.863754987716675,
    "strawberry_pattern": 0.0,
    "milia_like_cysts": 3.4516451358795166,
    "comedo_like_openings": 0.0,
    "cerebriform_surface": 0.0,
    "central_white_patch": 3.433659553527832,
    "red_lacunae": 2.9737138748168945,
    "healthy_skin": 0.0
  }
}