{
  "step": 7,
  "lambda_s": 1.2653190184960004,
  "n_active": 24,
  "val_balacc": 0.4978021861131192,
  "val_auc": 0.8118877210981753,
  "val_loss": 1.4518912136554718,
  "train_loss": 1.118108286123149,
  "epochs_used": 7,
  "time_sec": 7.660561800003052,
  "just_eliminated": [],
  "issue4_fix": "best_within_step_checkpoint_restored",
  "norms": {
    "asymmetry": 5.395788192749023,
    "border_irregularity": 3.835360288619995,
    "colour_variation": 5.404353141784668,
    "diameter_large": 4.251628875732422,
    "atypical_pigment_network": 5.035309314727783,
    "blue_white_veil": 5.587949275970459,
    "atypical_vascular_pattern": 4.975728511810303,
    "irregular_streaks": 4.04420804977417,
    "irregular_pigmentation": 4.80912971496582,
    "irregular_dots_globules": 5.367300987243652,
    "regression_structures": 4.435110092163086,
    "symmetric_uniform": 4.955268383026123,
    "reticular_network": 6.224836826324463,
    "arborizing_vessels": 5.369105339050293,
    "blue_grey_ovoid_nests": 5.606867790222168,
    "ulceration": 5.116239547729492,
    "scaly_surface": 6.1545233726501465,
    "strawberry_pattern": 5.30460262298584,
    "milia_like_cysts": 5.509583473205566,
    "comedo_like_openings": 4.937116622924805,
    "cerebriform_surface": 5.247648239135742,
    "central_white_patch": 5.9140543937683105,
    "red_lacunae": 6.047079086303711,
    "healthy_skin": 5.558463096618652
  }
}