{
  "step": 78,
  "lambda_s": 20.491187441213594,
  "n_active": 9,
  "val_balacc": 0.48079887507268376,
  "val_auc": 0.7551974087749365,
  "val_loss": 1.4925916902720928,
  "train_loss": 1.4101376718054348,
  "epochs_used": 7,
  "time_sec": 7.400644540786743,
  "just_eliminated": [],
  "issue4_fix": "best_within_step_checkpoint_restored",
  "norms": {
    "asymmetry": 1.8087424039840698,
    "border_irregularity": 0.0,
    "colour_variation": 0.0,
    "diameter_large": 0.0,
    "atypical_pigment_network": 0.0,
    "blue_white_veil": 0.0,
    "atypical_vascular_pattern": 0.0,
    "irregular_streaks": 0.0,
    "irregular_pigmentation": 0.0,
    "irregular_dots_globules": 1.673742651939392,
    "regression_structures": 0.0,
    "symmetric_uniform": 0.0,
    "reticular_network": 3.9219439029693604,
    "arborizing_vessels": 2.0453906059265137,
    "blue_grey_ovoid_nests": 0.8012703657150269,
    "ulceration": 0.0,
    "scaly_surface": 2.399778127670288,
    "strawberry_pattern": 0.0,
    "milia_like_cysts": 3.210731267929077,
    "comedo_like_openings": 0.0,
    "cerebriform_surface": 0.0,
    "central_white_patch": 3.1016411781311035,
    "red_lacunae": 2.7805397510528564,
    "healthy_skin": 0.0
  }
}