{
  "step": 41,
  "lambda_s": 4.801020627936657,
  "n_active": 17,
  "val_balacc": 0.5050826563068499,
  "val_auc": 0.8056186504080597,
  "val_loss": 1.4390757977962494,
  "train_loss": 1.2522201095361836,
  "epochs_used": 7,
  "time_sec": 8.269155979156494,
  "just_eliminated": [],
  "issue4_fix": "best_within_step_checkpoint_restored",
  "norms": {
    "asymmetry": 3.2200329303741455,
    "border_irregularity": 0.0,
    "colour_variation": 0.0,
    "diameter_large": 2.2048749923706055,
    "atypical_pigment_network": 2.63460373878479,
    "blue_white_veil": 0.7199907302856445,
    "atypical_vascular_pattern": 0.0,
    "irregular_streaks": 0.0,
    "irregular_pigmentation": 0.0,
    "irregular_dots_globules": 2.852954864501953,
    "regression_structures": 0.0,
    "symmetric_uniform": 1.6322293281555176,
    "reticular_network": 4.819041728973389,
    "arborizing_vessels": 2.594182252883911,
    "blue_grey_ovoid_nests": 3.39890718460083,
    "ulceration": 2.479257106781006,
    "scaly_surface": 4.253399848937988,
    "strawberry_pattern": 3.1820662021636963,
    "milia_like_cysts": 3.889347553253174,
    "comedo_like_openings": 0.0,
    "cerebriform_surface": 1.0783867835998535,
    "central_white_patch": 4.2863545417785645,
    "red_lacunae": 4.262835502624512,
    "healthy_skin": 3.5782933235168457
  }
}