{
  "step": 64,
  "lambda_s": 11.833150164731968,
  "n_active": 9,
  "val_balacc": 0.473658480247138,
  "val_auc": 0.7844137783824074,
  "val_loss": 1.3963784631341696,
  "train_loss": 1.3150156813734113,
  "epochs_used": 12,
  "time_sec": 13.556439399719238,
  "just_eliminated": [],
  "issue4_fix": "best_within_step_checkpoint_restored",
  "norms": {
    "asymmetry": 2.560457706451416,
    "border_irregularity": 0.0,
    "colour_variation": 0.0,
    "diameter_large": 0.0,
    "atypical_pigment_network": 0.0,
    "blue_white_veil": 0.0,
    "atypical_vascular_pattern": 0.0,
    "irregular_streaks": 0.0,
    "irregular_pigmentation": 0.0,
    "irregular_dots_globules": 2.665318012237549,
    "regression_structures": 0.0,
    "symmetric_uniform": 0.0,
    "reticular_network": 4.196993827819824,
    "arborizing_vessels": 2.7337381839752197,
    "blue_grey_ovoid_nests": 2.5264031887054443,
    "ulceration": 0.0,
    "scaly_surface": 3.297602415084839,
    "strawberry_pattern": 0.0,
    "milia_like_cysts": 3.8501734733581543,
    "comedo_like_openings": 0.0,
    "cerebriform_surface": 0.0,
    "central_white_patch": 3.8455440998077393,
    "red_lacunae": 3.1546809673309326,
    "healthy_skin": 0.0
  }
}