{
  "step": 73,
  "lambda_s": 16.84226240762025,
  "n_active": 9,
  "val_balacc": 0.4611998057756027,
  "val_auc": 0.7721581871012151,
  "val_loss": 1.456320470198989,
  "train_loss": 1.3712470736514786,
  "epochs_used": 8,
  "time_sec": 8.721412897109985,
  "just_eliminated": [],
  "issue4_fix": "best_within_step_checkpoint_restored",
  "norms": {
    "asymmetry": 2.2305006980895996,
    "border_irregularity": 0.0,
    "colour_variation": 0.0,
    "diameter_large": 0.0,
    "atypical_pigment_network": 0.0,
    "blue_white_veil": 0.0,
    "atypical_vascular_pattern": 0.0,
    "irregular_streaks": 0.0,
    "irregular_pigmentation": 0.0,
    "irregular_dots_globules": 1.9823589324951172,
    "regression_structures": 0.0,
    "symmetric_uniform": 0.0,
    "reticular_network": 4.033572673797607,
    "arborizing_vessels": 2.4568402767181396,
    "blue_grey_ovoid_nests": 1.7975108623504639,
    "ulceration": 0.0,
    "scaly_surface": 2.6051840782165527,
    "strawberry_pattern": 0.0,
    "milia_like_cysts": 3.3104875087738037,
    "comedo_like_openings": 0.0,
    "cerebriform_surface": 0.0,
    "central_white_patch": 3.358820676803589,
    "red_lacunae": 2.8982090950012207,
    "healthy_skin": 0.0
  }
}