{
  "step": 3,
  "lambda_s": 1.0816000000000001,
  "n_active": 24,
  "val_balacc": 0.5140592355825099,
  "val_auc": 0.8157747895046186,
  "val_loss": 1.4703844785690308,
  "train_loss": 1.1020211661393238,
  "epochs_used": 16,
  "time_sec": 16.85047197341919,
  "just_eliminated": [],
  "issue4_fix": "best_within_step_checkpoint_restored",
  "norms": {
    "asymmetry": 6.06530237197876,
    "border_irregularity": 5.3583173751831055,
    "colour_variation": 6.208472728729248,
    "diameter_large": 5.081140518188477,
    "atypical_pigment_network": 5.657926559448242,
    "blue_white_veil": 6.135363578796387,
    "atypical_vascular_pattern": 5.649988651275635,
    "irregular_streaks": 5.2323713302612305,
    "irregular_pigmentation": 5.881924152374268,
    "irregular_dots_globules": 6.162854194641113,
    "regression_structures": 5.50956916809082,
    "symmetric_uniform": 5.799964427947998,
    "reticular_network": 6.528938293457031,
    "arborizing_vessels": 6.0494065284729,
    "blue_grey_ovoid_nests": 6.243585109710693,
    "ulceration": 5.783777236938477,
    "scaly_surface": 6.642746448516846,
    "strawberry_pattern": 5.949763298034668,
    "milia_like_cysts": 6.222155570983887,
    "comedo_like_openings": 5.7742919921875,
    "cerebriform_surface": 5.645397186279297,
    "central_white_patch": 6.602724552154541,
    "red_lacunae": 6.485251426696777,
    "healthy_skin": 6.198563098907471
  }
}