{
  "step": 74,
  "lambda_s": 17.51595290392506,
  "n_active": 9,
  "val_balacc": 0.47873047792616036,
  "val_auc": 0.7687248366812938,
  "val_loss": 1.4670446198433638,
  "train_loss": 1.3747721591156101,
  "epochs_used": 8,
  "time_sec": 8.313198804855347,
  "just_eliminated": [],
  "issue4_fix": "best_within_step_checkpoint_restored",
  "norms": {
    "asymmetry": 2.12277889251709,
    "border_irregularity": 0.0,
    "colour_variation": 0.0,
    "diameter_large": 0.0,
    "atypical_pigment_network": 0.0,
    "blue_white_veil": 0.0,
    "atypical_vascular_pattern": 0.0,
    "irregular_streaks": 0.0,
    "irregular_pigmentation": 0.0,
    "irregular_dots_globules": 1.8397434949874878,
    "regression_structures": 0.0,
    "symmetric_uniform": 0.0,
    "reticular_network": 3.943754196166992,
    "arborizing_vessels": 2.342770576477051,
    "blue_grey_ovoid_nests": 1.6257399320602417,
    "ulceration": 0.0,
    "scaly_surface": 2.552157402038574,
    "strawberry_pattern": 0.0,
    "milia_like_cysts": 3.2940242290496826,
    "comedo_like_openings": 0.0,
    "cerebriform_surface": 0.0,
    "central_white_patch": 3.2873573303222656,
    "red_lacunae": 2.9260823726654053,
    "healthy_skin": 0.0
  }
}