{
  "step": 76,
  "lambda_s": 18.945254660885347,
  "n_active": 9,
  "val_balacc": 0.46977161933402606,
  "val_auc": 0.7631635761372754,
  "val_loss": 1.4890520311892033,
  "train_loss": 1.415154004320677,
  "epochs_used": 7,
  "time_sec": 7.531397104263306,
  "just_eliminated": [],
  "issue4_fix": "best_within_step_checkpoint_restored",
  "norms": {
    "asymmetry": 2.0529093742370605,
    "border_irregularity": 0.0,
    "colour_variation": 0.0,
    "diameter_large": 0.0,
    "atypical_pigment_network": 0.0,
    "blue_white_veil": 0.0,
    "atypical_vascular_pattern": 0.0,
    "irregular_streaks": 0.0,
    "irregular_pigmentation": 0.0,
    "irregular_dots_globules": 1.7417162656784058,
    "regression_structures": 0.0,
    "symmetric_uniform": 0.0,
    "reticular_network": 3.9274485111236572,
    "arborizing_vessels": 2.250713348388672,
    "blue_grey_ovoid_nests": 1.3469140529632568,
    "ulceration": 0.0,
    "scaly_surface": 2.4623260498046875,
    "strawberry_pattern": 0.0,
    "milia_like_cysts": 3.2114455699920654,
    "comedo_like_openings": 0.0,
    "cerebriform_surface": 0.0,
    "central_white_patch": 3.1841626167297363,
    "red_lacunae": 2.8455963134765625,
    "healthy_skin": 0.0
  }
}