{
  "step": 2,
  "lambda_s": 1.04,
  "n_active": 24,
  "val_balacc": 0.5177407177975039,
  "val_auc": 0.8120349774424525,
  "val_loss": 1.4845938608050346,
  "train_loss": 1.1123254882441171,
  "epochs_used": 12,
  "time_sec": 12.975526094436646,
  "just_eliminated": [],
  "issue4_fix": "best_within_step_checkpoint_restored",
  "norms": {
    "asymmetry": 6.311312198638916,
    "border_irregularity": 5.802036285400391,
    "colour_variation": 6.430393218994141,
    "diameter_large": 5.377656936645508,
    "atypical_pigment_network": 5.9079389572143555,
    "blue_white_veil": 6.3613057136535645,
    "atypical_vascular_pattern": 5.97599983215332,
    "irregular_streaks": 5.666306018829346,
    "irregular_pigmentation": 6.2514824867248535,
    "irregular_dots_globules": 6.445562362670898,
    "regression_structures": 5.878367900848389,
    "symmetric_uniform": 6.140239238739014,
    "reticular_network": 6.652779579162598,
    "arborizing_vessels": 6.277612209320068,
    "blue_grey_ovoid_nests": 6.464633464813232,
    "ulceration": 6.054720401763916,
    "scaly_surface": 6.830235004425049,
    "strawberry_pattern": 6.195382595062256,
    "milia_like_cysts": 6.454955101013184,
    "comedo_like_openings": 6.059017658233643,
    "cerebriform_surface": 5.8287858963012695,
    "central_white_patch": 6.823019504547119,
    "red_lacunae": 6.68036413192749,
    "healthy_skin": 6.412429332733154
  }
}