{
  "step": 45,
  "lambda_s": 5.616515078328274,
  "n_active": 14,
  "val_balacc": 0.5127674252719399,
  "val_auc": 0.8112514792306429,
  "val_loss": 1.3951573558151722,
  "train_loss": 1.246343425459187,
  "epochs_used": 11,
  "time_sec": 11.882154703140259,
  "just_eliminated": [],
  "issue4_fix": "best_within_step_checkpoint_restored",
  "norms": {
    "asymmetry": 2.966434955596924,
    "border_irregularity": 0.0,
    "colour_variation": 0.0,
    "diameter_large": 2.2829675674438477,
    "atypical_pigment_network": 2.575531482696533,
    "blue_white_veil": 0.0,
    "atypical_vascular_pattern": 0.0,
    "irregular_streaks": 0.0,
    "irregular_pigmentation": 0.0,
    "irregular_dots_globules": 2.779893636703491,
    "regression_structures": 0.0,
    "symmetric_uniform": 0.0,
    "reticular_network": 4.573100566864014,
    "arborizing_vessels": 2.7152950763702393,
    "blue_grey_ovoid_nests": 3.2678592205047607,
    "ulceration": 2.3753159046173096,
    "scaly_surface": 4.134505748748779,
    "strawberry_pattern": 2.991482973098755,
    "milia_like_cysts": 3.878617286682129,
    "comedo_like_openings": 0.0,
    "cerebriform_surface": 0.0,
    "central_white_patch": 4.245907306671143,
    "red_lacunae": 4.028875350952148,
    "healthy_skin": 3.0736284255981445
  }
}