{
  "step": 19,
  "lambda_s": 2.0258165153785326,
  "n_active": 24,
  "val_balacc": 0.5025068794758221,
  "val_auc": 0.8187293198646167,
  "val_loss": 1.466031901538372,
  "train_loss": 1.0711760968878643,
  "epochs_used": 8,
  "time_sec": 9.902062177658081,
  "just_eliminated": [],
  "issue4_fix": "best_within_step_checkpoint_restored",
  "norms": {
    "asymmetry": 4.333771705627441,
    "border_irregularity": 0.30006641149520874,
    "colour_variation": 3.694965124130249,
    "diameter_large": 2.8613383769989014,
    "atypical_pigment_network": 4.325474739074707,
    "blue_white_veil": 4.467313289642334,
    "atypical_vascular_pattern": 3.659417152404785,
    "irregular_streaks": 1.2893015146255493,
    "irregular_pigmentation": 2.6872239112854004,
    "irregular_dots_globules": 3.8826985359191895,
    "regression_structures": 2.3554649353027344,
    "symmetric_uniform": 3.457397222518921,
    "reticular_network": 5.663517475128174,
    "arborizing_vessels": 3.972883701324463,
    "blue_grey_ovoid_nests": 4.627707004547119,
    "ulceration": 3.8228399753570557,
    "scaly_surface": 5.143599987030029,
    "strawberry_pattern": 4.075108528137207,
    "milia_like_cysts": 4.280600070953369,
    "comedo_like_openings": 3.540969133377075,
    "cerebriform_surface": 4.367236614227295,
    "central_white_patch": 4.745316028594971,
    "red_lacunae": 5.284602165222168,
    "healthy_skin": 4.414031982421875
  }
}