{
  "step": 6,
  "lambda_s": 1.2166529024000001,
  "n_active": 24,
  "val_balacc": 0.5031689664639426,
  "val_auc": 0.8173294300658831,
  "val_loss": 1.4512352049350739,
  "train_loss": 1.0915177834975338,
  "epochs_used": 13,
  "time_sec": 14.298566102981567,
  "just_eliminated": [],
  "issue4_fix": "best_within_step_checkpoint_restored",
  "norms": {
    "asymmetry": 5.422303199768066,
    "border_irregularity": 3.908522367477417,
    "colour_variation": 5.444851875305176,
    "diameter_large": 4.280324459075928,
    "atypical_pigment_network": 5.0548176765441895,
    "blue_white_veil": 5.605195999145508,
    "atypical_vascular_pattern": 5.00305700302124,
    "irregular_streaks": 4.073085308074951,
    "irregular_pigmentation": 4.83830451965332,
    "irregular_dots_globules": 5.3809285163879395,
    "regression_structures": 4.463044166564941,
    "symmetric_uniform": 4.986361980438232,
    "reticular_network": 6.223816394805908,
    "arborizing_vessels": 5.3888115882873535,
    "blue_grey_ovoid_nests": 5.62841796875,
    "ulceration": 5.119396209716797,
    "scaly_surface": 6.178606986999512,
    "strawberry_pattern": 5.326474189758301,
    "milia_like_cysts": 5.539648056030273,
    "comedo_like_openings": 4.9772114753723145,
    "cerebriform_surface": 5.267693996429443,
    "central_white_patch": 5.942005634307861,
    "red_lacunae": 6.055511951446533,
    "healthy_skin": 5.582622528076172
  }
}