{
  "step": 51,
  "lambda_s": 7.106683346278317,
  "n_active": 14,
  "val_balacc": 0.5102208201347552,
  "val_auc": 0.8104674229181327,
  "val_loss": 1.4130688682198524,
  "train_loss": 1.2737625445678329,
  "epochs_used": 7,
  "time_sec": 7.714150667190552,
  "just_eliminated": [],
  "issue4_fix": "best_within_step_checkpoint_restored",
  "norms": {
    "asymmetry": 2.927373170852661,
    "border_irregularity": 0.0,
    "colour_variation": 0.0,
    "diameter_large": 2.0091474056243896,
    "atypical_pigment_network": 2.829221487045288,
    "blue_white_veil": 0.0,
    "atypical_vascular_pattern": 0.0,
    "irregular_streaks": 0.0,
    "irregular_pigmentation": 0.0,
    "irregular_dots_globules": 2.733442544937134,
    "regression_structures": 0.0,
    "symmetric_uniform": 0.0,
    "reticular_network": 4.47951602935791,
    "arborizing_vessels": 2.843921422958374,
    "blue_grey_ovoid_nests": 3.1777968406677246,
    "ulceration": 2.1890058517456055,
    "scaly_surface": 3.8848342895507812,
    "strawberry_pattern": 2.60121750831604,
    "milia_like_cysts": 3.743813991546631,
    "comedo_like_openings": 0.0,
    "cerebriform_surface": 0.0,
    "central_white_patch": 4.178647041320801,
    "red_lacunae": 3.769850254058838,
    "healthy_skin": 1.2594034671783447
  }
}