{
  "dense_val_balacc": 0.5637150583144643,
  "dense_val_auc": 0.841896424604935,
  "hidden_dims": [
    64,
    32
  ],
  "dropout": 0.1,
  "weight_decay": 0.0001,
  "concurvity_lambda": 3.0,
  "warmup_dense": 0,
  "seed": 46,
  "timestamp": "2026-06-06T21:39:33.697498+00:00"
}