{
  "step": 20,
  "lambda_s": 2.106849175993674,
  "n_active": 24,
  "val_balacc": 0.5278243454303827,
  "val_auc": 0.8607693336780213,
  "val_loss": 1.329776644706726,
  "train_loss": 1.083604048800272,
  "epochs_used": 7,
  "time_sec": 8.864979982376099,
  "just_eliminated": [],
  "issue4_fix": "best_within_step_checkpoint_restored",
  "norms": {
    "asymmetry": 4.150108337402344,
    "border_irregularity": 3.2870535850524902,
    "colour_variation": 4.100156307220459,
    "diameter_large": 4.246210098266602,
    "atypical_pigment_network": 4.170422077178955,
    "blue_white_veil": 4.048624038696289,
    "atypical_vascular_pattern": 4.018576145172119,
    "irregular_streaks": 4.339648246765137,
    "irregular_pigmentation": 3.7967591285705566,
    "irregular_dots_globules": 2.7481472492218018,
    "regression_structures": 4.023776531219482,
    "symmetric_uniform": 3.2860631942749023,
    "reticular_network": 4.647549152374268,
    "arborizing_vessels": 3.4267637729644775,
    "blue_grey_ovoid_nests": 3.724541187286377,
    "ulceration": 3.977478265762329,
    "scaly_surface": 5.147080421447754,
    "strawberry_pattern": 3.7957615852355957,
    "milia_like_cysts": 3.0394251346588135,
    "comedo_like_openings": 3.8180277347564697,
    "cerebriform_surface": 4.422994613647461,
    "central_white_patch": 4.241586685180664,
    "red_lacunae": 5.03261137008667,
    "healthy_skin": 3.807354211807251
  }
}