{
  "step": 39,
  "lambda_s": 4.438813450385222,
  "n_active": 23,
  "val_balacc": 0.5286336614768109,
  "val_auc": 0.8572305798548112,
  "val_loss": 1.315431833267212,
  "train_loss": 1.1753156917348395,
  "epochs_used": 11,
  "time_sec": 12.725538492202759,
  "just_eliminated": [],
  "issue4_fix": "best_within_step_checkpoint_restored",
  "norms": {
    "asymmetry": 3.019291639328003,
    "border_irregularity": 0.0,
    "colour_variation": 3.313433885574341,
    "diameter_large": 3.6876354217529297,
    "atypical_pigment_network": 2.964280843734741,
    "blue_white_veil": 2.9526963233947754,
    "atypical_vascular_pattern": 2.155332326889038,
    "irregular_streaks": 2.8611083030700684,
    "irregular_pigmentation": 2.957974910736084,
    "irregular_dots_globules": 1.6616686582565308,
    "regression_structures": 2.1756880283355713,
    "symmetric_uniform": 2.1205170154571533,
    "reticular_network": 3.641866683959961,
    "arborizing_vessels": 2.8629353046417236,
    "blue_grey_ovoid_nests": 2.6955325603485107,
    "ulceration": 2.9832584857940674,
    "scaly_surface": 4.211067199707031,
    "strawberry_pattern": 2.5416321754455566,
    "milia_like_cysts": 1.8779414892196655,
    "comedo_like_openings": 3.077357292175293,
    "cerebriform_surface": 2.8942418098449707,
    "central_white_patch": 3.5635459423065186,
    "red_lacunae": 4.013803482055664,
    "healthy_skin": 1.6994627714157104
  }
}