{
  "step": 63,
  "lambda_s": 11.378029004549969,
  "n_active": 20,
  "val_balacc": 0.501152992461065,
  "val_auc": 0.8429113644426433,
  "val_loss": 1.3554507493972778,
  "train_loss": 1.253855916245546,
  "epochs_used": 8,
  "time_sec": 8.654311895370483,
  "just_eliminated": [],
  "issue4_fix": "best_within_step_checkpoint_restored",
  "norms": {
    "asymmetry": 2.087317705154419,
    "border_irregularity": 0.0,
    "colour_variation": 2.7940850257873535,
    "diameter_large": 3.5950734615325928,
    "atypical_pigment_network": 2.957420587539673,
    "blue_white_veil": 1.9019912481307983,
    "atypical_vascular_pattern": 0.5800515413284302,
    "irregular_streaks": 1.0049464702606201,
    "irregular_pigmentation": 1.5013909339904785,
    "irregular_dots_globules": 0.0,
    "regression_structures": 0.0,
    "symmetric_uniform": 0.0,
    "reticular_network": 3.491210460662842,
    "arborizing_vessels": 2.4480786323547363,
    "blue_grey_ovoid_nests": 2.6505730152130127,
    "ulceration": 2.1116530895233154,
    "scaly_surface": 3.6838653087615967,
    "strawberry_pattern": 0.566424548625946,
    "milia_like_cysts": 2.17374324798584,
    "comedo_like_openings": 3.304175615310669,
    "cerebriform_surface": 1.8747539520263672,
    "central_white_patch": 3.1192188262939453,
    "red_lacunae": 3.2576584815979004,
    "healthy_skin": 1.6278965473175049
  }
}