{
  "step": 79,
  "lambda_s": 21.31083493886214,
  "n_active": 15,
  "val_balacc": 0.4749937299125199,
  "val_auc": 0.8121939720924571,
  "val_loss": 1.472777009010315,
  "train_loss": 1.4588174608072213,
  "epochs_used": 8,
  "time_sec": 9.525995254516602,
  "just_eliminated": [],
  "issue4_fix": "best_within_step_checkpoint_restored",
  "norms": {
    "asymmetry": 2.518483877182007,
    "border_irregularity": 0.0,
    "colour_variation": 2.2830710411071777,
    "diameter_large": 2.7059686183929443,
    "atypical_pigment_network": 2.4411048889160156,
    "blue_white_veil": 0.0,
    "atypical_vascular_pattern": 0.0,
    "irregular_streaks": 0.0,
    "irregular_pigmentation": 0.0,
    "irregular_dots_globules": 0.0,
    "regression_structures": 0.0,
    "symmetric_uniform": 0.0,
    "reticular_network": 3.150322914123535,
    "arborizing_vessels": 0.603783130645752,
    "blue_grey_ovoid_nests": 1.7140400409698486,
    "ulceration": 1.7140001058578491,
    "scaly_surface": 2.913536310195923,
    "strawberry_pattern": 0.0,
    "milia_like_cysts": 2.5900309085845947,
    "comedo_like_openings": 2.801487445831299,
    "cerebriform_surface": 1.357653021812439,
    "central_white_patch": 2.8326830863952637,
    "red_lacunae": 2.2874035835266113,
    "healthy_skin": 1.501304030418396
  }
}