{
  "step": 70,
  "lambda_s": 14.972709952154437,
  "n_active": 16,
  "val_balacc": 0.5165659783815552,
  "val_auc": 0.8328029568979352,
  "val_loss": 1.4015202522277832,
  "train_loss": 1.3341533065009055,
  "epochs_used": 8,
  "time_sec": 8.933213949203491,
  "just_eliminated": [],
  "issue4_fix": "best_within_step_checkpoint_restored",
  "norms": {
    "asymmetry": 2.3977439403533936,
    "border_irregularity": 0.0,
    "colour_variation": 2.590214729309082,
    "diameter_large": 3.1339924335479736,
    "atypical_pigment_network": 2.8133866786956787,
    "blue_white_veil": 1.114238977432251,
    "atypical_vascular_pattern": 0.0,
    "irregular_streaks": 0.0,
    "irregular_pigmentation": 0.0,
    "irregular_dots_globules": 0.0,
    "regression_structures": 0.0,
    "symmetric_uniform": 0.0,
    "reticular_network": 3.5042340755462646,
    "arborizing_vessels": 2.010272264480591,
    "blue_grey_ovoid_nests": 2.315399408340454,
    "ulceration": 1.7467176914215088,
    "scaly_surface": 3.2159318923950195,
    "strawberry_pattern": 0.0,
    "milia_like_cysts": 2.3478522300720215,
    "comedo_like_openings": 3.2830824851989746,
    "cerebriform_surface": 1.5958224534988403,
    "central_white_patch": 2.975264549255371,
    "red_lacunae": 3.00997257232666,
    "healthy_skin": 1.4203710556030273
  }
}