{
  "step": 72,
  "lambda_s": 16.19448308425024,
  "n_active": 16,
  "val_balacc": 0.5004517831822343,
  "val_auc": 0.8285015120884963,
  "val_loss": 1.4023228883743286,
  "train_loss": 1.297925072015861,
  "epochs_used": 8,
  "time_sec": 9.180557250976562,
  "just_eliminated": [],
  "issue4_fix": "best_within_step_checkpoint_restored",
  "norms": {
    "asymmetry": 2.499122381210327,
    "border_irregularity": 0.0,
    "colour_variation": 2.6619484424591064,
    "diameter_large": 3.120389699935913,
    "atypical_pigment_network": 2.7689523696899414,
    "blue_white_veil": 0.9209704995155334,
    "atypical_vascular_pattern": 0.0,
    "irregular_streaks": 0.0,
    "irregular_pigmentation": 0.0,
    "irregular_dots_globules": 0.0,
    "regression_structures": 0.0,
    "symmetric_uniform": 0.0,
    "reticular_network": 3.4755325317382812,
    "arborizing_vessels": 2.0513131618499756,
    "blue_grey_ovoid_nests": 2.207397937774658,
    "ulceration": 1.747056245803833,
    "scaly_surface": 3.189326047897339,
    "strawberry_pattern": 0.0,
    "milia_like_cysts": 2.3625638484954834,
    "comedo_like_openings": 3.2662744522094727,
    "cerebriform_surface": 1.6480132341384888,
    "central_white_patch": 2.9854607582092285,
    "red_lacunae": 2.9010934829711914,
    "healthy_skin": 1.4030944108963013
  }
}