{
  "step": 34,
  "lambda_s": 3.648381096719621,
  "n_active": 24,
  "val_balacc": 0.5239546423365586,
  "val_auc": 0.8579883115858744,
  "val_loss": 1.3048352003097534,
  "train_loss": 1.140788738843609,
  "epochs_used": 15,
  "time_sec": 16.55341386795044,
  "just_eliminated": [],
  "issue4_fix": "best_within_step_checkpoint_restored",
  "norms": {
    "asymmetry": 3.2503621578216553,
    "border_irregularity": 0.9946809411048889,
    "colour_variation": 3.2612156867980957,
    "diameter_large": 3.6424267292022705,
    "atypical_pigment_network": 2.951313018798828,
    "blue_white_veil": 3.0754761695861816,
    "atypical_vascular_pattern": 2.5504872798919678,
    "irregular_streaks": 3.1987063884735107,
    "irregular_pigmentation": 3.0971872806549072,
    "irregular_dots_globules": 1.799687147140503,
    "regression_structures": 2.561781644821167,
    "symmetric_uniform": 2.3528096675872803,
    "reticular_network": 3.7693052291870117,
    "arborizing_vessels": 2.8965840339660645,
    "blue_grey_ovoid_nests": 2.7297496795654297,
    "ulceration": 3.2107958793640137,
    "scaly_surface": 4.255747318267822,
    "strawberry_pattern": 2.7190208435058594,
    "milia_like_cysts": 1.7895352840423584,
    "comedo_like_openings": 3.036068916320801,
    "cerebriform_surface": 3.118306875228882,
    "central_white_patch": 3.6514317989349365,
    "red_lacunae": 4.145901679992676,
    "healthy_skin": 2.045073986053467
  }
}