{
  "step": 35,
  "lambda_s": 3.7943163405884057,
  "n_active": 24,
  "val_balacc": 0.5353023434175814,
  "val_auc": 0.8565930273776022,
  "val_loss": 1.3206814527511597,
  "train_loss": 1.1022866122034174,
  "epochs_used": 7,
  "time_sec": 7.975987195968628,
  "just_eliminated": [],
  "issue4_fix": "best_within_step_checkpoint_restored",
  "norms": {
    "asymmetry": 3.291207790374756,
    "border_irregularity": 0.941132664680481,
    "colour_variation": 3.2400147914886475,
    "diameter_large": 3.6159794330596924,
    "atypical_pigment_network": 2.939110279083252,
    "blue_white_veil": 3.0966312885284424,
    "atypical_vascular_pattern": 2.5352418422698975,
    "irregular_streaks": 3.1537909507751465,
    "irregular_pigmentation": 3.0669665336608887,
    "irregular_dots_globules": 1.776380181312561,
    "regression_structures": 2.5567831993103027,
    "symmetric_uniform": 2.3471596240997314,
    "reticular_network": 3.757479429244995,
    "arborizing_vessels": 2.9138336181640625,
    "blue_grey_ovoid_nests": 2.7853550910949707,
    "ulceration": 3.2360448837280273,
    "scaly_surface": 4.290990352630615,
    "strawberry_pattern": 2.7509772777557373,
    "milia_like_cysts": 1.8309804201126099,
    "comedo_like_openings": 3.0418341159820557,
    "cerebriform_surface": 3.120715379714966,
    "central_white_patch": 3.6519646644592285,
    "red_lacunae": 4.134276866912842,
    "healthy_skin": 2.036710023880005
  }
}