{
  "step": 28,
  "lambda_s": 2.883368576136796,
  "n_active": 24,
  "val_balacc": 0.5299242325415039,
  "val_auc": 0.8621510475944529,
  "val_loss": 1.312449336051941,
  "train_loss": 1.0550024464385837,
  "epochs_used": 7,
  "time_sec": 8.826645374298096,
  "just_eliminated": [],
  "issue4_fix": "best_within_step_checkpoint_restored",
  "norms": {
    "asymmetry": 3.6985366344451904,
    "border_irregularity": 2.494364023208618,
    "colour_variation": 3.6391215324401855,
    "diameter_large": 3.810450315475464,
    "atypical_pigment_network": 3.619725465774536,
    "blue_white_veil": 3.5806751251220703,
    "atypical_vascular_pattern": 3.315117597579956,
    "irregular_streaks": 3.9436135292053223,
    "irregular_pigmentation": 3.3386893272399902,
    "irregular_dots_globules": 2.2502503395080566,
    "regression_structures": 3.350203275680542,
    "symmetric_uniform": 2.8227157592773438,
    "reticular_network": 4.194180488586426,
    "arborizing_vessels": 3.0410189628601074,
    "blue_grey_ovoid_nests": 3.238372325897217,
    "ulceration": 3.5836527347564697,
    "scaly_surface": 4.653313159942627,
    "strawberry_pattern": 3.2056517601013184,
    "milia_like_cysts": 2.348842144012451,
    "comedo_like_openings": 3.320148229598999,
    "cerebriform_surface": 3.8172359466552734,
    "central_white_patch": 3.7960572242736816,
    "red_lacunae": 4.573983669281006,
    "healthy_skin": 3.199122428894043
  }
}