{
  "step": 13,
  "lambda_s": 1.6010322185676815,
  "n_active": 24,
  "val_balacc": 0.5463012553452515,
  "val_auc": 0.8648088597857838,
  "val_loss": 1.373497486114502,
  "train_loss": 0.9749883200143177,
  "epochs_used": 15,
  "time_sec": 16.749531984329224,
  "just_eliminated": [],
  "issue4_fix": "best_within_step_checkpoint_restored",
  "norms": {
    "asymmetry": 4.79482889175415,
    "border_irregularity": 4.311601161956787,
    "colour_variation": 4.711877346038818,
    "diameter_large": 4.876225471496582,
    "atypical_pigment_network": 4.8860182762146,
    "blue_white_veil": 4.760656356811523,
    "atypical_vascular_pattern": 4.863886833190918,
    "irregular_streaks": 4.96591854095459,
    "irregular_pigmentation": 4.5777974128723145,
    "irregular_dots_globules": 3.7716197967529297,
    "regression_structures": 4.778507232666016,
    "symmetric_uniform": 4.043323040008545,
    "reticular_network": 5.236441135406494,
    "arborizing_vessels": 4.151678562164307,
    "blue_grey_ovoid_nests": 4.517337322235107,
    "ulceration": 4.568600654602051,
    "scaly_surface": 5.712767601013184,
    "strawberry_pattern": 4.555024147033691,
    "milia_like_cysts": 3.952687978744507,
    "comedo_like_openings": 4.4696550369262695,
    "cerebriform_surface": 5.103749752044678,
    "central_white_patch": 4.956517696380615,
    "red_lacunae": 5.526546001434326,
    "healthy_skin": 4.4814324378967285
  }
}