{
  "step": 7,
  "lambda_s": 1.2653190184960004,
  "n_active": 24,
  "val_balacc": 0.5141634159657688,
  "val_auc": 0.8623973625381807,
  "val_loss": 1.3618773221969604,
  "train_loss": 1.0127669596371764,
  "epochs_used": 16,
  "time_sec": 17.159132480621338,
  "just_eliminated": [],
  "issue4_fix": "best_within_step_checkpoint_restored",
  "norms": {
    "asymmetry": 5.74003267288208,
    "border_irregularity": 5.693873405456543,
    "colour_variation": 5.73970365524292,
    "diameter_large": 5.757401943206787,
    "atypical_pigment_network": 6.068910121917725,
    "blue_white_veil": 5.901017189025879,
    "atypical_vascular_pattern": 6.042522430419922,
    "irregular_streaks": 6.058413982391357,
    "irregular_pigmentation": 5.824697494506836,
    "irregular_dots_globules": 5.452630043029785,
    "regression_structures": 5.737101078033447,
    "symmetric_uniform": 5.488865852355957,
    "reticular_network": 6.206110000610352,
    "arborizing_vessels": 5.355316162109375,
    "blue_grey_ovoid_nests": 5.759469509124756,
    "ulceration": 5.652724266052246,
    "scaly_surface": 6.472855091094971,
    "strawberry_pattern": 5.884990692138672,
    "milia_like_cysts": 5.323288440704346,
    "comedo_like_openings": 5.750709056854248,
    "cerebriform_surface": 5.8977484703063965,
    "central_white_patch": 5.997900485992432,
    "red_lacunae": 6.334326267242432,
    "healthy_skin": 5.615328311920166
  }
}