{
  "step": 37,
  "lambda_s": 4.10393255398042,
  "n_active": 24,
  "val_balacc": 0.5231885378486628,
  "val_auc": 0.8544969836479911,
  "val_loss": 1.3088880777359009,
  "train_loss": 1.1103968038249028,
  "epochs_used": 7,
  "time_sec": 8.184643745422363,
  "just_eliminated": [],
  "issue4_fix": "best_within_step_checkpoint_restored",
  "norms": {
    "asymmetry": 3.270826816558838,
    "border_irregularity": 0.8189370036125183,
    "colour_variation": 3.2411322593688965,
    "diameter_large": 3.6499481201171875,
    "atypical_pigment_network": 2.997652769088745,
    "blue_white_veil": 3.0287296772003174,
    "atypical_vascular_pattern": 2.487257242202759,
    "irregular_streaks": 3.1380817890167236,
    "irregular_pigmentation": 3.1006059646606445,
    "irregular_dots_globules": 1.7665305137634277,
    "regression_structures": 2.4663774967193604,
    "symmetric_uniform": 2.3252906799316406,
    "reticular_network": 3.7546639442443848,
    "arborizing_vessels": 2.896110773086548,
    "blue_grey_ovoid_nests": 2.7503440380096436,
    "ulceration": 3.143605947494507,
    "scaly_surface": 4.241433143615723,
    "strawberry_pattern": 2.7454495429992676,
    "milia_like_cysts": 1.839339017868042,
    "comedo_like_openings": 3.057795524597168,
    "cerebriform_surface": 3.0360076427459717,
    "central_white_patch": 3.6161022186279297,
    "red_lacunae": 4.1116414070129395,
    "healthy_skin": 1.8904976844787598
  }
}