{
  "step": 6,
  "lambda_s": 1.2166529024000001,
  "n_active": 24,
  "val_balacc": 0.530561313895681,
  "val_auc": 0.8584917377262196,
  "val_loss": 1.3720370531082153,
  "train_loss": 1.0982307514123348,
  "epochs_used": 10,
  "time_sec": 12.000545501708984,
  "just_eliminated": [],
  "issue4_fix": "best_within_step_checkpoint_restored",
  "norms": {
    "asymmetry": 5.973472595214844,
    "border_irregularity": 5.956081390380859,
    "colour_variation": 5.989808559417725,
    "diameter_large": 6.004147052764893,
    "atypical_pigment_network": 6.326462268829346,
    "blue_white_veil": 6.172256946563721,
    "atypical_vascular_pattern": 6.261184215545654,
    "irregular_streaks": 6.2773756980896,
    "irregular_pigmentation": 6.126508712768555,
    "irregular_dots_globules": 5.825921535491943,
    "regression_structures": 5.933181285858154,
    "symmetric_uniform": 5.782112121582031,
    "reticular_network": 6.4436750411987305,
    "arborizing_vessels": 5.615704536437988,
    "blue_grey_ovoid_nests": 6.038849830627441,
    "ulceration": 5.906723499298096,
    "scaly_surface": 6.6422319412231445,
    "strawberry_pattern": 6.154420375823975,
    "milia_like_cysts": 5.666659832000732,
    "comedo_like_openings": 6.046881198883057,
    "cerebriform_surface": 6.110418796539307,
    "central_white_patch": 6.259881496429443,
    "red_lacunae": 6.521148681640625,
    "healthy_skin": 5.894079685211182
  }
}