{
  "step": 45,
  "lambda_s": 5.616515078328274,
  "n_active": 23,
  "val_balacc": 0.5144617170129168,
  "val_auc": 0.8585314118078057,
  "val_loss": 1.326816439628601,
  "train_loss": 1.1230274350252776,
  "epochs_used": 8,
  "time_sec": 11.386354923248291,
  "just_eliminated": [],
  "issue4_fix": "best_within_step_checkpoint_restored",
  "norms": {
    "asymmetry": 2.8512654304504395,
    "border_irregularity": 0.0,
    "colour_variation": 3.271970510482788,
    "diameter_large": 3.837871789932251,
    "atypical_pigment_network": 3.021639108657837,
    "blue_white_veil": 2.6867449283599854,
    "atypical_vascular_pattern": 1.6616222858428955,
    "irregular_streaks": 2.646240472793579,
    "irregular_pigmentation": 2.662008285522461,
    "irregular_dots_globules": 0.914188027381897,
    "regression_structures": 1.8480360507965088,
    "symmetric_uniform": 1.9389095306396484,
    "reticular_network": 3.634326934814453,
    "arborizing_vessels": 2.889763116836548,
    "blue_grey_ovoid_nests": 2.9025039672851562,
    "ulceration": 2.674636125564575,
    "scaly_surface": 4.182114601135254,
    "strawberry_pattern": 2.1796534061431885,
    "milia_like_cysts": 1.9682035446166992,
    "comedo_like_openings": 3.116124391555786,
    "cerebriform_surface": 2.5411019325256348,
    "central_white_patch": 3.38617205619812,
    "red_lacunae": 3.7966177463531494,
    "healthy_skin": 1.5079878568649292
  }
}