{
  "step": 51,
  "lambda_s": 7.106683346278317,
  "n_active": 22,
  "val_balacc": 0.5390082383909554,
  "val_auc": 0.8505421271621337,
  "val_loss": 1.3303053379058838,
  "train_loss": 1.1971888156612671,
  "epochs_used": 7,
  "time_sec": 7.93344521522522,
  "just_eliminated": [],
  "issue4_fix": "best_within_step_checkpoint_restored",
  "norms": {
    "asymmetry": 2.6008594036102295,
    "border_irregularity": 0.0,
    "colour_variation": 3.1636757850646973,
    "diameter_large": 3.734936475753784,
    "atypical_pigment_network": 3.234005928039551,
    "blue_white_veil": 2.4082822799682617,
    "atypical_vascular_pattern": 1.6262677907943726,
    "irregular_streaks": 2.0808513164520264,
    "irregular_pigmentation": 2.4995055198669434,
    "irregular_dots_globules": 0.0,
    "regression_structures": 1.433787226676941,
    "symmetric_uniform": 1.3441816568374634,
    "reticular_network": 3.61122465133667,
    "arborizing_vessels": 2.6233067512512207,
    "blue_grey_ovoid_nests": 2.8991761207580566,
    "ulceration": 2.4821152687072754,
    "scaly_surface": 4.008302688598633,
    "strawberry_pattern": 1.6247389316558838,
    "milia_like_cysts": 2.020805835723877,
    "comedo_like_openings": 3.1488265991210938,
    "cerebriform_surface": 2.513747215270996,
    "central_white_patch": 3.3792383670806885,
    "red_lacunae": 3.6593408584594727,
    "healthy_skin": 1.5520126819610596
  }
}