{
  "step": 42,
  "lambda_s": 4.993061453054123,
  "n_active": 23,
  "val_balacc": 0.5355520362555317,
  "val_auc": 0.8543715679577498,
  "val_loss": 1.3136647939682007,
  "train_loss": 1.1420396408087876,
  "epochs_used": 16,
  "time_sec": 19.30785059928894,
  "just_eliminated": [],
  "issue4_fix": "best_within_step_checkpoint_restored",
  "norms": {
    "asymmetry": 2.881019115447998,
    "border_irregularity": 0.0,
    "colour_variation": 3.2445521354675293,
    "diameter_large": 3.7319066524505615,
    "atypical_pigment_network": 3.0487189292907715,
    "blue_white_veil": 2.6951723098754883,
    "atypical_vascular_pattern": 1.7384775876998901,
    "irregular_streaks": 2.5818443298339844,
    "irregular_pigmentation": 2.724473476409912,
    "irregular_dots_globules": 1.0464532375335693,
    "regression_structures": 1.8283740282058716,
    "symmetric_uniform": 1.950371503829956,
    "reticular_network": 3.606454849243164,
    "arborizing_vessels": 2.8384850025177,
    "blue_grey_ovoid_nests": 2.849064588546753,
    "ulceration": 2.7194926738739014,
    "scaly_surface": 4.214076519012451,
    "strawberry_pattern": 2.2905375957489014,
    "milia_like_cysts": 1.8494843244552612,
    "comedo_like_openings": 3.123305559158325,
    "cerebriform_surface": 2.6503565311431885,
    "central_white_patch": 3.4165215492248535,
    "red_lacunae": 3.8135344982147217,
    "healthy_skin": 1.5307564735412598
  }
}