{
  "step": 89,
  "lambda_s": 31.545241625088856,
  "n_active": 14,
  "val_balacc": 0.44559821572731184,
  "val_auc": 0.7693407305437244,
  "val_loss": 1.6142038106918335,
  "train_loss": 1.5522472938136613,
  "epochs_used": 7,
  "time_sec": 7.49361515045166,
  "just_eliminated": [],
  "issue4_fix": "best_within_step_checkpoint_restored",
  "norms": {
    "asymmetry": 2.133493661880493,
    "border_irregularity": 0.0,
    "colour_variation": 1.7673534154891968,
    "diameter_large": 2.1447083950042725,
    "atypical_pigment_network": 1.9187099933624268,
    "blue_white_veil": 0.0,
    "atypical_vascular_pattern": 0.0,
    "irregular_streaks": 0.0,
    "irregular_pigmentation": 0.0,
    "irregular_dots_globules": 0.0,
    "regression_structures": 0.0,
    "symmetric_uniform": 0.0,
    "reticular_network": 2.7582273483276367,
    "arborizing_vessels": 0.0,
    "blue_grey_ovoid_nests": 0.44233179092407227,
    "ulceration": 0.7793573141098022,
    "scaly_surface": 2.0943918228149414,
    "strawberry_pattern": 0.0,
    "milia_like_cysts": 1.8966087102890015,
    "comedo_like_openings": 2.2584328651428223,
    "cerebriform_surface": 0.40567559003829956,
    "central_white_patch": 2.2547760009765625,
    "red_lacunae": 1.3773257732391357,
    "healthy_skin": 1.315546989440918
  }
}