{
  "step": 24,
  "lambda_s": 2.464715543165146,
  "n_active": 24,
  "val_balacc": 0.5286498754623116,
  "val_auc": 0.8563768687233897,
  "val_loss": 1.3247796297073364,
  "train_loss": 1.0731030090139546,
  "epochs_used": 15,
  "time_sec": 17.43059539794922,
  "just_eliminated": [],
  "issue4_fix": "best_within_step_checkpoint_restored",
  "norms": {
    "asymmetry": 3.886561393737793,
    "border_irregularity": 2.7451117038726807,
    "colour_variation": 3.7905685901641846,
    "diameter_large": 3.9581098556518555,
    "atypical_pigment_network": 3.830376625061035,
    "blue_white_veil": 3.750891923904419,
    "atypical_vascular_pattern": 3.611848831176758,
    "irregular_streaks": 4.046681880950928,
    "irregular_pigmentation": 3.534607172012329,
    "irregular_dots_globules": 2.3724570274353027,
    "regression_structures": 3.5262608528137207,
    "symmetric_uniform": 3.011509656906128,
    "reticular_network": 4.340699195861816,
    "arborizing_vessels": 3.168430805206299,
    "blue_grey_ovoid_nests": 3.3419690132141113,
    "ulceration": 3.7320008277893066,
    "scaly_surface": 4.813198566436768,
    "strawberry_pattern": 3.4353978633880615,
    "milia_like_cysts": 2.5882456302642822,
    "comedo_like_openings": 3.467064619064331,
    "cerebriform_surface": 4.051351070404053,
    "central_white_patch": 3.978717088699341,
    "red_lacunae": 4.755198001861572,
    "healthy_skin": 3.402440309524536
  }
}