{
  "step": 3,
  "lambda_s": 1.0816000000000001,
  "n_active": 24,
  "val_balacc": 0.5288965489527008,
  "val_auc": 0.8605842579905649,
  "val_loss": 1.3489059209823608,
  "train_loss": 1.0477766535030406,
  "epochs_used": 11,
  "time_sec": 13.58421778678894,
  "just_eliminated": [],
  "issue4_fix": "best_within_step_checkpoint_restored",
  "norms": {
    "asymmetry": 6.286410808563232,
    "border_irregularity": 6.377554416656494,
    "colour_variation": 6.284840106964111,
    "diameter_large": 6.333596706390381,
    "atypical_pigment_network": 6.724127292633057,
    "blue_white_veil": 6.546184539794922,
    "atypical_vascular_pattern": 6.665490627288818,
    "irregular_streaks": 6.670080661773682,
    "irregular_pigmentation": 6.507455348968506,
    "irregular_dots_globules": 6.32424783706665,
    "regression_structures": 6.278132915496826,
    "symmetric_uniform": 6.199741840362549,
    "reticular_network": 6.774726867675781,
    "arborizing_vessels": 5.9982805252075195,
    "blue_grey_ovoid_nests": 6.448494911193848,
    "ulceration": 6.273867607116699,
    "scaly_surface": 6.897368431091309,
    "strawberry_pattern": 6.550723075866699,
    "milia_like_cysts": 6.111769676208496,
    "comedo_like_openings": 6.502438545227051,
    "cerebriform_surface": 6.387938976287842,
    "central_white_patch": 6.594563007354736,
    "red_lacunae": 6.782276153564453,
    "healthy_skin": 6.318215847015381
  }
}