{
  "step": 80,
  "lambda_s": 22.163268336416625,
  "n_active": 15,
  "val_balacc": 0.48596002043904624,
  "val_auc": 0.8144122392091862,
  "val_loss": 1.4760912656784058,
  "train_loss": 1.3610744513020956,
  "epochs_used": 7,
  "time_sec": 8.382309913635254,
  "just_eliminated": [],
  "issue4_fix": "best_within_step_checkpoint_restored",
  "norms": {
    "asymmetry": 2.5645663738250732,
    "border_irregularity": 0.0,
    "colour_variation": 2.3115289211273193,
    "diameter_large": 2.727058172225952,
    "atypical_pigment_network": 2.4345955848693848,
    "blue_white_veil": 0.0,
    "atypical_vascular_pattern": 0.0,
    "irregular_streaks": 0.0,
    "irregular_pigmentation": 0.0,
    "irregular_dots_globules": 0.0,
    "regression_structures": 0.0,
    "symmetric_uniform": 0.0,
    "reticular_network": 3.1998982429504395,
    "arborizing_vessels": 0.6120067834854126,
    "blue_grey_ovoid_nests": 1.683108925819397,
    "ulceration": 1.7451472282409668,
    "scaly_surface": 2.880422592163086,
    "strawberry_pattern": 0.0,
    "milia_like_cysts": 2.5776724815368652,
    "comedo_like_openings": 2.7993016242980957,
    "cerebriform_surface": 1.304225206375122,
    "central_white_patch": 2.837661027908325,
    "red_lacunae": 2.271801233291626,
    "healthy_skin": 1.559104084968567
  }
}