{
  "step": 14,
  "lambda_s": 1.6650735073103888,
  "n_active": 24,
  "val_balacc": 0.5157908861698289,
  "val_auc": 0.8540058618045039,
  "val_loss": 1.3406389951705933,
  "train_loss": 1.1036581895785538,
  "epochs_used": 7,
  "time_sec": 8.00656270980835,
  "just_eliminated": [],
  "issue4_fix": "best_within_step_checkpoint_restored",
  "norms": {
    "asymmetry": 4.7769951820373535,
    "border_irregularity": 4.286449432373047,
    "colour_variation": 4.6856184005737305,
    "diameter_large": 4.838749408721924,
    "atypical_pigment_network": 4.868906021118164,
    "blue_white_veil": 4.746542453765869,
    "atypical_vascular_pattern": 4.829169750213623,
    "irregular_streaks": 4.932809352874756,
    "irregular_pigmentation": 4.561816692352295,
    "irregular_dots_globules": 3.7509782314300537,
    "regression_structures": 4.735921382904053,
    "symmetric_uniform": 4.022085666656494,
    "reticular_network": 5.218649864196777,
    "arborizing_vessels": 4.15235710144043,
    "blue_grey_ovoid_nests": 4.508662700653076,
    "ulceration": 4.53400182723999,
    "scaly_surface": 5.685567378997803,
    "strawberry_pattern": 4.526630401611328,
    "milia_like_cysts": 3.9183192253112793,
    "comedo_like_openings": 4.4666428565979,
    "cerebriform_surface": 5.107907772064209,
    "central_white_patch": 4.946531295776367,
    "red_lacunae": 5.509005546569824,
    "healthy_skin": 4.4583740234375
  }
}