{
  "step": 90,
  "lambda_s": 32.80705129009241,
  "n_active": 14,
  "val_balacc": 0.4496930395649133,
  "val_auc": 0.7669144383926616,
  "val_loss": 1.6308051347732544,
  "train_loss": 1.5919551317733696,
  "epochs_used": 7,
  "time_sec": 7.624489784240723,
  "just_eliminated": [],
  "issue4_fix": "best_within_step_checkpoint_restored",
  "norms": {
    "asymmetry": 2.085325002670288,
    "border_irregularity": 0.0,
    "colour_variation": 1.7176321744918823,
    "diameter_large": 2.0853919982910156,
    "atypical_pigment_network": 1.9038712978363037,
    "blue_white_veil": 0.0,
    "atypical_vascular_pattern": 0.0,
    "irregular_streaks": 0.0,
    "irregular_pigmentation": 0.0,
    "irregular_dots_globules": 0.0,
    "regression_structures": 0.0,
    "symmetric_uniform": 0.0,
    "reticular_network": 2.71223521232605,
    "arborizing_vessels": 0.0,
    "blue_grey_ovoid_nests": 0.3011672794818878,
    "ulceration": 0.4461973011493683,
    "scaly_surface": 1.9870518445968628,
    "strawberry_pattern": 0.0,
    "milia_like_cysts": 1.8314599990844727,
    "comedo_like_openings": 2.2008728981018066,
    "cerebriform_surface": 0.3542655110359192,
    "central_white_patch": 2.215402364730835,
    "red_lacunae": 1.2220938205718994,
    "healthy_skin": 1.197058081626892
  }
}