{
  "step": 82,
  "lambda_s": 23.97179103266822,
  "n_active": 15,
  "val_balacc": 0.4796694974941283,
  "val_auc": 0.8105632603755357,
  "val_loss": 1.4911510944366455,
  "train_loss": 1.3515228568590034,
  "epochs_used": 7,
  "time_sec": 8.223473072052002,
  "just_eliminated": [],
  "issue4_fix": "best_within_step_checkpoint_restored",
  "norms": {
    "asymmetry": 2.514524221420288,
    "border_irregularity": 0.0,
    "colour_variation": 2.26173734664917,
    "diameter_large": 2.6317622661590576,
    "atypical_pigment_network": 2.3884024620056152,
    "blue_white_veil": 0.0,
    "atypical_vascular_pattern": 0.0,
    "irregular_streaks": 0.0,
    "irregular_pigmentation": 0.0,
    "irregular_dots_globules": 0.0,
    "regression_structures": 0.0,
    "symmetric_uniform": 0.0,
    "reticular_network": 3.201591730117798,
    "arborizing_vessels": 0.6036476492881775,
    "blue_grey_ovoid_nests": 1.5819424390792847,
    "ulceration": 1.6873705387115479,
    "scaly_surface": 2.8101038932800293,
    "strawberry_pattern": 0.0,
    "milia_like_cysts": 2.4747369289398193,
    "comedo_like_openings": 2.7194762229919434,
    "cerebriform_surface": 1.178696870803833,
    "central_white_patch": 2.817009687423706,
    "red_lacunae": 2.15795636177063,
    "healthy_skin": 1.6173549890518188
  }
}