{
  "step": 96,
  "lambda_s": 41.51138593812767,
  "n_active": 11,
  "val_balacc": 0.41106083745091876,
  "val_auc": 0.7124359875331894,
  "val_loss": 1.7996900081634521,
  "train_loss": 1.7488481402675207,
  "epochs_used": 7,
  "time_sec": 7.5431296825408936,
  "just_eliminated": [],
  "issue4_fix": "best_within_step_checkpoint_restored",
  "norms": {
    "asymmetry": 1.3164860010147095,
    "border_irregularity": 0.0,
    "colour_variation": 1.05703604221344,
    "diameter_large": 1.5416444540023804,
    "atypical_pigment_network": 1.4952715635299683,
    "blue_white_veil": 0.0,
    "atypical_vascular_pattern": 0.0,
    "irregular_streaks": 0.0,
    "irregular_pigmentation": 0.0,
    "irregular_dots_globules": 0.0,
    "regression_structures": 0.0,
    "symmetric_uniform": 0.0,
    "reticular_network": 2.0899569988250732,
    "arborizing_vessels": 0.0,
    "blue_grey_ovoid_nests": 0.0,
    "ulceration": 0.0,
    "scaly_surface": 1.2763491868972778,
    "strawberry_pattern": 0.0,
    "milia_like_cysts": 0.9885796308517456,
    "comedo_like_openings": 1.50002121925354,
    "cerebriform_surface": 0.0,
    "central_white_patch": 1.4700793027877808,
    "red_lacunae": 0.3425627052783966,
    "healthy_skin": 0.6478995084762573
  }
}