{
  "step": 87,
  "lambda_s": 29.16534913562209,
  "n_active": 14,
  "val_balacc": 0.4652706052555576,
  "val_auc": 0.786175963763616,
  "val_loss": 1.5638678073883057,
  "train_loss": 1.4858953711256568,
  "epochs_used": 7,
  "time_sec": 7.730711936950684,
  "just_eliminated": [],
  "issue4_fix": "best_within_step_checkpoint_restored",
  "norms": {
    "asymmetry": 2.2797815799713135,
    "border_irregularity": 0.0,
    "colour_variation": 2.0179004669189453,
    "diameter_large": 2.3089041709899902,
    "atypical_pigment_network": 2.119424343109131,
    "blue_white_veil": 0.0,
    "atypical_vascular_pattern": 0.0,
    "irregular_streaks": 0.0,
    "irregular_pigmentation": 0.0,
    "irregular_dots_globules": 0.0,
    "regression_structures": 0.0,
    "symmetric_uniform": 0.0,
    "reticular_network": 2.9686808586120605,
    "arborizing_vessels": 0.0,
    "blue_grey_ovoid_nests": 0.9805370569229126,
    "ulceration": 1.1598578691482544,
    "scaly_surface": 2.3330512046813965,
    "strawberry_pattern": 0.0,
    "milia_like_cysts": 2.1612188816070557,
    "comedo_like_openings": 2.5097670555114746,
    "cerebriform_surface": 0.7465939521789551,
    "central_white_patch": 2.432507038116455,
    "red_lacunae": 1.6273727416992188,
    "healthy_skin": 1.3586058616638184
  }
}