{
  "step": 18,
  "lambda_s": 1.947900495556281,
  "n_active": 24,
  "val_balacc": 0.5360813628927172,
  "val_auc": 0.8628769190044421,
  "val_loss": 1.3459807634353638,
  "train_loss": 0.9952541111676361,
  "epochs_used": 15,
  "time_sec": 18.25938653945923,
  "just_eliminated": [],
  "issue4_fix": "best_within_step_checkpoint_restored",
  "norms": {
    "asymmetry": 4.381882190704346,
    "border_irregularity": 3.6356759071350098,
    "colour_variation": 4.314713954925537,
    "diameter_large": 4.407476902008057,
    "atypical_pigment_network": 4.394313812255859,
    "blue_white_veil": 4.2762861251831055,
    "atypical_vascular_pattern": 4.284953594207764,
    "irregular_streaks": 4.54299783706665,
    "irregular_pigmentation": 4.065234184265137,
    "irregular_dots_globules": 3.0656325817108154,
    "regression_structures": 4.312211990356445,
    "symmetric_uniform": 3.4929773807525635,
    "reticular_network": 4.826115131378174,
    "arborizing_vessels": 3.625709295272827,
    "blue_grey_ovoid_nests": 3.9160971641540527,
    "ulceration": 4.188693523406982,
    "scaly_surface": 5.3230462074279785,
    "strawberry_pattern": 4.043962478637695,
    "milia_like_cysts": 3.3272206783294678,
    "comedo_like_openings": 3.9816958904266357,
    "cerebriform_surface": 4.6570963859558105,
    "central_white_patch": 4.450016498565674,
    "red_lacunae": 5.147852897644043,
    "healthy_skin": 3.985867977142334
  }
}