{
  "step": 52,
  "lambda_s": 7.390950680129451,
  "n_active": 22,
  "val_balacc": 0.5322341827514693,
  "val_auc": 0.8527485677374482,
  "val_loss": 1.33290696144104,
  "train_loss": 1.1331471367694972,
  "epochs_used": 10,
  "time_sec": 11.48548674583435,
  "just_eliminated": [],
  "issue4_fix": "best_within_step_checkpoint_restored",
  "norms": {
    "asymmetry": 2.4116594791412354,
    "border_irregularity": 0.0,
    "colour_variation": 3.0997676849365234,
    "diameter_large": 3.7616989612579346,
    "atypical_pigment_network": 3.1897695064544678,
    "blue_white_veil": 2.3123791217803955,
    "atypical_vascular_pattern": 1.4741551876068115,
    "irregular_streaks": 2.0407261848449707,
    "irregular_pigmentation": 2.3359477519989014,
    "irregular_dots_globules": 0.0,
    "regression_structures": 1.2637231349945068,
    "symmetric_uniform": 1.0806055068969727,
    "reticular_network": 3.6780951023101807,
    "arborizing_vessels": 2.632556438446045,
    "blue_grey_ovoid_nests": 2.867344379425049,
    "ulceration": 2.3695926666259766,
    "scaly_surface": 3.925905704498291,
    "strawberry_pattern": 1.4520652294158936,
    "milia_like_cysts": 2.0202481746673584,
    "comedo_like_openings": 3.1092617511749268,
    "cerebriform_surface": 2.2733821868896484,
    "central_white_patch": 3.2730672359466553,
    "red_lacunae": 3.5754764080047607,
    "healthy_skin": 1.584403395652771
  }
}