{
  "step": 93,
  "lambda_s": 36.90347094237851,
  "n_active": 11,
  "val_balacc": 0.4408330104417723,
  "val_auc": 0.744663321713133,
  "val_loss": 1.6898802518844604,
  "train_loss": 1.6429179823800835,
  "epochs_used": 7,
  "time_sec": 7.300942420959473,
  "just_eliminated": [],
  "issue4_fix": "best_within_step_checkpoint_restored",
  "norms": {
    "asymmetry": 1.7648487091064453,
    "border_irregularity": 0.0,
    "colour_variation": 1.4794758558273315,
    "diameter_large": 1.866381287574768,
    "atypical_pigment_network": 1.7782371044158936,
    "blue_white_veil": 0.0,
    "atypical_vascular_pattern": 0.0,
    "irregular_streaks": 0.0,
    "irregular_pigmentation": 0.0,
    "irregular_dots_globules": 0.0,
    "regression_structures": 0.0,
    "symmetric_uniform": 0.0,
    "reticular_network": 2.498298168182373,
    "arborizing_vessels": 0.0,
    "blue_grey_ovoid_nests": 0.0,
    "ulceration": 0.0,
    "scaly_surface": 1.748065710067749,
    "strawberry_pattern": 0.0,
    "milia_like_cysts": 1.5024958848953247,
    "comedo_like_openings": 1.98097562789917,
    "cerebriform_surface": 0.0,
    "central_white_patch": 1.9361745119094849,
    "red_lacunae": 0.8838385343551636,
    "healthy_skin": 1.0136125087738037
  }
}