{
  "step": 23,
  "lambda_s": 2.369918791504948,
  "n_active": 24,
  "val_balacc": 0.5430916571276897,
  "val_auc": 0.8589903331094141,
  "val_loss": 1.3295323848724365,
  "train_loss": 1.0446221964890545,
  "epochs_used": 8,
  "time_sec": 9.902010917663574,
  "just_eliminated": [],
  "issue4_fix": "best_within_step_checkpoint_restored",
  "norms": {
    "asymmetry": 4.009026050567627,
    "border_irregularity": 2.9560599327087402,
    "colour_variation": 3.959477186203003,
    "diameter_large": 4.043868064880371,
    "atypical_pigment_network": 3.992453098297119,
    "blue_white_veil": 3.850982904434204,
    "atypical_vascular_pattern": 3.749119281768799,
    "irregular_streaks": 4.170176029205322,
    "irregular_pigmentation": 3.7092578411102295,
    "irregular_dots_globules": 2.533845901489258,
    "regression_structures": 3.7459678649902344,
    "symmetric_uniform": 3.164053440093994,
    "reticular_network": 4.520421981811523,
    "arborizing_vessels": 3.2754859924316406,
    "blue_grey_ovoid_nests": 3.4521918296813965,
    "ulceration": 3.8290059566497803,
    "scaly_surface": 4.968376636505127,
    "strawberry_pattern": 3.6296706199645996,
    "milia_like_cysts": 2.783668279647827,
    "comedo_like_openings": 3.5861339569091797,
    "cerebriform_surface": 4.249607563018799,
    "central_white_patch": 4.043948173522949,
    "red_lacunae": 4.873353958129883,
    "healthy_skin": 3.5408496856689453
  }
}