{
  "step": 54,
  "lambda_s": 7.994052255628014,
  "n_active": 22,
  "val_balacc": 0.5218314523604707,
  "val_auc": 0.8492897240230131,
  "val_loss": 1.3347243070602417,
  "train_loss": 1.136454731601335,
  "epochs_used": 7,
  "time_sec": 8.023391723632812,
  "just_eliminated": [],
  "issue4_fix": "best_within_step_checkpoint_restored",
  "norms": {
    "asymmetry": 2.3900344371795654,
    "border_irregularity": 0.0,
    "colour_variation": 2.9829554557800293,
    "diameter_large": 3.7326552867889404,
    "atypical_pigment_network": 3.095126152038574,
    "blue_white_veil": 2.3495779037475586,
    "atypical_vascular_pattern": 1.388772964477539,
    "irregular_streaks": 1.8655915260314941,
    "irregular_pigmentation": 2.078219413757324,
    "irregular_dots_globules": 0.0,
    "regression_structures": 0.9995339512825012,
    "symmetric_uniform": 0.7207143902778625,
    "reticular_network": 3.5385255813598633,
    "arborizing_vessels": 2.5546658039093018,
    "blue_grey_ovoid_nests": 2.847318172454834,
    "ulceration": 2.4641056060791016,
    "scaly_surface": 3.9559342861175537,
    "strawberry_pattern": 1.404043436050415,
    "milia_like_cysts": 2.1812875270843506,
    "comedo_like_openings": 3.28536057472229,
    "cerebriform_surface": 2.2559494972229004,
    "central_white_patch": 3.2618024349212646,
    "red_lacunae": 3.477593421936035,
    "healthy_skin": 1.8320268392562866
  }
}