{
  "step": 69,
  "lambda_s": 14.39683649245619,
  "n_active": 16,
  "val_balacc": 0.4912318054945006,
  "val_auc": 0.8354903406926047,
  "val_loss": 1.3977036476135254,
  "train_loss": 1.2214720874046987,
  "epochs_used": 8,
  "time_sec": 9.007794857025146,
  "just_eliminated": [],
  "issue4_fix": "best_within_step_checkpoint_restored",
  "norms": {
    "asymmetry": 2.394313097000122,
    "border_irregularity": 0.0,
    "colour_variation": 2.661212682723999,
    "diameter_large": 3.159782886505127,
    "atypical_pigment_network": 2.9224274158477783,
    "blue_white_veil": 1.268264889717102,
    "atypical_vascular_pattern": 0.0,
    "irregular_streaks": 0.0,
    "irregular_pigmentation": 0.0,
    "irregular_dots_globules": 0.0,
    "regression_structures": 0.0,
    "symmetric_uniform": 0.0,
    "reticular_network": 3.5242502689361572,
    "arborizing_vessels": 2.045165777206421,
    "blue_grey_ovoid_nests": 2.3885414600372314,
    "ulceration": 1.8306267261505127,
    "scaly_surface": 3.248629093170166,
    "strawberry_pattern": 0.0,
    "milia_like_cysts": 2.4370322227478027,
    "comedo_like_openings": 3.293747663497925,
    "cerebriform_surface": 1.737542986869812,
    "central_white_patch": 3.0460476875305176,
    "red_lacunae": 3.019521474838257,
    "healthy_skin": 1.3978451490402222
  }
}