{
  "step": 43,
  "lambda_s": 5.192783911176289,
  "n_active": 23,
  "val_balacc": 0.5261226066058293,
  "val_auc": 0.8564073234821292,
  "val_loss": 1.319268822669983,
  "train_loss": 1.108924479121981,
  "epochs_used": 8,
  "time_sec": 9.67020845413208,
  "just_eliminated": [],
  "issue4_fix": "best_within_step_checkpoint_restored",
  "norms": {
    "asymmetry": 2.795701742172241,
    "border_irregularity": 0.0,
    "colour_variation": 3.246417284011841,
    "diameter_large": 3.7023861408233643,
    "atypical_pigment_network": 3.0166726112365723,
    "blue_white_veil": 2.7463886737823486,
    "atypical_vascular_pattern": 1.7580674886703491,
    "irregular_streaks": 2.5626044273376465,
    "irregular_pigmentation": 2.6622447967529297,
    "irregular_dots_globules": 0.9922879934310913,
    "regression_structures": 1.8067309856414795,
    "symmetric_uniform": 1.9349771738052368,
    "reticular_network": 3.5995445251464844,
    "arborizing_vessels": 2.8072147369384766,
    "blue_grey_ovoid_nests": 2.890632152557373,
    "ulceration": 2.7324841022491455,
    "scaly_surface": 4.189867973327637,
    "strawberry_pattern": 2.236888885498047,
    "milia_like_cysts": 1.892417550086975,
    "comedo_like_openings": 3.130462646484375,
    "cerebriform_surface": 2.6548826694488525,
    "central_white_patch": 3.4096744060516357,
    "red_lacunae": 3.866788148880005,
    "healthy_skin": 1.461776614189148
  }
}