{
  "step": 27,
  "lambda_s": 2.772469784746919,
  "n_active": 24,
  "val_balacc": 0.5444212632711987,
  "val_auc": 0.863838087894268,
  "val_loss": 1.3212378025054932,
  "train_loss": 1.0659374479112311,
  "epochs_used": 12,
  "time_sec": 13.174452781677246,
  "just_eliminated": [],
  "issue4_fix": "best_within_step_checkpoint_restored",
  "norms": {
    "asymmetry": 3.6990413665771484,
    "border_irregularity": 2.531806230545044,
    "colour_variation": 3.673647880554199,
    "diameter_large": 3.796166181564331,
    "atypical_pigment_network": 3.656130313873291,
    "blue_white_veil": 3.5911991596221924,
    "atypical_vascular_pattern": 3.3449394702911377,
    "irregular_streaks": 3.960237503051758,
    "irregular_pigmentation": 3.340877056121826,
    "irregular_dots_globules": 2.2352354526519775,
    "regression_structures": 3.360234260559082,
    "symmetric_uniform": 2.8468234539031982,
    "reticular_network": 4.2094292640686035,
    "arborizing_vessels": 3.042156934738159,
    "blue_grey_ovoid_nests": 3.2297890186309814,
    "ulceration": 3.614150047302246,
    "scaly_surface": 4.65040397644043,
    "strawberry_pattern": 3.2170090675354004,
    "milia_like_cysts": 2.3819923400878906,
    "comedo_like_openings": 3.3115530014038086,
    "cerebriform_surface": 3.858851909637451,
    "central_white_patch": 3.8179807662963867,
    "red_lacunae": 4.653942584991455,
    "healthy_skin": 3.185659646987915
  }
}