{
  "step": 32,
  "lambda_s": 3.3731334104286432,
  "n_active": 24,
  "val_balacc": 0.5359080703949356,
  "val_auc": 0.8605115487182918,
  "val_loss": 1.316090703010559,
  "train_loss": 1.0566948516208339,
  "epochs_used": 19,
  "time_sec": 21.014806985855103,
  "just_eliminated": [],
  "issue4_fix": "best_within_step_checkpoint_restored",
  "norms": {
    "asymmetry": 3.3834569454193115,
    "border_irregularity": 1.564804196357727,
    "colour_variation": 3.4025917053222656,
    "diameter_large": 3.6959729194641113,
    "atypical_pigment_network": 3.066559076309204,
    "blue_white_veil": 3.1496219635009766,
    "atypical_vascular_pattern": 2.7121527194976807,
    "irregular_streaks": 3.4408698081970215,
    "irregular_pigmentation": 3.194746971130371,
    "irregular_dots_globules": 1.9493517875671387,
    "regression_structures": 2.743171453475952,
    "symmetric_uniform": 2.4944469928741455,
    "reticular_network": 3.8964807987213135,
    "arborizing_vessels": 2.888240337371826,
    "blue_grey_ovoid_nests": 2.868741273880005,
    "ulceration": 3.3845436573028564,
    "scaly_surface": 4.318787097930908,
    "strawberry_pattern": 2.8569209575653076,
    "milia_like_cysts": 1.8402211666107178,
    "comedo_like_openings": 3.0803635120391846,
    "cerebriform_surface": 3.217188835144043,
    "central_white_patch": 3.7003204822540283,
    "red_lacunae": 4.316244602203369,
    "healthy_skin": 2.3145413398742676
  }
}