{
  "step": 30,
  "lambda_s": 3.118651451949559,
  "n_active": 24,
  "val_balacc": 0.5270666634613195,
  "val_auc": 0.8647805798591286,
  "val_loss": 1.3190858364105225,
  "train_loss": 1.0487721529853713,
  "epochs_used": 12,
  "time_sec": 12.928424596786499,
  "just_eliminated": [],
  "issue4_fix": "best_within_step_checkpoint_restored",
  "norms": {
    "asymmetry": 3.6097447872161865,
    "border_irregularity": 2.271352767944336,
    "colour_variation": 3.5642828941345215,
    "diameter_large": 3.7648463249206543,
    "atypical_pigment_network": 3.4447615146636963,
    "blue_white_veil": 3.4654366970062256,
    "atypical_vascular_pattern": 3.1175153255462646,
    "irregular_streaks": 3.7466039657592773,
    "irregular_pigmentation": 3.2371718883514404,
    "irregular_dots_globules": 2.114842414855957,
    "regression_structures": 3.1449313163757324,
    "symmetric_uniform": 2.6828629970550537,
    "reticular_network": 4.066676139831543,
    "arborizing_vessels": 2.9143502712249756,
    "blue_grey_ovoid_nests": 3.1648080348968506,
    "ulceration": 3.4874520301818848,
    "scaly_surface": 4.51936149597168,
    "strawberry_pattern": 3.099148750305176,
    "milia_like_cysts": 2.195570945739746,
    "comedo_like_openings": 3.1841578483581543,
    "cerebriform_surface": 3.6033337116241455,
    "central_white_patch": 3.7901604175567627,
    "red_lacunae": 4.4994587898254395,
    "healthy_skin": 2.9523112773895264
  }
}