{
  "step": 81,
  "lambda_s": 23.04979906987329,
  "n_active": 15,
  "val_balacc": 0.4822812598910932,
  "val_auc": 0.8078255268763027,
  "val_loss": 1.4790149927139282,
  "train_loss": 1.4200661212062227,
  "epochs_used": 7,
  "time_sec": 8.16984486579895,
  "just_eliminated": [],
  "issue4_fix": "best_within_step_checkpoint_restored",
  "norms": {
    "asymmetry": 2.557091474533081,
    "border_irregularity": 0.0,
    "colour_variation": 2.2412452697753906,
    "diameter_large": 2.691300630569458,
    "atypical_pigment_network": 2.407411575317383,
    "blue_white_veil": 0.0,
    "atypical_vascular_pattern": 0.0,
    "irregular_streaks": 0.0,
    "irregular_pigmentation": 0.0,
    "irregular_dots_globules": 0.0,
    "regression_structures": 0.0,
    "symmetric_uniform": 0.0,
    "reticular_network": 3.1874940395355225,
    "arborizing_vessels": 0.6619083285331726,
    "blue_grey_ovoid_nests": 1.6147971153259277,
    "ulceration": 1.6872397661209106,
    "scaly_surface": 2.8740994930267334,
    "strawberry_pattern": 0.0,
    "milia_like_cysts": 2.5433547496795654,
    "comedo_like_openings": 2.758702278137207,
    "cerebriform_surface": 1.2745492458343506,
    "central_white_patch": 2.7492175102233887,
    "red_lacunae": 2.2199912071228027,
    "healthy_skin": 1.57413649559021
  }
}