{
  "step": 41,
  "lambda_s": 4.801020627936657,
  "n_active": 23,
  "val_balacc": 0.5304936551984285,
  "val_auc": 0.8567291586074501,
  "val_loss": 1.3313355445861816,
  "train_loss": 1.1303466535100224,
  "epochs_used": 7,
  "time_sec": 8.574901819229126,
  "just_eliminated": [],
  "issue4_fix": "best_within_step_checkpoint_restored",
  "norms": {
    "asymmetry": 2.9250588417053223,
    "border_irregularity": 0.0,
    "colour_variation": 3.2968356609344482,
    "diameter_large": 3.8008570671081543,
    "atypical_pigment_network": 3.0796875953674316,
    "blue_white_veil": 2.9144890308380127,
    "atypical_vascular_pattern": 1.9359955787658691,
    "irregular_streaks": 2.6890108585357666,
    "irregular_pigmentation": 2.942619800567627,
    "irregular_dots_globules": 1.4435471296310425,
    "regression_structures": 1.9333826303482056,
    "symmetric_uniform": 2.0389528274536133,
    "reticular_network": 3.769674777984619,
    "arborizing_vessels": 2.8587357997894287,
    "blue_grey_ovoid_nests": 2.882323741912842,
    "ulceration": 2.822753429412842,
    "scaly_surface": 4.214689254760742,
    "strawberry_pattern": 2.356799364089966,
    "milia_like_cysts": 1.7851895093917847,
    "comedo_like_openings": 3.0394229888916016,
    "cerebriform_surface": 2.7812492847442627,
    "central_white_patch": 3.445397138595581,
    "red_lacunae": 3.887904405593872,
    "healthy_skin": 1.7538375854492188
  }
}