{
  "step": 11,
  "lambda_s": 1.4802442849183444,
  "n_active": 24,
  "val_balacc": 0.542286591788002,
  "val_auc": 0.8616104960239774,
  "val_loss": 1.3442010879516602,
  "train_loss": 1.0028863850175231,
  "epochs_used": 19,
  "time_sec": 20.398115158081055,
  "just_eliminated": [],
  "issue4_fix": "best_within_step_checkpoint_restored",
  "norms": {
    "asymmetry": 5.022928237915039,
    "border_irregularity": 4.734447956085205,
    "colour_variation": 5.031575679779053,
    "diameter_large": 5.121330738067627,
    "atypical_pigment_network": 5.246403694152832,
    "blue_white_veil": 5.088894367218018,
    "atypical_vascular_pattern": 5.216416835784912,
    "irregular_streaks": 5.291975021362305,
    "irregular_pigmentation": 4.954667568206787,
    "irregular_dots_globules": 4.289467811584473,
    "regression_structures": 5.049095153808594,
    "symmetric_uniform": 4.475991249084473,
    "reticular_network": 5.509270191192627,
    "arborizing_vessels": 4.492668628692627,
    "blue_grey_ovoid_nests": 4.89149284362793,
    "ulceration": 4.873058319091797,
    "scaly_surface": 5.980802536010742,
    "strawberry_pattern": 5.000321388244629,
    "milia_like_cysts": 4.367076873779297,
    "comedo_like_openings": 4.833929061889648,
    "cerebriform_surface": 5.3187456130981445,
    "central_white_patch": 5.29112434387207,
    "red_lacunae": 5.760517120361328,
    "healthy_skin": 4.780709743499756
  }
}