{
  "step": 76,
  "lambda_s": 18.945254660885347,
  "n_active": 15,
  "val_balacc": 0.4891408720981324,
  "val_auc": 0.8223932855583812,
  "val_loss": 1.4561196565628052,
  "train_loss": 1.387927044959818,
  "epochs_used": 7,
  "time_sec": 8.58622694015503,
  "just_eliminated": [],
  "issue4_fix": "best_within_step_checkpoint_restored",
  "norms": {
    "asymmetry": 2.757558584213257,
    "border_irregularity": 0.0,
    "colour_variation": 2.2795655727386475,
    "diameter_large": 2.8506827354431152,
    "atypical_pigment_network": 2.6904966831207275,
    "blue_white_veil": 0.0,
    "atypical_vascular_pattern": 0.0,
    "irregular_streaks": 0.0,
    "irregular_pigmentation": 0.0,
    "irregular_dots_globules": 0.0,
    "regression_structures": 0.0,
    "symmetric_uniform": 0.0,
    "reticular_network": 3.26051664352417,
    "arborizing_vessels": 0.7364282011985779,
    "blue_grey_ovoid_nests": 1.9285099506378174,
    "ulceration": 1.963685393333435,
    "scaly_surface": 2.9650001525878906,
    "strawberry_pattern": 0.0,
    "milia_like_cysts": 2.691277503967285,
    "comedo_like_openings": 2.879941463470459,
    "cerebriform_surface": 1.6095551252365112,
    "central_white_patch": 2.8787899017333984,
    "red_lacunae": 2.465754985809326,
    "healthy_skin": 1.6654741764068604
  }
}