{
  "step": 5,
  "lambda_s": 1.1698585600000002,
  "n_active": 24,
  "val_balacc": 0.5257211149944393,
  "val_auc": 0.8540140690849045,
  "val_loss": 1.3519923686981201,
  "train_loss": 1.0712007742390777,
  "epochs_used": 8,
  "time_sec": 9.050815343856812,
  "just_eliminated": [],
  "issue4_fix": "best_within_step_checkpoint_restored",
  "norms": {
    "asymmetry": 6.072909355163574,
    "border_irregularity": 6.089432239532471,
    "colour_variation": 6.066018104553223,
    "diameter_large": 6.086722373962402,
    "atypical_pigment_network": 6.44985294342041,
    "blue_white_veil": 6.278618335723877,
    "atypical_vascular_pattern": 6.38719367980957,
    "irregular_streaks": 6.399692058563232,
    "irregular_pigmentation": 6.248383045196533,
    "irregular_dots_globules": 5.977574825286865,
    "regression_structures": 6.039440155029297,
    "symmetric_uniform": 5.89868688583374,
    "reticular_network": 6.538078784942627,
    "arborizing_vessels": 5.7316365242004395,
    "blue_grey_ovoid_nests": 6.157729148864746,
    "ulceration": 6.009616374969482,
    "scaly_surface": 6.739581108093262,
    "strawberry_pattern": 6.280368328094482,
    "milia_like_cysts": 5.8168721199035645,
    "comedo_like_openings": 6.1742987632751465,
    "cerebriform_surface": 6.18945837020874,
    "central_white_patch": 6.387296199798584,
    "red_lacunae": 6.59010124206543,
    "healthy_skin": 6.011218070983887
  }
}