{
  "step": 36,
  "lambda_s": 3.946088994211942,
  "n_active": 24,
  "val_balacc": 0.526911135029062,
  "val_auc": 0.853971062132385,
  "val_loss": 1.310276985168457,
  "train_loss": 1.1121633166641047,
  "epochs_used": 8,
  "time_sec": 9.101125240325928,
  "just_eliminated": [],
  "issue4_fix": "best_within_step_checkpoint_restored",
  "norms": {
    "asymmetry": 3.278972864151001,
    "border_irregularity": 0.8647546768188477,
    "colour_variation": 3.227870225906372,
    "diameter_large": 3.650451421737671,
    "atypical_pigment_network": 2.969195604324341,
    "blue_white_veil": 3.0874130725860596,
    "atypical_vascular_pattern": 2.5280909538269043,
    "irregular_streaks": 3.1610381603240967,
    "irregular_pigmentation": 3.0949771404266357,
    "irregular_dots_globules": 1.7597013711929321,
    "regression_structures": 2.4640989303588867,
    "symmetric_uniform": 2.3582372665405273,
    "reticular_network": 3.7971348762512207,
    "arborizing_vessels": 2.856724739074707,
    "blue_grey_ovoid_nests": 2.719871997833252,
    "ulceration": 3.1480050086975098,
    "scaly_surface": 4.230362892150879,
    "strawberry_pattern": 2.7051591873168945,
    "milia_like_cysts": 1.8021537065505981,
    "comedo_like_openings": 3.0423762798309326,
    "cerebriform_surface": 3.0169012546539307,
    "central_white_patch": 3.6614902019500732,
    "red_lacunae": 4.098848342895508,
    "healthy_skin": 1.9812830686569214
  }
}