{
  "step": 55,
  "lambda_s": 8.313814345853135,
  "n_active": 22,
  "val_balacc": 0.5176413004324776,
  "val_auc": 0.8517853952930389,
  "val_loss": 1.3333746194839478,
  "train_loss": 1.208329149120018,
  "epochs_used": 10,
  "time_sec": 10.98565411567688,
  "just_eliminated": [],
  "issue4_fix": "best_within_step_checkpoint_restored",
  "norms": {
    "asymmetry": 2.3693366050720215,
    "border_irregularity": 0.0,
    "colour_variation": 3.0624899864196777,
    "diameter_large": 3.7423229217529297,
    "atypical_pigment_network": 3.0055034160614014,
    "blue_white_veil": 2.226116418838501,
    "atypical_vascular_pattern": 1.2740191221237183,
    "irregular_streaks": 1.767651915550232,
    "irregular_pigmentation": 2.038743495941162,
    "irregular_dots_globules": 0.0,
    "regression_structures": 0.770837664604187,
    "symmetric_uniform": 0.274495005607605,
    "reticular_network": 3.5296783447265625,
    "arborizing_vessels": 2.5004353523254395,
    "blue_grey_ovoid_nests": 2.7913239002227783,
    "ulceration": 2.3076207637786865,
    "scaly_surface": 3.8940670490264893,
    "strawberry_pattern": 1.2978551387786865,
    "milia_like_cysts": 2.134338140487671,
    "comedo_like_openings": 3.2756850719451904,
    "cerebriform_surface": 2.089738607406616,
    "central_white_patch": 3.216399908065796,
    "red_lacunae": 3.4914238452911377,
    "healthy_skin": 1.7632122039794922
  }
}