{
  "step": 71,
  "lambda_s": 15.571618350240616,
  "n_active": 16,
  "val_balacc": 0.4974736215207994,
  "val_auc": 0.8351955276870973,
  "val_loss": 1.401391863822937,
  "train_loss": 1.3126897812816483,
  "epochs_used": 7,
  "time_sec": 7.940232515335083,
  "just_eliminated": [],
  "issue4_fix": "best_within_step_checkpoint_restored",
  "norms": {
    "asymmetry": 2.5027358531951904,
    "border_irregularity": 0.0,
    "colour_variation": 2.6296963691711426,
    "diameter_large": 3.155930995941162,
    "atypical_pigment_network": 2.8112246990203857,
    "blue_white_veil": 1.1072379350662231,
    "atypical_vascular_pattern": 0.0,
    "irregular_streaks": 0.0,
    "irregular_pigmentation": 0.0,
    "irregular_dots_globules": 0.0,
    "regression_structures": 0.0,
    "symmetric_uniform": 0.0,
    "reticular_network": 3.5659122467041016,
    "arborizing_vessels": 2.0632236003875732,
    "blue_grey_ovoid_nests": 2.3530547618865967,
    "ulceration": 1.7139285802841187,
    "scaly_surface": 3.2096352577209473,
    "strawberry_pattern": 0.0,
    "milia_like_cysts": 2.3946738243103027,
    "comedo_like_openings": 3.3030567169189453,
    "cerebriform_surface": 1.6733086109161377,
    "central_white_patch": 2.974884271621704,
    "red_lacunae": 2.929065465927124,
    "healthy_skin": 1.3704214096069336
  }
}