{
  "step": 64,
  "lambda_s": 11.833150164731968,
  "n_active": 20,
  "val_balacc": 0.5130317181335652,
  "val_auc": 0.8457348513567406,
  "val_loss": 1.3633633852005005,
  "train_loss": 1.217360099799302,
  "epochs_used": 8,
  "time_sec": 8.584499597549438,
  "just_eliminated": [],
  "issue4_fix": "best_within_step_checkpoint_restored",
  "norms": {
    "asymmetry": 1.971178412437439,
    "border_irregularity": 0.0,
    "colour_variation": 2.7042994499206543,
    "diameter_large": 3.5332822799682617,
    "atypical_pigment_network": 2.9331250190734863,
    "blue_white_veil": 1.8749299049377441,
    "atypical_vascular_pattern": 0.2540518641471863,
    "irregular_streaks": 0.7966217994689941,
    "irregular_pigmentation": 1.331594705581665,
    "irregular_dots_globules": 0.0,
    "regression_structures": 0.0,
    "symmetric_uniform": 0.0,
    "reticular_network": 3.5146913528442383,
    "arborizing_vessels": 2.392479658126831,
    "blue_grey_ovoid_nests": 2.722421646118164,
    "ulceration": 2.059703826904297,
    "scaly_surface": 3.5939953327178955,
    "strawberry_pattern": 0.2024022340774536,
    "milia_like_cysts": 2.1835453510284424,
    "comedo_like_openings": 3.355496644973755,
    "cerebriform_surface": 1.9117521047592163,
    "central_white_patch": 3.0985376834869385,
    "red_lacunae": 3.2353861331939697,
    "healthy_skin": 1.4390345811843872
  }
}