{
  "step": 10,
  "lambda_s": 1.423311812421485,
  "n_active": 24,
  "val_balacc": 0.5334953704465256,
  "val_auc": 0.8615197176872395,
  "val_loss": 1.3643856048583984,
  "train_loss": 1.0017133137612928,
  "epochs_used": 15,
  "time_sec": 16.034228086471558,
  "just_eliminated": [],
  "issue4_fix": "best_within_step_checkpoint_restored",
  "norms": {
    "asymmetry": 5.281391143798828,
    "border_irregularity": 5.101037502288818,
    "colour_variation": 5.2695770263671875,
    "diameter_large": 5.329949855804443,
    "atypical_pigment_network": 5.552037715911865,
    "blue_white_veil": 5.3737101554870605,
    "atypical_vascular_pattern": 5.492094039916992,
    "irregular_streaks": 5.546624183654785,
    "irregular_pigmentation": 5.2762532234191895,
    "irregular_dots_globules": 4.696370601654053,
    "regression_structures": 5.304584503173828,
    "symmetric_uniform": 4.823892593383789,
    "reticular_network": 5.780404567718506,
    "arborizing_vessels": 4.829944133758545,
    "blue_grey_ovoid_nests": 5.190120220184326,
    "ulceration": 5.096279621124268,
    "scaly_surface": 6.156290054321289,
    "strawberry_pattern": 5.321047306060791,
    "milia_like_cysts": 4.715948581695557,
    "comedo_like_openings": 5.127079963684082,
    "cerebriform_surface": 5.562925338745117,
    "central_white_patch": 5.573641300201416,
    "red_lacunae": 5.993861675262451,
    "healthy_skin": 5.033811092376709
  }
}