{
  "step": 58,
  "lambda_s": 9.351910460333741,
  "n_active": 21,
  "val_balacc": 0.5107643672356625,
  "val_auc": 0.8501788922109553,
  "val_loss": 1.341687560081482,
  "train_loss": 1.199569170461289,
  "epochs_used": 9,
  "time_sec": 10.236043214797974,
  "just_eliminated": [],
  "issue4_fix": "best_within_step_checkpoint_restored",
  "norms": {
    "asymmetry": 2.2065584659576416,
    "border_irregularity": 0.0,
    "colour_variation": 2.991250991821289,
    "diameter_large": 3.707608938217163,
    "atypical_pigment_network": 3.082454204559326,
    "blue_white_veil": 2.237649917602539,
    "atypical_vascular_pattern": 0.9864445924758911,
    "irregular_streaks": 1.6085060834884644,
    "irregular_pigmentation": 1.9606919288635254,
    "irregular_dots_globules": 0.0,
    "regression_structures": 0.07008334994316101,
    "symmetric_uniform": 0.0,
    "reticular_network": 3.52317476272583,
    "arborizing_vessels": 2.5107078552246094,
    "blue_grey_ovoid_nests": 2.7306597232818604,
    "ulceration": 2.1751418113708496,
    "scaly_surface": 3.7403597831726074,
    "strawberry_pattern": 1.0492609739303589,
    "milia_like_cysts": 2.2167937755584717,
    "comedo_like_openings": 3.13665771484375,
    "cerebriform_surface": 2.0375890731811523,
    "central_white_patch": 3.232900857925415,
    "red_lacunae": 3.46494460105896,
    "healthy_skin": 1.7028520107269287
  }
}