{
  "step": 94,
  "lambda_s": 38.37960978007366,
  "n_active": 11,
  "val_balacc": 0.42846453171098314,
  "val_auc": 0.73462802260249,
  "val_loss": 1.7249507904052734,
  "train_loss": 1.6813962018391593,
  "epochs_used": 7,
  "time_sec": 7.333149194717407,
  "just_eliminated": [],
  "issue4_fix": "best_within_step_checkpoint_restored",
  "norms": {
    "asymmetry": 1.6596070528030396,
    "border_irregularity": 0.0,
    "colour_variation": 1.3825032711029053,
    "diameter_large": 1.7898879051208496,
    "atypical_pigment_network": 1.689652442932129,
    "blue_white_veil": 0.0,
    "atypical_vascular_pattern": 0.0,
    "irregular_streaks": 0.0,
    "irregular_pigmentation": 0.0,
    "irregular_dots_globules": 0.0,
    "regression_structures": 0.0,
    "symmetric_uniform": 0.0,
    "reticular_network": 2.3859567642211914,
    "arborizing_vessels": 0.0,
    "blue_grey_ovoid_nests": 0.0,
    "ulceration": 0.0,
    "scaly_surface": 1.587492823600769,
    "strawberry_pattern": 0.0,
    "milia_like_cysts": 1.3306572437286377,
    "comedo_like_openings": 1.8252445459365845,
    "cerebriform_surface": 0.0,
    "central_white_patch": 1.7428836822509766,
    "red_lacunae": 0.7122700810432434,
    "healthy_skin": 0.9153784513473511
  }
}