{
  "step": 74,
  "lambda_s": 17.51595290392506,
  "n_active": 16,
  "val_balacc": 0.4880242193602779,
  "val_auc": 0.8209797317470673,
  "val_loss": 1.4239813089370728,
  "train_loss": 1.3386605566127399,
  "epochs_used": 9,
  "time_sec": 10.484599828720093,
  "just_eliminated": [],
  "issue4_fix": "best_within_step_checkpoint_restored",
  "norms": {
    "asymmetry": 2.525564670562744,
    "border_irregularity": 0.0,
    "colour_variation": 2.6199021339416504,
    "diameter_large": 2.962237596511841,
    "atypical_pigment_network": 2.702805280685425,
    "blue_white_veil": 0.45166391134262085,
    "atypical_vascular_pattern": 0.0,
    "irregular_streaks": 0.0,
    "irregular_pigmentation": 0.0,
    "irregular_dots_globules": 0.0,
    "regression_structures": 0.0,
    "symmetric_uniform": 0.0,
    "reticular_network": 3.279003143310547,
    "arborizing_vessels": 1.918222427368164,
    "blue_grey_ovoid_nests": 1.8768101930618286,
    "ulceration": 1.6050541400909424,
    "scaly_surface": 3.024411678314209,
    "strawberry_pattern": 0.0,
    "milia_like_cysts": 2.3326966762542725,
    "comedo_like_openings": 3.0974154472351074,
    "cerebriform_surface": 1.5439116954803467,
    "central_white_patch": 2.9283595085144043,
    "red_lacunae": 2.691890239715576,
    "healthy_skin": 1.598978042602539
  }
}