{
  "step": 46,
  "lambda_s": 5.841175681461405,
  "n_active": 23,
  "val_balacc": 0.5271452996670682,
  "val_auc": 0.8557754236793026,
  "val_loss": 1.3305470943450928,
  "train_loss": 1.1331399257474841,
  "epochs_used": 7,
  "time_sec": 8.605253219604492,
  "just_eliminated": [],
  "issue4_fix": "best_within_step_checkpoint_restored",
  "norms": {
    "asymmetry": 2.87111496925354,
    "border_irregularity": 0.0,
    "colour_variation": 3.253870964050293,
    "diameter_large": 3.885324001312256,
    "atypical_pigment_network": 3.0236918926239014,
    "blue_white_veil": 2.6895718574523926,
    "atypical_vascular_pattern": 1.6645456552505493,
    "irregular_streaks": 2.641486406326294,
    "irregular_pigmentation": 2.601515769958496,
    "irregular_dots_globules": 0.8406476378440857,
    "regression_structures": 1.8281680345535278,
    "symmetric_uniform": 2.003782272338867,
    "reticular_network": 3.625788450241089,
    "arborizing_vessels": 2.8865814208984375,
    "blue_grey_ovoid_nests": 2.898982048034668,
    "ulceration": 2.7044403553009033,
    "scaly_surface": 4.16991662979126,
    "strawberry_pattern": 2.1310300827026367,
    "milia_like_cysts": 1.985673189163208,
    "comedo_like_openings": 3.151555061340332,
    "cerebriform_surface": 2.543696165084839,
    "central_white_patch": 3.4026498794555664,
    "red_lacunae": 3.8015146255493164,
    "healthy_skin": 1.486605167388916
  }
}