{
  "step": 50,
  "lambda_s": 6.833349371421459,
  "n_active": 22,
  "val_balacc": 0.5257574300739959,
  "val_auc": 0.8516429021624028,
  "val_loss": 1.3249502182006836,
  "train_loss": 1.1439673605871281,
  "epochs_used": 13,
  "time_sec": 15.289092779159546,
  "just_eliminated": [],
  "issue4_fix": "best_within_step_checkpoint_restored",
  "norms": {
    "asymmetry": 2.4907500743865967,
    "border_irregularity": 0.0,
    "colour_variation": 3.16927433013916,
    "diameter_large": 3.797180652618408,
    "atypical_pigment_network": 3.1943631172180176,
    "blue_white_veil": 2.428262233734131,
    "atypical_vascular_pattern": 1.6423362493515015,
    "irregular_streaks": 2.1322929859161377,
    "irregular_pigmentation": 2.5513792037963867,
    "irregular_dots_globules": 0.0,
    "regression_structures": 1.4591026306152344,
    "symmetric_uniform": 1.3730101585388184,
    "reticular_network": 3.638671636581421,
    "arborizing_vessels": 2.6740825176239014,
    "blue_grey_ovoid_nests": 2.900317668914795,
    "ulceration": 2.5284299850463867,
    "scaly_surface": 3.99405837059021,
    "strawberry_pattern": 1.6546578407287598,
    "milia_like_cysts": 2.032877206802368,
    "comedo_like_openings": 3.1947104930877686,
    "cerebriform_surface": 2.5094215869903564,
    "central_white_patch": 3.4094350337982178,
    "red_lacunae": 3.6728906631469727,
    "healthy_skin": 1.5390052795410156
  }
}