{
  "step": 47,
  "lambda_s": 6.074822708719862,
  "n_active": 23,
  "val_balacc": 0.5256183741970172,
  "val_auc": 0.854785366002485,
  "val_loss": 1.3239482641220093,
  "train_loss": 1.1782291509596858,
  "epochs_used": 10,
  "time_sec": 11.278706312179565,
  "just_eliminated": [],
  "issue4_fix": "best_within_step_checkpoint_restored",
  "norms": {
    "asymmetry": 2.8228883743286133,
    "border_irregularity": 0.0,
    "colour_variation": 3.242654323577881,
    "diameter_large": 3.8150558471679688,
    "atypical_pigment_network": 3.054316282272339,
    "blue_white_veil": 2.6287810802459717,
    "atypical_vascular_pattern": 1.647287130355835,
    "irregular_streaks": 2.537761926651001,
    "irregular_pigmentation": 2.4686286449432373,
    "irregular_dots_globules": 0.619498074054718,
    "regression_structures": 1.6736619472503662,
    "symmetric_uniform": 1.8208966255187988,
    "reticular_network": 3.6081814765930176,
    "arborizing_vessels": 2.8505027294158936,
    "blue_grey_ovoid_nests": 2.914093494415283,
    "ulceration": 2.709869861602783,
    "scaly_surface": 4.15028190612793,
    "strawberry_pattern": 1.982774019241333,
    "milia_like_cysts": 1.959218144416809,
    "comedo_like_openings": 3.1584720611572266,
    "cerebriform_surface": 2.5308003425598145,
    "central_white_patch": 3.3998515605926514,
    "red_lacunae": 3.78047513961792,
    "healthy_skin": 1.6040668487548828
  }
}