{
  "step": 61,
  "lambda_s": 10.519627408052855,
  "n_active": 20,
  "val_balacc": 0.509092814673673,
  "val_auc": 0.8471058094567901,
  "val_loss": 1.3445419073104858,
  "train_loss": 1.1920967410871612,
  "epochs_used": 7,
  "time_sec": 7.684919595718384,
  "just_eliminated": [],
  "issue4_fix": "best_within_step_checkpoint_restored",
  "norms": {
    "asymmetry": 2.104785919189453,
    "border_irregularity": 0.0,
    "colour_variation": 2.8673386573791504,
    "diameter_large": 3.61246919631958,
    "atypical_pigment_network": 3.0337343215942383,
    "blue_white_veil": 1.9495292901992798,
    "atypical_vascular_pattern": 0.8870705962181091,
    "irregular_streaks": 1.2101926803588867,
    "irregular_pigmentation": 1.6796412467956543,
    "irregular_dots_globules": 0.0,
    "regression_structures": 0.0,
    "symmetric_uniform": 0.0,
    "reticular_network": 3.51007080078125,
    "arborizing_vessels": 2.467682123184204,
    "blue_grey_ovoid_nests": 2.6901330947875977,
    "ulceration": 2.138394594192505,
    "scaly_surface": 3.692209005355835,
    "strawberry_pattern": 0.7113000154495239,
    "milia_like_cysts": 2.2443759441375732,
    "comedo_like_openings": 3.2466495037078857,
    "cerebriform_surface": 1.995474934577942,
    "central_white_patch": 3.1343801021575928,
    "red_lacunae": 3.277153253555298,
    "healthy_skin": 1.6739445924758911
  }
}