{
  "step": 53,
  "lambda_s": 7.686588707334629,
  "n_active": 22,
  "val_balacc": 0.520221373988193,
  "val_auc": 0.8483211218556816,
  "val_loss": 1.3338533639907837,
  "train_loss": 1.1843796414399181,
  "epochs_used": 12,
  "time_sec": 13.555284976959229,
  "just_eliminated": [],
  "issue4_fix": "best_within_step_checkpoint_restored",
  "norms": {
    "asymmetry": 2.356212854385376,
    "border_irregularity": 0.0,
    "colour_variation": 3.0167293548583984,
    "diameter_large": 3.7608482837677,
    "atypical_pigment_network": 3.1292922496795654,
    "blue_white_veil": 2.30793833732605,
    "atypical_vascular_pattern": 1.5422782897949219,
    "irregular_streaks": 1.8987748622894287,
    "irregular_pigmentation": 2.10200834274292,
    "irregular_dots_globules": 0.0,
    "regression_structures": 1.094556450843811,
    "symmetric_uniform": 0.758945643901825,
    "reticular_network": 3.494677782058716,
    "arborizing_vessels": 2.637702465057373,
    "blue_grey_ovoid_nests": 2.7936034202575684,
    "ulceration": 2.3815975189208984,
    "scaly_surface": 3.9215481281280518,
    "strawberry_pattern": 1.364815592765808,
    "milia_like_cysts": 2.204515218734741,
    "comedo_like_openings": 3.3154799938201904,
    "cerebriform_surface": 2.2951996326446533,
    "central_white_patch": 3.2496163845062256,
    "red_lacunae": 3.4370436668395996,
    "healthy_skin": 1.7664077281951904
  }
}