{
  "step": 44,
  "lambda_s": 5.40049526762334,
  "n_active": 23,
  "val_balacc": 0.5329830232717283,
  "val_auc": 0.8528698763953819,
  "val_loss": 1.314801812171936,
  "train_loss": 1.1723490704127297,
  "epochs_used": 7,
  "time_sec": 10.217251539230347,
  "just_eliminated": [],
  "issue4_fix": "best_within_step_checkpoint_restored",
  "norms": {
    "asymmetry": 2.809194326400757,
    "border_irregularity": 0.0,
    "colour_variation": 3.2744054794311523,
    "diameter_large": 3.745539426803589,
    "atypical_pigment_network": 3.05148983001709,
    "blue_white_veil": 2.7310543060302734,
    "atypical_vascular_pattern": 1.673780083656311,
    "irregular_streaks": 2.587441921234131,
    "irregular_pigmentation": 2.687978506088257,
    "irregular_dots_globules": 0.9532654285430908,
    "regression_structures": 1.8740366697311401,
    "symmetric_uniform": 1.9519577026367188,
    "reticular_network": 3.634016513824463,
    "arborizing_vessels": 2.8220791816711426,
    "blue_grey_ovoid_nests": 2.9116134643554688,
    "ulceration": 2.751448392868042,
    "scaly_surface": 4.1966962814331055,
    "strawberry_pattern": 2.197553873062134,
    "milia_like_cysts": 1.9526599645614624,
    "comedo_like_openings": 3.1927363872528076,
    "cerebriform_surface": 2.5914723873138428,
    "central_white_patch": 3.372905731201172,
    "red_lacunae": 3.780014753341675,
    "healthy_skin": 1.528010368347168
  }
}