{
  "step": 4,
  "lambda_s": 1.124864,
  "n_active": 24,
  "val_balacc": 0.5459613331690151,
  "val_auc": 0.8597791691254034,
  "val_loss": 1.364021897315979,
  "train_loss": 1.0861135639459973,
  "epochs_used": 13,
  "time_sec": 15.224684000015259,
  "just_eliminated": [],
  "issue4_fix": "best_within_step_checkpoint_restored",
  "norms": {
    "asymmetry": 6.127475261688232,
    "border_irregularity": 6.156745910644531,
    "colour_variation": 6.116847038269043,
    "diameter_large": 6.142862319946289,
    "atypical_pigment_network": 6.516366481781006,
    "blue_white_veil": 6.3499579429626465,
    "atypical_vascular_pattern": 6.44907283782959,
    "irregular_streaks": 6.465053081512451,
    "irregular_pigmentation": 6.30666446685791,
    "irregular_dots_globules": 6.066530227661133,
    "regression_structures": 6.1124396324157715,
    "symmetric_uniform": 5.97666072845459,
    "reticular_network": 6.587827682495117,
    "arborizing_vessels": 5.7979326248168945,
    "blue_grey_ovoid_nests": 6.226357936859131,
    "ulceration": 6.074988842010498,
    "scaly_surface": 6.775308132171631,
    "strawberry_pattern": 6.343935012817383,
    "milia_like_cysts": 5.869067668914795,
    "comedo_like_openings": 6.274936676025391,
    "cerebriform_surface": 6.227331638336182,
    "central_white_patch": 6.428831100463867,
    "red_lacunae": 6.640535354614258,
    "healthy_skin": 6.09920072555542
  }
}