{
  "step": 31,
  "lambda_s": 3.2433975100275414,
  "n_active": 24,
  "val_balacc": 0.5392442917703939,
  "val_auc": 0.8609105189754244,
  "val_loss": 1.3094086647033691,
  "train_loss": 1.0864991733360914,
  "epochs_used": 15,
  "time_sec": 16.424694299697876,
  "just_eliminated": [],
  "issue4_fix": "best_within_step_checkpoint_restored",
  "norms": {
    "asymmetry": 3.514899253845215,
    "border_irregularity": 1.978360652923584,
    "colour_variation": 3.455291509628296,
    "diameter_large": 3.7004024982452393,
    "atypical_pigment_network": 3.2975099086761475,
    "blue_white_veil": 3.307616949081421,
    "atypical_vascular_pattern": 2.9096739292144775,
    "irregular_streaks": 3.686433792114258,
    "irregular_pigmentation": 3.211625337600708,
    "irregular_dots_globules": 2.016784906387329,
    "regression_structures": 2.9905946254730225,
    "symmetric_uniform": 2.6057534217834473,
    "reticular_network": 3.9610137939453125,
    "arborizing_vessels": 2.875850200653076,
    "blue_grey_ovoid_nests": 2.9428439140319824,
    "ulceration": 3.4564695358276367,
    "scaly_surface": 4.369778633117676,
    "strawberry_pattern": 3.004594564437866,
    "milia_like_cysts": 2.000117301940918,
    "comedo_like_openings": 3.0246036052703857,
    "cerebriform_surface": 3.497340679168701,
    "central_white_patch": 3.742854356765747,
    "red_lacunae": 4.418431758880615,
    "healthy_skin": 2.6700429916381836
  }
}