{
  "step": 85,
  "lambda_s": 26.96500474817131,
  "n_active": 15,
  "val_balacc": 0.4673118338932891,
  "val_auc": 0.794553526765749,
  "val_loss": 1.5323925018310547,
  "train_loss": 1.4652908986694724,
  "epochs_used": 7,
  "time_sec": 7.943299055099487,
  "just_eliminated": [],
  "issue4_fix": "best_within_step_checkpoint_restored",
  "norms": {
    "asymmetry": 2.3877453804016113,
    "border_irregularity": 0.0,
    "colour_variation": 2.0725531578063965,
    "diameter_large": 2.399791717529297,
    "atypical_pigment_network": 2.1999318599700928,
    "blue_white_veil": 0.0,
    "atypical_vascular_pattern": 0.0,
    "irregular_streaks": 0.0,
    "irregular_pigmentation": 0.0,
    "irregular_dots_globules": 0.0,
    "regression_structures": 0.0,
    "symmetric_uniform": 0.0,
    "reticular_network": 2.9917140007019043,
    "arborizing_vessels": 0.2090156525373459,
    "blue_grey_ovoid_nests": 1.2566769123077393,
    "ulceration": 1.4041783809661865,
    "scaly_surface": 2.5506739616394043,
    "strawberry_pattern": 0.0,
    "milia_like_cysts": 2.262054681777954,
    "comedo_like_openings": 2.6499617099761963,
    "cerebriform_surface": 0.8723616600036621,
    "central_white_patch": 2.6382479667663574,
    "red_lacunae": 1.8513948917388916,
    "healthy_skin": 1.4715473651885986
  }
}