{
  "step": 60,
  "lambda_s": 10.115026353896976,
  "n_active": 20,
  "val_balacc": 0.504197374331849,
  "val_auc": 0.8440030098848471,
  "val_loss": 1.3373621702194214,
  "train_loss": 1.205393627223396,
  "epochs_used": 8,
  "time_sec": 8.979681015014648,
  "just_eliminated": [],
  "issue4_fix": "best_within_step_checkpoint_restored",
  "norms": {
    "asymmetry": 2.133786916732788,
    "border_irregularity": 0.0,
    "colour_variation": 2.886556386947632,
    "diameter_large": 3.629952907562256,
    "atypical_pigment_network": 3.070185422897339,
    "blue_white_veil": 2.1081480979919434,
    "atypical_vascular_pattern": 0.8822354674339294,
    "irregular_streaks": 1.322577714920044,
    "irregular_pigmentation": 1.7167867422103882,
    "irregular_dots_globules": 0.0,
    "regression_structures": 0.0,
    "symmetric_uniform": 0.0,
    "reticular_network": 3.549499988555908,
    "arborizing_vessels": 2.528883218765259,
    "blue_grey_ovoid_nests": 2.719917058944702,
    "ulceration": 2.16853928565979,
    "scaly_surface": 3.738422155380249,
    "strawberry_pattern": 0.7797918915748596,
    "milia_like_cysts": 2.246103525161743,
    "comedo_like_openings": 3.33125638961792,
    "cerebriform_surface": 1.9858107566833496,
    "central_white_patch": 3.1854190826416016,
    "red_lacunae": 3.274022102355957,
    "healthy_skin": 1.670400619506836
  }
}