{
  "step": 2,
  "lambda_s": 1.04,
  "n_active": 24,
  "val_balacc": 0.5243397941264517,
  "val_auc": 0.8568702337390881,
  "val_loss": 1.3676459789276123,
  "train_loss": 1.1874083834624256,
  "epochs_used": 11,
  "time_sec": 13.026340246200562,
  "just_eliminated": [],
  "issue4_fix": "best_within_step_checkpoint_restored",
  "norms": {
    "asymmetry": 6.419833183288574,
    "border_irregularity": 6.539565563201904,
    "colour_variation": 6.416843891143799,
    "diameter_large": 6.523980617523193,
    "atypical_pigment_network": 6.883697986602783,
    "blue_white_veil": 6.6956658363342285,
    "atypical_vascular_pattern": 6.800485134124756,
    "irregular_streaks": 6.826109886169434,
    "irregular_pigmentation": 6.686901092529297,
    "irregular_dots_globules": 6.546054840087891,
    "regression_structures": 6.419948101043701,
    "symmetric_uniform": 6.407416820526123,
    "reticular_network": 6.931607246398926,
    "arborizing_vessels": 6.185848236083984,
    "blue_grey_ovoid_nests": 6.626337051391602,
    "ulceration": 6.416689872741699,
    "scaly_surface": 6.990733623504639,
    "strawberry_pattern": 6.704975605010986,
    "milia_like_cysts": 6.312773704528809,
    "comedo_like_openings": 6.67874002456665,
    "cerebriform_surface": 6.515745162963867,
    "central_white_patch": 6.7319865226745605,
    "red_lacunae": 6.86801290512085,
    "healthy_skin": 6.4672088623046875
  }
}