{
  "step": 9,
  "lambda_s": 1.3685690504052739,
  "n_active": 24,
  "val_balacc": 0.538083751694981,
  "val_auc": 0.8655975714815354,
  "val_loss": 1.3602843284606934,
  "train_loss": 1.0336188203975953,
  "epochs_used": 9,
  "time_sec": 9.56351613998413,
  "just_eliminated": [],
  "issue4_fix": "best_within_step_checkpoint_restored",
  "norms": {
    "asymmetry": 5.478274822235107,
    "border_irregularity": 5.355956077575684,
    "colour_variation": 5.466731071472168,
    "diameter_large": 5.520867824554443,
    "atypical_pigment_network": 5.76201057434082,
    "blue_white_veil": 5.617232322692871,
    "atypical_vascular_pattern": 5.746238708496094,
    "irregular_streaks": 5.7669172286987305,
    "irregular_pigmentation": 5.508350849151611,
    "irregular_dots_globules": 5.022920608520508,
    "regression_structures": 5.467414855957031,
    "symmetric_uniform": 5.115458965301514,
    "reticular_network": 5.94147253036499,
    "arborizing_vessels": 5.055831432342529,
    "blue_grey_ovoid_nests": 5.454847812652588,
    "ulceration": 5.316717147827148,
    "scaly_surface": 6.275285243988037,
    "strawberry_pattern": 5.546829700469971,
    "milia_like_cysts": 4.964020252227783,
    "comedo_like_openings": 5.35335111618042,
    "cerebriform_surface": 5.689416885375977,
    "central_white_patch": 5.749115943908691,
    "red_lacunae": 6.115603446960449,
    "healthy_skin": 5.284543991088867
  }
}