{
  "step": 21,
  "lambda_s": 2.191123143033421,
  "n_active": 24,
  "val_balacc": 0.5298868766218661,
  "val_auc": 0.8621828058559214,
  "val_loss": 1.3344314098358154,
  "train_loss": 1.0800563991394185,
  "epochs_used": 10,
  "time_sec": 12.308204174041748,
  "just_eliminated": [],
  "issue4_fix": "best_within_step_checkpoint_restored",
  "norms": {
    "asymmetry": 4.085566520690918,
    "border_irregularity": 3.1747682094573975,
    "colour_variation": 4.01478910446167,
    "diameter_large": 4.156418800354004,
    "atypical_pigment_network": 4.113603591918945,
    "blue_white_veil": 4.029898643493652,
    "atypical_vascular_pattern": 3.918020725250244,
    "irregular_streaks": 4.298065185546875,
    "irregular_pigmentation": 3.7412428855895996,
    "irregular_dots_globules": 2.643996238708496,
    "regression_structures": 3.938253402709961,
    "symmetric_uniform": 3.232363700866699,
    "reticular_network": 4.611466884613037,
    "arborizing_vessels": 3.381190776824951,
    "blue_grey_ovoid_nests": 3.651883125305176,
    "ulceration": 3.9076969623565674,
    "scaly_surface": 5.069378852844238,
    "strawberry_pattern": 3.743860960006714,
    "milia_like_cysts": 2.9195547103881836,
    "comedo_like_openings": 3.7233381271362305,
    "cerebriform_surface": 4.362646579742432,
    "central_white_patch": 4.161405086517334,
    "red_lacunae": 4.96102237701416,
    "healthy_skin": 3.697497606277466
  }
}