{
  "step": 88,
  "lambda_s": 30.331963101046977,
  "n_active": 14,
  "val_balacc": 0.4578847255992692,
  "val_auc": 0.7757264870427655,
  "val_loss": 1.5830880403518677,
  "train_loss": 1.4994699807434724,
  "epochs_used": 7,
  "time_sec": 7.549427032470703,
  "just_eliminated": [],
  "issue4_fix": "best_within_step_checkpoint_restored",
  "norms": {
    "asymmetry": 2.1960268020629883,
    "border_irregularity": 0.0,
    "colour_variation": 1.8626652956008911,
    "diameter_large": 2.1615171432495117,
    "atypical_pigment_network": 2.0587944984436035,
    "blue_white_veil": 0.0,
    "atypical_vascular_pattern": 0.0,
    "irregular_streaks": 0.0,
    "irregular_pigmentation": 0.0,
    "irregular_dots_globules": 0.0,
    "regression_structures": 0.0,
    "symmetric_uniform": 0.0,
    "reticular_network": 2.8889715671539307,
    "arborizing_vessels": 0.0,
    "blue_grey_ovoid_nests": 0.6468420624732971,
    "ulceration": 1.0730152130126953,
    "scaly_surface": 2.218425989151001,
    "strawberry_pattern": 0.0,
    "milia_like_cysts": 2.0305094718933105,
    "comedo_like_openings": 2.4142918586730957,
    "cerebriform_surface": 0.5837354063987732,
    "central_white_patch": 2.3704254627227783,
    "red_lacunae": 1.5124002695083618,
    "healthy_skin": 1.3865420818328857
  }
}