{
  "step": 67,
  "lambda_s": 13.310684626901063,
  "n_active": 17,
  "val_balacc": 0.4985914719731995,
  "val_auc": 0.8334774238898093,
  "val_loss": 1.381095290184021,
  "train_loss": 1.2317467490467457,
  "epochs_used": 7,
  "time_sec": 7.718335151672363,
  "just_eliminated": [],
  "issue4_fix": "best_within_step_checkpoint_restored",
  "norms": {
    "asymmetry": 2.357288360595703,
    "border_irregularity": 0.0,
    "colour_variation": 2.7113890647888184,
    "diameter_large": 3.2918479442596436,
    "atypical_pigment_network": 3.031813621520996,
    "blue_white_veil": 1.4854148626327515,
    "atypical_vascular_pattern": 0.0,
    "irregular_streaks": 0.0,
    "irregular_pigmentation": 0.2664465606212616,
    "irregular_dots_globules": 0.0,
    "regression_structures": 0.0,
    "symmetric_uniform": 0.0,
    "reticular_network": 3.5663185119628906,
    "arborizing_vessels": 2.227860450744629,
    "blue_grey_ovoid_nests": 2.573103904724121,
    "ulceration": 1.9382836818695068,
    "scaly_surface": 3.390512466430664,
    "strawberry_pattern": 0.0,
    "milia_like_cysts": 2.3897311687469482,
    "comedo_like_openings": 3.3716936111450195,
    "cerebriform_surface": 1.858165979385376,
    "central_white_patch": 3.0034780502319336,
    "red_lacunae": 3.0989859104156494,
    "healthy_skin": 1.543532133102417
  }
}