{
  "step": 56,
  "lambda_s": 8.64636691968726,
  "n_active": 22,
  "val_balacc": 0.5177893016686482,
  "val_auc": 0.8496374153725402,
  "val_loss": 1.3354063034057617,
  "train_loss": 1.222659338968313,
  "epochs_used": 7,
  "time_sec": 7.8324315547943115,
  "just_eliminated": [],
  "issue4_fix": "best_within_step_checkpoint_restored",
  "norms": {
    "asymmetry": 2.333693027496338,
    "border_irregularity": 0.0,
    "colour_variation": 3.059375286102295,
    "diameter_large": 3.752812385559082,
    "atypical_pigment_network": 3.0141611099243164,
    "blue_white_veil": 2.2773144245147705,
    "atypical_vascular_pattern": 1.2021781206130981,
    "irregular_streaks": 1.822258472442627,
    "irregular_pigmentation": 2.0454089641571045,
    "irregular_dots_globules": 0.0,
    "regression_structures": 0.7266091108322144,
    "symmetric_uniform": 0.11329391598701477,
    "reticular_network": 3.581021547317505,
    "arborizing_vessels": 2.595965623855591,
    "blue_grey_ovoid_nests": 2.7964084148406982,
    "ulceration": 2.3388586044311523,
    "scaly_surface": 3.8873817920684814,
    "strawberry_pattern": 1.2528198957443237,
    "milia_like_cysts": 2.17661452293396,
    "comedo_like_openings": 3.327256202697754,
    "cerebriform_surface": 2.1340670585632324,
    "central_white_patch": 3.2629613876342773,
    "red_lacunae": 3.4571144580841064,
    "healthy_skin": 1.7619799375534058
  }
}