{
  "step": 77,
  "lambda_s": 19.703064847320764,
  "n_active": 15,
  "val_balacc": 0.48234468167149436,
  "val_auc": 0.8143831416602932,
  "val_loss": 1.448189377784729,
  "train_loss": 1.3465976096704761,
  "epochs_used": 8,
  "time_sec": 9.62021803855896,
  "just_eliminated": [],
  "issue4_fix": "best_within_step_checkpoint_restored",
  "norms": {
    "asymmetry": 2.578721046447754,
    "border_irregularity": 0.0,
    "colour_variation": 2.2238383293151855,
    "diameter_large": 2.8023104667663574,
    "atypical_pigment_network": 2.6231093406677246,
    "blue_white_veil": 0.0,
    "atypical_vascular_pattern": 0.0,
    "irregular_streaks": 0.0,
    "irregular_pigmentation": 0.0,
    "irregular_dots_globules": 0.0,
    "regression_structures": 0.0,
    "symmetric_uniform": 0.0,
    "reticular_network": 3.288429021835327,
    "arborizing_vessels": 0.7955164909362793,
    "blue_grey_ovoid_nests": 1.7789162397384644,
    "ulceration": 1.8517197370529175,
    "scaly_surface": 2.8876309394836426,
    "strawberry_pattern": 0.0,
    "milia_like_cysts": 2.7034988403320312,
    "comedo_like_openings": 2.8665432929992676,
    "cerebriform_surface": 1.4427329301834106,
    "central_white_patch": 2.7271924018859863,
    "red_lacunae": 2.421691417694092,
    "healthy_skin": 1.5437252521514893
  }
}