{
  "step": 97,
  "lambda_s": 43.171841375652775,
  "n_active": 11,
  "val_balacc": 0.3441020108728869,
  "val_auc": 0.6934608817073463,
  "val_loss": 1.8340682983398438,
  "train_loss": 1.7909748622073929,
  "epochs_used": 7,
  "time_sec": 7.36560320854187,
  "just_eliminated": [],
  "issue4_fix": "best_within_step_checkpoint_restored",
  "norms": {
    "asymmetry": 1.1292626857757568,
    "border_irregularity": 0.0,
    "colour_variation": 0.8777721524238586,
    "diameter_large": 1.4059231281280518,
    "atypical_pigment_network": 1.383411169052124,
    "blue_white_veil": 0.0,
    "atypical_vascular_pattern": 0.0,
    "irregular_streaks": 0.0,
    "irregular_pigmentation": 0.0,
    "irregular_dots_globules": 0.0,
    "regression_structures": 0.0,
    "symmetric_uniform": 0.0,
    "reticular_network": 1.9094375371932983,
    "arborizing_vessels": 0.0,
    "blue_grey_ovoid_nests": 0.0,
    "ulceration": 0.0,
    "scaly_surface": 1.0932542085647583,
    "strawberry_pattern": 0.0,
    "milia_like_cysts": 0.7777771353721619,
    "comedo_like_openings": 1.266800880432129,
    "cerebriform_surface": 0.0,
    "central_white_patch": 1.3133536577224731,
    "red_lacunae": 0.026019398123025894,
    "healthy_skin": 0.43003353476524353
  }
}