{
  "step": 68,
  "lambda_s": 13.843112011977105,
  "n_active": 16,
  "val_balacc": 0.5085620553450046,
  "val_auc": 0.8326558396012286,
  "val_loss": 1.3789410591125488,
  "train_loss": 1.2911855678242485,
  "epochs_used": 8,
  "time_sec": 8.82202959060669,
  "just_eliminated": [
    "irregular_pigmentation"
  ],
  "issue4_fix": "best_within_step_checkpoint_restored",
  "norms": {
    "asymmetry": 2.3928751945495605,
    "border_irregularity": 0.0,
    "colour_variation": 2.6345958709716797,
    "diameter_large": 3.270162582397461,
    "atypical_pigment_network": 2.9959635734558105,
    "blue_white_veil": 1.4168232679367065,
    "atypical_vascular_pattern": 0.0,
    "irregular_streaks": 0.0,
    "irregular_pigmentation": 0.0,
    "irregular_dots_globules": 0.0,
    "regression_structures": 0.0,
    "symmetric_uniform": 0.0,
    "reticular_network": 3.5901920795440674,
    "arborizing_vessels": 2.246476173400879,
    "blue_grey_ovoid_nests": 2.549309015274048,
    "ulceration": 1.9156429767608643,
    "scaly_surface": 3.3409528732299805,
    "strawberry_pattern": 0.0,
    "milia_like_cysts": 2.4105629920959473,
    "comedo_like_openings": 3.3546407222747803,
    "cerebriform_surface": 1.7848275899887085,
    "central_white_patch": 2.9916744232177734,
    "red_lacunae": 3.0220389366149902,
    "healthy_skin": 1.513217806816101
  }
}