{
  "step": 22,
  "lambda_s": 2.278768068754758,
  "n_active": 24,
  "val_balacc": 0.5338527748711049,
  "val_auc": 0.8571958057795885,
  "val_loss": 1.3355729579925537,
  "train_loss": 1.0855267311102716,
  "epochs_used": 12,
  "time_sec": 15.195071697235107,
  "just_eliminated": [],
  "issue4_fix": "best_within_step_checkpoint_restored",
  "norms": {
    "asymmetry": 4.0020976066589355,
    "border_irregularity": 3.0187783241271973,
    "colour_variation": 4.000638961791992,
    "diameter_large": 4.089453220367432,
    "atypical_pigment_network": 3.978994607925415,
    "blue_white_veil": 3.8743414878845215,
    "atypical_vascular_pattern": 3.816100597381592,
    "irregular_streaks": 4.219893455505371,
    "irregular_pigmentation": 3.6716809272766113,
    "irregular_dots_globules": 2.5665695667266846,
    "regression_structures": 3.7990238666534424,
    "symmetric_uniform": 3.1477739810943604,
    "reticular_network": 4.527012825012207,
    "arborizing_vessels": 3.3052942752838135,
    "blue_grey_ovoid_nests": 3.524960517883301,
    "ulceration": 3.8362624645233154,
    "scaly_surface": 4.984747886657715,
    "strawberry_pattern": 3.6545042991638184,
    "milia_like_cysts": 2.7977678775787354,
    "comedo_like_openings": 3.619201183319092,
    "cerebriform_surface": 4.283536434173584,
    "central_white_patch": 4.09923791885376,
    "red_lacunae": 4.906458377838135,
    "healthy_skin": 3.5806922912597656
  }
}