{
  "step": 90,
  "lambda_s": 0.009003762275015407,
  "n_active": 24,
  "val_balacc": 0.5431377318790166,
  "val_auc": 0.8581515098465162,
  "val_loss": 1.2960515022277832,
  "train_loss": 0.9239416240459097,
  "epochs_used": 7,
  "time_sec": 9.124959707260132,
  "just_eliminated": [],
  "issue4_fix": "best_within_step_checkpoint_restored",
  "norms": {
    "asymmetry": 7.629158973693848,
    "border_irregularity": 6.7582173347473145,
    "colour_variation": 7.313544750213623,
    "diameter_large": 7.274379730224609,
    "atypical_pigment_network": 8.058682441711426,
    "blue_white_veil": 8.244107246398926,
    "atypical_vascular_pattern": 6.830756664276123,
    "irregular_streaks": 7.715615749359131,
    "irregular_pigmentation": 7.030309677124023,
    "irregular_dots_globules": 6.7005205154418945,
    "regression_structures": 7.417663097381592,
    "symmetric_uniform": 5.635303974151611,
    "reticular_network": 7.917906761169434,
    "arborizing_vessels": 7.135568141937256,
    "blue_grey_ovoid_nests": 7.2786641120910645,
    "ulceration": 7.330255508422852,
    "scaly_surface": 7.4474639892578125,
    "strawberry_pattern": 7.278428554534912,
    "milia_like_cysts": 7.135529041290283,
    "comedo_like_openings": 7.395267486572266,
    "cerebriform_surface": 7.841939449310303,
    "central_white_patch": 7.942661285400391,
    "red_lacunae": 7.971672534942627,
    "healthy_skin": 7.463353633880615
  }
}