{
  "step": 13,
  "lambda_s": 0.0013448888242462971,
  "n_active": 24,
  "val_balacc": 0.6078119459165144,
  "val_auc": 0.8648768889955936,
  "val_loss": 1.1812756061553955,
  "train_loss": 0.9503154619464349,
  "epochs_used": 12,
  "time_sec": 15.413471698760986,
  "just_eliminated": [],
  "issue4_fix": "best_within_step_checkpoint_restored",
  "norms": {
    "asymmetry": 6.823768138885498,
    "border_irregularity": 6.442775726318359,
    "colour_variation": 7.146158695220947,
    "diameter_large": 6.831599712371826,
    "atypical_pigment_network": 6.962878704071045,
    "blue_white_veil": 6.839251518249512,
    "atypical_vascular_pattern": 6.614040851593018,
    "irregular_streaks": 6.724749565124512,
    "irregular_pigmentation": 6.523003101348877,
    "irregular_dots_globules": 6.64426326751709,
    "regression_structures": 7.121286392211914,
    "symmetric_uniform": 5.8611979484558105,
    "reticular_network": 6.958810329437256,
    "arborizing_vessels": 6.636176586151123,
    "blue_grey_ovoid_nests": 6.985241889953613,
    "ulceration": 6.757896900177002,
    "scaly_surface": 6.985357284545898,
    "strawberry_pattern": 6.374544143676758,
    "milia_like_cysts": 6.896484851837158,
    "comedo_like_openings": 6.8816070556640625,
    "cerebriform_surface": 7.1949872970581055,
    "central_white_patch": 7.085785388946533,
    "red_lacunae": 7.293088436126709,
    "healthy_skin": 6.6846771240234375
  }
}