{
  "step": 93,
  "lambda_s": 0.00969606718369276,
  "n_active": 24,
  "val_balacc": 0.5903285721320174,
  "val_auc": 0.8565773525248761,
  "val_loss": 1.300094723701477,
  "train_loss": 0.9291532113812059,
  "epochs_used": 14,
  "time_sec": 18.415346145629883,
  "just_eliminated": [],
  "issue4_fix": "best_within_step_checkpoint_restored",
  "norms": {
    "asymmetry": 7.666697025299072,
    "border_irregularity": 6.794297218322754,
    "colour_variation": 7.283898830413818,
    "diameter_large": 7.306856155395508,
    "atypical_pigment_network": 8.08119010925293,
    "blue_white_veil": 8.299013137817383,
    "atypical_vascular_pattern": 6.838077068328857,
    "irregular_streaks": 7.714687824249268,
    "irregular_pigmentation": 7.000789642333984,
    "irregular_dots_globules": 6.703310966491699,
    "regression_structures": 7.413887977600098,
    "symmetric_uniform": 5.663379669189453,
    "reticular_network": 7.969898700714111,
    "arborizing_vessels": 7.140423774719238,
    "blue_grey_ovoid_nests": 7.27114200592041,
    "ulceration": 7.334875106811523,
    "scaly_surface": 7.4845733642578125,
    "strawberry_pattern": 7.306557655334473,
    "milia_like_cysts": 7.122149467468262,
    "comedo_like_openings": 7.436466217041016,
    "cerebriform_surface": 7.854827404022217,
    "central_white_patch": 7.9644036293029785,
    "red_lacunae": 8.01553726196289,
    "healthy_skin": 7.46730375289917
  }
}