{
  "step": 49,
  "lambda_s": 0.003271489560693432,
  "n_active": 24,
  "val_balacc": 0.5806997067865147,
  "val_auc": 0.8622625060874901,
  "val_loss": 1.2303868532180786,
  "train_loss": 0.9571062014640296,
  "epochs_used": 14,
  "time_sec": 21.003982543945312,
  "just_eliminated": [],
  "issue4_fix": "best_within_step_checkpoint_restored",
  "norms": {
    "asymmetry": 7.321898937225342,
    "border_irregularity": 6.511050701141357,
    "colour_variation": 7.279513359069824,
    "diameter_large": 7.114439964294434,
    "atypical_pigment_network": 7.617769718170166,
    "blue_white_veil": 7.562252998352051,
    "atypical_vascular_pattern": 6.81133508682251,
    "irregular_streaks": 7.3537163734436035,
    "irregular_pigmentation": 6.770726203918457,
    "irregular_dots_globules": 6.70288610458374,
    "regression_structures": 7.335813522338867,
    "symmetric_uniform": 5.699989318847656,
    "reticular_network": 7.436233997344971,
    "arborizing_vessels": 6.841428279876709,
    "blue_grey_ovoid_nests": 7.1212544441223145,
    "ulceration": 6.791444301605225,
    "scaly_surface": 7.450078964233398,
    "strawberry_pattern": 6.846701145172119,
    "milia_like_cysts": 7.061711311340332,
    "comedo_like_openings": 7.320895195007324,
    "cerebriform_surface": 7.696545600891113,
    "central_white_patch": 7.642575740814209,
    "red_lacunae": 7.693586826324463,
    "healthy_skin": 7.310121536254883
  }
}