{
  "step": 50,
  "lambda_s": 0.0033532767997107677,
  "n_active": 24,
  "val_balacc": 0.5933120103447882,
  "val_auc": 0.8595882230860432,
  "val_loss": 1.2487415075302124,
  "train_loss": 0.9909130680670466,
  "epochs_used": 13,
  "time_sec": 17.572593927383423,
  "just_eliminated": [],
  "issue4_fix": "best_within_step_checkpoint_restored",
  "norms": {
    "asymmetry": 7.3101983070373535,
    "border_irregularity": 6.527439117431641,
    "colour_variation": 7.275900840759277,
    "diameter_large": 7.114790439605713,
    "atypical_pigment_network": 7.620859622955322,
    "blue_white_veil": 7.5749359130859375,
    "atypical_vascular_pattern": 6.833177089691162,
    "irregular_streaks": 7.384407043457031,
    "irregular_pigmentation": 6.787772178649902,
    "irregular_dots_globules": 6.69658899307251,
    "regression_structures": 7.336053848266602,
    "symmetric_uniform": 5.692091941833496,
    "reticular_network": 7.444008827209473,
    "arborizing_vessels": 6.872757911682129,
    "blue_grey_ovoid_nests": 7.173272609710693,
    "ulceration": 6.815417289733887,
    "scaly_surface": 7.424513816833496,
    "strawberry_pattern": 6.8415656089782715,
    "milia_like_cysts": 7.062695026397705,
    "comedo_like_openings": 7.30328893661499,
    "cerebriform_surface": 7.685363292694092,
    "central_white_patch": 7.657512187957764,
    "red_lacunae": 7.702486038208008,
    "healthy_skin": 7.322744846343994
  }
}