{
  "step": 54,
  "lambda_s": 0.0037013901573544903,
  "n_active": 24,
  "val_balacc": 0.6025721615681469,
  "val_auc": 0.857115624808169,
  "val_loss": 1.2541218996047974,
  "train_loss": 0.9635003216901896,
  "epochs_used": 12,
  "time_sec": 16.07445740699768,
  "just_eliminated": [],
  "issue4_fix": "best_within_step_checkpoint_restored",
  "norms": {
    "asymmetry": 7.372990131378174,
    "border_irregularity": 6.553516387939453,
    "colour_variation": 7.288052082061768,
    "diameter_large": 7.1519012451171875,
    "atypical_pigment_network": 7.701279640197754,
    "blue_white_veil": 7.72081184387207,
    "atypical_vascular_pattern": 6.830072402954102,
    "irregular_streaks": 7.452944278717041,
    "irregular_pigmentation": 6.834702968597412,
    "irregular_dots_globules": 6.679256439208984,
    "regression_structures": 7.404333114624023,
    "symmetric_uniform": 5.674124717712402,
    "reticular_network": 7.575716018676758,
    "arborizing_vessels": 6.840926170349121,
    "blue_grey_ovoid_nests": 7.203657150268555,
    "ulceration": 6.880660057067871,
    "scaly_surface": 7.4451823234558105,
    "strawberry_pattern": 6.916581153869629,
    "milia_like_cysts": 7.092301845550537,
    "comedo_like_openings": 7.3120622634887695,
    "cerebriform_surface": 7.6910929679870605,
    "central_white_patch": 7.7359395027160645,
    "red_lacunae": 7.728727340698242,
    "healthy_skin": 7.363404273986816
  }
}