{
  "step": 35,
  "lambda_s": 0.0023153221327475485,
  "n_active": 24,
  "val_balacc": 0.566624256070792,
  "val_auc": 0.8606035115210081,
  "val_loss": 1.2133615016937256,
  "train_loss": 0.9903562846052496,
  "epochs_used": 14,
  "time_sec": 16.20872950553894,
  "just_eliminated": [],
  "issue4_fix": "best_within_step_checkpoint_restored",
  "norms": {
    "asymmetry": 7.100902080535889,
    "border_irregularity": 6.465060710906982,
    "colour_variation": 7.269644260406494,
    "diameter_large": 6.969372749328613,
    "atypical_pigment_network": 7.392772197723389,
    "blue_white_veil": 7.258073329925537,
    "atypical_vascular_pattern": 6.785734176635742,
    "irregular_streaks": 7.154158115386963,
    "irregular_pigmentation": 6.6619873046875,
    "irregular_dots_globules": 6.643887996673584,
    "regression_structures": 7.2956719398498535,
    "symmetric_uniform": 5.6612091064453125,
    "reticular_network": 7.212664604187012,
    "arborizing_vessels": 6.727224826812744,
    "blue_grey_ovoid_nests": 7.148169994354248,
    "ulceration": 6.708446025848389,
    "scaly_surface": 7.27599573135376,
    "strawberry_pattern": 6.601961612701416,
    "milia_like_cysts": 6.994904518127441,
    "comedo_like_openings": 7.121241092681885,
    "cerebriform_surface": 7.554862022399902,
    "central_white_patch": 7.425165176391602,
    "red_lacunae": 7.539886951446533,
    "healthy_skin": 7.176240921020508
  }
}