{
  "step": 27,
  "lambda_s": 0.0019002927007802054,
  "n_active": 24,
  "val_balacc": 0.6100375840283051,
  "val_auc": 0.8623614034648567,
  "val_loss": 1.19158935546875,
  "train_loss": 0.872761919563713,
  "epochs_used": 9,
  "time_sec": 12.229635000228882,
  "just_eliminated": [],
  "issue4_fix": "best_within_step_checkpoint_restored",
  "norms": {
    "asymmetry": 7.00221586227417,
    "border_irregularity": 6.403937339782715,
    "colour_variation": 7.261586666107178,
    "diameter_large": 6.968100070953369,
    "atypical_pigment_network": 7.275895118713379,
    "blue_white_veil": 7.056151866912842,
    "atypical_vascular_pattern": 6.698376178741455,
    "irregular_streaks": 6.9590654373168945,
    "irregular_pigmentation": 6.585460186004639,
    "irregular_dots_globules": 6.620133399963379,
    "regression_structures": 7.278446197509766,
    "symmetric_uniform": 5.734196662902832,
    "reticular_network": 7.118620872497559,
    "arborizing_vessels": 6.665793418884277,
    "blue_grey_ovoid_nests": 7.123273849487305,
    "ulceration": 6.692766189575195,
    "scaly_surface": 7.187394142150879,
    "strawberry_pattern": 6.475947380065918,
    "milia_like_cysts": 6.929924488067627,
    "comedo_like_openings": 7.053729057312012,
    "cerebriform_surface": 7.447367191314697,
    "central_white_patch": 7.315388202667236,
    "red_lacunae": 7.403649806976318,
    "healthy_skin": 7.030045509338379
  }
}