{
  "step": 89,
  "lambda_s": 0.008784158317088201,
  "n_active": 24,
  "val_balacc": 0.5749451418362052,
  "val_auc": 0.8621247394238248,
  "val_loss": 1.2762126922607422,
  "train_loss": 0.8834445077591577,
  "epochs_used": 8,
  "time_sec": 10.639668941497803,
  "just_eliminated": [],
  "issue4_fix": "best_within_step_checkpoint_restored",
  "norms": {
    "asymmetry": 7.629489421844482,
    "border_irregularity": 6.760736465454102,
    "colour_variation": 7.289250373840332,
    "diameter_large": 7.273530960083008,
    "atypical_pigment_network": 8.070996284484863,
    "blue_white_veil": 8.236059188842773,
    "atypical_vascular_pattern": 6.820681571960449,
    "irregular_streaks": 7.703314304351807,
    "irregular_pigmentation": 7.0175862312316895,
    "irregular_dots_globules": 6.7095513343811035,
    "regression_structures": 7.4165802001953125,
    "symmetric_uniform": 5.644783020019531,
    "reticular_network": 7.9193220138549805,
    "arborizing_vessels": 7.135614395141602,
    "blue_grey_ovoid_nests": 7.291667461395264,
    "ulceration": 7.337295055389404,
    "scaly_surface": 7.460354804992676,
    "strawberry_pattern": 7.288320541381836,
    "milia_like_cysts": 7.139639377593994,
    "comedo_like_openings": 7.4014997482299805,
    "cerebriform_surface": 7.850602149963379,
    "central_white_patch": 7.9392876625061035,
    "red_lacunae": 7.9865641593933105,
    "healthy_skin": 7.454853534698486
  }
}