{
  "step": 84,
  "lambda_s": 0.007763915991599209,
  "n_active": 24,
  "val_balacc": 0.5876299840986093,
  "val_auc": 0.8615144586310215,
  "val_loss": 1.2813822031021118,
  "train_loss": 0.8487489016453982,
  "epochs_used": 14,
  "time_sec": 18.679252862930298,
  "just_eliminated": [],
  "issue4_fix": "best_within_step_checkpoint_restored",
  "norms": {
    "asymmetry": 7.627918243408203,
    "border_irregularity": 6.700011730194092,
    "colour_variation": 7.319906234741211,
    "diameter_large": 7.307842254638672,
    "atypical_pigment_network": 8.090242385864258,
    "blue_white_veil": 8.25749397277832,
    "atypical_vascular_pattern": 6.821630954742432,
    "irregular_streaks": 7.727229118347168,
    "irregular_pigmentation": 7.0002665519714355,
    "irregular_dots_globules": 6.74467658996582,
    "regression_structures": 7.393739223480225,
    "symmetric_uniform": 5.705389499664307,
    "reticular_network": 7.888303756713867,
    "arborizing_vessels": 7.099832534790039,
    "blue_grey_ovoid_nests": 7.265626907348633,
    "ulceration": 7.29508638381958,
    "scaly_surface": 7.475314617156982,
    "strawberry_pattern": 7.293813705444336,
    "milia_like_cysts": 7.127801895141602,
    "comedo_like_openings": 7.380111217498779,
    "cerebriform_surface": 7.879261493682861,
    "central_white_patch": 7.949461460113525,
    "red_lacunae": 7.978468894958496,
    "healthy_skin": 7.418591499328613
  }
}