{
  "step": 40,
  "lambda_s": 0.0026195744764780132,
  "n_active": 24,
  "val_balacc": 0.5869379285393934,
  "val_auc": 0.8598730287512992,
  "val_loss": 1.2331842184066772,
  "train_loss": 0.9865765042764103,
  "epochs_used": 8,
  "time_sec": 10.784446954727173,
  "just_eliminated": [],
  "issue4_fix": "best_within_step_checkpoint_restored",
  "norms": {
    "asymmetry": 7.152017116546631,
    "border_irregularity": 6.489431381225586,
    "colour_variation": 7.286780834197998,
    "diameter_large": 7.00869083404541,
    "atypical_pigment_network": 7.391425132751465,
    "blue_white_veil": 7.318488597869873,
    "atypical_vascular_pattern": 6.782801628112793,
    "irregular_streaks": 7.159472465515137,
    "irregular_pigmentation": 6.672641754150391,
    "irregular_dots_globules": 6.625651836395264,
    "regression_structures": 7.353460311889648,
    "symmetric_uniform": 5.644826889038086,
    "reticular_network": 7.235263347625732,
    "arborizing_vessels": 6.747822284698486,
    "blue_grey_ovoid_nests": 7.180744647979736,
    "ulceration": 6.673263072967529,
    "scaly_surface": 7.267298221588135,
    "strawberry_pattern": 6.625350475311279,
    "milia_like_cysts": 6.965236663818359,
    "comedo_like_openings": 7.1639180183410645,
    "cerebriform_surface": 7.557275772094727,
    "central_white_patch": 7.422267436981201,
    "red_lacunae": 7.547959804534912,
    "healthy_skin": 7.180417060852051
  }
}