{
  "step": 34,
  "lambda_s": 0.0022588508612171212,
  "n_active": 24,
  "val_balacc": 0.5967261983397181,
  "val_auc": 0.8627540401095052,
  "val_loss": 1.2365896701812744,
  "train_loss": 0.9983759424534013,
  "epochs_used": 10,
  "time_sec": 10.992034435272217,
  "just_eliminated": [],
  "issue4_fix": "best_within_step_checkpoint_restored",
  "norms": {
    "asymmetry": 7.076464653015137,
    "border_irregularity": 6.456704139709473,
    "colour_variation": 7.279068470001221,
    "diameter_large": 6.978090286254883,
    "atypical_pigment_network": 7.33760929107666,
    "blue_white_veil": 7.207286834716797,
    "atypical_vascular_pattern": 6.745517253875732,
    "irregular_streaks": 7.126802444458008,
    "irregular_pigmentation": 6.6399407386779785,
    "irregular_dots_globules": 6.622729301452637,
    "regression_structures": 7.273843288421631,
    "symmetric_uniform": 5.651707172393799,
    "reticular_network": 7.215115070343018,
    "arborizing_vessels": 6.71274471282959,
    "blue_grey_ovoid_nests": 7.140138149261475,
    "ulceration": 6.716405391693115,
    "scaly_surface": 7.262862682342529,
    "strawberry_pattern": 6.560610294342041,
    "milia_like_cysts": 6.97828483581543,
    "comedo_like_openings": 7.1182475090026855,
    "cerebriform_surface": 7.5379815101623535,
    "central_white_patch": 7.420495510101318,
    "red_lacunae": 7.528529644012451,
    "healthy_skin": 7.1520185470581055
  }
}