{
  "step": 51,
  "lambda_s": 0.0034371087197035363,
  "n_active": 24,
  "val_balacc": 0.5852024908993648,
  "val_auc": 0.8576521016776085,
  "val_loss": 1.246225118637085,
  "train_loss": 0.9179679124569295,
  "epochs_used": 12,
  "time_sec": 16.822724103927612,
  "just_eliminated": [],
  "issue4_fix": "best_within_step_checkpoint_restored",
  "norms": {
    "asymmetry": 7.298476219177246,
    "border_irregularity": 6.540075302124023,
    "colour_variation": 7.281693458557129,
    "diameter_large": 7.108524322509766,
    "atypical_pigment_network": 7.6172285079956055,
    "blue_white_veil": 7.594734191894531,
    "atypical_vascular_pattern": 6.837953090667725,
    "irregular_streaks": 7.384074687957764,
    "irregular_pigmentation": 6.789661884307861,
    "irregular_dots_globules": 6.673863410949707,
    "regression_structures": 7.3550825119018555,
    "symmetric_uniform": 5.711105823516846,
    "reticular_network": 7.476916790008545,
    "arborizing_vessels": 6.857344150543213,
    "blue_grey_ovoid_nests": 7.167799949645996,
    "ulceration": 6.835109710693359,
    "scaly_surface": 7.431316375732422,
    "strawberry_pattern": 6.87091588973999,
    "milia_like_cysts": 7.095760822296143,
    "comedo_like_openings": 7.323372840881348,
    "cerebriform_surface": 7.686896324157715,
    "central_white_patch": 7.686099052429199,
    "red_lacunae": 7.706298351287842,
    "healthy_skin": 7.344550132751465
  }
}