{
  "step": 22,
  "lambda_s": 0.0016795818512976542,
  "n_active": 24,
  "val_balacc": 0.5843143922020066,
  "val_auc": 0.8664738895112435,
  "val_loss": 1.2269058227539062,
  "train_loss": 0.9445324469120734,
  "epochs_used": 10,
  "time_sec": 13.136545419692993,
  "just_eliminated": [],
  "issue4_fix": "best_within_step_checkpoint_restored",
  "norms": {
    "asymmetry": 6.968904972076416,
    "border_irregularity": 6.3774800300598145,
    "colour_variation": 7.222546577453613,
    "diameter_large": 6.876896381378174,
    "atypical_pigment_network": 7.244217395782471,
    "blue_white_veil": 6.983675956726074,
    "atypical_vascular_pattern": 6.649667739868164,
    "irregular_streaks": 6.8822455406188965,
    "irregular_pigmentation": 6.585773468017578,
    "irregular_dots_globules": 6.603938579559326,
    "regression_structures": 7.204713821411133,
    "symmetric_uniform": 5.723797798156738,
    "reticular_network": 7.062522888183594,
    "arborizing_vessels": 6.735962867736816,
    "blue_grey_ovoid_nests": 7.102593898773193,
    "ulceration": 6.704099655151367,
    "scaly_surface": 7.140382766723633,
    "strawberry_pattern": 6.442596912384033,
    "milia_like_cysts": 6.939783096313477,
    "comedo_like_openings": 7.026833534240723,
    "cerebriform_surface": 7.372102737426758,
    "central_white_patch": 7.265698432922363,
    "red_lacunae": 7.392599105834961,
    "healthy_skin": 6.959464073181152
  }
}