{
  "step": 68,
  "lambda_s": 0.0052299673935518615,
  "n_active": 24,
  "val_balacc": 0.5710507660428398,
  "val_auc": 0.8577348323722491,
  "val_loss": 1.2813162803649902,
  "train_loss": 0.9434977497648795,
  "epochs_used": 13,
  "time_sec": 17.008193492889404,
  "just_eliminated": [],
  "issue4_fix": "best_within_step_checkpoint_restored",
  "norms": {
    "asymmetry": 7.539635181427002,
    "border_irregularity": 6.602444648742676,
    "colour_variation": 7.323832988739014,
    "diameter_large": 7.186781406402588,
    "atypical_pigment_network": 7.817360877990723,
    "blue_white_veil": 7.924354553222656,
    "atypical_vascular_pattern": 6.835370063781738,
    "irregular_streaks": 7.62160062789917,
    "irregular_pigmentation": 6.944423198699951,
    "irregular_dots_globules": 6.7214508056640625,
    "regression_structures": 7.398283958435059,
    "symmetric_uniform": 5.707318305969238,
    "reticular_network": 7.692638874053955,
    "arborizing_vessels": 6.940586090087891,
    "blue_grey_ovoid_nests": 7.257831573486328,
    "ulceration": 7.1035966873168945,
    "scaly_surface": 7.434173583984375,
    "strawberry_pattern": 7.055296897888184,
    "milia_like_cysts": 7.058718681335449,
    "comedo_like_openings": 7.343070983886719,
    "cerebriform_surface": 7.727937698364258,
    "central_white_patch": 7.828897476196289,
    "red_lacunae": 7.784977912902832,
    "healthy_skin": 7.409162998199463
  }
}