{
  "step": 8,
  "lambda_s": 0.0011886857536682123,
  "n_active": 24,
  "val_balacc": 0.5947367148223466,
  "val_auc": 0.8661782792591605,
  "val_loss": 1.1696603298187256,
  "train_loss": 0.9490164731965129,
  "epochs_used": 9,
  "time_sec": 9.208790063858032,
  "just_eliminated": [],
  "issue4_fix": "best_within_step_checkpoint_restored",
  "norms": {
    "asymmetry": 6.855554580688477,
    "border_irregularity": 6.586093902587891,
    "colour_variation": 7.0530219078063965,
    "diameter_large": 6.77418327331543,
    "atypical_pigment_network": 6.8712029457092285,
    "blue_white_veil": 6.796180248260498,
    "atypical_vascular_pattern": 6.591398239135742,
    "irregular_streaks": 6.6542792320251465,
    "irregular_pigmentation": 6.486366271972656,
    "irregular_dots_globules": 6.722872257232666,
    "regression_structures": 7.047839164733887,
    "symmetric_uniform": 6.070051193237305,
    "reticular_network": 6.815999507904053,
    "arborizing_vessels": 6.567144393920898,
    "blue_grey_ovoid_nests": 7.010810852050781,
    "ulceration": 6.981670379638672,
    "scaly_surface": 6.869207382202148,
    "strawberry_pattern": 6.379737377166748,
    "milia_like_cysts": 6.93508243560791,
    "comedo_like_openings": 6.831142902374268,
    "cerebriform_surface": 7.023069381713867,
    "central_white_patch": 6.832333087921143,
    "red_lacunae": 7.225341796875,
    "healthy_skin": 6.63994026184082
  }
}