{
  "step": 31,
  "lambda_s": 0.002097567579081786,
  "n_active": 24,
  "val_balacc": 0.5929411912547372,
  "val_auc": 0.8612980152014453,
  "val_loss": 1.2238147258758545,
  "train_loss": 1.0151907870142396,
  "epochs_used": 7,
  "time_sec": 7.644069671630859,
  "just_eliminated": [],
  "issue4_fix": "best_within_step_checkpoint_restored",
  "norms": {
    "asymmetry": 7.018341064453125,
    "border_irregularity": 6.431725025177002,
    "colour_variation": 7.289993762969971,
    "diameter_large": 6.954102039337158,
    "atypical_pigment_network": 7.327139377593994,
    "blue_white_veil": 7.158589839935303,
    "atypical_vascular_pattern": 6.757913589477539,
    "irregular_streaks": 7.038917541503906,
    "irregular_pigmentation": 6.587784290313721,
    "irregular_dots_globules": 6.600958347320557,
    "regression_structures": 7.298619747161865,
    "symmetric_uniform": 5.679825305938721,
    "reticular_network": 7.1978278160095215,
    "arborizing_vessels": 6.721583366394043,
    "blue_grey_ovoid_nests": 7.10795783996582,
    "ulceration": 6.704351902008057,
    "scaly_surface": 7.229672431945801,
    "strawberry_pattern": 6.534115791320801,
    "milia_like_cysts": 6.960400104522705,
    "comedo_like_openings": 7.1031494140625,
    "cerebriform_surface": 7.522091865539551,
    "central_white_patch": 7.389096260070801,
    "red_lacunae": 7.445363521575928,
    "healthy_skin": 7.108220100402832
  }
}