{
  "step": 82,
  "lambda_s": 0.00738980701163518,
  "n_active": 24,
  "val_balacc": 0.5808666610787452,
  "val_auc": 0.8553071243827568,
  "val_loss": 1.3023446798324585,
  "train_loss": 0.9389425180417825,
  "epochs_used": 18,
  "time_sec": 23.666590452194214,
  "just_eliminated": [],
  "issue4_fix": "best_within_step_checkpoint_restored",
  "norms": {
    "asymmetry": 7.609262943267822,
    "border_irregularity": 6.720567226409912,
    "colour_variation": 7.306713581085205,
    "diameter_large": 7.2715888023376465,
    "atypical_pigment_network": 8.057344436645508,
    "blue_white_veil": 8.222845077514648,
    "atypical_vascular_pattern": 6.8447160720825195,
    "irregular_streaks": 7.7105841636657715,
    "irregular_pigmentation": 7.0086989402771,
    "irregular_dots_globules": 6.752765655517578,
    "regression_structures": 7.386393070220947,
    "symmetric_uniform": 5.691709995269775,
    "reticular_network": 7.880873680114746,
    "arborizing_vessels": 7.056159019470215,
    "blue_grey_ovoid_nests": 7.294341087341309,
    "ulceration": 7.252544403076172,
    "scaly_surface": 7.491306781768799,
    "strawberry_pattern": 7.279373645782471,
    "milia_like_cysts": 7.133367538452148,
    "comedo_like_openings": 7.386876583099365,
    "cerebriform_surface": 7.870813369750977,
    "central_white_patch": 7.972030162811279,
    "red_lacunae": 7.939612865447998,
    "healthy_skin": 7.468146324157715
  }
}