{
  "step": 44,
  "lambda_s": 0.002891520075088666,
  "n_active": 24,
  "val_balacc": 0.6011022552883426,
  "val_auc": 0.8591598624557708,
  "val_loss": 1.2227222919464111,
  "train_loss": 0.952206506775853,
  "epochs_used": 15,
  "time_sec": 20.417916774749756,
  "just_eliminated": [],
  "issue4_fix": "best_within_step_checkpoint_restored",
  "norms": {
    "asymmetry": 7.240019798278809,
    "border_irregularity": 6.529397487640381,
    "colour_variation": 7.285708427429199,
    "diameter_large": 7.055635929107666,
    "atypical_pigment_network": 7.53469181060791,
    "blue_white_veil": 7.432256698608398,
    "atypical_vascular_pattern": 6.7541985511779785,
    "irregular_streaks": 7.243025302886963,
    "irregular_pigmentation": 6.713870048522949,
    "irregular_dots_globules": 6.728850364685059,
    "regression_structures": 7.353469371795654,
    "symmetric_uniform": 5.688730716705322,
    "reticular_network": 7.374411582946777,
    "arborizing_vessels": 6.799526214599609,
    "blue_grey_ovoid_nests": 7.156937599182129,
    "ulceration": 6.713381767272949,
    "scaly_surface": 7.345012664794922,
    "strawberry_pattern": 6.757501125335693,
    "milia_like_cysts": 7.04654598236084,
    "comedo_like_openings": 7.255278587341309,
    "cerebriform_surface": 7.663896083831787,
    "central_white_patch": 7.4998250007629395,
    "red_lacunae": 7.658445835113525,
    "healthy_skin": 7.235495090484619
  }
}