{
  "step": 70,
  "lambda_s": 0.005494734492850423,
  "n_active": 24,
  "val_balacc": 0.5899416179109788,
  "val_auc": 0.8581724400385488,
  "val_loss": 1.264980673789978,
  "train_loss": 0.9058905403802064,
  "epochs_used": 17,
  "time_sec": 22.57398223876953,
  "just_eliminated": [],
  "issue4_fix": "best_within_step_checkpoint_restored",
  "norms": {
    "asymmetry": 7.580596923828125,
    "border_irregularity": 6.649540424346924,
    "colour_variation": 7.333242416381836,
    "diameter_large": 7.224894046783447,
    "atypical_pigment_network": 7.817076683044434,
    "blue_white_veil": 7.96100378036499,
    "atypical_vascular_pattern": 6.818953990936279,
    "irregular_streaks": 7.653790473937988,
    "irregular_pigmentation": 6.93418550491333,
    "irregular_dots_globules": 6.7345991134643555,
    "regression_structures": 7.375701427459717,
    "symmetric_uniform": 5.716414928436279,
    "reticular_network": 7.741207599639893,
    "arborizing_vessels": 6.972637176513672,
    "blue_grey_ovoid_nests": 7.26629114151001,
    "ulceration": 7.09051513671875,
    "scaly_surface": 7.46698522567749,
    "strawberry_pattern": 7.085485935211182,
    "milia_like_cysts": 7.058422565460205,
    "comedo_like_openings": 7.378141403198242,
    "cerebriform_surface": 7.7725419998168945,
    "central_white_patch": 7.84165096282959,
    "red_lacunae": 7.823435306549072,
    "healthy_skin": 7.456007480621338
  }
}