{
  "step": 87,
  "lambda_s": 0.008360888344640766,
  "n_active": 24,
  "val_balacc": 0.5700391924032766,
  "val_auc": 0.8613750972012717,
  "val_loss": 1.3118393421173096,
  "train_loss": 0.8681434538672586,
  "epochs_used": 8,
  "time_sec": 10.670805931091309,
  "just_eliminated": [],
  "issue4_fix": "best_within_step_checkpoint_restored",
  "norms": {
    "asymmetry": 7.619882583618164,
    "border_irregularity": 6.730252742767334,
    "colour_variation": 7.323314189910889,
    "diameter_large": 7.315378665924072,
    "atypical_pigment_network": 8.07315731048584,
    "blue_white_veil": 8.227853775024414,
    "atypical_vascular_pattern": 6.798454761505127,
    "irregular_streaks": 7.7227678298950195,
    "irregular_pigmentation": 6.99550199508667,
    "irregular_dots_globules": 6.716272354125977,
    "regression_structures": 7.407207012176514,
    "symmetric_uniform": 5.675957202911377,
    "reticular_network": 7.902848243713379,
    "arborizing_vessels": 7.105807781219482,
    "blue_grey_ovoid_nests": 7.279599189758301,
    "ulceration": 7.316079616546631,
    "scaly_surface": 7.458564758300781,
    "strawberry_pattern": 7.282395362854004,
    "milia_like_cysts": 7.109366416931152,
    "comedo_like_openings": 7.399439334869385,
    "cerebriform_surface": 7.879309177398682,
    "central_white_patch": 7.956550121307373,
    "red_lacunae": 7.971120357513428,
    "healthy_skin": 7.406811714172363
  }
}