{
  "step": 81,
  "lambda_s": 0.007209567816229444,
  "n_active": 24,
  "val_balacc": 0.561207673648968,
  "val_auc": 0.8575599027965892,
  "val_loss": 1.294950008392334,
  "train_loss": 0.9343206472781791,
  "epochs_used": 17,
  "time_sec": 22.407930374145508,
  "just_eliminated": [],
  "issue4_fix": "best_within_step_checkpoint_restored",
  "norms": {
    "asymmetry": 7.6351094245910645,
    "border_irregularity": 6.677730560302734,
    "colour_variation": 7.326960563659668,
    "diameter_large": 7.242198944091797,
    "atypical_pigment_network": 8.034637451171875,
    "blue_white_veil": 8.186473846435547,
    "atypical_vascular_pattern": 6.8488874435424805,
    "irregular_streaks": 7.713704586029053,
    "irregular_pigmentation": 7.009677410125732,
    "irregular_dots_globules": 6.734663963317871,
    "regression_structures": 7.418783664703369,
    "symmetric_uniform": 5.673288822174072,
    "reticular_network": 7.882150173187256,
    "arborizing_vessels": 7.042902946472168,
    "blue_grey_ovoid_nests": 7.30044412612915,
    "ulceration": 7.217430591583252,
    "scaly_surface": 7.447141647338867,
    "strawberry_pattern": 7.227936267852783,
    "milia_like_cysts": 7.115799427032471,
    "comedo_like_openings": 7.402185440063477,
    "cerebriform_surface": 7.884115695953369,
    "central_white_patch": 7.951179027557373,
    "red_lacunae": 7.89153528213501,
    "healthy_skin": 7.457123756408691
  }
}