{
  "step": 65,
  "lambda_s": 0.004856544640781753,
  "n_active": 24,
  "val_balacc": 0.5737805583693321,
  "val_auc": 0.8611953605248437,
  "val_loss": 1.2739269733428955,
  "train_loss": 0.9228938284604875,
  "epochs_used": 12,
  "time_sec": 15.760453939437866,
  "just_eliminated": [],
  "issue4_fix": "best_within_step_checkpoint_restored",
  "norms": {
    "asymmetry": 7.532217502593994,
    "border_irregularity": 6.545993328094482,
    "colour_variation": 7.3212080001831055,
    "diameter_large": 7.175029754638672,
    "atypical_pigment_network": 7.78227424621582,
    "blue_white_veil": 7.862804412841797,
    "atypical_vascular_pattern": 6.834231376647949,
    "irregular_streaks": 7.567139148712158,
    "irregular_pigmentation": 6.921163558959961,
    "irregular_dots_globules": 6.732357978820801,
    "regression_structures": 7.447270393371582,
    "symmetric_uniform": 5.742229461669922,
    "reticular_network": 7.670034408569336,
    "arborizing_vessels": 6.894876956939697,
    "blue_grey_ovoid_nests": 7.204942226409912,
    "ulceration": 7.033041000366211,
    "scaly_surface": 7.43489933013916,
    "strawberry_pattern": 7.038367748260498,
    "milia_like_cysts": 7.080172538757324,
    "comedo_like_openings": 7.371097087860107,
    "cerebriform_surface": 7.702176570892334,
    "central_white_patch": 7.804491996765137,
    "red_lacunae": 7.809428691864014,
    "healthy_skin": 7.400472640991211
  }
}