{
  "step": 88,
  "lambda_s": 0.008569910553256782,
  "n_active": 24,
  "val_balacc": 0.5854476814510507,
  "val_auc": 0.8575024414871066,
  "val_loss": 1.2601064443588257,
  "train_loss": 0.9052678253643619,
  "epochs_used": 13,
  "time_sec": 19.08925175666809,
  "just_eliminated": [],
  "issue4_fix": "best_within_step_checkpoint_restored",
  "norms": {
    "asymmetry": 7.608246326446533,
    "border_irregularity": 6.718827247619629,
    "colour_variation": 7.311703205108643,
    "diameter_large": 7.291469573974609,
    "atypical_pigment_network": 8.06730842590332,
    "blue_white_veil": 8.25403118133545,
    "atypical_vascular_pattern": 6.825911045074463,
    "irregular_streaks": 7.702089786529541,
    "irregular_pigmentation": 7.020349979400635,
    "irregular_dots_globules": 6.72840690612793,
    "regression_structures": 7.429133415222168,
    "symmetric_uniform": 5.641759395599365,
    "reticular_network": 7.913708686828613,
    "arborizing_vessels": 7.149640083312988,
    "blue_grey_ovoid_nests": 7.2779221534729,
    "ulceration": 7.321384429931641,
    "scaly_surface": 7.459028244018555,
    "strawberry_pattern": 7.279509544372559,
    "milia_like_cysts": 7.11586332321167,
    "comedo_like_openings": 7.388433933258057,
    "cerebriform_surface": 7.8657331466674805,
    "central_white_patch": 7.952059745788574,
    "red_lacunae": 7.987078666687012,
    "healthy_skin": 7.4483513832092285
  }
}