{
  "step": 86,
  "lambda_s": 0.008156964238673917,
  "n_active": 24,
  "val_balacc": 0.5624951165885357,
  "val_auc": 0.8601286902235528,
  "val_loss": 1.3214455842971802,
  "train_loss": 0.8900965446816909,
  "epochs_used": 7,
  "time_sec": 9.287280559539795,
  "just_eliminated": [],
  "issue4_fix": "best_within_step_checkpoint_restored",
  "norms": {
    "asymmetry": 7.621384620666504,
    "border_irregularity": 6.72035026550293,
    "colour_variation": 7.310454368591309,
    "diameter_large": 7.3243632316589355,
    "atypical_pigment_network": 8.09435749053955,
    "blue_white_veil": 8.233611106872559,
    "atypical_vascular_pattern": 6.799249649047852,
    "irregular_streaks": 7.723275661468506,
    "irregular_pigmentation": 7.012088298797607,
    "irregular_dots_globules": 6.728919982910156,
    "regression_structures": 7.406654357910156,
    "symmetric_uniform": 5.687846660614014,
    "reticular_network": 7.890091419219971,
    "arborizing_vessels": 7.10752534866333,
    "blue_grey_ovoid_nests": 7.287542343139648,
    "ulceration": 7.318085193634033,
    "scaly_surface": 7.461794853210449,
    "strawberry_pattern": 7.295206546783447,
    "milia_like_cysts": 7.110333442687988,
    "comedo_like_openings": 7.393565654754639,
    "cerebriform_surface": 7.870627403259277,
    "central_white_patch": 7.965326309204102,
    "red_lacunae": 7.963237285614014,
    "healthy_skin": 7.416035175323486
  }
}