{
  "step": 3,
  "lambda_s": 0.001050625,
  "n_active": 24,
  "val_balacc": 0.6065395637866352,
  "val_auc": 0.8598120911446462,
  "val_loss": 1.1438647508621216,
  "train_loss": 1.0879590699713122,
  "epochs_used": 12,
  "time_sec": 12.928549766540527,
  "just_eliminated": [],
  "issue4_fix": "best_within_step_checkpoint_restored",
  "norms": {
    "asymmetry": 6.925163745880127,
    "border_irregularity": 6.773464679718018,
    "colour_variation": 7.094614028930664,
    "diameter_large": 6.832492351531982,
    "atypical_pigment_network": 6.9339094161987305,
    "blue_white_veil": 6.805548191070557,
    "atypical_vascular_pattern": 6.6772260665893555,
    "irregular_streaks": 6.686488151550293,
    "irregular_pigmentation": 6.516058921813965,
    "irregular_dots_globules": 6.816135883331299,
    "regression_structures": 7.099964141845703,
    "symmetric_uniform": 6.236759662628174,
    "reticular_network": 6.837576389312744,
    "arborizing_vessels": 6.610286712646484,
    "blue_grey_ovoid_nests": 7.10207462310791,
    "ulceration": 7.161059379577637,
    "scaly_surface": 6.857293605804443,
    "strawberry_pattern": 6.459255695343018,
    "milia_like_cysts": 7.058200359344482,
    "comedo_like_openings": 6.863551616668701,
    "cerebriform_surface": 6.991227626800537,
    "central_white_patch": 6.74397611618042,
    "red_lacunae": 7.262228012084961,
    "healthy_skin": 6.679094314575195
  }
}