{
  "step": 41,
  "lambda_s": 0.0026850638383899635,
  "n_active": 24,
  "val_balacc": 0.5816319133801093,
  "val_auc": 0.8617861032855149,
  "val_loss": 1.2367814779281616,
  "train_loss": 0.9230522422809812,
  "epochs_used": 7,
  "time_sec": 9.251476049423218,
  "just_eliminated": [],
  "issue4_fix": "best_within_step_checkpoint_restored",
  "norms": {
    "asymmetry": 7.156861782073975,
    "border_irregularity": 6.49324369430542,
    "colour_variation": 7.274415493011475,
    "diameter_large": 7.025790214538574,
    "atypical_pigment_network": 7.395624160766602,
    "blue_white_veil": 7.323848247528076,
    "atypical_vascular_pattern": 6.769349098205566,
    "irregular_streaks": 7.173369407653809,
    "irregular_pigmentation": 6.667455196380615,
    "irregular_dots_globules": 6.637420177459717,
    "regression_structures": 7.348300933837891,
    "symmetric_uniform": 5.637497901916504,
    "reticular_network": 7.236611366271973,
    "arborizing_vessels": 6.746548175811768,
    "blue_grey_ovoid_nests": 7.170361518859863,
    "ulceration": 6.666441440582275,
    "scaly_surface": 7.272197246551514,
    "strawberry_pattern": 6.624510765075684,
    "milia_like_cysts": 6.9660468101501465,
    "comedo_like_openings": 7.169727802276611,
    "cerebriform_surface": 7.574087619781494,
    "central_white_patch": 7.428680896759033,
    "red_lacunae": 7.555704116821289,
    "healthy_skin": 7.165964126586914
  }
}