{
  "step": 5,
  "lambda_s": 0.0011038128906249996,
  "n_active": 24,
  "val_balacc": 0.5953231704238566,
  "val_auc": 0.8635376086187876,
  "val_loss": 1.1687095165252686,
  "train_loss": 1.0224018815628457,
  "epochs_used": 8,
  "time_sec": 8.333144903182983,
  "just_eliminated": [],
  "issue4_fix": "best_within_step_checkpoint_restored",
  "norms": {
    "asymmetry": 6.892914295196533,
    "border_irregularity": 6.694073677062988,
    "colour_variation": 7.078028678894043,
    "diameter_large": 6.813617706298828,
    "atypical_pigment_network": 6.916356086730957,
    "blue_white_veil": 6.7996978759765625,
    "atypical_vascular_pattern": 6.633630752563477,
    "irregular_streaks": 6.677645683288574,
    "irregular_pigmentation": 6.508517265319824,
    "irregular_dots_globules": 6.766491413116455,
    "regression_structures": 7.040982246398926,
    "symmetric_uniform": 6.162158489227295,
    "reticular_network": 6.812536716461182,
    "arborizing_vessels": 6.5852370262146,
    "blue_grey_ovoid_nests": 7.070931434631348,
    "ulceration": 7.093267440795898,
    "scaly_surface": 6.864723205566406,
    "strawberry_pattern": 6.417191028594971,
    "milia_like_cysts": 7.002370357513428,
    "comedo_like_openings": 6.833502769470215,
    "cerebriform_surface": 6.983957767486572,
    "central_white_patch": 6.774931907653809,
    "red_lacunae": 7.23593282699585,
    "healthy_skin": 6.652511119842529
  }
}