{
  "step": 96,
  "lambda_s": 0.010441603849488884,
  "n_active": 24,
  "val_balacc": 0.585554001684004,
  "val_auc": 0.8503286779738598,
  "val_loss": 1.287695050239563,
  "train_loss": 0.989097949254752,
  "epochs_used": 10,
  "time_sec": 13.082331895828247,
  "just_eliminated": [],
  "issue4_fix": "best_within_step_checkpoint_restored",
  "norms": {
    "asymmetry": 7.692567348480225,
    "border_irregularity": 6.744517803192139,
    "colour_variation": 7.268030643463135,
    "diameter_large": 7.294956684112549,
    "atypical_pigment_network": 8.147903442382812,
    "blue_white_veil": 8.38205337524414,
    "atypical_vascular_pattern": 6.894269943237305,
    "irregular_streaks": 7.764639854431152,
    "irregular_pigmentation": 7.003055572509766,
    "irregular_dots_globules": 6.740861892700195,
    "regression_structures": 7.479833602905273,
    "symmetric_uniform": 5.697842597961426,
    "reticular_network": 8.037474632263184,
    "arborizing_vessels": 7.161799430847168,
    "blue_grey_ovoid_nests": 7.352149963378906,
    "ulceration": 7.400639533996582,
    "scaly_surface": 7.501430511474609,
    "strawberry_pattern": 7.329370975494385,
    "milia_like_cysts": 7.133326053619385,
    "comedo_like_openings": 7.420831680297852,
    "cerebriform_surface": 7.90909481048584,
    "central_white_patch": 8.005791664123535,
    "red_lacunae": 8.079301834106445,
    "healthy_skin": 7.4366135597229
  }
}