{
  "step": 83,
  "lambda_s": 0.007574552186926058,
  "n_active": 24,
  "val_balacc": 0.5823210992674529,
  "val_auc": 0.8638454573670369,
  "val_loss": 1.2584795951843262,
  "train_loss": 0.904081076545837,
  "epochs_used": 8,
  "time_sec": 10.669638872146606,
  "just_eliminated": [],
  "issue4_fix": "best_within_step_checkpoint_restored",
  "norms": {
    "asymmetry": 7.631955146789551,
    "border_irregularity": 6.721367359161377,
    "colour_variation": 7.29843282699585,
    "diameter_large": 7.292815685272217,
    "atypical_pigment_network": 8.07784652709961,
    "blue_white_veil": 8.22743034362793,
    "atypical_vascular_pattern": 6.841989994049072,
    "irregular_streaks": 7.705048084259033,
    "irregular_pigmentation": 7.015120983123779,
    "irregular_dots_globules": 6.748661041259766,
    "regression_structures": 7.383141994476318,
    "symmetric_uniform": 5.70210599899292,
    "reticular_network": 7.869629859924316,
    "arborizing_vessels": 7.054498195648193,
    "blue_grey_ovoid_nests": 7.302609920501709,
    "ulceration": 7.271479606628418,
    "scaly_surface": 7.493271350860596,
    "strawberry_pattern": 7.276115894317627,
    "milia_like_cysts": 7.121279716491699,
    "comedo_like_openings": 7.381608963012695,
    "cerebriform_surface": 7.8795013427734375,
    "central_white_patch": 7.954997539520264,
    "red_lacunae": 7.93441915512085,
    "healthy_skin": 7.458164691925049
  }
}