{
  "step": 53,
  "lambda_s": 0.0036111123486385274,
  "n_active": 24,
  "val_balacc": 0.5859166366168943,
  "val_auc": 0.8553123891575618,
  "val_loss": 1.2576559782028198,
  "train_loss": 0.9851080830980931,
  "epochs_used": 15,
  "time_sec": 19.809841632843018,
  "just_eliminated": [],
  "issue4_fix": "best_within_step_checkpoint_restored",
  "norms": {
    "asymmetry": 7.3689680099487305,
    "border_irregularity": 6.550249099731445,
    "colour_variation": 7.27156400680542,
    "diameter_large": 7.154327869415283,
    "atypical_pigment_network": 7.693830966949463,
    "blue_white_veil": 7.697582721710205,
    "atypical_vascular_pattern": 6.8343281745910645,
    "irregular_streaks": 7.43393087387085,
    "irregular_pigmentation": 6.813490390777588,
    "irregular_dots_globules": 6.668583393096924,
    "regression_structures": 7.371793270111084,
    "symmetric_uniform": 5.677265167236328,
    "reticular_network": 7.55468225479126,
    "arborizing_vessels": 6.850944995880127,
    "blue_grey_ovoid_nests": 7.181829929351807,
    "ulceration": 6.885377407073975,
    "scaly_surface": 7.435849189758301,
    "strawberry_pattern": 6.915072441101074,
    "milia_like_cysts": 7.09136438369751,
    "comedo_like_openings": 7.322242259979248,
    "cerebriform_surface": 7.690377235412598,
    "central_white_patch": 7.727183818817139,
    "red_lacunae": 7.728939533233643,
    "healthy_skin": 7.349835395812988
  }
}