{
  "step": 75,
  "lambda_s": 0.0062167877328643695,
  "n_active": 24,
  "val_balacc": 0.5589723233234053,
  "val_auc": 0.8584547551617574,
  "val_loss": 1.2923070192337036,
  "train_loss": 0.9221098655804373,
  "epochs_used": 13,
  "time_sec": 17.088865280151367,
  "just_eliminated": [],
  "issue4_fix": "best_within_step_checkpoint_restored",
  "norms": {
    "asymmetry": 7.630992889404297,
    "border_irregularity": 6.639814853668213,
    "colour_variation": 7.309211254119873,
    "diameter_large": 7.185572624206543,
    "atypical_pigment_network": 7.938663005828857,
    "blue_white_veil": 8.05281925201416,
    "atypical_vascular_pattern": 6.881288528442383,
    "irregular_streaks": 7.677310466766357,
    "irregular_pigmentation": 7.001830101013184,
    "irregular_dots_globules": 6.799952030181885,
    "regression_structures": 7.363210201263428,
    "symmetric_uniform": 5.70815896987915,
    "reticular_network": 7.796905040740967,
    "arborizing_vessels": 7.0217156410217285,
    "blue_grey_ovoid_nests": 7.292605400085449,
    "ulceration": 7.1727094650268555,
    "scaly_surface": 7.461670875549316,
    "strawberry_pattern": 7.170314311981201,
    "milia_like_cysts": 7.053501129150391,
    "comedo_like_openings": 7.352445602416992,
    "cerebriform_surface": 7.809333324432373,
    "central_white_patch": 7.94767951965332,
    "red_lacunae": 7.837142467498779,
    "healthy_skin": 7.493762493133545
  }
}