{
  "step": 1,
  "lambda_s": 0.001,
  "n_active": 24,
  "val_balacc": 0.6130927609551582,
  "val_auc": 0.8558349794443274,
  "val_loss": 1.155934453010559,
  "train_loss": 1.061129603420785,
  "epochs_used": 7,
  "time_sec": 7.274141073226929,
  "just_eliminated": [],
  "issue4_fix": "best_within_step_checkpoint_restored",
  "norms": {
    "asymmetry": 7.033070087432861,
    "border_irregularity": 6.936577796936035,
    "colour_variation": 7.209170341491699,
    "diameter_large": 7.016038417816162,
    "atypical_pigment_network": 7.07743501663208,
    "blue_white_veil": 6.892268657684326,
    "atypical_vascular_pattern": 6.813989639282227,
    "irregular_streaks": 6.875036239624023,
    "irregular_pigmentation": 6.610246658325195,
    "irregular_dots_globules": 7.008463382720947,
    "regression_structures": 7.2106099128723145,
    "symmetric_uniform": 6.504824161529541,
    "reticular_network": 6.896923542022705,
    "arborizing_vessels": 6.741054534912109,
    "blue_grey_ovoid_nests": 7.249687671661377,
    "ulceration": 7.296184062957764,
    "scaly_surface": 6.974477291107178,
    "strawberry_pattern": 6.626518726348877,
    "milia_like_cysts": 7.264282703399658,
    "comedo_like_openings": 6.998119354248047,
    "cerebriform_surface": 7.032980918884277,
    "central_white_patch": 6.741581439971924,
    "red_lacunae": 7.337678909301758,
    "healthy_skin": 6.744625568389893
  }
}