{
  "step": 38,
  "lambda_s": 0.00249334869861084,
  "n_active": 24,
  "val_balacc": 0.5702597073678326,
  "val_auc": 0.863651137007993,
  "val_loss": 1.2710849046707153,
  "train_loss": 0.9194291500563866,
  "epochs_used": 7,
  "time_sec": 9.213073968887329,
  "just_eliminated": [],
  "issue4_fix": "best_within_step_checkpoint_restored",
  "norms": {
    "asymmetry": 7.13839054107666,
    "border_irregularity": 6.468812942504883,
    "colour_variation": 7.266201019287109,
    "diameter_large": 6.978194713592529,
    "atypical_pigment_network": 7.357736587524414,
    "blue_white_veil": 7.282409191131592,
    "atypical_vascular_pattern": 6.790505886077881,
    "irregular_streaks": 7.158809185028076,
    "irregular_pigmentation": 6.66242790222168,
    "irregular_dots_globules": 6.613439083099365,
    "regression_structures": 7.313242435455322,
    "symmetric_uniform": 5.642173767089844,
    "reticular_network": 7.23245096206665,
    "arborizing_vessels": 6.705511093139648,
    "blue_grey_ovoid_nests": 7.1516852378845215,
    "ulceration": 6.680339813232422,
    "scaly_surface": 7.284615516662598,
    "strawberry_pattern": 6.605216026306152,
    "milia_like_cysts": 7.003913402557373,
    "comedo_like_openings": 7.14236307144165,
    "cerebriform_surface": 7.555027961730957,
    "central_white_patch": 7.437547206878662,
    "red_lacunae": 7.559204578399658,
    "healthy_skin": 7.179937839508057
  }
}