{
  "step": 16,
  "lambda_s": 0.0014482981664981096,
  "n_active": 24,
  "val_balacc": 0.6097895083580605,
  "val_auc": 0.8663118507364049,
  "val_loss": 1.1886147260665894,
  "train_loss": 0.9242692363264031,
  "epochs_used": 14,
  "time_sec": 17.787862300872803,
  "just_eliminated": [],
  "issue4_fix": "best_within_step_checkpoint_restored",
  "norms": {
    "asymmetry": 6.866938591003418,
    "border_irregularity": 6.420845985412598,
    "colour_variation": 7.181401252746582,
    "diameter_large": 6.859890460968018,
    "atypical_pigment_network": 7.074799537658691,
    "blue_white_veil": 6.866374969482422,
    "atypical_vascular_pattern": 6.623369216918945,
    "irregular_streaks": 6.764956951141357,
    "irregular_pigmentation": 6.526717662811279,
    "irregular_dots_globules": 6.639697551727295,
    "regression_structures": 7.1709489822387695,
    "symmetric_uniform": 5.806245803833008,
    "reticular_network": 7.01423978805542,
    "arborizing_vessels": 6.654832363128662,
    "blue_grey_ovoid_nests": 7.018642902374268,
    "ulceration": 6.719056129455566,
    "scaly_surface": 7.053521156311035,
    "strawberry_pattern": 6.420742988586426,
    "milia_like_cysts": 6.881546974182129,
    "comedo_like_openings": 6.889481067657471,
    "cerebriform_surface": 7.2659173011779785,
    "central_white_patch": 7.152776718139648,
    "red_lacunae": 7.293193340301514,
    "healthy_skin": 6.762207508087158
  }
}