{
  "step": 64,
  "lambda_s": 0.004738092332470004,
  "n_active": 24,
  "val_balacc": 0.5607477384660571,
  "val_auc": 0.8553910279871807,
  "val_loss": 1.305206537246704,
  "train_loss": 0.9369727153117224,
  "epochs_used": 7,
  "time_sec": 9.3476083278656,
  "just_eliminated": [],
  "issue4_fix": "best_within_step_checkpoint_restored",
  "norms": {
    "asymmetry": 7.498739242553711,
    "border_irregularity": 6.542347431182861,
    "colour_variation": 7.311871528625488,
    "diameter_large": 7.177229881286621,
    "atypical_pigment_network": 7.804391860961914,
    "blue_white_veil": 7.854235649108887,
    "atypical_vascular_pattern": 6.832749366760254,
    "irregular_streaks": 7.545251369476318,
    "irregular_pigmentation": 6.90431022644043,
    "irregular_dots_globules": 6.725578784942627,
    "regression_structures": 7.417337894439697,
    "symmetric_uniform": 5.740977764129639,
    "reticular_network": 7.669661998748779,
    "arborizing_vessels": 6.857586860656738,
    "blue_grey_ovoid_nests": 7.199810028076172,
    "ulceration": 7.035355091094971,
    "scaly_surface": 7.4715495109558105,
    "strawberry_pattern": 7.0387396812438965,
    "milia_like_cysts": 7.073160171508789,
    "comedo_like_openings": 7.38008451461792,
    "cerebriform_surface": 7.7098259925842285,
    "central_white_patch": 7.802141189575195,
    "red_lacunae": 7.792229652404785,
    "healthy_skin": 7.405638694763184
  }
}