{
  "step": 2,
  "lambda_s": 0.0010249999999999999,
  "n_active": 24,
  "val_balacc": 0.5950052884340569,
  "val_auc": 0.8583950932364927,
  "val_loss": 1.1475961208343506,
  "train_loss": 1.0415905955272062,
  "epochs_used": 13,
  "time_sec": 13.501455545425415,
  "just_eliminated": [],
  "issue4_fix": "best_within_step_checkpoint_restored",
  "norms": {
    "asymmetry": 6.9529032707214355,
    "border_irregularity": 6.846786022186279,
    "colour_variation": 7.128297805786133,
    "diameter_large": 6.8795390129089355,
    "atypical_pigment_network": 6.984428882598877,
    "blue_white_veil": 6.8444929122924805,
    "atypical_vascular_pattern": 6.73747444152832,
    "irregular_streaks": 6.7485761642456055,
    "irregular_pigmentation": 6.527716636657715,
    "irregular_dots_globules": 6.8862223625183105,
    "regression_structures": 7.129321098327637,
    "symmetric_uniform": 6.33359956741333,
    "reticular_network": 6.872561931610107,
    "arborizing_vessels": 6.642466068267822,
    "blue_grey_ovoid_nests": 7.149271488189697,
    "ulceration": 7.229397773742676,
    "scaly_surface": 6.892597198486328,
    "strawberry_pattern": 6.5138163566589355,
    "milia_like_cysts": 7.136801242828369,
    "comedo_like_openings": 6.898805618286133,
    "cerebriform_surface": 7.003902912139893,
    "central_white_patch": 6.7035627365112305,
    "red_lacunae": 7.275885581970215,
    "healthy_skin": 6.700557231903076
  }
}