{
  "step": 23,
  "lambda_s": 0.0017215713975800952,
  "n_active": 24,
  "val_balacc": 0.5898558514717608,
  "val_auc": 0.8650522892699509,
  "val_loss": 1.2119340896606445,
  "train_loss": 0.960697746402944,
  "epochs_used": 8,
  "time_sec": 10.713317155838013,
  "just_eliminated": [],
  "issue4_fix": "best_within_step_checkpoint_restored",
  "norms": {
    "asymmetry": 6.964559555053711,
    "border_irregularity": 6.365074634552002,
    "colour_variation": 7.223759651184082,
    "diameter_large": 6.900717258453369,
    "atypical_pigment_network": 7.23942756652832,
    "blue_white_veil": 6.965431213378906,
    "atypical_vascular_pattern": 6.662191867828369,
    "irregular_streaks": 6.920045852661133,
    "irregular_pigmentation": 6.57415771484375,
    "irregular_dots_globules": 6.597508907318115,
    "regression_structures": 7.211246967315674,
    "symmetric_uniform": 5.727473735809326,
    "reticular_network": 7.073288440704346,
    "arborizing_vessels": 6.7322869300842285,
    "blue_grey_ovoid_nests": 7.095696926116943,
    "ulceration": 6.693187713623047,
    "scaly_surface": 7.162460803985596,
    "strawberry_pattern": 6.44659423828125,
    "milia_like_cysts": 6.938356876373291,
    "comedo_like_openings": 7.015737056732178,
    "cerebriform_surface": 7.383956432342529,
    "central_white_patch": 7.272943496704102,
    "red_lacunae": 7.399419784545898,
    "healthy_skin": 6.952315807342529
  }
}