{
  "step": 20,
  "lambda_s": 0.0015986501856491654,
  "n_active": 24,
  "val_balacc": 0.5880031758847991,
  "val_auc": 0.8629529666665776,
  "val_loss": 1.2105897665023804,
  "train_loss": 0.922235742978535,
  "epochs_used": 15,
  "time_sec": 19.348131895065308,
  "just_eliminated": [],
  "issue4_fix": "best_within_step_checkpoint_restored",
  "norms": {
    "asymmetry": 6.931975364685059,
    "border_irregularity": 6.424672603607178,
    "colour_variation": 7.226462364196777,
    "diameter_large": 6.8904619216918945,
    "atypical_pigment_network": 7.1595139503479,
    "blue_white_veil": 6.953881740570068,
    "atypical_vascular_pattern": 6.640974044799805,
    "irregular_streaks": 6.831371784210205,
    "irregular_pigmentation": 6.5686469078063965,
    "irregular_dots_globules": 6.614551544189453,
    "regression_structures": 7.191239833831787,
    "symmetric_uniform": 5.750307559967041,
    "reticular_network": 7.049880504608154,
    "arborizing_vessels": 6.710324287414551,
    "blue_grey_ovoid_nests": 7.071879863739014,
    "ulceration": 6.696667671203613,
    "scaly_surface": 7.115005970001221,
    "strawberry_pattern": 6.424542427062988,
    "milia_like_cysts": 6.906711578369141,
    "comedo_like_openings": 6.9519453048706055,
    "cerebriform_surface": 7.337263584136963,
    "central_white_patch": 7.248497486114502,
    "red_lacunae": 7.37491512298584,
    "healthy_skin": 6.8819580078125
  }
}