{
  "step": 17,
  "lambda_s": 0.0014845056206605623,
  "n_active": 24,
  "val_balacc": 0.594293235046954,
  "val_auc": 0.864059165710384,
  "val_loss": 1.204614520072937,
  "train_loss": 0.994882326230678,
  "epochs_used": 11,
  "time_sec": 14.627750873565674,
  "just_eliminated": [],
  "issue4_fix": "best_within_step_checkpoint_restored",
  "norms": {
    "asymmetry": 6.8970866203308105,
    "border_irregularity": 6.397342205047607,
    "colour_variation": 7.18709135055542,
    "diameter_large": 6.8746514320373535,
    "atypical_pigment_network": 7.095894813537598,
    "blue_white_veil": 6.888707637786865,
    "atypical_vascular_pattern": 6.628558158874512,
    "irregular_streaks": 6.786789417266846,
    "irregular_pigmentation": 6.547823905944824,
    "irregular_dots_globules": 6.643375873565674,
    "regression_structures": 7.180017948150635,
    "symmetric_uniform": 5.789217948913574,
    "reticular_network": 7.007191181182861,
    "arborizing_vessels": 6.659293174743652,
    "blue_grey_ovoid_nests": 7.050942420959473,
    "ulceration": 6.71582555770874,
    "scaly_surface": 7.052792072296143,
    "strawberry_pattern": 6.414359092712402,
    "milia_like_cysts": 6.900796890258789,
    "comedo_like_openings": 6.916820526123047,
    "cerebriform_surface": 7.256892204284668,
    "central_white_patch": 7.156457901000977,
    "red_lacunae": 7.318985939025879,
    "healthy_skin": 6.793257236480713
  }
}