{
  "step": 74,
  "lambda_s": 0.006065158763770117,
  "n_active": 24,
  "val_balacc": 0.5837223296855493,
  "val_auc": 0.8567014632088921,
  "val_loss": 1.2783106565475464,
  "train_loss": 0.9371639798951753,
  "epochs_used": 18,
  "time_sec": 24.120317697525024,
  "just_eliminated": [],
  "issue4_fix": "best_within_step_checkpoint_restored",
  "norms": {
    "asymmetry": 7.574071884155273,
    "border_irregularity": 6.644330978393555,
    "colour_variation": 7.329945087432861,
    "diameter_large": 7.249138355255127,
    "atypical_pigment_network": 7.925793170928955,
    "blue_white_veil": 8.020796775817871,
    "atypical_vascular_pattern": 6.844147205352783,
    "irregular_streaks": 7.675909042358398,
    "irregular_pigmentation": 6.957298278808594,
    "irregular_dots_globules": 6.795523166656494,
    "regression_structures": 7.378695964813232,
    "symmetric_uniform": 5.702070236206055,
    "reticular_network": 7.785673141479492,
    "arborizing_vessels": 6.996939182281494,
    "blue_grey_ovoid_nests": 7.268609046936035,
    "ulceration": 7.129164218902588,
    "scaly_surface": 7.479917526245117,
    "strawberry_pattern": 7.166598796844482,
    "milia_like_cysts": 7.024888038635254,
    "comedo_like_openings": 7.380908966064453,
    "cerebriform_surface": 7.775634765625,
    "central_white_patch": 7.895663261413574,
    "red_lacunae": 7.868063926696777,
    "healthy_skin": 7.488306999206543
  }
}