{
  "step": 39,
  "lambda_s": 0.002555682416076111,
  "n_active": 24,
  "val_balacc": 0.6096028128076111,
  "val_auc": 0.8609888652511352,
  "val_loss": 1.2235682010650635,
  "train_loss": 0.9805504908771607,
  "epochs_used": 11,
  "time_sec": 14.550585269927979,
  "just_eliminated": [],
  "issue4_fix": "best_within_step_checkpoint_restored",
  "norms": {
    "asymmetry": 7.136326313018799,
    "border_irregularity": 6.472653865814209,
    "colour_variation": 7.278247833251953,
    "diameter_large": 6.997525691986084,
    "atypical_pigment_network": 7.38486385345459,
    "blue_white_veil": 7.308699131011963,
    "atypical_vascular_pattern": 6.782444953918457,
    "irregular_streaks": 7.167820453643799,
    "irregular_pigmentation": 6.6869707107543945,
    "irregular_dots_globules": 6.621163845062256,
    "regression_structures": 7.335222244262695,
    "symmetric_uniform": 5.648670196533203,
    "reticular_network": 7.240523815155029,
    "arborizing_vessels": 6.726552963256836,
    "blue_grey_ovoid_nests": 7.1694183349609375,
    "ulceration": 6.666534423828125,
    "scaly_surface": 7.2685465812683105,
    "strawberry_pattern": 6.621277332305908,
    "milia_like_cysts": 6.986927032470703,
    "comedo_like_openings": 7.143277168273926,
    "cerebriform_surface": 7.553354740142822,
    "central_white_patch": 7.423830032348633,
    "red_lacunae": 7.545226573944092,
    "healthy_skin": 7.182337284088135
  }
}