{
  "step": 92,
  "lambda_s": 0.00945957774018806,
  "n_active": 24,
  "val_balacc": 0.5917425022266114,
  "val_auc": 0.8548887518723219,
  "val_loss": 1.2792637348175049,
  "train_loss": 0.9449686425750929,
  "epochs_used": 9,
  "time_sec": 11.740436553955078,
  "just_eliminated": [],
  "issue4_fix": "best_within_step_checkpoint_restored",
  "norms": {
    "asymmetry": 7.661061763763428,
    "border_irregularity": 6.76818323135376,
    "colour_variation": 7.279772758483887,
    "diameter_large": 7.300729274749756,
    "atypical_pigment_network": 8.041748046875,
    "blue_white_veil": 8.244726181030273,
    "atypical_vascular_pattern": 6.824836730957031,
    "irregular_streaks": 7.718432903289795,
    "irregular_pigmentation": 7.004397392272949,
    "irregular_dots_globules": 6.678549289703369,
    "regression_structures": 7.412522315979004,
    "symmetric_uniform": 5.628174304962158,
    "reticular_network": 7.933138370513916,
    "arborizing_vessels": 7.135717391967773,
    "blue_grey_ovoid_nests": 7.259310722351074,
    "ulceration": 7.328186988830566,
    "scaly_surface": 7.430722713470459,
    "strawberry_pattern": 7.281315326690674,
    "milia_like_cysts": 7.106197357177734,
    "comedo_like_openings": 7.396579742431641,
    "cerebriform_surface": 7.8499064445495605,
    "central_white_patch": 7.938307285308838,
    "red_lacunae": 7.977457046508789,
    "healthy_skin": 7.48214054107666
  }
}