{
  "step": 52,
  "lambda_s": 0.003523036437696125,
  "n_active": 24,
  "val_balacc": 0.5898258326973087,
  "val_auc": 0.8545701900536118,
  "val_loss": 1.2595221996307373,
  "train_loss": 0.9713943353391283,
  "epochs_used": 16,
  "time_sec": 21.431742906570435,
  "just_eliminated": [],
  "issue4_fix": "best_within_step_checkpoint_restored",
  "norms": {
    "asymmetry": 7.371700286865234,
    "border_irregularity": 6.550891876220703,
    "colour_variation": 7.278322219848633,
    "diameter_large": 7.103600978851318,
    "atypical_pigment_network": 7.67348051071167,
    "blue_white_veil": 7.639400005340576,
    "atypical_vascular_pattern": 6.82436990737915,
    "irregular_streaks": 7.3969316482543945,
    "irregular_pigmentation": 6.7739996910095215,
    "irregular_dots_globules": 6.653231620788574,
    "regression_structures": 7.378137111663818,
    "symmetric_uniform": 5.677989482879639,
    "reticular_network": 7.531393051147461,
    "arborizing_vessels": 6.863265037536621,
    "blue_grey_ovoid_nests": 7.19687557220459,
    "ulceration": 6.864006042480469,
    "scaly_surface": 7.4322333335876465,
    "strawberry_pattern": 6.904477119445801,
    "milia_like_cysts": 7.10664701461792,
    "comedo_like_openings": 7.310631275177002,
    "cerebriform_surface": 7.708331108093262,
    "central_white_patch": 7.7691264152526855,
    "red_lacunae": 7.712972640991211,
    "healthy_skin": 7.345662593841553
  }
}