{
  "step": 56,
  "lambda_s": 0.003888773034070561,
  "n_active": 24,
  "val_balacc": 0.5801228388972671,
  "val_auc": 0.8582152738509969,
  "val_loss": 1.2661118507385254,
  "train_loss": 1.0142475020776067,
  "epochs_used": 10,
  "time_sec": 13.35896372795105,
  "just_eliminated": [],
  "issue4_fix": "best_within_step_checkpoint_restored",
  "norms": {
    "asymmetry": 7.40411901473999,
    "border_irregularity": 6.548486709594727,
    "colour_variation": 7.315831184387207,
    "diameter_large": 7.146991729736328,
    "atypical_pigment_network": 7.706364631652832,
    "blue_white_veil": 7.753664016723633,
    "atypical_vascular_pattern": 6.840338230133057,
    "irregular_streaks": 7.4933061599731445,
    "irregular_pigmentation": 6.865784645080566,
    "irregular_dots_globules": 6.715083599090576,
    "regression_structures": 7.407625675201416,
    "symmetric_uniform": 5.695261478424072,
    "reticular_network": 7.61960506439209,
    "arborizing_vessels": 6.848718643188477,
    "blue_grey_ovoid_nests": 7.205498218536377,
    "ulceration": 6.9172892570495605,
    "scaly_surface": 7.4549479484558105,
    "strawberry_pattern": 6.953293323516846,
    "milia_like_cysts": 7.112970352172852,
    "comedo_like_openings": 7.351413249969482,
    "cerebriform_surface": 7.688839435577393,
    "central_white_patch": 7.744454383850098,
    "red_lacunae": 7.726374626159668,
    "healthy_skin": 7.39993143081665
  }
}