{
  "step": 15,
  "lambda_s": 0.0014129738209737656,
  "n_active": 24,
  "val_balacc": 0.5933221941142103,
  "val_auc": 0.8639818942149492,
  "val_loss": 1.194449782371521,
  "train_loss": 0.9263306939040062,
  "epochs_used": 17,
  "time_sec": 21.320568799972534,
  "just_eliminated": [],
  "issue4_fix": "best_within_step_checkpoint_restored",
  "norms": {
    "asymmetry": 6.869467258453369,
    "border_irregularity": 6.42941951751709,
    "colour_variation": 7.160272598266602,
    "diameter_large": 6.820270538330078,
    "atypical_pigment_network": 7.032524108886719,
    "blue_white_veil": 6.851199150085449,
    "atypical_vascular_pattern": 6.633053779602051,
    "irregular_streaks": 6.754367828369141,
    "irregular_pigmentation": 6.526683330535889,
    "irregular_dots_globules": 6.613732814788818,
    "regression_structures": 7.1504316329956055,
    "symmetric_uniform": 5.828317642211914,
    "reticular_network": 6.982154846191406,
    "arborizing_vessels": 6.667362213134766,
    "blue_grey_ovoid_nests": 7.0309600830078125,
    "ulceration": 6.732685565948486,
    "scaly_surface": 7.025532245635986,
    "strawberry_pattern": 6.397707939147949,
    "milia_like_cysts": 6.8804192543029785,
    "comedo_like_openings": 6.884326457977295,
    "cerebriform_surface": 7.240222454071045,
    "central_white_patch": 7.13759708404541,
    "red_lacunae": 7.315483570098877,
    "healthy_skin": 6.721946716308594
  }
}