{
  "step": 18,
  "lambda_s": 0.001521618261177076,
  "n_active": 24,
  "val_balacc": 0.6084415078297912,
  "val_auc": 0.8661592629407824,
  "val_loss": 1.2049566507339478,
  "train_loss": 0.9713059306459936,
  "epochs_used": 8,
  "time_sec": 10.405064105987549,
  "just_eliminated": [],
  "issue4_fix": "best_within_step_checkpoint_restored",
  "norms": {
    "asymmetry": 6.887213230133057,
    "border_irregularity": 6.410462856292725,
    "colour_variation": 7.181682109832764,
    "diameter_large": 6.868224143981934,
    "atypical_pigment_network": 7.097229480743408,
    "blue_white_veil": 6.903520107269287,
    "atypical_vascular_pattern": 6.6468305587768555,
    "irregular_streaks": 6.790987968444824,
    "irregular_pigmentation": 6.560768127441406,
    "irregular_dots_globules": 6.629241943359375,
    "regression_structures": 7.180909633636475,
    "symmetric_uniform": 5.781352519989014,
    "reticular_network": 7.0127949714660645,
    "arborizing_vessels": 6.651897430419922,
    "blue_grey_ovoid_nests": 7.066023349761963,
    "ulceration": 6.715197563171387,
    "scaly_surface": 7.063819408416748,
    "strawberry_pattern": 6.424230575561523,
    "milia_like_cysts": 6.901636600494385,
    "comedo_like_openings": 6.923307418823242,
    "cerebriform_surface": 7.264641761779785,
    "central_white_patch": 7.165913105010986,
    "red_lacunae": 7.310097694396973,
    "healthy_skin": 6.795811176300049
  }
}