{
  "step": 12,
  "lambda_s": 0.0013120866578012656,
  "n_active": 24,
  "val_balacc": 0.5968939448274707,
  "val_auc": 0.8650545546895789,
  "val_loss": 1.170058250427246,
  "train_loss": 0.9493640788996974,
  "epochs_used": 15,
  "time_sec": 19.57750678062439,
  "just_eliminated": [],
  "issue4_fix": "best_within_step_checkpoint_restored",
  "norms": {
    "asymmetry": 6.848152160644531,
    "border_irregularity": 6.4645161628723145,
    "colour_variation": 7.123296737670898,
    "diameter_large": 6.827333450317383,
    "atypical_pigment_network": 6.966416835784912,
    "blue_white_veil": 6.828575611114502,
    "atypical_vascular_pattern": 6.619711399078369,
    "irregular_streaks": 6.736023902893066,
    "irregular_pigmentation": 6.503549575805664,
    "irregular_dots_globules": 6.635657787322998,
    "regression_structures": 7.1073317527771,
    "symmetric_uniform": 5.901139736175537,
    "reticular_network": 6.953603744506836,
    "arborizing_vessels": 6.63792610168457,
    "blue_grey_ovoid_nests": 7.0045647621154785,
    "ulceration": 6.783085823059082,
    "scaly_surface": 6.970174312591553,
    "strawberry_pattern": 6.379368305206299,
    "milia_like_cysts": 6.890882968902588,
    "comedo_like_openings": 6.848526954650879,
    "cerebriform_surface": 7.168513774871826,
    "central_white_patch": 7.054404258728027,
    "red_lacunae": 7.271173477172852,
    "healthy_skin": 6.65538215637207
  }
}