{
  "step": 76,
  "lambda_s": 0.006372207426185978,
  "n_active": 24,
  "val_balacc": 0.5804303292695261,
  "val_auc": 0.859751138557651,
  "val_loss": 1.2782249450683594,
  "train_loss": 0.8887362217231901,
  "epochs_used": 13,
  "time_sec": 17.06532597541809,
  "just_eliminated": [],
  "issue4_fix": "best_within_step_checkpoint_restored",
  "norms": {
    "asymmetry": 7.595211505889893,
    "border_irregularity": 6.638222694396973,
    "colour_variation": 7.331958293914795,
    "diameter_large": 7.200138568878174,
    "atypical_pigment_network": 7.953072547912598,
    "blue_white_veil": 8.093087196350098,
    "atypical_vascular_pattern": 6.8661909103393555,
    "irregular_streaks": 7.694544315338135,
    "irregular_pigmentation": 7.02003288269043,
    "irregular_dots_globules": 6.759904384613037,
    "regression_structures": 7.36942720413208,
    "symmetric_uniform": 5.689055919647217,
    "reticular_network": 7.826849937438965,
    "arborizing_vessels": 7.041520118713379,
    "blue_grey_ovoid_nests": 7.312991619110107,
    "ulceration": 7.184366226196289,
    "scaly_surface": 7.441959381103516,
    "strawberry_pattern": 7.205313682556152,
    "milia_like_cysts": 7.057145595550537,
    "comedo_like_openings": 7.361556529998779,
    "cerebriform_surface": 7.808408260345459,
    "central_white_patch": 7.915797233581543,
    "red_lacunae": 7.8511810302734375,
    "healthy_skin": 7.466650009155273
  }
}