{
  "step": 72,
  "lambda_s": 0.005772905426550975,
  "n_active": 24,
  "val_balacc": 0.593672992231401,
  "val_auc": 0.8602463130603011,
  "val_loss": 1.2751983404159546,
  "train_loss": 0.8978255757890198,
  "epochs_used": 7,
  "time_sec": 9.447463989257812,
  "just_eliminated": [],
  "issue4_fix": "best_within_step_checkpoint_restored",
  "norms": {
    "asymmetry": 7.564505100250244,
    "border_irregularity": 6.64910364151001,
    "colour_variation": 7.322037220001221,
    "diameter_large": 7.214568138122559,
    "atypical_pigment_network": 7.826589584350586,
    "blue_white_veil": 7.978168487548828,
    "atypical_vascular_pattern": 6.796123504638672,
    "irregular_streaks": 7.646669387817383,
    "irregular_pigmentation": 6.942914009094238,
    "irregular_dots_globules": 6.771392345428467,
    "regression_structures": 7.374739170074463,
    "symmetric_uniform": 5.7064528465271,
    "reticular_network": 7.748918056488037,
    "arborizing_vessels": 6.972456455230713,
    "blue_grey_ovoid_nests": 7.259060859680176,
    "ulceration": 7.106894016265869,
    "scaly_surface": 7.4534196853637695,
    "strawberry_pattern": 7.076934814453125,
    "milia_like_cysts": 7.047231197357178,
    "comedo_like_openings": 7.35747766494751,
    "cerebriform_surface": 7.763485431671143,
    "central_white_patch": 7.89488410949707,
    "red_lacunae": 7.810000896453857,
    "healthy_skin": 7.459182262420654
  }
}