{
  "step": 29,
  "lambda_s": 0.001996495018757203,
  "n_active": 24,
  "val_balacc": 0.5898998513497133,
  "val_auc": 0.8581703695466054,
  "val_loss": 1.2236928939819336,
  "train_loss": 1.0151138147775263,
  "epochs_used": 17,
  "time_sec": 19.92137098312378,
  "just_eliminated": [],
  "issue4_fix": "best_within_step_checkpoint_restored",
  "norms": {
    "asymmetry": 7.000881195068359,
    "border_irregularity": 6.421109199523926,
    "colour_variation": 7.303391456604004,
    "diameter_large": 6.963031768798828,
    "atypical_pigment_network": 7.333582878112793,
    "blue_white_veil": 7.1209716796875,
    "atypical_vascular_pattern": 6.758161544799805,
    "irregular_streaks": 7.0155816078186035,
    "irregular_pigmentation": 6.605773448944092,
    "irregular_dots_globules": 6.614667892456055,
    "regression_structures": 7.2899041175842285,
    "symmetric_uniform": 5.704890251159668,
    "reticular_network": 7.196589469909668,
    "arborizing_vessels": 6.726377964019775,
    "blue_grey_ovoid_nests": 7.107434272766113,
    "ulceration": 6.718746662139893,
    "scaly_surface": 7.249319553375244,
    "strawberry_pattern": 6.5365376472473145,
    "milia_like_cysts": 6.958881855010986,
    "comedo_like_openings": 7.115638732910156,
    "cerebriform_surface": 7.525355815887451,
    "central_white_patch": 7.386671543121338,
    "red_lacunae": 7.467987537384033,
    "healthy_skin": 7.09262228012085
  }
}