{
  "step": 10,
  "lambda_s": 0.0012488629699476653,
  "n_active": 24,
  "val_balacc": 0.5920244890119057,
  "val_auc": 0.8640258838753956,
  "val_loss": 1.1553107500076294,
  "train_loss": 0.9732474909078688,
  "epochs_used": 20,
  "time_sec": 27.31671166419983,
  "just_eliminated": [],
  "issue4_fix": "best_within_step_checkpoint_restored",
  "norms": {
    "asymmetry": 6.87106990814209,
    "border_irregularity": 6.525446891784668,
    "colour_variation": 7.065558433532715,
    "diameter_large": 6.802077770233154,
    "atypical_pigment_network": 6.94862699508667,
    "blue_white_veil": 6.805932521820068,
    "atypical_vascular_pattern": 6.582197666168213,
    "irregular_streaks": 6.657081127166748,
    "irregular_pigmentation": 6.4500908851623535,
    "irregular_dots_globules": 6.6844801902771,
    "regression_structures": 7.062621593475342,
    "symmetric_uniform": 5.945003509521484,
    "reticular_network": 6.861300945281982,
    "arborizing_vessels": 6.599094390869141,
    "blue_grey_ovoid_nests": 7.008164882659912,
    "ulceration": 6.871747970581055,
    "scaly_surface": 6.905774116516113,
    "strawberry_pattern": 6.354625225067139,
    "milia_like_cysts": 6.899389743804932,
    "comedo_like_openings": 6.822805404663086,
    "cerebriform_surface": 7.066877841949463,
    "central_white_patch": 6.946401596069336,
    "red_lacunae": 7.252809524536133,
    "healthy_skin": 6.6318440437316895
  }
}