{
  "step": 79,
  "lambda_s": 0.006862170437815058,
  "n_active": 24,
  "val_balacc": 0.5751006664978238,
  "val_auc": 0.8594044916727679,
  "val_loss": 1.2540370225906372,
  "train_loss": 0.8678246600981318,
  "epochs_used": 14,
  "time_sec": 18.2524094581604,
  "just_eliminated": [],
  "issue4_fix": "best_within_step_checkpoint_restored",
  "norms": {
    "asymmetry": 7.625234127044678,
    "border_irregularity": 6.6855854988098145,
    "colour_variation": 7.3235697746276855,
    "diameter_large": 7.234868049621582,
    "atypical_pigment_network": 7.955860614776611,
    "blue_white_veil": 8.138890266418457,
    "atypical_vascular_pattern": 6.834988594055176,
    "irregular_streaks": 7.693352699279785,
    "irregular_pigmentation": 6.993070125579834,
    "irregular_dots_globules": 6.7532958984375,
    "regression_structures": 7.399053573608398,
    "symmetric_uniform": 5.708141803741455,
    "reticular_network": 7.868733882904053,
    "arborizing_vessels": 7.020410060882568,
    "blue_grey_ovoid_nests": 7.267341613769531,
    "ulceration": 7.191483020782471,
    "scaly_surface": 7.456270217895508,
    "strawberry_pattern": 7.228602886199951,
    "milia_like_cysts": 7.094378471374512,
    "comedo_like_openings": 7.3635454177856445,
    "cerebriform_surface": 7.818122863769531,
    "central_white_patch": 7.91008996963501,
    "red_lacunae": 7.878412246704102,
    "healthy_skin": 7.467607021331787
  }
}