{
  "step": 73,
  "lambda_s": 0.005917228062214749,
  "n_active": 24,
  "val_balacc": 0.589020759228503,
  "val_auc": 0.857498778603253,
  "val_loss": 1.270473599433899,
  "train_loss": 0.9243286461458549,
  "epochs_used": 13,
  "time_sec": 19.032238960266113,
  "just_eliminated": [],
  "issue4_fix": "best_within_step_checkpoint_restored",
  "norms": {
    "asymmetry": 7.552241325378418,
    "border_irregularity": 6.668188571929932,
    "colour_variation": 7.318302631378174,
    "diameter_large": 7.197480201721191,
    "atypical_pigment_network": 7.844392776489258,
    "blue_white_veil": 7.989249229431152,
    "atypical_vascular_pattern": 6.832934856414795,
    "irregular_streaks": 7.657386302947998,
    "irregular_pigmentation": 6.944413185119629,
    "irregular_dots_globules": 6.773907661437988,
    "regression_structures": 7.3851423263549805,
    "symmetric_uniform": 5.698406219482422,
    "reticular_network": 7.777432441711426,
    "arborizing_vessels": 6.9848527908325195,
    "blue_grey_ovoid_nests": 7.222880840301514,
    "ulceration": 7.115281105041504,
    "scaly_surface": 7.488152980804443,
    "strawberry_pattern": 7.096510887145996,
    "milia_like_cysts": 7.02342414855957,
    "comedo_like_openings": 7.381156921386719,
    "cerebriform_surface": 7.756896018981934,
    "central_white_patch": 7.882020950317383,
    "red_lacunae": 7.8246660232543945,
    "healthy_skin": 7.4930500984191895
  }
}