{
  "step": 36,
  "lambda_s": 0.0023732051860662373,
  "n_active": 24,
  "val_balacc": 0.5999271070994506,
  "val_auc": 0.861807111381856,
  "val_loss": 1.2404688596725464,
  "train_loss": 0.9309004034367815,
  "epochs_used": 8,
  "time_sec": 10.93304443359375,
  "just_eliminated": [],
  "issue4_fix": "best_within_step_checkpoint_restored",
  "norms": {
    "asymmetry": 7.096033573150635,
    "border_irregularity": 6.453558921813965,
    "colour_variation": 7.267611503601074,
    "diameter_large": 6.978601455688477,
    "atypical_pigment_network": 7.382990837097168,
    "blue_white_veil": 7.270201206207275,
    "atypical_vascular_pattern": 6.775518894195557,
    "irregular_streaks": 7.14729118347168,
    "irregular_pigmentation": 6.680109024047852,
    "irregular_dots_globules": 6.6418232917785645,
    "regression_structures": 7.308844089508057,
    "symmetric_uniform": 5.644068241119385,
    "reticular_network": 7.220142841339111,
    "arborizing_vessels": 6.729602336883545,
    "blue_grey_ovoid_nests": 7.14981746673584,
    "ulceration": 6.695387363433838,
    "scaly_surface": 7.272311210632324,
    "strawberry_pattern": 6.591192245483398,
    "milia_like_cysts": 6.995924949645996,
    "comedo_like_openings": 7.119325160980225,
    "cerebriform_surface": 7.566264629364014,
    "central_white_patch": 7.429181098937988,
    "red_lacunae": 7.555613040924072,
    "healthy_skin": 7.182775020599365
  }
}