{
  "step": 42,
  "lambda_s": 0.0027521904343497123,
  "n_active": 24,
  "val_balacc": 0.5883625855674175,
  "val_auc": 0.8612284954246598,
  "val_loss": 1.2488287687301636,
  "train_loss": 0.9621289168199274,
  "epochs_used": 17,
  "time_sec": 22.347891092300415,
  "just_eliminated": [],
  "issue4_fix": "best_within_step_checkpoint_restored",
  "norms": {
    "asymmetry": 7.174152851104736,
    "border_irregularity": 6.511404514312744,
    "colour_variation": 7.301310062408447,
    "diameter_large": 7.028257846832275,
    "atypical_pigment_network": 7.45575475692749,
    "blue_white_veil": 7.3258056640625,
    "atypical_vascular_pattern": 6.7645583152771,
    "irregular_streaks": 7.204582214355469,
    "irregular_pigmentation": 6.688835620880127,
    "irregular_dots_globules": 6.665120601654053,
    "regression_structures": 7.342409610748291,
    "symmetric_uniform": 5.680915355682373,
    "reticular_network": 7.281209945678711,
    "arborizing_vessels": 6.76663064956665,
    "blue_grey_ovoid_nests": 7.175299167633057,
    "ulceration": 6.67415189743042,
    "scaly_surface": 7.276253700256348,
    "strawberry_pattern": 6.6365065574646,
    "milia_like_cysts": 6.995632648468018,
    "comedo_like_openings": 7.174191474914551,
    "cerebriform_surface": 7.5804619789123535,
    "central_white_patch": 7.446481227874756,
    "red_lacunae": 7.5937700271606445,
    "healthy_skin": 7.205459117889404
  }
}