{
  "step": 46,
  "lambda_s": 0.0030379032788900293,
  "n_active": 24,
  "val_balacc": 0.5707442299510668,
  "val_auc": 0.8637861641382202,
  "val_loss": 1.2540380954742432,
  "train_loss": 0.9434054158007974,
  "epochs_used": 9,
  "time_sec": 12.014476537704468,
  "just_eliminated": [],
  "issue4_fix": "best_within_step_checkpoint_restored",
  "norms": {
    "asymmetry": 7.276997089385986,
    "border_irregularity": 6.533137798309326,
    "colour_variation": 7.3235249519348145,
    "diameter_large": 7.066313743591309,
    "atypical_pigment_network": 7.538851737976074,
    "blue_white_veil": 7.446257591247559,
    "atypical_vascular_pattern": 6.756694316864014,
    "irregular_streaks": 7.30192232131958,
    "irregular_pigmentation": 6.743342876434326,
    "irregular_dots_globules": 6.70294713973999,
    "regression_structures": 7.350879669189453,
    "symmetric_uniform": 5.679398536682129,
    "reticular_network": 7.366847515106201,
    "arborizing_vessels": 6.833242893218994,
    "blue_grey_ovoid_nests": 7.168264865875244,
    "ulceration": 6.729479789733887,
    "scaly_surface": 7.383450508117676,
    "strawberry_pattern": 6.770755290985107,
    "milia_like_cysts": 7.043216705322266,
    "comedo_like_openings": 7.281128406524658,
    "cerebriform_surface": 7.676328659057617,
    "central_white_patch": 7.526852607727051,
    "red_lacunae": 7.661319732666016,
    "healthy_skin": 7.280720233917236
  }
}