{
  "step": 78,
  "lambda_s": 0.006694800427136643,
  "n_active": 24,
  "val_balacc": 0.5831413378241167,
  "val_auc": 0.8576155587280155,
  "val_loss": 1.2817562818527222,
  "train_loss": 0.9286767080794747,
  "epochs_used": 12,
  "time_sec": 15.810295104980469,
  "just_eliminated": [],
  "issue4_fix": "best_within_step_checkpoint_restored",
  "norms": {
    "asymmetry": 7.598527908325195,
    "border_irregularity": 6.627603054046631,
    "colour_variation": 7.335216045379639,
    "diameter_large": 7.225351333618164,
    "atypical_pigment_network": 7.940606117248535,
    "blue_white_veil": 8.108113288879395,
    "atypical_vascular_pattern": 6.871837139129639,
    "irregular_streaks": 7.675536155700684,
    "irregular_pigmentation": 7.013036251068115,
    "irregular_dots_globules": 6.789637088775635,
    "regression_structures": 7.386122703552246,
    "symmetric_uniform": 5.698944091796875,
    "reticular_network": 7.831948757171631,
    "arborizing_vessels": 7.034082889556885,
    "blue_grey_ovoid_nests": 7.281687259674072,
    "ulceration": 7.184038162231445,
    "scaly_surface": 7.422226905822754,
    "strawberry_pattern": 7.241898536682129,
    "milia_like_cysts": 7.057895660400391,
    "comedo_like_openings": 7.381752967834473,
    "cerebriform_surface": 7.8094706535339355,
    "central_white_patch": 7.928779125213623,
    "red_lacunae": 7.866023063659668,
    "healthy_skin": 7.463976860046387
  }
}