{
  "step": 91,
  "lambda_s": 0.009228856331890791,
  "n_active": 24,
  "val_balacc": 0.5553558558158987,
  "val_auc": 0.859384702483739,
  "val_loss": 1.3096685409545898,
  "train_loss": 0.873037185698984,
  "epochs_used": 8,
  "time_sec": 10.819382429122925,
  "just_eliminated": [],
  "issue4_fix": "best_within_step_checkpoint_restored",
  "norms": {
    "asymmetry": 7.631566047668457,
    "border_irregularity": 6.770780563354492,
    "colour_variation": 7.286413669586182,
    "diameter_large": 7.2891435623168945,
    "atypical_pigment_network": 8.036308288574219,
    "blue_white_veil": 8.249828338623047,
    "atypical_vascular_pattern": 6.823093891143799,
    "irregular_streaks": 7.711094379425049,
    "irregular_pigmentation": 7.008096694946289,
    "irregular_dots_globules": 6.694685935974121,
    "regression_structures": 7.414286136627197,
    "symmetric_uniform": 5.645971298217773,
    "reticular_network": 7.920842170715332,
    "arborizing_vessels": 7.1212029457092285,
    "blue_grey_ovoid_nests": 7.259644031524658,
    "ulceration": 7.323291778564453,
    "scaly_surface": 7.432585716247559,
    "strawberry_pattern": 7.2986369132995605,
    "milia_like_cysts": 7.121856212615967,
    "comedo_like_openings": 7.402159690856934,
    "cerebriform_surface": 7.8468546867370605,
    "central_white_patch": 7.939939022064209,
    "red_lacunae": 7.990177154541016,
    "healthy_skin": 7.472758769989014
  }
}