{
  "step": 28,
  "lambda_s": 0.0019478000182997105,
  "n_active": 24,
  "val_balacc": 0.5578578011496877,
  "val_auc": 0.8609419385244926,
  "val_loss": 1.216644287109375,
  "train_loss": 0.9252831090996695,
  "epochs_used": 15,
  "time_sec": 17.755762815475464,
  "just_eliminated": [],
  "issue4_fix": "best_within_step_checkpoint_restored",
  "norms": {
    "asymmetry": 6.973448753356934,
    "border_irregularity": 6.428444862365723,
    "colour_variation": 7.295444965362549,
    "diameter_large": 6.989667892456055,
    "atypical_pigment_network": 7.300319194793701,
    "blue_white_veil": 7.101174354553223,
    "atypical_vascular_pattern": 6.717674732208252,
    "irregular_streaks": 6.975844860076904,
    "irregular_pigmentation": 6.596959114074707,
    "irregular_dots_globules": 6.582882404327393,
    "regression_structures": 7.272286891937256,
    "symmetric_uniform": 5.698627471923828,
    "reticular_network": 7.161332130432129,
    "arborizing_vessels": 6.701933860778809,
    "blue_grey_ovoid_nests": 7.131624221801758,
    "ulceration": 6.710010051727295,
    "scaly_surface": 7.224972724914551,
    "strawberry_pattern": 6.482080459594727,
    "milia_like_cysts": 6.939665794372559,
    "comedo_like_openings": 7.0865583419799805,
    "cerebriform_surface": 7.476093769073486,
    "central_white_patch": 7.336414813995361,
    "red_lacunae": 7.441868782043457,
    "healthy_skin": 7.069341659545898
  }
}