{
  "step": 61,
  "lambda_s": 0.004399789748815024,
  "n_active": 24,
  "val_balacc": 0.5669374371092324,
  "val_auc": 0.8559712041800484,
  "val_loss": 1.290501594543457,
  "train_loss": 0.975378220569737,
  "epochs_used": 8,
  "time_sec": 10.820757865905762,
  "just_eliminated": [],
  "issue4_fix": "best_within_step_checkpoint_restored",
  "norms": {
    "asymmetry": 7.503535747528076,
    "border_irregularity": 6.576766490936279,
    "colour_variation": 7.2996368408203125,
    "diameter_large": 7.14339017868042,
    "atypical_pigment_network": 7.7673115730285645,
    "blue_white_veil": 7.813985824584961,
    "atypical_vascular_pattern": 6.857848167419434,
    "irregular_streaks": 7.5195817947387695,
    "irregular_pigmentation": 6.899539470672607,
    "irregular_dots_globules": 6.739757061004639,
    "regression_structures": 7.396659851074219,
    "symmetric_uniform": 5.718662738800049,
    "reticular_network": 7.632535934448242,
    "arborizing_vessels": 6.855428218841553,
    "blue_grey_ovoid_nests": 7.2325286865234375,
    "ulceration": 6.962734699249268,
    "scaly_surface": 7.422196865081787,
    "strawberry_pattern": 7.025808334350586,
    "milia_like_cysts": 7.078127384185791,
    "comedo_like_openings": 7.344837188720703,
    "cerebriform_surface": 7.667616367340088,
    "central_white_patch": 7.789248466491699,
    "red_lacunae": 7.791609287261963,
    "healthy_skin": 7.400966167449951
  }
}