{
  "step": 6,
  "lambda_s": 0.0011314082128906244,
  "n_active": 24,
  "val_balacc": 0.5858694100050709,
  "val_auc": 0.8633664988066974,
  "val_loss": 1.1813082695007324,
  "train_loss": 0.9999257153959625,
  "epochs_used": 8,
  "time_sec": 8.231961011886597,
  "just_eliminated": [],
  "issue4_fix": "best_within_step_checkpoint_restored",
  "norms": {
    "asymmetry": 6.89465856552124,
    "border_irregularity": 6.658194065093994,
    "colour_variation": 7.058897018432617,
    "diameter_large": 6.80156946182251,
    "atypical_pigment_network": 6.911049842834473,
    "blue_white_veil": 6.800085067749023,
    "atypical_vascular_pattern": 6.608750343322754,
    "irregular_streaks": 6.669777870178223,
    "irregular_pigmentation": 6.510859966278076,
    "irregular_dots_globules": 6.75410795211792,
    "regression_structures": 7.038026332855225,
    "symmetric_uniform": 6.130889415740967,
    "reticular_network": 6.796288967132568,
    "arborizing_vessels": 6.585677146911621,
    "blue_grey_ovoid_nests": 7.047374725341797,
    "ulceration": 7.052603244781494,
    "scaly_surface": 6.855692386627197,
    "strawberry_pattern": 6.412261009216309,
    "milia_like_cysts": 7.0010576248168945,
    "comedo_like_openings": 6.845228672027588,
    "cerebriform_surface": 6.987228870391846,
    "central_white_patch": 6.768688678741455,
    "red_lacunae": 7.219899654388428,
    "healthy_skin": 6.638683319091797
  }
}