{
  "step": 55,
  "lambda_s": 0.0037939249112883522,
  "n_active": 24,
  "val_balacc": 0.5971454891635243,
  "val_auc": 0.8584822844034122,
  "val_loss": 1.2635141611099243,
  "train_loss": 0.9729514843587984,
  "epochs_used": 12,
  "time_sec": 16.12410283088684,
  "just_eliminated": [],
  "issue4_fix": "best_within_step_checkpoint_restored",
  "norms": {
    "asymmetry": 7.377167701721191,
    "border_irregularity": 6.5685343742370605,
    "colour_variation": 7.28695821762085,
    "diameter_large": 7.142612934112549,
    "atypical_pigment_network": 7.698996543884277,
    "blue_white_veil": 7.7584547996521,
    "atypical_vascular_pattern": 6.838019371032715,
    "irregular_streaks": 7.4700775146484375,
    "irregular_pigmentation": 6.849390029907227,
    "irregular_dots_globules": 6.704871654510498,
    "regression_structures": 7.396760940551758,
    "symmetric_uniform": 5.686853408813477,
    "reticular_network": 7.591798782348633,
    "arborizing_vessels": 6.849755764007568,
    "blue_grey_ovoid_nests": 7.199821949005127,
    "ulceration": 6.890808582305908,
    "scaly_surface": 7.48739767074585,
    "strawberry_pattern": 6.946909427642822,
    "milia_like_cysts": 7.106734752655029,
    "comedo_like_openings": 7.323275566101074,
    "cerebriform_surface": 7.6741180419921875,
    "central_white_patch": 7.747328758239746,
    "red_lacunae": 7.7329020500183105,
    "healthy_skin": 7.373961925506592
  }
}