{
  "step": 62,
  "lambda_s": 0.0045097844925354,
  "n_active": 24,
  "val_balacc": 0.563509599112468,
  "val_auc": 0.8560232325680704,
  "val_loss": 1.2712289094924927,
  "train_loss": 0.8846539767483083,
  "epochs_used": 15,
  "time_sec": 20.710813760757446,
  "just_eliminated": [],
  "issue4_fix": "best_within_step_checkpoint_restored",
  "norms": {
    "asymmetry": 7.518750190734863,
    "border_irregularity": 6.5255537033081055,
    "colour_variation": 7.300961017608643,
    "diameter_large": 7.162502765655518,
    "atypical_pigment_network": 7.805062294006348,
    "blue_white_veil": 7.835754871368408,
    "atypical_vascular_pattern": 6.85126256942749,
    "irregular_streaks": 7.5322265625,
    "irregular_pigmentation": 6.889863967895508,
    "irregular_dots_globules": 6.743830680847168,
    "regression_structures": 7.39048433303833,
    "symmetric_uniform": 5.724904537200928,
    "reticular_network": 7.678702354431152,
    "arborizing_vessels": 6.873000144958496,
    "blue_grey_ovoid_nests": 7.1755523681640625,
    "ulceration": 6.996461868286133,
    "scaly_surface": 7.45078182220459,
    "strawberry_pattern": 7.021719932556152,
    "milia_like_cysts": 7.107390403747559,
    "comedo_like_openings": 7.35330057144165,
    "cerebriform_surface": 7.69805383682251,
    "central_white_patch": 7.778250217437744,
    "red_lacunae": 7.788917541503906,
    "healthy_skin": 7.403029441833496
  }
}