{
  "step": 97,
  "lambda_s": 0.010702643945726105,
  "n_active": 24,
  "val_balacc": 0.5784320112942732,
  "val_auc": 0.8562494806904164,
  "val_loss": 1.231522560119629,
  "train_loss": 0.9404124955512406,
  "epochs_used": 20,
  "time_sec": 26.28930902481079,
  "just_eliminated": [],
  "issue4_fix": "best_within_step_checkpoint_restored",
  "norms": {
    "asymmetry": 7.691196441650391,
    "border_irregularity": 6.762354850769043,
    "colour_variation": 7.316959381103516,
    "diameter_large": 7.338937759399414,
    "atypical_pigment_network": 8.183551788330078,
    "blue_white_veil": 8.455212593078613,
    "atypical_vascular_pattern": 6.854905128479004,
    "irregular_streaks": 7.768955707550049,
    "irregular_pigmentation": 7.038559436798096,
    "irregular_dots_globules": 6.7769246101379395,
    "regression_structures": 7.474488258361816,
    "symmetric_uniform": 5.681258201599121,
    "reticular_network": 8.075675010681152,
    "arborizing_vessels": 7.18532657623291,
    "blue_grey_ovoid_nests": 7.366927146911621,
    "ulceration": 7.4205145835876465,
    "scaly_surface": 7.508209228515625,
    "strawberry_pattern": 7.3523030281066895,
    "milia_like_cysts": 7.148393154144287,
    "comedo_like_openings": 7.4489545822143555,
    "cerebriform_surface": 7.909633159637451,
    "central_white_patch": 7.988729953765869,
    "red_lacunae": 8.14515495300293,
    "healthy_skin": 7.4074859619140625
  }
}