{
  "step": 57,
  "lambda_s": 0.003985992359922324,
  "n_active": 24,
  "val_balacc": 0.5739219128516881,
  "val_auc": 0.8615930305224326,
  "val_loss": 1.2750552892684937,
  "train_loss": 0.9021556154438155,
  "epochs_used": 14,
  "time_sec": 18.63630199432373,
  "just_eliminated": [],
  "issue4_fix": "best_within_step_checkpoint_restored",
  "norms": {
    "asymmetry": 7.44952917098999,
    "border_irregularity": 6.569526195526123,
    "colour_variation": 7.315762519836426,
    "diameter_large": 7.130799293518066,
    "atypical_pigment_network": 7.7371296882629395,
    "blue_white_veil": 7.768515110015869,
    "atypical_vascular_pattern": 6.860964298248291,
    "irregular_streaks": 7.52068567276001,
    "irregular_pigmentation": 6.86450719833374,
    "irregular_dots_globules": 6.757908344268799,
    "regression_structures": 7.385570526123047,
    "symmetric_uniform": 5.709818363189697,
    "reticular_network": 7.631131649017334,
    "arborizing_vessels": 6.852239608764648,
    "blue_grey_ovoid_nests": 7.208917140960693,
    "ulceration": 6.930506229400635,
    "scaly_surface": 7.439055919647217,
    "strawberry_pattern": 6.984131813049316,
    "milia_like_cysts": 7.108407974243164,
    "comedo_like_openings": 7.326924800872803,
    "cerebriform_surface": 7.705204010009766,
    "central_white_patch": 7.7842183113098145,
    "red_lacunae": 7.7498908042907715,
    "healthy_skin": 7.407833576202393
  }
}