{
  "step": 80,
  "lambda_s": 0.007033724698760434,
  "n_active": 24,
  "val_balacc": 0.5946152218144055,
  "val_auc": 0.8587638490184364,
  "val_loss": 1.2455259561538696,
  "train_loss": 0.9170460434997595,
  "epochs_used": 8,
  "time_sec": 10.701787948608398,
  "just_eliminated": [],
  "issue4_fix": "best_within_step_checkpoint_restored",
  "norms": {
    "asymmetry": 7.6039323806762695,
    "border_irregularity": 6.669336318969727,
    "colour_variation": 7.303497791290283,
    "diameter_large": 7.2587785720825195,
    "atypical_pigment_network": 7.959536552429199,
    "blue_white_veil": 8.15556526184082,
    "atypical_vascular_pattern": 6.843713283538818,
    "irregular_streaks": 7.686472415924072,
    "irregular_pigmentation": 6.977530479431152,
    "irregular_dots_globules": 6.736108779907227,
    "regression_structures": 7.406050682067871,
    "symmetric_uniform": 5.701979160308838,
    "reticular_network": 7.87339448928833,
    "arborizing_vessels": 7.0281572341918945,
    "blue_grey_ovoid_nests": 7.277599334716797,
    "ulceration": 7.199813365936279,
    "scaly_surface": 7.443474769592285,
    "strawberry_pattern": 7.2374749183654785,
    "milia_like_cysts": 7.084158420562744,
    "comedo_like_openings": 7.385601997375488,
    "cerebriform_surface": 7.817253589630127,
    "central_white_patch": 7.923189163208008,
    "red_lacunae": 7.890578269958496,
    "healthy_skin": 7.456232070922852
  }
}