{
  "step": 25,
  "lambda_s": 0.0018087259495825872,
  "n_active": 24,
  "val_balacc": 0.5994928716624685,
  "val_auc": 0.860658623986423,
  "val_loss": 1.220479965209961,
  "train_loss": 0.9953765810082982,
  "epochs_used": 13,
  "time_sec": 18.21302843093872,
  "just_eliminated": [],
  "issue4_fix": "best_within_step_checkpoint_restored",
  "norms": {
    "asymmetry": 6.983096599578857,
    "border_irregularity": 6.367598056793213,
    "colour_variation": 7.295449733734131,
    "diameter_large": 6.955289363861084,
    "atypical_pigment_network": 7.27616548538208,
    "blue_white_veil": 7.002579212188721,
    "atypical_vascular_pattern": 6.7021355628967285,
    "irregular_streaks": 6.932193756103516,
    "irregular_pigmentation": 6.58488130569458,
    "irregular_dots_globules": 6.623605728149414,
    "regression_structures": 7.252804756164551,
    "symmetric_uniform": 5.7389020919799805,
    "reticular_network": 7.134771347045898,
    "arborizing_vessels": 6.690701484680176,
    "blue_grey_ovoid_nests": 7.120664596557617,
    "ulceration": 6.682883262634277,
    "scaly_surface": 7.193933010101318,
    "strawberry_pattern": 6.4929938316345215,
    "milia_like_cysts": 6.943209171295166,
    "comedo_like_openings": 7.045990467071533,
    "cerebriform_surface": 7.433532238006592,
    "central_white_patch": 7.342644214630127,
    "red_lacunae": 7.4187798500061035,
    "healthy_skin": 7.0221943855285645
  }
}