{
  "step": 32,
  "lambda_s": 0.0021500067685588306,
  "n_active": 24,
  "val_balacc": 0.5970695327602785,
  "val_auc": 0.8657805898757197,
  "val_loss": 1.2268786430358887,
  "train_loss": 0.9031587481535803,
  "epochs_used": 15,
  "time_sec": 16.57744574546814,
  "just_eliminated": [],
  "issue4_fix": "best_within_step_checkpoint_restored",
  "norms": {
    "asymmetry": 7.0552778244018555,
    "border_irregularity": 6.441770553588867,
    "colour_variation": 7.291568756103516,
    "diameter_large": 6.973184108734131,
    "atypical_pigment_network": 7.349127769470215,
    "blue_white_veil": 7.201416015625,
    "atypical_vascular_pattern": 6.746896743774414,
    "irregular_streaks": 7.060895919799805,
    "irregular_pigmentation": 6.646340847015381,
    "irregular_dots_globules": 6.622747421264648,
    "regression_structures": 7.297183513641357,
    "symmetric_uniform": 5.676697731018066,
    "reticular_network": 7.209833145141602,
    "arborizing_vessels": 6.706925392150879,
    "blue_grey_ovoid_nests": 7.1200971603393555,
    "ulceration": 6.717660903930664,
    "scaly_surface": 7.2246270179748535,
    "strawberry_pattern": 6.560272216796875,
    "milia_like_cysts": 6.981508731842041,
    "comedo_like_openings": 7.1123456954956055,
    "cerebriform_surface": 7.528300762176514,
    "central_white_patch": 7.419424057006836,
    "red_lacunae": 7.503849983215332,
    "healthy_skin": 7.143865585327148
  }
}