{
  "step": 37,
  "lambda_s": 0.002432535315717893,
  "n_active": 24,
  "val_balacc": 0.5828087465628231,
  "val_auc": 0.8586216507341425,
  "val_loss": 1.2510631084442139,
  "train_loss": 0.9330544741533096,
  "epochs_used": 8,
  "time_sec": 10.519354820251465,
  "just_eliminated": [],
  "issue4_fix": "best_within_step_checkpoint_restored",
  "norms": {
    "asymmetry": 7.127448081970215,
    "border_irregularity": 6.461553573608398,
    "colour_variation": 7.246394157409668,
    "diameter_large": 6.986114025115967,
    "atypical_pigment_network": 7.3749308586120605,
    "blue_white_veil": 7.277233600616455,
    "atypical_vascular_pattern": 6.788802146911621,
    "irregular_streaks": 7.1591715812683105,
    "irregular_pigmentation": 6.644059181213379,
    "irregular_dots_globules": 6.638041973114014,
    "regression_structures": 7.325265407562256,
    "symmetric_uniform": 5.649341583251953,
    "reticular_network": 7.234055519104004,
    "arborizing_vessels": 6.706193447113037,
    "blue_grey_ovoid_nests": 7.135650157928467,
    "ulceration": 6.673479080200195,
    "scaly_surface": 7.261412143707275,
    "strawberry_pattern": 6.610476016998291,
    "milia_like_cysts": 6.992572784423828,
    "comedo_like_openings": 7.1419572830200195,
    "cerebriform_surface": 7.560925483703613,
    "central_white_patch": 7.427435874938965,
    "red_lacunae": 7.580757141113281,
    "healthy_skin": 7.1942338943481445
  }
}