{
  "step": 11,
  "lambda_s": 0.0012800845441963567,
  "n_active": 24,
  "val_balacc": 0.602578829852481,
  "val_auc": 0.8607057479476662,
  "val_loss": 1.1719764471054077,
  "train_loss": 1.0224423778244376,
  "epochs_used": 13,
  "time_sec": 17.952566385269165,
  "just_eliminated": [],
  "issue4_fix": "best_within_step_checkpoint_restored",
  "norms": {
    "asymmetry": 6.85686731338501,
    "border_irregularity": 6.494452953338623,
    "colour_variation": 7.072232723236084,
    "diameter_large": 6.792088508605957,
    "atypical_pigment_network": 6.974541664123535,
    "blue_white_veil": 6.819311141967773,
    "atypical_vascular_pattern": 6.590660095214844,
    "irregular_streaks": 6.693445682525635,
    "irregular_pigmentation": 6.467075824737549,
    "irregular_dots_globules": 6.6802897453308105,
    "regression_structures": 7.066709041595459,
    "symmetric_uniform": 5.921651363372803,
    "reticular_network": 6.908925533294678,
    "arborizing_vessels": 6.600095272064209,
    "blue_grey_ovoid_nests": 6.995142936706543,
    "ulceration": 6.818081855773926,
    "scaly_surface": 6.958362102508545,
    "strawberry_pattern": 6.368824005126953,
    "milia_like_cysts": 6.885578632354736,
    "comedo_like_openings": 6.836297035217285,
    "cerebriform_surface": 7.117194652557373,
    "central_white_patch": 6.9979071617126465,
    "red_lacunae": 7.241802215576172,
    "healthy_skin": 6.618622303009033
  }
}