{
  "step": 43,
  "lambda_s": 0.0028209951952084546,
  "n_active": 24,
  "val_balacc": 0.589773005037349,
  "val_auc": 0.8622202042206801,
  "val_loss": 1.2236851453781128,
  "train_loss": 0.9757477669104723,
  "epochs_used": 18,
  "time_sec": 23.71946358680725,
  "just_eliminated": [],
  "issue4_fix": "best_within_step_checkpoint_restored",
  "norms": {
    "asymmetry": 7.200860023498535,
    "border_irregularity": 6.5272932052612305,
    "colour_variation": 7.301891326904297,
    "diameter_large": 7.057405948638916,
    "atypical_pigment_network": 7.468173027038574,
    "blue_white_veil": 7.393165588378906,
    "atypical_vascular_pattern": 6.761132717132568,
    "irregular_streaks": 7.232255935668945,
    "irregular_pigmentation": 6.716091156005859,
    "irregular_dots_globules": 6.690455436706543,
    "regression_structures": 7.380228042602539,
    "symmetric_uniform": 5.686714172363281,
    "reticular_network": 7.350261211395264,
    "arborizing_vessels": 6.8013129234313965,
    "blue_grey_ovoid_nests": 7.170035362243652,
    "ulceration": 6.677873611450195,
    "scaly_surface": 7.313264846801758,
    "strawberry_pattern": 6.713793754577637,
    "milia_like_cysts": 6.992180347442627,
    "comedo_like_openings": 7.230859756469727,
    "cerebriform_surface": 7.6466217041015625,
    "central_white_patch": 7.475914001464844,
    "red_lacunae": 7.639317989349365,
    "healthy_skin": 7.234657287597656
  }
}