{
  "step": 100,
  "lambda_s": 0.011525576927865449,
  "n_active": 24,
  "val_balacc": 0.5564318181981973,
  "val_auc": 0.8579187746507474,
  "val_loss": 1.3057159185409546,
  "train_loss": 0.9343370449433599,
  "epochs_used": 8,
  "time_sec": 10.488057851791382,
  "just_eliminated": [],
  "issue4_fix": "best_within_step_checkpoint_restored",
  "norms": {
    "asymmetry": 7.752608299255371,
    "border_irregularity": 6.783860683441162,
    "colour_variation": 7.344483375549316,
    "diameter_large": 7.325664520263672,
    "atypical_pigment_network": 8.188796043395996,
    "blue_white_veil": 8.477066993713379,
    "atypical_vascular_pattern": 6.852118492126465,
    "irregular_streaks": 7.7981462478637695,
    "irregular_pigmentation": 7.015585422515869,
    "irregular_dots_globules": 6.71627950668335,
    "regression_structures": 7.493114948272705,
    "symmetric_uniform": 5.656416893005371,
    "reticular_network": 8.058150291442871,
    "arborizing_vessels": 7.191420555114746,
    "blue_grey_ovoid_nests": 7.41062068939209,
    "ulceration": 7.450100421905518,
    "scaly_surface": 7.545182704925537,
    "strawberry_pattern": 7.36098575592041,
    "milia_like_cysts": 7.190383434295654,
    "comedo_like_openings": 7.462866306304932,
    "cerebriform_surface": 7.898368835449219,
    "central_white_patch": 8.005160331726074,
    "red_lacunae": 8.187899589538574,
    "healthy_skin": 7.42936372756958
  }
}