{
  "step": 98,
  "lambda_s": 0.010970210044369256,
  "n_active": 24,
  "val_balacc": 0.5776777290007955,
  "val_auc": 0.8560703716864142,
  "val_loss": 1.29694664478302,
  "train_loss": 0.9135611727868514,
  "epochs_used": 12,
  "time_sec": 15.706518411636353,
  "just_eliminated": [],
  "issue4_fix": "best_within_step_checkpoint_restored",
  "norms": {
    "asymmetry": 7.754334926605225,
    "border_irregularity": 6.743310451507568,
    "colour_variation": 7.321621894836426,
    "diameter_large": 7.311398506164551,
    "atypical_pigment_network": 8.215341567993164,
    "blue_white_veil": 8.473264694213867,
    "atypical_vascular_pattern": 6.851778984069824,
    "irregular_streaks": 7.767961502075195,
    "irregular_pigmentation": 7.040380954742432,
    "irregular_dots_globules": 6.784786224365234,
    "regression_structures": 7.483603477478027,
    "symmetric_uniform": 5.6679511070251465,
    "reticular_network": 8.101900100708008,
    "arborizing_vessels": 7.175023555755615,
    "blue_grey_ovoid_nests": 7.3813157081604,
    "ulceration": 7.4691972732543945,
    "scaly_surface": 7.534795761108398,
    "strawberry_pattern": 7.368197917938232,
    "milia_like_cysts": 7.185757160186768,
    "comedo_like_openings": 7.431605815887451,
    "cerebriform_surface": 7.888026237487793,
    "central_white_patch": 8.010641098022461,
    "red_lacunae": 8.166091918945312,
    "healthy_skin": 7.432651519775391
  }
}