{
  "step": 33,
  "lambda_s": 0.002203756937772801,
  "n_active": 24,
  "val_balacc": 0.5917077941728041,
  "val_auc": 0.8615129338076148,
  "val_loss": 1.2092586755752563,
  "train_loss": 0.9282691952951924,
  "epochs_used": 8,
  "time_sec": 8.737855672836304,
  "just_eliminated": [],
  "issue4_fix": "best_within_step_checkpoint_restored",
  "norms": {
    "asymmetry": 7.0832200050354,
    "border_irregularity": 6.436681270599365,
    "colour_variation": 7.274405479431152,
    "diameter_large": 6.981700420379639,
    "atypical_pigment_network": 7.3609299659729,
    "blue_white_veil": 7.2042012214660645,
    "atypical_vascular_pattern": 6.746241569519043,
    "irregular_streaks": 7.081500053405762,
    "irregular_pigmentation": 6.623973846435547,
    "irregular_dots_globules": 6.625357151031494,
    "regression_structures": 7.296852111816406,
    "symmetric_uniform": 5.678776741027832,
    "reticular_network": 7.213158130645752,
    "arborizing_vessels": 6.705796241760254,
    "blue_grey_ovoid_nests": 7.107344627380371,
    "ulceration": 6.719204425811768,
    "scaly_surface": 7.215272903442383,
    "strawberry_pattern": 6.55143404006958,
    "milia_like_cysts": 6.972536563873291,
    "comedo_like_openings": 7.109241008758545,
    "cerebriform_surface": 7.530068874359131,
    "central_white_patch": 7.413104057312012,
    "red_lacunae": 7.527299404144287,
    "healthy_skin": 7.168079376220703
  }
}