{
  "step": 19,
  "lambda_s": 0.001559658717706503,
  "n_active": 24,
  "val_balacc": 0.5960707974323236,
  "val_auc": 0.8661244958718081,
  "val_loss": 1.2260539531707764,
  "train_loss": 0.8968728457181038,
  "epochs_used": 12,
  "time_sec": 15.686501264572144,
  "just_eliminated": [],
  "issue4_fix": "best_within_step_checkpoint_restored",
  "norms": {
    "asymmetry": 6.906144618988037,
    "border_irregularity": 6.397603511810303,
    "colour_variation": 7.1953840255737305,
    "diameter_large": 6.865118980407715,
    "atypical_pigment_network": 7.124200820922852,
    "blue_white_veil": 6.921989440917969,
    "atypical_vascular_pattern": 6.63050651550293,
    "irregular_streaks": 6.799408912658691,
    "irregular_pigmentation": 6.566594123840332,
    "irregular_dots_globules": 6.625892639160156,
    "regression_structures": 7.173491477966309,
    "symmetric_uniform": 5.764967441558838,
    "reticular_network": 6.9976606369018555,
    "arborizing_vessels": 6.656184673309326,
    "blue_grey_ovoid_nests": 7.084740161895752,
    "ulceration": 6.711192607879639,
    "scaly_surface": 7.077792644500732,
    "strawberry_pattern": 6.415284156799316,
    "milia_like_cysts": 6.877377986907959,
    "comedo_like_openings": 6.929312229156494,
    "cerebriform_surface": 7.2934699058532715,
    "central_white_patch": 7.194986343383789,
    "red_lacunae": 7.354611396789551,
    "healthy_skin": 6.842680931091309
  }
}