{
  "step": 13,
  "lambda_s": 1.6010322185676815,
  "n_active": 24,
  "val_balacc": 0.564790893350086,
  "val_auc": 0.8564484264368506,
  "val_loss": 1.2326229810714722,
  "train_loss": 1.0502231859945366,
  "epochs_used": 9,
  "time_sec": 9.96265172958374,
  "just_eliminated": [],
  "issue4_fix": "best_within_step_checkpoint_restored",
  "norms": {
    "asymmetry": 5.839773654937744,
    "border_irregularity": 5.558145999908447,
    "colour_variation": 5.9748382568359375,
    "diameter_large": 5.478334903717041,
    "atypical_pigment_network": 5.681875228881836,
    "blue_white_veil": 5.840932846069336,
    "atypical_vascular_pattern": 5.161389350891113,
    "irregular_streaks": 4.9911675453186035,
    "irregular_pigmentation": 5.587368011474609,
    "irregular_dots_globules": 5.049579620361328,
    "regression_structures": 4.887173652648926,
    "symmetric_uniform": 5.532976150512695,
    "reticular_network": 5.7167487144470215,
    "arborizing_vessels": 5.370981216430664,
    "blue_grey_ovoid_nests": 5.271572113037109,
    "ulceration": 5.4199957847595215,
    "scaly_surface": 5.8923821449279785,
    "strawberry_pattern": 5.536628246307373,
    "milia_like_cysts": 4.747049808502197,
    "comedo_like_openings": 5.256650924682617,
    "cerebriform_surface": 5.858360290527344,
    "central_white_patch": 5.938482284545898,
    "red_lacunae": 5.8555006980896,
    "healthy_skin": 5.933041572570801
  }
}