{
  "step": 47,
  "lambda_s": 6.074822708719862,
  "n_active": 23,
  "val_balacc": 0.5420086753387069,
  "val_auc": 0.8476618297890324,
  "val_loss": 1.2276616096496582,
  "train_loss": 1.1444226075050874,
  "epochs_used": 10,
  "time_sec": 11.353322267532349,
  "just_eliminated": [],
  "issue4_fix": "best_within_step_checkpoint_restored",
  "norms": {
    "asymmetry": 2.948776960372925,
    "border_irregularity": 0.0,
    "colour_variation": 3.1079840660095215,
    "diameter_large": 3.573836326599121,
    "atypical_pigment_network": 3.0068199634552,
    "blue_white_veil": 3.109077215194702,
    "atypical_vascular_pattern": 1.2876516580581665,
    "irregular_streaks": 2.410869836807251,
    "irregular_pigmentation": 3.2494957447052,
    "irregular_dots_globules": 1.1682908535003662,
    "regression_structures": 1.9919220209121704,
    "symmetric_uniform": 1.0622005462646484,
    "reticular_network": 3.7129764556884766,
    "arborizing_vessels": 2.6228182315826416,
    "blue_grey_ovoid_nests": 2.9931936264038086,
    "ulceration": 2.394868850708008,
    "scaly_surface": 4.116257190704346,
    "strawberry_pattern": 2.642239809036255,
    "milia_like_cysts": 2.0885820388793945,
    "comedo_like_openings": 2.5983810424804688,
    "cerebriform_surface": 2.4157049655914307,
    "central_white_patch": 3.18257737159729,
    "red_lacunae": 3.9120004177093506,
    "healthy_skin": 1.915695309638977
  }
}