{
  "step": 25,
  "lambda_s": 2.5633041648917523,
  "n_active": 24,
  "val_balacc": 0.557041392054735,
  "val_auc": 0.8552999726455838,
  "val_loss": 1.2105997800827026,
  "train_loss": 1.053601763782638,
  "epochs_used": 11,
  "time_sec": 12.830115556716919,
  "just_eliminated": [],
  "issue4_fix": "best_within_step_checkpoint_restored",
  "norms": {
    "asymmetry": 3.4329144954681396,
    "border_irregularity": 3.2574384212493896,
    "colour_variation": 4.246887683868408,
    "diameter_large": 3.6997034549713135,
    "atypical_pigment_network": 3.9238977432250977,
    "blue_white_veil": 3.5952844619750977,
    "atypical_vascular_pattern": 2.8511452674865723,
    "irregular_streaks": 3.3585457801818848,
    "irregular_pigmentation": 3.768667697906494,
    "irregular_dots_globules": 2.715430736541748,
    "regression_structures": 2.970703125,
    "symmetric_uniform": 2.8110878467559814,
    "reticular_network": 4.146749019622803,
    "arborizing_vessels": 3.4571373462677,
    "blue_grey_ovoid_nests": 3.6370880603790283,
    "ulceration": 3.4054293632507324,
    "scaly_surface": 4.259642601013184,
    "strawberry_pattern": 3.3922998905181885,
    "milia_like_cysts": 2.4047391414642334,
    "comedo_like_openings": 2.8256566524505615,
    "cerebriform_surface": 3.7687437534332275,
    "central_white_patch": 3.8068032264709473,
    "red_lacunae": 4.408646583557129,
    "healthy_skin": 3.8673267364501953
  }
}