{
  "step": 84,
  "lambda_s": 25.927889180933953,
  "n_active": 17,
  "val_balacc": 0.4871175337300379,
  "val_auc": 0.7847237707116029,
  "val_loss": 1.4616882801055908,
  "train_loss": 1.4637504992138823,
  "epochs_used": 7,
  "time_sec": 8.061387538909912,
  "just_eliminated": [],
  "issue4_fix": "best_within_step_checkpoint_restored",
  "norms": {
    "asymmetry": 2.178619623184204,
    "border_irregularity": 0.0,
    "colour_variation": 2.2128701210021973,
    "diameter_large": 2.3802812099456787,
    "atypical_pigment_network": 1.9825612306594849,
    "blue_white_veil": 0.7606397271156311,
    "atypical_vascular_pattern": 0.0,
    "irregular_streaks": 0.0,
    "irregular_pigmentation": 0.4938298165798187,
    "irregular_dots_globules": 0.0,
    "regression_structures": 0.0,
    "symmetric_uniform": 0.0,
    "reticular_network": 3.2138876914978027,
    "arborizing_vessels": 1.2677685022354126,
    "blue_grey_ovoid_nests": 1.2652298212051392,
    "ulceration": 0.4049651622772217,
    "scaly_surface": 2.8973336219787598,
    "strawberry_pattern": 0.0,
    "milia_like_cysts": 2.0022804737091064,
    "comedo_like_openings": 1.9266529083251953,
    "cerebriform_surface": 1.3995600938796997,
    "central_white_patch": 2.332681894302368,
    "red_lacunae": 2.3640968799591064,
    "healthy_skin": 1.6156973838806152
  }
}