{
  "step": 21,
  "lambda_s": 2.191123143033421,
  "n_active": 24,
  "val_balacc": 0.5447558254600037,
  "val_auc": 0.857192843184825,
  "val_loss": 1.2032110691070557,
  "train_loss": 1.0157880888211093,
  "epochs_used": 15,
  "time_sec": 17.665949821472168,
  "just_eliminated": [],
  "issue4_fix": "best_within_step_checkpoint_restored",
  "norms": {
    "asymmetry": 3.8102681636810303,
    "border_irregularity": 3.6972243785858154,
    "colour_variation": 4.511782646179199,
    "diameter_large": 3.9523799419403076,
    "atypical_pigment_network": 4.218782424926758,
    "blue_white_veil": 4.041103363037109,
    "atypical_vascular_pattern": 3.2724502086639404,
    "irregular_streaks": 3.6128294467926025,
    "irregular_pigmentation": 4.002092361450195,
    "irregular_dots_globules": 3.10219144821167,
    "regression_structures": 3.3011794090270996,
    "symmetric_uniform": 3.2983734607696533,
    "reticular_network": 4.342071533203125,
    "arborizing_vessels": 3.823758363723755,
    "blue_grey_ovoid_nests": 3.9588751792907715,
    "ulceration": 3.758430242538452,
    "scaly_surface": 4.4578070640563965,
    "strawberry_pattern": 3.6568686962127686,
    "milia_like_cysts": 2.868664503097534,
    "comedo_like_openings": 3.1101033687591553,
    "cerebriform_surface": 4.196056842803955,
    "central_white_patch": 4.149122714996338,
    "red_lacunae": 4.6615891456604,
    "healthy_skin": 4.202163219451904
  }
}