{
  "step": 65,
  "lambda_s": 12.306476171321247,
  "n_active": 19,
  "val_balacc": 0.5300386294664551,
  "val_auc": 0.8317129669879756,
  "val_loss": 1.2896132469177246,
  "train_loss": 1.2413492645196507,
  "epochs_used": 7,
  "time_sec": 8.00335168838501,
  "just_eliminated": [],
  "issue4_fix": "best_within_step_checkpoint_restored",
  "norms": {
    "asymmetry": 2.392475128173828,
    "border_irregularity": 0.0,
    "colour_variation": 2.7404003143310547,
    "diameter_large": 3.271587610244751,
    "atypical_pigment_network": 2.769256353378296,
    "blue_white_veil": 2.401097059249878,
    "atypical_vascular_pattern": 0.0,
    "irregular_streaks": 0.650201678276062,
    "irregular_pigmentation": 2.1014883518218994,
    "irregular_dots_globules": 0.0,
    "regression_structures": 0.0,
    "symmetric_uniform": 0.0,
    "reticular_network": 3.6211228370666504,
    "arborizing_vessels": 2.39003849029541,
    "blue_grey_ovoid_nests": 2.540653705596924,
    "ulceration": 1.8535188436508179,
    "scaly_surface": 3.7370786666870117,
    "strawberry_pattern": 1.2874590158462524,
    "milia_like_cysts": 2.531733989715576,
    "comedo_like_openings": 2.6646502017974854,
    "cerebriform_surface": 2.0961620807647705,
    "central_white_patch": 2.936030387878418,
    "red_lacunae": 3.4325764179229736,
    "healthy_skin": 0.9716262817382812
  }
}