{
  "step": 31,
  "lambda_s": 3.2433975100275414,
  "n_active": 24,
  "val_balacc": 0.5469027871210524,
  "val_auc": 0.8561890614845562,
  "val_loss": 1.2133187055587769,
  "train_loss": 1.0433912618244203,
  "epochs_used": 12,
  "time_sec": 12.781599044799805,
  "just_eliminated": [],
  "issue4_fix": "best_within_step_checkpoint_restored",
  "norms": {
    "asymmetry": 3.1487772464752197,
    "border_irregularity": 2.792958974838257,
    "colour_variation": 4.004330158233643,
    "diameter_large": 3.569638729095459,
    "atypical_pigment_network": 3.6122756004333496,
    "blue_white_veil": 3.3649303913116455,
    "atypical_vascular_pattern": 2.492699146270752,
    "irregular_streaks": 3.0297787189483643,
    "irregular_pigmentation": 3.7053275108337402,
    "irregular_dots_globules": 2.370084285736084,
    "regression_structures": 2.758861541748047,
    "symmetric_uniform": 2.25681471824646,
    "reticular_network": 4.031107425689697,
    "arborizing_vessels": 3.134039878845215,
    "blue_grey_ovoid_nests": 3.2489185333251953,
    "ulceration": 3.116734504699707,
    "scaly_surface": 4.168973922729492,
    "strawberry_pattern": 3.2571866512298584,
    "milia_like_cysts": 2.123034715652466,
    "comedo_like_openings": 2.619907855987549,
    "cerebriform_surface": 3.2400686740875244,
    "central_white_patch": 3.5644469261169434,
    "red_lacunae": 4.182284832000732,
    "healthy_skin": 3.3898212909698486
  }
}