{
  "step": 72,
  "lambda_s": 16.19448308425024,
  "n_active": 17,
  "val_balacc": 0.5097901616052576,
  "val_auc": 0.8168992763974471,
  "val_loss": 1.333132266998291,
  "train_loss": 1.2866117405571942,
  "epochs_used": 7,
  "time_sec": 8.1792631149292,
  "just_eliminated": [],
  "issue4_fix": "best_within_step_checkpoint_restored",
  "norms": {
    "asymmetry": 2.482367515563965,
    "border_irregularity": 0.0,
    "colour_variation": 2.5504767894744873,
    "diameter_large": 2.9972097873687744,
    "atypical_pigment_network": 2.367816209793091,
    "blue_white_veil": 1.6647639274597168,
    "atypical_vascular_pattern": 0.0,
    "irregular_streaks": 0.0,
    "irregular_pigmentation": 1.63858962059021,
    "irregular_dots_globules": 0.0,
    "regression_structures": 0.0,
    "symmetric_uniform": 0.0,
    "reticular_network": 3.556032657623291,
    "arborizing_vessels": 2.0982754230499268,
    "blue_grey_ovoid_nests": 2.2186248302459717,
    "ulceration": 1.630486249923706,
    "scaly_surface": 3.4164154529571533,
    "strawberry_pattern": 0.0,
    "milia_like_cysts": 2.3739187717437744,
    "comedo_like_openings": 2.4010825157165527,
    "cerebriform_surface": 1.9414846897125244,
    "central_white_patch": 2.736726999282837,
    "red_lacunae": 3.113563299179077,
    "healthy_skin": 1.7221084833145142
  }
}