{
  "step": 50,
  "lambda_s": 6.833349371421459,
  "n_active": 22,
  "val_balacc": 0.5404359464356202,
  "val_auc": 0.8445075448192949,
  "val_loss": 1.2374699115753174,
  "train_loss": 1.128634273578683,
  "epochs_used": 7,
  "time_sec": 8.326223373413086,
  "just_eliminated": [],
  "issue4_fix": "best_within_step_checkpoint_restored",
  "norms": {
    "asymmetry": 2.8468096256256104,
    "border_irregularity": 0.0,
    "colour_variation": 2.8591480255126953,
    "diameter_large": 3.4138741493225098,
    "atypical_pigment_network": 2.9951088428497314,
    "blue_white_veil": 3.0032122135162354,
    "atypical_vascular_pattern": 1.146560788154602,
    "irregular_streaks": 2.344180107116699,
    "irregular_pigmentation": 3.0796499252319336,
    "irregular_dots_globules": 0.056424036622047424,
    "regression_structures": 1.701615333557129,
    "symmetric_uniform": 0.0,
    "reticular_network": 3.725813388824463,
    "arborizing_vessels": 2.613335371017456,
    "blue_grey_ovoid_nests": 2.9721498489379883,
    "ulceration": 2.2321925163269043,
    "scaly_surface": 4.1306328773498535,
    "strawberry_pattern": 2.553176164627075,
    "milia_like_cysts": 2.2713863849639893,
    "comedo_like_openings": 2.8500049114227295,
    "cerebriform_surface": 2.3493449687957764,
    "central_white_patch": 3.1930999755859375,
    "red_lacunae": 3.9587900638580322,
    "healthy_skin": 1.6408535242080688
  }
}