{
  "step": 91,
  "lambda_s": 34.11933334169611,
  "n_active": 13,
  "val_balacc": 0.46101649688703894,
  "val_auc": 0.7441677010063595,
  "val_loss": 1.6009516716003418,
  "train_loss": 1.5867064157056823,
  "epochs_used": 7,
  "time_sec": 7.798550605773926,
  "just_eliminated": [],
  "issue4_fix": "best_within_step_checkpoint_restored",
  "norms": {
    "asymmetry": 1.6600197553634644,
    "border_irregularity": 0.0,
    "colour_variation": 1.8036153316497803,
    "diameter_large": 1.9260629415512085,
    "atypical_pigment_network": 1.6350336074829102,
    "blue_white_veil": 0.0,
    "atypical_vascular_pattern": 0.0,
    "irregular_streaks": 0.0,
    "irregular_pigmentation": 0.0,
    "irregular_dots_globules": 0.0,
    "regression_structures": 0.0,
    "symmetric_uniform": 0.0,
    "reticular_network": 2.8804244995117188,
    "arborizing_vessels": 0.035552386194467545,
    "blue_grey_ovoid_nests": 0.0,
    "ulceration": 0.0,
    "scaly_surface": 2.3028907775878906,
    "strawberry_pattern": 0.0,
    "milia_like_cysts": 1.541913628578186,
    "comedo_like_openings": 1.3550764322280884,
    "cerebriform_surface": 0.6253529191017151,
    "central_white_patch": 1.7561492919921875,
    "red_lacunae": 1.8076581954956055,
    "healthy_skin": 1.3118000030517578
  }
}