{
  "step": 29,
  "lambda_s": 2.998703319182268,
  "n_active": 24,
  "val_balacc": 0.5619451013716315,
  "val_auc": 0.8565974951906599,
  "val_loss": 1.2091208696365356,
  "train_loss": 1.04939535207264,
  "epochs_used": 7,
  "time_sec": 7.478297710418701,
  "just_eliminated": [],
  "issue4_fix": "best_within_step_checkpoint_restored",
  "norms": {
    "asymmetry": 3.195450782775879,
    "border_irregularity": 2.9529712200164795,
    "colour_variation": 4.028222560882568,
    "diameter_large": 3.61604380607605,
    "atypical_pigment_network": 3.7356138229370117,
    "blue_white_veil": 3.3810977935791016,
    "atypical_vascular_pattern": 2.629805564880371,
    "irregular_streaks": 3.12373948097229,
    "irregular_pigmentation": 3.7219457626342773,
    "irregular_dots_globules": 2.5159764289855957,
    "regression_structures": 2.829629421234131,
    "symmetric_uniform": 2.4088294506073,
    "reticular_network": 4.076279640197754,
    "arborizing_vessels": 3.2100536823272705,
    "blue_grey_ovoid_nests": 3.3337206840515137,
    "ulceration": 3.1606943607330322,
    "scaly_surface": 4.1697797775268555,
    "strawberry_pattern": 3.1877145767211914,
    "milia_like_cysts": 2.1720235347747803,
    "comedo_like_openings": 2.639072895050049,
    "cerebriform_surface": 3.4079902172088623,
    "central_white_patch": 3.570355176925659,
    "red_lacunae": 4.246335983276367,
    "healthy_skin": 3.4802358150482178
  }
}