{
  "step": 82,
  "lambda_s": 23.97179103266822,
  "n_active": 17,
  "val_balacc": 0.4842211483262373,
  "val_auc": 0.7907564496219625,
  "val_loss": 1.4468590021133423,
  "train_loss": 1.419698926658785,
  "epochs_used": 7,
  "time_sec": 7.9256272315979,
  "just_eliminated": [],
  "issue4_fix": "best_within_step_checkpoint_restored",
  "norms": {
    "asymmetry": 2.276657819747925,
    "border_irregularity": 0.0,
    "colour_variation": 2.2979116439819336,
    "diameter_large": 2.5362119674682617,
    "atypical_pigment_network": 2.0859310626983643,
    "blue_white_veil": 0.9100015163421631,
    "atypical_vascular_pattern": 0.0,
    "irregular_streaks": 0.0,
    "irregular_pigmentation": 0.6854618191719055,
    "irregular_dots_globules": 0.0,
    "regression_structures": 0.0,
    "symmetric_uniform": 0.0,
    "reticular_network": 3.3324484825134277,
    "arborizing_vessels": 1.492141842842102,
    "blue_grey_ovoid_nests": 1.5062460899353027,
    "ulceration": 0.7722668051719666,
    "scaly_surface": 2.994929790496826,
    "strawberry_pattern": 0.0,
    "milia_like_cysts": 2.0238757133483887,
    "comedo_like_openings": 1.9581831693649292,
    "cerebriform_surface": 1.5460666418075562,
    "central_white_patch": 2.3286118507385254,
    "red_lacunae": 2.525578737258911,
    "healthy_skin": 1.439384937286377
  }
}