{
  "step": 33,
  "lambda_s": 3.508058746845789,
  "n_active": 24,
  "val_balacc": 0.5548347198773126,
  "val_auc": 0.8561362817380664,
  "val_loss": 1.2116851806640625,
  "train_loss": 1.0281740327830922,
  "epochs_used": 9,
  "time_sec": 10.05474853515625,
  "just_eliminated": [],
  "issue4_fix": "best_within_step_checkpoint_restored",
  "norms": {
    "asymmetry": 3.081737995147705,
    "border_irregularity": 2.6401565074920654,
    "colour_variation": 3.9391162395477295,
    "diameter_large": 3.5452654361724854,
    "atypical_pigment_network": 3.5801501274108887,
    "blue_white_veil": 3.3293676376342773,
    "atypical_vascular_pattern": 2.4229254722595215,
    "irregular_streaks": 3.057295560836792,
    "irregular_pigmentation": 3.6479101181030273,
    "irregular_dots_globules": 2.2738285064697266,
    "regression_structures": 2.616851806640625,
    "symmetric_uniform": 2.237159490585327,
    "reticular_network": 3.995171070098877,
    "arborizing_vessels": 3.058720827102661,
    "blue_grey_ovoid_nests": 3.1944892406463623,
    "ulceration": 3.0525710582733154,
    "scaly_surface": 4.129099369049072,
    "strawberry_pattern": 3.2568817138671875,
    "milia_like_cysts": 2.0360918045043945,
    "comedo_like_openings": 2.5488786697387695,
    "cerebriform_surface": 3.225971221923828,
    "central_white_patch": 3.492670774459839,
    "red_lacunae": 4.20009708404541,
    "healthy_skin": 3.2816531658172607
  }
}