{
  "step": 41,
  "lambda_s": 4.801020627936657,
  "n_active": 24,
  "val_balacc": 0.5613705934677116,
  "val_auc": 0.8529141106439899,
  "val_loss": 1.2133818864822388,
  "train_loss": 1.0917606750504925,
  "epochs_used": 8,
  "time_sec": 9.508813619613647,
  "just_eliminated": [],
  "issue4_fix": "best_within_step_checkpoint_restored",
  "norms": {
    "asymmetry": 3.0069727897644043,
    "border_irregularity": 1.066149353981018,
    "colour_variation": 3.490821361541748,
    "diameter_large": 3.568457841873169,
    "atypical_pigment_network": 3.415408134460449,
    "blue_white_veil": 3.1697134971618652,
    "atypical_vascular_pattern": 1.873986005783081,
    "irregular_streaks": 2.505646228790283,
    "irregular_pigmentation": 3.451978921890259,
    "irregular_dots_globules": 1.5764448642730713,
    "regression_structures": 2.36918306350708,
    "symmetric_uniform": 1.7440648078918457,
    "reticular_network": 3.8585805892944336,
    "arborizing_vessels": 2.7653446197509766,
    "blue_grey_ovoid_nests": 2.9056856632232666,
    "ulceration": 2.819584846496582,
    "scaly_surface": 4.154776096343994,
    "strawberry_pattern": 2.9240481853485107,
    "milia_like_cysts": 1.9556108713150024,
    "comedo_like_openings": 2.686113119125366,
    "cerebriform_surface": 2.5083301067352295,
    "central_white_patch": 3.382906436920166,
    "red_lacunae": 3.9334354400634766,
    "healthy_skin": 2.518181085586548
  }
}