{
  "step": 35,
  "lambda_s": 3.7943163405884057,
  "n_active": 24,
  "val_balacc": 0.5489543952568202,
  "val_auc": 0.8554238949446542,
  "val_loss": 1.2179925441741943,
  "train_loss": 1.0814855824233067,
  "epochs_used": 12,
  "time_sec": 13.430883169174194,
  "just_eliminated": [],
  "issue4_fix": "best_within_step_checkpoint_restored",
  "norms": {
    "asymmetry": 2.9110050201416016,
    "border_irregularity": 2.271430015563965,
    "colour_variation": 3.69822096824646,
    "diameter_large": 3.5624735355377197,
    "atypical_pigment_network": 3.532148838043213,
    "blue_white_veil": 3.3026318550109863,
    "atypical_vascular_pattern": 2.1579859256744385,
    "irregular_streaks": 2.799034595489502,
    "irregular_pigmentation": 3.571530818939209,
    "irregular_dots_globules": 1.946994423866272,
    "regression_structures": 2.575279951095581,
    "symmetric_uniform": 1.9366881847381592,
    "reticular_network": 3.9935925006866455,
    "arborizing_vessels": 3.019322156906128,
    "blue_grey_ovoid_nests": 3.0171589851379395,
    "ulceration": 2.942782163619995,
    "scaly_surface": 4.137428283691406,
    "strawberry_pattern": 3.1071701049804688,
    "milia_like_cysts": 1.8363350629806519,
    "comedo_like_openings": 2.636509418487549,
    "cerebriform_surface": 2.945960283279419,
    "central_white_patch": 3.411630868911743,
    "red_lacunae": 4.050060749053955,
    "healthy_skin": 2.951889753341675
  }
}