{
  "step": 58,
  "lambda_s": 9.351910460333741,
  "n_active": 21,
  "val_balacc": 0.5188846796354846,
  "val_auc": 0.8400798283440987,
  "val_loss": 1.256421446800232,
  "train_loss": 1.138462225534196,
  "epochs_used": 8,
  "time_sec": 8.599520444869995,
  "just_eliminated": [],
  "issue4_fix": "best_within_step_checkpoint_restored",
  "norms": {
    "asymmetry": 2.7976481914520264,
    "border_irregularity": 0.0,
    "colour_variation": 2.690333604812622,
    "diameter_large": 3.3919785022735596,
    "atypical_pigment_network": 2.8438808917999268,
    "blue_white_veil": 2.660539150238037,
    "atypical_vascular_pattern": 0.4900572597980499,
    "irregular_streaks": 1.7449638843536377,
    "irregular_pigmentation": 2.85339093208313,
    "irregular_dots_globules": 0.0,
    "regression_structures": 0.8789541721343994,
    "symmetric_uniform": 0.0,
    "reticular_network": 3.6959166526794434,
    "arborizing_vessels": 2.522543430328369,
    "blue_grey_ovoid_nests": 2.954123020172119,
    "ulceration": 1.962956190109253,
    "scaly_surface": 3.879230499267578,
    "strawberry_pattern": 2.084862232208252,
    "milia_like_cysts": 2.2457683086395264,
    "comedo_like_openings": 2.814659833908081,
    "cerebriform_surface": 2.167188882827759,
    "central_white_patch": 3.0967650413513184,
    "red_lacunae": 3.782315492630005,
    "healthy_skin": 0.790590763092041
  }
}