{
  "step": 16,
  "lambda_s": 1.8009435055069165,
  "n_active": 24,
  "val_balacc": 0.5407385378127162,
  "val_auc": 0.8614668171819525,
  "val_loss": 1.2229427099227905,
  "train_loss": 1.0241676084941034,
  "epochs_used": 14,
  "time_sec": 15.55014967918396,
  "just_eliminated": [],
  "issue4_fix": "best_within_step_checkpoint_restored",
  "norms": {
    "asymmetry": 5.078524589538574,
    "border_irregularity": 4.855020999908447,
    "colour_variation": 5.424022674560547,
    "diameter_large": 4.854068756103516,
    "atypical_pigment_network": 5.050348281860352,
    "blue_white_veil": 5.133779525756836,
    "atypical_vascular_pattern": 4.428947448730469,
    "irregular_streaks": 4.455158710479736,
    "irregular_pigmentation": 4.978765964508057,
    "irregular_dots_globules": 4.307389259338379,
    "regression_structures": 4.270683765411377,
    "symmetric_uniform": 4.638077259063721,
    "reticular_network": 5.146124362945557,
    "arborizing_vessels": 4.774319171905518,
    "blue_grey_ovoid_nests": 4.6722187995910645,
    "ulceration": 4.734894752502441,
    "scaly_surface": 5.313470363616943,
    "strawberry_pattern": 4.769477367401123,
    "milia_like_cysts": 3.990103244781494,
    "comedo_like_openings": 4.4184136390686035,
    "cerebriform_surface": 5.27631950378418,
    "central_white_patch": 5.244553565979004,
    "red_lacunae": 5.379241466522217,
    "healthy_skin": 5.293580055236816
  }
}