{
  "step": 27,
  "lambda_s": 2.772469784746919,
  "n_active": 24,
  "val_balacc": 0.543966500789682,
  "val_auc": 0.8579624353965561,
  "val_loss": 1.2099266052246094,
  "train_loss": 1.005268160150444,
  "epochs_used": 7,
  "time_sec": 8.077322721481323,
  "just_eliminated": [],
  "issue4_fix": "best_within_step_checkpoint_restored",
  "norms": {
    "asymmetry": 3.3171162605285645,
    "border_irregularity": 3.207919120788574,
    "colour_variation": 4.256313800811768,
    "diameter_large": 3.681810140609741,
    "atypical_pigment_network": 3.8374226093292236,
    "blue_white_veil": 3.551689863204956,
    "atypical_vascular_pattern": 2.78398060798645,
    "irregular_streaks": 3.2933011054992676,
    "irregular_pigmentation": 3.735412120819092,
    "irregular_dots_globules": 2.698479175567627,
    "regression_structures": 2.9242782592773438,
    "symmetric_uniform": 2.6981663703918457,
    "reticular_network": 4.10801362991333,
    "arborizing_vessels": 3.3915743827819824,
    "blue_grey_ovoid_nests": 3.559147357940674,
    "ulceration": 3.374516725540161,
    "scaly_surface": 4.229844570159912,
    "strawberry_pattern": 3.336857795715332,
    "milia_like_cysts": 2.3808035850524902,
    "comedo_like_openings": 2.7492618560791016,
    "cerebriform_surface": 3.709084987640381,
    "central_white_patch": 3.7425930500030518,
    "red_lacunae": 4.379169464111328,
    "healthy_skin": 3.7749528884887695
  }
}