{
  "step": 2,
  "lambda_s": 1.04,
  "n_active": 24,
  "val_balacc": 0.5522014098628365,
  "val_auc": 0.8533829946078896,
  "val_loss": 1.229310154914856,
  "train_loss": 1.0694410098085674,
  "epochs_used": 8,
  "time_sec": 12.204777479171753,
  "just_eliminated": [],
  "issue4_fix": "best_within_step_checkpoint_restored",
  "norms": {
    "asymmetry": 7.240442752838135,
    "border_irregularity": 6.877310752868652,
    "colour_variation": 7.0089802742004395,
    "diameter_large": 6.8381476402282715,
    "atypical_pigment_network": 7.084127426147461,
    "blue_white_veil": 7.065389633178711,
    "atypical_vascular_pattern": 6.660980224609375,
    "irregular_streaks": 6.273290157318115,
    "irregular_pigmentation": 6.799234867095947,
    "irregular_dots_globules": 6.599510669708252,
    "regression_structures": 6.164217948913574,
    "symmetric_uniform": 7.107375621795654,
    "reticular_network": 6.860294818878174,
    "arborizing_vessels": 6.532948017120361,
    "blue_grey_ovoid_nests": 6.5108723640441895,
    "ulceration": 6.835750102996826,
    "scaly_surface": 6.942296028137207,
    "strawberry_pattern": 6.966862678527832,
    "milia_like_cysts": 6.351659297943115,
    "comedo_like_openings": 6.789645195007324,
    "cerebriform_surface": 7.037013053894043,
    "central_white_patch": 6.993383407592773,
    "red_lacunae": 6.922344207763672,
    "healthy_skin": 7.05078125
  }
}