{
  "step": 63,
  "lambda_s": 11.378029004549969,
  "n_active": 19,
  "val_balacc": 0.5368333840738954,
  "val_auc": 0.8326725867664321,
  "val_loss": 1.270845651626587,
  "train_loss": 1.2066745593489125,
  "epochs_used": 12,
  "time_sec": 13.470025777816772,
  "just_eliminated": [],
  "issue4_fix": "best_within_step_checkpoint_restored",
  "norms": {
    "asymmetry": 2.3939285278320312,
    "border_irregularity": 0.0,
    "colour_variation": 2.655888795852661,
    "diameter_large": 3.2091312408447266,
    "atypical_pigment_network": 2.7574074268341064,
    "blue_white_veil": 2.4113123416900635,
    "atypical_vascular_pattern": 0.0,
    "irregular_streaks": 0.7593895792961121,
    "irregular_pigmentation": 2.218839645385742,
    "irregular_dots_globules": 0.0,
    "regression_structures": 0.0,
    "symmetric_uniform": 0.0,
    "reticular_network": 3.6392130851745605,
    "arborizing_vessels": 2.3882575035095215,
    "blue_grey_ovoid_nests": 2.679046154022217,
    "ulceration": 1.8657164573669434,
    "scaly_surface": 3.755344867706299,
    "strawberry_pattern": 1.3515727519989014,
    "milia_like_cysts": 2.454336404800415,
    "comedo_like_openings": 2.7400100231170654,
    "cerebriform_surface": 2.0104029178619385,
    "central_white_patch": 3.036386489868164,
    "red_lacunae": 3.5299389362335205,
    "healthy_skin": 1.0121386051177979
  }
}