{
  "step": 42,
  "lambda_s": 4.993061453054123,
  "n_active": 24,
  "val_balacc": 0.5594796375534725,
  "val_auc": 0.8474600681249184,
  "val_loss": 1.214680552482605,
  "train_loss": 1.1629019305876165,
  "epochs_used": 8,
  "time_sec": 9.81066083908081,
  "just_eliminated": [],
  "issue4_fix": "best_within_step_checkpoint_restored",
  "norms": {
    "asymmetry": 2.9397499561309814,
    "border_irregularity": 0.9446708559989929,
    "colour_variation": 3.469761610031128,
    "diameter_large": 3.544790267944336,
    "atypical_pigment_network": 3.324277639389038,
    "blue_white_veil": 3.2000010013580322,
    "atypical_vascular_pattern": 1.7161495685577393,
    "irregular_streaks": 2.467165470123291,
    "irregular_pigmentation": 3.437126874923706,
    "irregular_dots_globules": 1.6125757694244385,
    "regression_structures": 2.4140334129333496,
    "symmetric_uniform": 1.637088656425476,
    "reticular_network": 3.836186647415161,
    "arborizing_vessels": 2.8289215564727783,
    "blue_grey_ovoid_nests": 2.8692359924316406,
    "ulceration": 2.7392239570617676,
    "scaly_surface": 4.128936290740967,
    "strawberry_pattern": 2.9192211627960205,
    "milia_like_cysts": 1.9125357866287231,
    "comedo_like_openings": 2.691868543624878,
    "cerebriform_surface": 2.4949934482574463,
    "central_white_patch": 3.3570728302001953,
    "red_lacunae": 3.8706259727478027,
    "healthy_skin": 2.459357738494873
  }
}