{
  "step": 12,
  "lambda_s": 1.5394540563150783,
  "n_active": 24,
  "val_balacc": 0.5356459099587626,
  "val_auc": 0.8581008404221286,
  "val_loss": 1.2168564796447754,
  "train_loss": 1.0868319867741247,
  "epochs_used": 9,
  "time_sec": 9.850549936294556,
  "just_eliminated": [],
  "issue4_fix": "best_within_step_checkpoint_restored",
  "norms": {
    "asymmetry": 5.942145347595215,
    "border_irregularity": 5.647205352783203,
    "colour_variation": 6.050644397735596,
    "diameter_large": 5.575780868530273,
    "atypical_pigment_network": 5.781672477722168,
    "blue_white_veil": 5.918314456939697,
    "atypical_vascular_pattern": 5.270122528076172,
    "irregular_streaks": 5.061409950256348,
    "irregular_pigmentation": 5.671871662139893,
    "irregular_dots_globules": 5.1592583656311035,
    "regression_structures": 4.973044395446777,
    "symmetric_uniform": 5.624100685119629,
    "reticular_network": 5.782724380493164,
    "arborizing_vessels": 5.453964710235596,
    "blue_grey_ovoid_nests": 5.361789226531982,
    "ulceration": 5.526541709899902,
    "scaly_surface": 5.963432312011719,
    "strawberry_pattern": 5.6486711502075195,
    "milia_like_cysts": 4.8544921875,
    "comedo_like_openings": 5.375600814819336,
    "cerebriform_surface": 5.964166164398193,
    "central_white_patch": 6.02660608291626,
    "red_lacunae": 5.945684432983398,
    "healthy_skin": 6.000232696533203
  }
}