{
  "step": 18,
  "lambda_s": 1.947900495556281,
  "n_active": 24,
  "val_balacc": 0.560580649217569,
  "val_auc": 0.8621909842040215,
  "val_loss": 1.2225217819213867,
  "train_loss": 0.9330385592764655,
  "epochs_used": 8,
  "time_sec": 9.490111589431763,
  "just_eliminated": [],
  "issue4_fix": "best_within_step_checkpoint_restored",
  "norms": {
    "asymmetry": 4.694544315338135,
    "border_irregularity": 4.56730842590332,
    "colour_variation": 5.1671061515808105,
    "diameter_large": 4.587831497192383,
    "atypical_pigment_network": 4.792921543121338,
    "blue_white_veil": 4.848948955535889,
    "atypical_vascular_pattern": 4.126804828643799,
    "irregular_streaks": 4.209239959716797,
    "irregular_pigmentation": 4.67051362991333,
    "irregular_dots_globules": 3.9395864009857178,
    "regression_structures": 4.0255913734436035,
    "symmetric_uniform": 4.2663469314575195,
    "reticular_network": 4.902135848999023,
    "arborizing_vessels": 4.513538837432861,
    "blue_grey_ovoid_nests": 4.461505889892578,
    "ulceration": 4.3683953285217285,
    "scaly_surface": 5.08399772644043,
    "strawberry_pattern": 4.472828388214111,
    "milia_like_cysts": 3.655463695526123,
    "comedo_like_openings": 4.048177719116211,
    "cerebriform_surface": 4.983034133911133,
    "central_white_patch": 4.961369037628174,
    "red_lacunae": 5.168554782867432,
    "healthy_skin": 4.999293804168701
  }
}