{
  "step": 76,
  "lambda_s": 18.945254660885347,
  "n_active": 17,
  "val_balacc": 0.5205793148786498,
  "val_auc": 0.813544283770497,
  "val_loss": 1.3397902250289917,
  "train_loss": 1.3328932927159292,
  "epochs_used": 7,
  "time_sec": 7.937673330307007,
  "just_eliminated": [],
  "issue4_fix": "best_within_step_checkpoint_restored",
  "norms": {
    "asymmetry": 2.4320778846740723,
    "border_irregularity": 0.0,
    "colour_variation": 2.50197172164917,
    "diameter_large": 2.8218650817871094,
    "atypical_pigment_network": 2.362051248550415,
    "blue_white_veil": 1.5325229167938232,
    "atypical_vascular_pattern": 0.0,
    "irregular_streaks": 0.0,
    "irregular_pigmentation": 1.378525972366333,
    "irregular_dots_globules": 0.0,
    "regression_structures": 0.0,
    "symmetric_uniform": 0.0,
    "reticular_network": 3.554931163787842,
    "arborizing_vessels": 2.0187292098999023,
    "blue_grey_ovoid_nests": 2.1273038387298584,
    "ulceration": 1.2783384323120117,
    "scaly_surface": 3.347076654434204,
    "strawberry_pattern": 0.0,
    "milia_like_cysts": 2.3501675128936768,
    "comedo_like_openings": 2.350219249725342,
    "cerebriform_surface": 1.7866036891937256,
    "central_white_patch": 2.6378302574157715,
    "red_lacunae": 2.959171772003174,
    "healthy_skin": 1.8886339664459229
  }
}