{
  "step": 94,
  "lambda_s": 38.37960978007366,
  "n_active": 12,
  "val_balacc": 0.4535755269293174,
  "val_auc": 0.7093166757675085,
  "val_loss": 1.6904035806655884,
  "train_loss": 1.6666433737262383,
  "epochs_used": 7,
  "time_sec": 7.360348463058472,
  "just_eliminated": [],
  "issue4_fix": "best_within_step_checkpoint_restored",
  "norms": {
    "asymmetry": 1.2939190864562988,
    "border_irregularity": 0.0,
    "colour_variation": 1.4664223194122314,
    "diameter_large": 1.5737744569778442,
    "atypical_pigment_network": 1.4105910062789917,
    "blue_white_veil": 0.0,
    "atypical_vascular_pattern": 0.0,
    "irregular_streaks": 0.0,
    "irregular_pigmentation": 0.0,
    "irregular_dots_globules": 0.0,
    "regression_structures": 0.0,
    "symmetric_uniform": 0.0,
    "reticular_network": 2.611510992050171,
    "arborizing_vessels": 0.0,
    "blue_grey_ovoid_nests": 0.0,
    "ulceration": 0.0,
    "scaly_surface": 2.006714105606079,
    "strawberry_pattern": 0.0,
    "milia_like_cysts": 1.1783453226089478,
    "comedo_like_openings": 0.9284775257110596,
    "cerebriform_surface": 0.2095739096403122,
    "central_white_patch": 1.3849008083343506,
    "red_lacunae": 1.4024691581726074,
    "healthy_skin": 1.2952944040298462
  }
}