{
  "step": 44,
  "lambda_s": 5.40049526762334,
  "n_active": 24,
  "val_balacc": 0.529028445895457,
  "val_auc": 0.8479908732320793,
  "val_loss": 1.228682279586792,
  "train_loss": 1.1278570197237061,
  "epochs_used": 11,
  "time_sec": 13.546302795410156,
  "just_eliminated": [],
  "issue4_fix": "best_within_step_checkpoint_restored",
  "norms": {
    "asymmetry": 2.94087553024292,
    "border_irregularity": 0.2996874451637268,
    "colour_variation": 3.2690579891204834,
    "diameter_large": 3.5563368797302246,
    "atypical_pigment_network": 3.2368433475494385,
    "blue_white_veil": 3.153599739074707,
    "atypical_vascular_pattern": 1.5512436628341675,
    "irregular_streaks": 2.4313671588897705,
    "irregular_pigmentation": 3.3524439334869385,
    "irregular_dots_globules": 1.4510788917541504,
    "regression_structures": 2.1730964183807373,
    "symmetric_uniform": 1.4935352802276611,
    "reticular_network": 3.805126667022705,
    "arborizing_vessels": 2.72615909576416,
    "blue_grey_ovoid_nests": 2.7496142387390137,
    "ulceration": 2.58634352684021,
    "scaly_surface": 4.061199188232422,
    "strawberry_pattern": 2.837564468383789,
    "milia_like_cysts": 1.9450362920761108,
    "comedo_like_openings": 2.6979408264160156,
    "cerebriform_surface": 2.469788074493408,
    "central_white_patch": 3.199568510055542,
    "red_lacunae": 3.9873223304748535,
    "healthy_skin": 2.3814404010772705
  }
}