{
  "step": 11,
  "lambda_s": 1.4802442849183444,
  "n_active": 24,
  "val_balacc": 0.5654548933314113,
  "val_auc": 0.8589601878807295,
  "val_loss": 1.2157670259475708,
  "train_loss": 1.0369634477844785,
  "epochs_used": 7,
  "time_sec": 8.151553392410278,
  "just_eliminated": [],
  "issue4_fix": "best_within_step_checkpoint_restored",
  "norms": {
    "asymmetry": 6.052579879760742,
    "border_irregularity": 5.739327907562256,
    "colour_variation": 6.127013683319092,
    "diameter_large": 5.65446138381958,
    "atypical_pigment_network": 5.882644176483154,
    "blue_white_veil": 6.0083489418029785,
    "atypical_vascular_pattern": 5.37510871887207,
    "irregular_streaks": 5.121127128601074,
    "irregular_pigmentation": 5.784478187561035,
    "irregular_dots_globules": 5.256043910980225,
    "regression_structures": 5.059243202209473,
    "symmetric_uniform": 5.742221832275391,
    "reticular_network": 5.88082218170166,
    "arborizing_vessels": 5.527216911315918,
    "blue_grey_ovoid_nests": 5.449667930603027,
    "ulceration": 5.639825344085693,
    "scaly_surface": 6.042131423950195,
    "strawberry_pattern": 5.772958755493164,
    "milia_like_cysts": 4.965738773345947,
    "comedo_like_openings": 5.468221187591553,
    "cerebriform_surface": 6.016380786895752,
    "central_white_patch": 6.094656467437744,
    "red_lacunae": 6.039527416229248,
    "healthy_skin": 6.091242790222168
  }
}