{
  "step": 3,
  "lambda_s": 1.0816000000000001,
  "n_active": 24,
  "val_balacc": 0.5496836436006493,
  "val_auc": 0.8569313967888035,
  "val_loss": 1.2022732496261597,
  "train_loss": 1.097551684061587,
  "epochs_used": 8,
  "time_sec": 10.793993473052979,
  "just_eliminated": [],
  "issue4_fix": "best_within_step_checkpoint_restored",
  "norms": {
    "asymmetry": 7.164978504180908,
    "border_irregularity": 6.793623924255371,
    "colour_variation": 6.939539909362793,
    "diameter_large": 6.728474140167236,
    "atypical_pigment_network": 6.971677780151367,
    "blue_white_veil": 6.9647650718688965,
    "atypical_vascular_pattern": 6.563286781311035,
    "irregular_streaks": 6.1592488288879395,
    "irregular_pigmentation": 6.7008867263793945,
    "irregular_dots_globules": 6.506258487701416,
    "regression_structures": 6.063469409942627,
    "symmetric_uniform": 7.017082691192627,
    "reticular_network": 6.7897629737854,
    "arborizing_vessels": 6.447646617889404,
    "blue_grey_ovoid_nests": 6.424472808837891,
    "ulceration": 6.749582290649414,
    "scaly_surface": 6.86777400970459,
    "strawberry_pattern": 6.8746418952941895,
    "milia_like_cysts": 6.233950138092041,
    "comedo_like_openings": 6.678393363952637,
    "cerebriform_surface": 6.948201656341553,
    "central_white_patch": 6.920773029327393,
    "red_lacunae": 6.845885753631592,
    "healthy_skin": 6.961556911468506
  }
}