{
  "step": 93,
  "lambda_s": 36.90347094237851,
  "n_active": 12,
  "val_balacc": 0.4734096601751715,
  "val_auc": 0.7237548242847391,
  "val_loss": 1.6519054174423218,
  "train_loss": 1.6331131307831357,
  "epochs_used": 7,
  "time_sec": 7.772418260574341,
  "just_eliminated": [],
  "issue4_fix": "best_within_step_checkpoint_restored",
  "norms": {
    "asymmetry": 1.4302369356155396,
    "border_irregularity": 0.0,
    "colour_variation": 1.5910460948944092,
    "diameter_large": 1.724334478378296,
    "atypical_pigment_network": 1.5221925973892212,
    "blue_white_veil": 0.0,
    "atypical_vascular_pattern": 0.0,
    "irregular_streaks": 0.0,
    "irregular_pigmentation": 0.0,
    "irregular_dots_globules": 0.0,
    "regression_structures": 0.0,
    "symmetric_uniform": 0.0,
    "reticular_network": 2.739110231399536,
    "arborizing_vessels": 0.0,
    "blue_grey_ovoid_nests": 0.0,
    "ulceration": 0.0,
    "scaly_surface": 2.1368048191070557,
    "strawberry_pattern": 0.0,
    "milia_like_cysts": 1.3061517477035522,
    "comedo_like_openings": 1.0894206762313843,
    "cerebriform_surface": 0.4142031669616699,
    "central_white_patch": 1.519213318824768,
    "red_lacunae": 1.5465253591537476,
    "healthy_skin": 1.274099588394165
  }
}