{
  "step": 6,
  "lambda_s": 1.2166529024000001,
  "n_active": 24,
  "val_balacc": 0.5674875980464877,
  "val_auc": 0.8594248960700523,
  "val_loss": 1.2329398393630981,
  "train_loss": 1.0159806026109248,
  "epochs_used": 13,
  "time_sec": 15.901557922363281,
  "just_eliminated": [],
  "issue4_fix": "best_within_step_checkpoint_restored",
  "norms": {
    "asymmetry": 6.4951348304748535,
    "border_irregularity": 6.163054943084717,
    "colour_variation": 6.432793617248535,
    "diameter_large": 6.069760799407959,
    "atypical_pigment_network": 6.267653465270996,
    "blue_white_veil": 6.41464900970459,
    "atypical_vascular_pattern": 5.830585956573486,
    "irregular_streaks": 5.469240665435791,
    "irregular_pigmentation": 6.150017261505127,
    "irregular_dots_globules": 5.748009204864502,
    "regression_structures": 5.429108142852783,
    "symmetric_uniform": 6.3080735206604,
    "reticular_network": 6.224819183349609,
    "arborizing_vessels": 5.890663146972656,
    "blue_grey_ovoid_nests": 5.832568645477295,
    "ulceration": 6.095922946929932,
    "scaly_surface": 6.357388019561768,
    "strawberry_pattern": 6.210638999938965,
    "milia_like_cysts": 5.482367992401123,
    "comedo_like_openings": 5.974998950958252,
    "cerebriform_surface": 6.359044075012207,
    "central_white_patch": 6.4323225021362305,
    "red_lacunae": 6.3266377449035645,
    "healthy_skin": 6.436614990234375
  }
}