{
  "step": 4,
  "lambda_s": 1.124864,
  "n_active": 24,
  "val_balacc": 0.5712957598575162,
  "val_auc": 0.8520530812105674,
  "val_loss": 1.2105854749679565,
  "train_loss": 1.0852054725298075,
  "epochs_used": 12,
  "time_sec": 13.957666158676147,
  "just_eliminated": [],
  "issue4_fix": "best_within_step_checkpoint_restored",
  "norms": {
    "asymmetry": 6.953218460083008,
    "border_irregularity": 6.575896263122559,
    "colour_variation": 6.762072563171387,
    "diameter_large": 6.507874488830566,
    "atypical_pigment_network": 6.74188756942749,
    "blue_white_veil": 6.8138346672058105,
    "atypical_vascular_pattern": 6.326783180236816,
    "irregular_streaks": 5.862483024597168,
    "irregular_pigmentation": 6.505829334259033,
    "irregular_dots_globules": 6.285236358642578,
    "regression_structures": 5.842498302459717,
    "symmetric_uniform": 6.762841701507568,
    "reticular_network": 6.578451633453369,
    "arborizing_vessels": 6.235327243804932,
    "blue_grey_ovoid_nests": 6.205774784088135,
    "ulceration": 6.529682159423828,
    "scaly_surface": 6.657676696777344,
    "strawberry_pattern": 6.671160697937012,
    "milia_like_cysts": 5.968456745147705,
    "comedo_like_openings": 6.434842109680176,
    "cerebriform_surface": 6.72376823425293,
    "central_white_patch": 6.751369953155518,
    "red_lacunae": 6.635609149932861,
    "healthy_skin": 6.791879177093506
  }
}