{
  "step": 8,
  "lambda_s": 1.3159317792358403,
  "n_active": 24,
  "val_balacc": 0.5506163400447209,
  "val_auc": 0.860396085190231,
  "val_loss": 1.2216637134552002,
  "train_loss": 1.0282561362588394,
  "epochs_used": 10,
  "time_sec": 11.815926551818848,
  "just_eliminated": [],
  "issue4_fix": "best_within_step_checkpoint_restored",
  "norms": {
    "asymmetry": 6.142360210418701,
    "border_irregularity": 5.841503143310547,
    "colour_variation": 6.162117004394531,
    "diameter_large": 5.7521467208862305,
    "atypical_pigment_network": 5.962752342224121,
    "blue_white_veil": 6.113518238067627,
    "atypical_vascular_pattern": 5.47187614440918,
    "irregular_streaks": 5.180089473724365,
    "irregular_pigmentation": 5.862971305847168,
    "irregular_dots_globules": 5.367366790771484,
    "regression_structures": 5.1290812492370605,
    "symmetric_uniform": 5.898220539093018,
    "reticular_network": 5.939180850982666,
    "arborizing_vessels": 5.633671283721924,
    "blue_grey_ovoid_nests": 5.534681797027588,
    "ulceration": 5.725438594818115,
    "scaly_surface": 6.123501777648926,
    "strawberry_pattern": 5.862819194793701,
    "milia_like_cysts": 5.081575870513916,
    "comedo_like_openings": 5.590454578399658,
    "cerebriform_surface": 6.1003265380859375,
    "central_white_patch": 6.168894290924072,
    "red_lacunae": 6.119813919067383,
    "healthy_skin": 6.200660228729248
  }
}