{
  "step": 77,
  "lambda_s": 19.703064847320764,
  "n_active": 17,
  "val_balacc": 0.48827365108591525,
  "val_auc": 0.8064659807052487,
  "val_loss": 1.3624184131622314,
  "train_loss": 1.3440820770346884,
  "epochs_used": 7,
  "time_sec": 8.059961080551147,
  "just_eliminated": [],
  "issue4_fix": "best_within_step_checkpoint_restored",
  "norms": {
    "asymmetry": 2.3718342781066895,
    "border_irregularity": 0.0,
    "colour_variation": 2.442793607711792,
    "diameter_large": 2.791682720184326,
    "atypical_pigment_network": 2.3797860145568848,
    "blue_white_veil": 1.5129472017288208,
    "atypical_vascular_pattern": 0.0,
    "irregular_streaks": 0.0,
    "irregular_pigmentation": 1.2814935445785522,
    "irregular_dots_globules": 0.0,
    "regression_structures": 0.0,
    "symmetric_uniform": 0.0,
    "reticular_network": 3.586247682571411,
    "arborizing_vessels": 1.9390771389007568,
    "blue_grey_ovoid_nests": 2.103269100189209,
    "ulceration": 1.1075764894485474,
    "scaly_surface": 3.322917938232422,
    "strawberry_pattern": 0.0,
    "milia_like_cysts": 2.2593743801116943,
    "comedo_like_openings": 2.263444662094116,
    "cerebriform_surface": 1.6646324396133423,
    "central_white_patch": 2.575491428375244,
    "red_lacunae": 2.872220993041992,
    "healthy_skin": 1.6811268329620361
  }
}