{
  "step": 59,
  "lambda_s": 9.725986878747092,
  "n_active": 21,
  "val_balacc": 0.535616966516131,
  "val_auc": 0.8418541032711035,
  "val_loss": 1.2558027505874634,
  "train_loss": 1.1968705615881412,
  "epochs_used": 8,
  "time_sec": 8.631256818771362,
  "just_eliminated": [],
  "issue4_fix": "best_within_step_checkpoint_restored",
  "norms": {
    "asymmetry": 2.735656976699829,
    "border_irregularity": 0.0,
    "colour_variation": 2.7477455139160156,
    "diameter_large": 3.352935552597046,
    "atypical_pigment_network": 2.795807361602783,
    "blue_white_veil": 2.670363426208496,
    "atypical_vascular_pattern": 0.09938999265432358,
    "irregular_streaks": 1.6887071132659912,
    "irregular_pigmentation": 2.7260124683380127,
    "irregular_dots_globules": 0.0,
    "regression_structures": 0.7101891040802002,
    "symmetric_uniform": 0.0,
    "reticular_network": 3.659959554672241,
    "arborizing_vessels": 2.5147571563720703,
    "blue_grey_ovoid_nests": 2.9586713314056396,
    "ulceration": 2.065122365951538,
    "scaly_surface": 3.8757691383361816,
    "strawberry_pattern": 2.045356035232544,
    "milia_like_cysts": 2.3341755867004395,
    "comedo_like_openings": 2.8578758239746094,
    "cerebriform_surface": 2.206773281097412,
    "central_white_patch": 3.116753339767456,
    "red_lacunae": 3.6677610874176025,
    "healthy_skin": 0.8688567280769348
  }
}