{
  "step": 56,
  "lambda_s": 8.64636691968726,
  "n_active": 21,
  "val_balacc": 0.5321763892400043,
  "val_auc": 0.8396526351898764,
  "val_loss": 1.248531699180603,
  "train_loss": 1.2425357036109133,
  "epochs_used": 7,
  "time_sec": 7.5389182567596436,
  "just_eliminated": [],
  "issue4_fix": "best_within_step_checkpoint_restored",
  "norms": {
    "asymmetry": 2.7780580520629883,
    "border_irregularity": 0.0,
    "colour_variation": 2.8327648639678955,
    "diameter_large": 3.4542527198791504,
    "atypical_pigment_network": 2.8285138607025146,
    "blue_white_veil": 2.669506788253784,
    "atypical_vascular_pattern": 0.7088862061500549,
    "irregular_streaks": 1.9857501983642578,
    "irregular_pigmentation": 2.93306827545166,
    "irregular_dots_globules": 0.0,
    "regression_structures": 1.2614692449569702,
    "symmetric_uniform": 0.0,
    "reticular_network": 3.814140796661377,
    "arborizing_vessels": 2.5911190509796143,
    "blue_grey_ovoid_nests": 2.9826488494873047,
    "ulceration": 2.0243117809295654,
    "scaly_surface": 3.929513692855835,
    "strawberry_pattern": 2.1114869117736816,
    "milia_like_cysts": 2.2783191204071045,
    "comedo_like_openings": 2.8262791633605957,
    "cerebriform_surface": 2.1738014221191406,
    "central_white_patch": 3.133108139038086,
    "red_lacunae": 3.7649757862091064,
    "healthy_skin": 1.2060717344284058
  }
}