{
  "step": 26,
  "lambda_s": 2.665836331487422,
  "n_active": 24,
  "val_balacc": 0.5478977116009693,
  "val_auc": 0.8595550889033272,
  "val_loss": 1.2107560634613037,
  "train_loss": 1.0249209954159844,
  "epochs_used": 10,
  "time_sec": 11.41815185546875,
  "just_eliminated": [],
  "issue4_fix": "best_within_step_checkpoint_restored",
  "norms": {
    "asymmetry": 3.323719024658203,
    "border_irregularity": 3.228167772293091,
    "colour_variation": 4.243271827697754,
    "diameter_large": 3.647871971130371,
    "atypical_pigment_network": 3.83864426612854,
    "blue_white_veil": 3.5791873931884766,
    "atypical_vascular_pattern": 2.760939836502075,
    "irregular_streaks": 3.2858433723449707,
    "irregular_pigmentation": 3.72983980178833,
    "irregular_dots_globules": 2.711331367492676,
    "regression_structures": 2.924356460571289,
    "symmetric_uniform": 2.710669994354248,
    "reticular_network": 4.105530738830566,
    "arborizing_vessels": 3.3905348777770996,
    "blue_grey_ovoid_nests": 3.5810577869415283,
    "ulceration": 3.3733928203582764,
    "scaly_surface": 4.211558818817139,
    "strawberry_pattern": 3.3401358127593994,
    "milia_like_cysts": 2.3801934719085693,
    "comedo_like_openings": 2.756761074066162,
    "cerebriform_surface": 3.7528951168060303,
    "central_white_patch": 3.7608325481414795,
    "red_lacunae": 4.399002552032471,
    "healthy_skin": 3.776690721511841
  }
}