{
  "step": 10,
  "lambda_s": 1.423311812421485,
  "n_active": 24,
  "val_balacc": 0.5458577968327964,
  "val_auc": 0.8590458727556312,
  "val_loss": 1.2313971519470215,
  "train_loss": 1.0823440598564826,
  "epochs_used": 7,
  "time_sec": 7.9158220291137695,
  "just_eliminated": [],
  "issue4_fix": "best_within_step_checkpoint_restored",
  "norms": {
    "asymmetry": 6.087766647338867,
    "border_irregularity": 5.7681708335876465,
    "colour_variation": 6.153327465057373,
    "diameter_large": 5.702483654022217,
    "atypical_pigment_network": 5.9147748947143555,
    "blue_white_veil": 6.030090808868408,
    "atypical_vascular_pattern": 5.407984256744385,
    "irregular_streaks": 5.150368690490723,
    "irregular_pigmentation": 5.804853916168213,
    "irregular_dots_globules": 5.292918682098389,
    "regression_structures": 5.0749077796936035,
    "symmetric_uniform": 5.803526878356934,
    "reticular_network": 5.909036159515381,
    "arborizing_vessels": 5.560204029083252,
    "blue_grey_ovoid_nests": 5.475688457489014,
    "ulceration": 5.679516792297363,
    "scaly_surface": 6.076132774353027,
    "strawberry_pattern": 5.801792144775391,
    "milia_like_cysts": 5.003661155700684,
    "comedo_like_openings": 5.509057998657227,
    "cerebriform_surface": 6.048822402954102,
    "central_white_patch": 6.115738868713379,
    "red_lacunae": 6.067604064941406,
    "healthy_skin": 6.124503135681152
  }
}