{
  "step": 30,
  "lambda_s": 3.118651451949559,
  "n_active": 24,
  "val_balacc": 0.5570964740018379,
  "val_auc": 0.851760277376079,
  "val_loss": 1.2047945261001587,
  "train_loss": 1.1513612421177821,
  "epochs_used": 8,
  "time_sec": 8.605940580368042,
  "just_eliminated": [],
  "issue4_fix": "best_within_step_checkpoint_restored",
  "norms": {
    "asymmetry": 3.165405511856079,
    "border_irregularity": 2.9453301429748535,
    "colour_variation": 4.031299591064453,
    "diameter_large": 3.5596930980682373,
    "atypical_pigment_network": 3.6864771842956543,
    "blue_white_veil": 3.3762030601501465,
    "atypical_vascular_pattern": 2.576035737991333,
    "irregular_streaks": 3.1341123580932617,
    "irregular_pigmentation": 3.7682158946990967,
    "irregular_dots_globules": 2.4925529956817627,
    "regression_structures": 2.796107292175293,
    "symmetric_uniform": 2.3590869903564453,
    "reticular_network": 4.013232707977295,
    "arborizing_vessels": 3.195028066635132,
    "blue_grey_ovoid_nests": 3.3296709060668945,
    "ulceration": 3.1004838943481445,
    "scaly_surface": 4.181219577789307,
    "strawberry_pattern": 3.2204089164733887,
    "milia_like_cysts": 2.1696410179138184,
    "comedo_like_openings": 2.5873875617980957,
    "cerebriform_surface": 3.3576626777648926,
    "central_white_patch": 3.618034601211548,
    "red_lacunae": 4.223785877227783,
    "healthy_skin": 3.4386425018310547
  }
}