{
  "step": 67,
  "lambda_s": 13.310684626901063,
  "n_active": 18,
  "val_balacc": 0.5193250680899268,
  "val_auc": 0.8366687871157099,
  "val_loss": 1.2999887466430664,
  "train_loss": 1.214110382474743,
  "epochs_used": 7,
  "time_sec": 7.813143968582153,
  "just_eliminated": [],
  "issue4_fix": "best_within_step_checkpoint_restored",
  "norms": {
    "asymmetry": 2.3326494693756104,
    "border_irregularity": 0.0,
    "colour_variation": 2.716158628463745,
    "diameter_large": 3.0514447689056396,
    "atypical_pigment_network": 2.671977996826172,
    "blue_white_veil": 2.2183492183685303,
    "atypical_vascular_pattern": 0.0,
    "irregular_streaks": 0.0,
    "irregular_pigmentation": 1.9797306060791016,
    "irregular_dots_globules": 0.0,
    "regression_structures": 0.0,
    "symmetric_uniform": 0.0,
    "reticular_network": 3.5380051136016846,
    "arborizing_vessels": 2.431112766265869,
    "blue_grey_ovoid_nests": 2.3944482803344727,
    "ulceration": 1.7492536306381226,
    "scaly_surface": 3.7031090259552,
    "strawberry_pattern": 0.7774544358253479,
    "milia_like_cysts": 2.449843406677246,
    "comedo_like_openings": 2.4816880226135254,
    "cerebriform_surface": 2.1672065258026123,
    "central_white_patch": 2.96213960647583,
    "red_lacunae": 3.30619478225708,
    "healthy_skin": 1.570552945137024
  }
}