{
  "step": 20,
  "lambda_s": 2.106849175993674,
  "n_active": 24,
  "val_balacc": 0.5572411502818317,
  "val_auc": 0.8593243614865017,
  "val_loss": 1.2167282104492188,
  "train_loss": 0.9851564383276454,
  "epochs_used": 21,
  "time_sec": 24.147088289260864,
  "just_eliminated": [],
  "issue4_fix": "best_within_step_checkpoint_restored",
  "norms": {
    "asymmetry": 4.023726463317871,
    "border_irregularity": 3.9108145236968994,
    "colour_variation": 4.651243209838867,
    "diameter_large": 4.05757474899292,
    "atypical_pigment_network": 4.301366806030273,
    "blue_white_veil": 4.214783191680908,
    "atypical_vascular_pattern": 3.4889438152313232,
    "irregular_streaks": 3.7272164821624756,
    "irregular_pigmentation": 4.116791248321533,
    "irregular_dots_globules": 3.2516565322875977,
    "regression_structures": 3.406330108642578,
    "symmetric_uniform": 3.5099036693573,
    "reticular_network": 4.470144271850586,
    "arborizing_vessels": 3.9589450359344482,
    "blue_grey_ovoid_nests": 4.056877136230469,
    "ulceration": 3.8644192218780518,
    "scaly_surface": 4.569054126739502,
    "strawberry_pattern": 3.8141281604766846,
    "milia_like_cysts": 2.987008810043335,
    "comedo_like_openings": 3.291313409805298,
    "cerebriform_surface": 4.377796649932861,
    "central_white_patch": 4.27960729598999,
    "red_lacunae": 4.750088691711426,
    "healthy_skin": 4.360291957855225
  }
}