{
  "step": 62,
  "lambda_s": 10.94041250437497,
  "n_active": 19,
  "val_balacc": 0.5168768509592024,
  "val_auc": 0.8343029360880331,
  "val_loss": 1.2760674953460693,
  "train_loss": 1.2325366262558948,
  "epochs_used": 7,
  "time_sec": 7.798413515090942,
  "just_eliminated": [],
  "issue4_fix": "best_within_step_checkpoint_restored",
  "norms": {
    "asymmetry": 2.51710844039917,
    "border_irregularity": 0.0,
    "colour_variation": 2.66619873046875,
    "diameter_large": 3.249829053878784,
    "atypical_pigment_network": 2.761821746826172,
    "blue_white_veil": 2.53459095954895,
    "atypical_vascular_pattern": 0.0,
    "irregular_streaks": 1.279678463935852,
    "irregular_pigmentation": 2.468752384185791,
    "irregular_dots_globules": 0.0,
    "regression_structures": 0.0,
    "symmetric_uniform": 0.0,
    "reticular_network": 3.5200328826904297,
    "arborizing_vessels": 2.4134669303894043,
    "blue_grey_ovoid_nests": 2.6295969486236572,
    "ulceration": 1.983097791671753,
    "scaly_surface": 3.753178358078003,
    "strawberry_pattern": 1.6042060852050781,
    "milia_like_cysts": 2.3512425422668457,
    "comedo_like_openings": 2.784278154373169,
    "cerebriform_surface": 2.0969996452331543,
    "central_white_patch": 3.1064834594726562,
    "red_lacunae": 3.5635602474212646,
    "healthy_skin": 0.7547053098678589
  }
}