{
  "step": 54,
  "lambda_s": 7.994052255628014,
  "n_active": 21,
  "val_balacc": 0.54090373908525,
  "val_auc": 0.842216911924415,
  "val_loss": 1.249655842781067,
  "train_loss": 1.1588805675060811,
  "epochs_used": 7,
  "time_sec": 8.627487421035767,
  "just_eliminated": [],
  "issue4_fix": "best_within_step_checkpoint_restored",
  "norms": {
    "asymmetry": 2.8045127391815186,
    "border_irregularity": 0.0,
    "colour_variation": 2.77759051322937,
    "diameter_large": 3.429527997970581,
    "atypical_pigment_network": 2.8239028453826904,
    "blue_white_veil": 2.7325191497802734,
    "atypical_vascular_pattern": 0.7870430946350098,
    "irregular_streaks": 2.084078550338745,
    "irregular_pigmentation": 3.040733575820923,
    "irregular_dots_globules": 0.0,
    "regression_structures": 1.4295604228973389,
    "symmetric_uniform": 0.0,
    "reticular_network": 3.771930456161499,
    "arborizing_vessels": 2.718142509460449,
    "blue_grey_ovoid_nests": 3.0137412548065186,
    "ulceration": 1.9865150451660156,
    "scaly_surface": 4.022319316864014,
    "strawberry_pattern": 2.262115716934204,
    "milia_like_cysts": 2.338679075241089,
    "comedo_like_openings": 2.9410781860351562,
    "cerebriform_surface": 2.1230628490448,
    "central_white_patch": 3.2238261699676514,
    "red_lacunae": 3.852349281311035,
    "healthy_skin": 1.2850112915039062
  }
}