{
  "step": 96,
  "lambda_s": 41.51138593812767,
  "n_active": 11,
  "val_balacc": 0.3444757764442633,
  "val_auc": 0.6748420672870801,
  "val_loss": 1.7750487327575684,
  "train_loss": 1.7425587815486518,
  "epochs_used": 7,
  "time_sec": 7.509721517562866,
  "just_eliminated": [],
  "issue4_fix": "best_within_step_checkpoint_restored",
  "norms": {
    "asymmetry": 0.9755048155784607,
    "border_irregularity": 0.0,
    "colour_variation": 1.1639283895492554,
    "diameter_large": 1.2796744108200073,
    "atypical_pigment_network": 1.224303126335144,
    "blue_white_veil": 0.0,
    "atypical_vascular_pattern": 0.0,
    "irregular_streaks": 0.0,
    "irregular_pigmentation": 0.0,
    "irregular_dots_globules": 0.0,
    "regression_structures": 0.0,
    "symmetric_uniform": 0.0,
    "reticular_network": 2.3577072620391846,
    "arborizing_vessels": 0.0,
    "blue_grey_ovoid_nests": 0.0,
    "ulceration": 0.0,
    "scaly_surface": 1.6108371019363403,
    "strawberry_pattern": 0.0,
    "milia_like_cysts": 0.8511847853660583,
    "comedo_like_openings": 0.5648787617683411,
    "cerebriform_surface": 0.0,
    "central_white_patch": 1.0475618839263916,
    "red_lacunae": 0.9728350639343262,
    "healthy_skin": 1.1907938718795776
  }
}