{
  "step": 7,
  "lambda_s": 1.2653190184960004,
  "n_active": 24,
  "val_balacc": 0.5485408711507047,
  "val_auc": 0.8586037810118781,
  "val_loss": 1.2221299409866333,
  "train_loss": 1.0075680053505285,
  "epochs_used": 13,
  "time_sec": 16.378111600875854,
  "just_eliminated": [],
  "issue4_fix": "best_within_step_checkpoint_restored",
  "norms": {
    "asymmetry": 6.2728657722473145,
    "border_irregularity": 5.962639331817627,
    "colour_variation": 6.253970146179199,
    "diameter_large": 5.870667934417725,
    "atypical_pigment_network": 6.096256732940674,
    "blue_white_veil": 6.225519180297852,
    "atypical_vascular_pattern": 5.602866172790527,
    "irregular_streaks": 5.288937568664551,
    "irregular_pigmentation": 5.970024108886719,
    "irregular_dots_globules": 5.497893810272217,
    "regression_structures": 5.228326320648193,
    "symmetric_uniform": 6.0491228103637695,
    "reticular_network": 6.034451007843018,
    "arborizing_vessels": 5.7215800285339355,
    "blue_grey_ovoid_nests": 5.628336429595947,
    "ulceration": 5.843134880065918,
    "scaly_surface": 6.211978435516357,
    "strawberry_pattern": 6.000479221343994,
    "milia_like_cysts": 5.217232704162598,
    "comedo_like_openings": 5.73246955871582,
    "cerebriform_surface": 6.191807746887207,
    "central_white_patch": 6.230382919311523,
    "red_lacunae": 6.202197551727295,
    "healthy_skin": 6.268320083618164
  }
}