{
  "step": 17,
  "lambda_s": 1.8729812457271933,
  "n_active": 24,
  "val_balacc": 0.548357316056266,
  "val_auc": 0.8605782767551243,
  "val_loss": 1.2123183012008667,
  "train_loss": 0.9845007465575929,
  "epochs_used": 15,
  "time_sec": 17.6010959148407,
  "just_eliminated": [],
  "issue4_fix": "best_within_step_checkpoint_restored",
  "norms": {
    "asymmetry": 4.781075477600098,
    "border_irregularity": 4.623666763305664,
    "colour_variation": 5.213592529296875,
    "diameter_large": 4.63041877746582,
    "atypical_pigment_network": 4.847538471221924,
    "blue_white_veil": 4.877575397491455,
    "atypical_vascular_pattern": 4.192450523376465,
    "irregular_streaks": 4.245209693908691,
    "irregular_pigmentation": 4.735807418823242,
    "irregular_dots_globules": 4.0041985511779785,
    "regression_structures": 4.046964645385742,
    "symmetric_uniform": 4.326632499694824,
    "reticular_network": 4.941056728363037,
    "arborizing_vessels": 4.59662389755249,
    "blue_grey_ovoid_nests": 4.496811389923096,
    "ulceration": 4.442018985748291,
    "scaly_surface": 5.135890960693359,
    "strawberry_pattern": 4.496047496795654,
    "milia_like_cysts": 3.7084217071533203,
    "comedo_like_openings": 4.1064839363098145,
    "cerebriform_surface": 5.036071300506592,
    "central_white_patch": 4.972899913787842,
    "red_lacunae": 5.196701526641846,
    "healthy_skin": 5.048465728759766
  }
}