{
  "step": 39,
  "lambda_s": 4.438813450385222,
  "n_active": 24,
  "val_balacc": 0.5473393894687871,
  "val_auc": 0.8539092208973955,
  "val_loss": 1.214700698852539,
  "train_loss": 1.0843879198054727,
  "epochs_used": 11,
  "time_sec": 12.650022029876709,
  "just_eliminated": [],
  "issue4_fix": "best_within_step_checkpoint_restored",
  "norms": {
    "asymmetry": 2.9959304332733154,
    "border_irregularity": 1.6659440994262695,
    "colour_variation": 3.595691204071045,
    "diameter_large": 3.452874183654785,
    "atypical_pigment_network": 3.3560965061187744,
    "blue_white_veil": 3.180640459060669,
    "atypical_vascular_pattern": 1.9152058362960815,
    "irregular_streaks": 2.6668219566345215,
    "irregular_pigmentation": 3.429978609085083,
    "irregular_dots_globules": 1.8437349796295166,
    "regression_structures": 2.4741709232330322,
    "symmetric_uniform": 1.9529411792755127,
    "reticular_network": 3.8934991359710693,
    "arborizing_vessels": 2.857165813446045,
    "blue_grey_ovoid_nests": 2.947991371154785,
    "ulceration": 2.8765869140625,
    "scaly_surface": 4.105072021484375,
    "strawberry_pattern": 2.97672700881958,
    "milia_like_cysts": 1.862343192100525,
    "comedo_like_openings": 2.699162483215332,
    "cerebriform_surface": 2.724147319793701,
    "central_white_patch": 3.3570756912231445,
    "red_lacunae": 4.0426025390625,
    "healthy_skin": 2.6245858669281006
  }
}