{
  "step": 99,
  "lambda_s": 46.694663631906046,
  "n_active": 10,
  "val_balacc": 0.19407143692857978,
  "val_auc": 0.6186284132021936,
  "val_loss": 1.8907086849212646,
  "train_loss": 1.855792607797496,
  "epochs_used": 7,
  "time_sec": 7.877269744873047,
  "just_eliminated": [
    "comedo_like_openings"
  ],
  "issue4_fix": "best_within_step_checkpoint_restored",
  "norms": {
    "asymmetry": 0.3379535973072052,
    "border_irregularity": 0.0,
    "colour_variation": 0.6054107546806335,
    "diameter_large": 0.7077648639678955,
    "atypical_pigment_network": 0.7280117273330688,
    "blue_white_veil": 0.0,
    "atypical_vascular_pattern": 0.0,
    "irregular_streaks": 0.0,
    "irregular_pigmentation": 0.0,
    "irregular_dots_globules": 0.0,
    "regression_structures": 0.0,
    "symmetric_uniform": 0.0,
    "reticular_network": 1.7549121379852295,
    "arborizing_vessels": 0.0,
    "blue_grey_ovoid_nests": 0.0,
    "ulceration": 0.0,
    "scaly_surface": 0.8990916013717651,
    "strawberry_pattern": 0.0,
    "milia_like_cysts": 0.22211886942386627,
    "comedo_like_openings": 0.0,
    "cerebriform_surface": 0.0,
    "central_white_patch": 0.28324759006500244,
    "red_lacunae": 0.07288052141666412,
    "healthy_skin": 0.7093191146850586
  }
}