{
  "step": 32,
  "lambda_s": 3.3731334104286432,
  "n_active": 24,
  "val_balacc": 0.5538319789727948,
  "val_auc": 0.853993358722604,
  "val_loss": 1.2062104940414429,
  "train_loss": 1.088357238020619,
  "epochs_used": 7,
  "time_sec": 7.67926025390625,
  "just_eliminated": [],
  "issue4_fix": "best_within_step_checkpoint_restored",
  "norms": {
    "asymmetry": 3.150269031524658,
    "border_irregularity": 2.732184410095215,
    "colour_variation": 3.950423002243042,
    "diameter_large": 3.5630640983581543,
    "atypical_pigment_network": 3.628288507461548,
    "blue_white_veil": 3.321242570877075,
    "atypical_vascular_pattern": 2.4603381156921387,
    "irregular_streaks": 3.046814203262329,
    "irregular_pigmentation": 3.7011499404907227,
    "irregular_dots_globules": 2.3427414894104004,
    "regression_structures": 2.7148239612579346,
    "symmetric_uniform": 2.267960786819458,
    "reticular_network": 4.027801036834717,
    "arborizing_vessels": 3.090609312057495,
    "blue_grey_ovoid_nests": 3.2452473640441895,
    "ulceration": 3.0833616256713867,
    "scaly_surface": 4.163597106933594,
    "strawberry_pattern": 3.2388904094696045,
    "milia_like_cysts": 2.0990142822265625,
    "comedo_like_openings": 2.5882272720336914,
    "cerebriform_surface": 3.272812843322754,
    "central_white_patch": 3.576035976409912,
    "red_lacunae": 4.182302474975586,
    "healthy_skin": 3.348897695541382
  }
}