{
  "step": 79,
  "lambda_s": 21.31083493886214,
  "n_active": 17,
  "val_balacc": 0.5074363032126871,
  "val_auc": 0.8079712652819715,
  "val_loss": 1.3948990106582642,
  "train_loss": 1.3447709047523158,
  "epochs_used": 7,
  "time_sec": 7.8317320346832275,
  "just_eliminated": [],
  "issue4_fix": "best_within_step_checkpoint_restored",
  "norms": {
    "asymmetry": 2.3702383041381836,
    "border_irregularity": 0.0,
    "colour_variation": 2.4079651832580566,
    "diameter_large": 2.6857047080993652,
    "atypical_pigment_network": 2.269453525543213,
    "blue_white_veil": 1.3376898765563965,
    "atypical_vascular_pattern": 0.0,
    "irregular_streaks": 0.0,
    "irregular_pigmentation": 1.0541348457336426,
    "irregular_dots_globules": 0.0,
    "regression_structures": 0.0,
    "symmetric_uniform": 0.0,
    "reticular_network": 3.483909845352173,
    "arborizing_vessels": 1.754544734954834,
    "blue_grey_ovoid_nests": 1.99875807762146,
    "ulceration": 1.0513522624969482,
    "scaly_surface": 3.1978957653045654,
    "strawberry_pattern": 0.0,
    "milia_like_cysts": 2.1597208976745605,
    "comedo_like_openings": 2.23630690574646,
    "cerebriform_surface": 1.6251004934310913,
    "central_white_patch": 2.483727216720581,
    "red_lacunae": 2.731447219848633,
    "healthy_skin": 1.6229889392852783
  }
}