{
  "step": 36,
  "lambda_s": 3.946088994211942,
  "n_active": 24,
  "val_balacc": 0.5461400095826116,
  "val_auc": 0.8539627261735273,
  "val_loss": 1.2156834602355957,
  "train_loss": 1.0629362554036037,
  "epochs_used": 10,
  "time_sec": 11.237515449523926,
  "just_eliminated": [],
  "issue4_fix": "best_within_step_checkpoint_restored",
  "norms": {
    "asymmetry": 2.992699384689331,
    "border_irregularity": 2.1389002799987793,
    "colour_variation": 3.696387767791748,
    "diameter_large": 3.569587230682373,
    "atypical_pigment_network": 3.5421907901763916,
    "blue_white_veil": 3.234179735183716,
    "atypical_vascular_pattern": 2.198485851287842,
    "irregular_streaks": 2.790107250213623,
    "irregular_pigmentation": 3.6059374809265137,
    "irregular_dots_globules": 1.9852848052978516,
    "regression_structures": 2.5029289722442627,
    "symmetric_uniform": 1.9632853269577026,
    "reticular_network": 4.007197856903076,
    "arborizing_vessels": 2.921102523803711,
    "blue_grey_ovoid_nests": 2.94997239112854,
    "ulceration": 2.955531358718872,
    "scaly_surface": 4.137020587921143,
    "strawberry_pattern": 3.076307773590088,
    "milia_like_cysts": 1.8546948432922363,
    "comedo_like_openings": 2.6521317958831787,
    "cerebriform_surface": 2.9102041721343994,
    "central_white_patch": 3.4386935234069824,
    "red_lacunae": 4.123854637145996,
    "healthy_skin": 2.8599929809570312
  }
}