{
  "step": 5,
  "lambda_s": 1.1698585600000002,
  "n_active": 24,
  "val_balacc": 0.5413442224906414,
  "val_auc": 0.857083272629504,
  "val_loss": 1.239815592765808,
  "train_loss": 1.0229042478720693,
  "epochs_used": 12,
  "time_sec": 14.505505561828613,
  "just_eliminated": [],
  "issue4_fix": "best_within_step_checkpoint_restored",
  "norms": {
    "asymmetry": 6.730822563171387,
    "border_irregularity": 6.355784893035889,
    "colour_variation": 6.595569610595703,
    "diameter_large": 6.313104629516602,
    "atypical_pigment_network": 6.501957893371582,
    "blue_white_veil": 6.627281665802002,
    "atypical_vascular_pattern": 6.1033735275268555,
    "irregular_streaks": 5.666525363922119,
    "irregular_pigmentation": 6.307784557342529,
    "irregular_dots_globules": 6.032132625579834,
    "regression_structures": 5.633261680603027,
    "symmetric_uniform": 6.556718349456787,
    "reticular_network": 6.406260967254639,
    "arborizing_vessels": 6.075845241546631,
    "blue_grey_ovoid_nests": 6.02448034286499,
    "ulceration": 6.3192925453186035,
    "scaly_surface": 6.513110637664795,
    "strawberry_pattern": 6.4561591148376465,
    "milia_like_cysts": 5.708449840545654,
    "comedo_like_openings": 6.205677032470703,
    "cerebriform_surface": 6.538825511932373,
    "central_white_patch": 6.583924293518066,
    "red_lacunae": 6.492900371551514,
    "healthy_skin": 6.612117290496826
  }
}