{
  "step": 95,
  "lambda_s": 39.914794171276604,
  "n_active": 11,
  "val_balacc": 0.4270015437246372,
  "val_auc": 0.6948425529946103,
  "val_loss": 1.7352323532104492,
  "train_loss": 1.7122478890025232,
  "epochs_used": 7,
  "time_sec": 7.35265851020813,
  "just_eliminated": [
    "cerebriform_surface"
  ],
  "issue4_fix": "best_within_step_checkpoint_restored",
  "norms": {
    "asymmetry": 1.17908775806427,
    "border_irregularity": 0.0,
    "colour_variation": 1.3675919771194458,
    "diameter_large": 1.4336220026016235,
    "atypical_pigment_network": 1.3267139196395874,
    "blue_white_veil": 0.0,
    "atypical_vascular_pattern": 0.0,
    "irregular_streaks": 0.0,
    "irregular_pigmentation": 0.0,
    "irregular_dots_globules": 0.0,
    "regression_structures": 0.0,
    "symmetric_uniform": 0.0,
    "reticular_network": 2.473146915435791,
    "arborizing_vessels": 0.0,
    "blue_grey_ovoid_nests": 0.0,
    "ulceration": 0.0,
    "scaly_surface": 1.795837640762329,
    "strawberry_pattern": 0.0,
    "milia_like_cysts": 1.0170499086380005,
    "comedo_like_openings": 0.7524653077125549,
    "cerebriform_surface": 0.0,
    "central_white_patch": 1.2143502235412598,
    "red_lacunae": 1.1778528690338135,
    "healthy_skin": 1.1652013063430786
  }
}