{
  "step": 98,
  "lambda_s": 44.89871503067889,
  "n_active": 11,
  "val_balacc": 0.20719216433502147,
  "val_auc": 0.6368742255353222,
  "val_loss": 1.855971336364746,
  "train_loss": 1.8173216351395867,
  "epochs_used": 7,
  "time_sec": 7.2603230476379395,
  "just_eliminated": [],
  "issue4_fix": "best_within_step_checkpoint_restored",
  "norms": {
    "asymmetry": 0.6200104355812073,
    "border_irregularity": 0.0,
    "colour_variation": 0.8280923962593079,
    "diameter_large": 0.956824779510498,
    "atypical_pigment_network": 0.9371516108512878,
    "blue_white_veil": 0.0,
    "atypical_vascular_pattern": 0.0,
    "irregular_streaks": 0.0,
    "irregular_pigmentation": 0.0,
    "irregular_dots_globules": 0.0,
    "regression_structures": 0.0,
    "symmetric_uniform": 0.0,
    "reticular_network": 1.9863299131393433,
    "arborizing_vessels": 0.0,
    "blue_grey_ovoid_nests": 0.0,
    "ulceration": 0.0,
    "scaly_surface": 1.1528534889221191,
    "strawberry_pattern": 0.0,
    "milia_like_cysts": 0.47804293036460876,
    "comedo_like_openings": 0.10759281367063522,
    "cerebriform_surface": 0.0,
    "central_white_patch": 0.6051212549209595,
    "red_lacunae": 0.455271452665329,
    "healthy_skin": 0.8670860528945923
  }
}