{
  "step": 53,
  "lambda_s": 7.686588707334629,
  "n_active": 21,
  "val_balacc": 0.5441493295454817,
  "val_auc": 0.8413580676474307,
  "val_loss": 1.232112169265747,
  "train_loss": 1.0836157656860115,
  "epochs_used": 7,
  "time_sec": 7.932549476623535,
  "just_eliminated": [],
  "issue4_fix": "best_within_step_checkpoint_restored",
  "norms": {
    "asymmetry": 2.9204626083374023,
    "border_irregularity": 0.0,
    "colour_variation": 2.726485252380371,
    "diameter_large": 3.4219119548797607,
    "atypical_pigment_network": 2.814300060272217,
    "blue_white_veil": 2.731480836868286,
    "atypical_vascular_pattern": 0.8695455193519592,
    "irregular_streaks": 2.104121208190918,
    "irregular_pigmentation": 3.006026029586792,
    "irregular_dots_globules": 0.0,
    "regression_structures": 1.49910306930542,
    "symmetric_uniform": 0.0,
    "reticular_network": 3.7697043418884277,
    "arborizing_vessels": 2.6625430583953857,
    "blue_grey_ovoid_nests": 3.0989599227905273,
    "ulceration": 2.00494384765625,
    "scaly_surface": 4.0623250007629395,
    "strawberry_pattern": 2.2356722354888916,
    "milia_like_cysts": 2.314518928527832,
    "comedo_like_openings": 2.920414924621582,
    "cerebriform_surface": 2.1649720668792725,
    "central_white_patch": 3.201462507247925,
    "red_lacunae": 3.9058640003204346,
    "healthy_skin": 1.4288781881332397
  }
}