{
  "step": 78,
  "lambda_s": 20.491187441213594,
  "n_active": 17,
  "val_balacc": 0.49152064833440406,
  "val_auc": 0.8132449224002285,
  "val_loss": 1.376080870628357,
  "train_loss": 1.3820137053347332,
  "epochs_used": 7,
  "time_sec": 7.765506982803345,
  "just_eliminated": [],
  "issue4_fix": "best_within_step_checkpoint_restored",
  "norms": {
    "asymmetry": 2.3785417079925537,
    "border_irregularity": 0.0,
    "colour_variation": 2.4900596141815186,
    "diameter_large": 2.7370083332061768,
    "atypical_pigment_network": 2.249983072280884,
    "blue_white_veil": 1.419360876083374,
    "atypical_vascular_pattern": 0.0,
    "irregular_streaks": 0.0,
    "irregular_pigmentation": 1.1630821228027344,
    "irregular_dots_globules": 0.0,
    "regression_structures": 0.0,
    "symmetric_uniform": 0.0,
    "reticular_network": 3.529986619949341,
    "arborizing_vessels": 1.8833261728286743,
    "blue_grey_ovoid_nests": 2.0661699771881104,
    "ulceration": 1.0919731855392456,
    "scaly_surface": 3.2532598972320557,
    "strawberry_pattern": 0.0,
    "milia_like_cysts": 2.2261123657226562,
    "comedo_like_openings": 2.2517054080963135,
    "cerebriform_surface": 1.689045786857605,
    "central_white_patch": 2.5334391593933105,
    "red_lacunae": 2.834719657897949,
    "healthy_skin": 1.712906002998352
  }
}