{
  "step": 74,
  "lambda_s": 17.51595290392506,
  "n_active": 17,
  "val_balacc": 0.5020663306210676,
  "val_auc": 0.8197512393015027,
  "val_loss": 1.3311761617660522,
  "train_loss": 1.3206752400488897,
  "epochs_used": 7,
  "time_sec": 8.077870607376099,
  "just_eliminated": [],
  "issue4_fix": "best_within_step_checkpoint_restored",
  "norms": {
    "asymmetry": 2.4170098304748535,
    "border_irregularity": 0.0,
    "colour_variation": 2.5637760162353516,
    "diameter_large": 2.866642713546753,
    "atypical_pigment_network": 2.3943371772766113,
    "blue_white_veil": 1.4510003328323364,
    "atypical_vascular_pattern": 0.0,
    "irregular_streaks": 0.0,
    "irregular_pigmentation": 1.5638893842697144,
    "irregular_dots_globules": 0.0,
    "regression_structures": 0.0,
    "symmetric_uniform": 0.0,
    "reticular_network": 3.584383726119995,
    "arborizing_vessels": 2.0401904582977295,
    "blue_grey_ovoid_nests": 2.133342742919922,
    "ulceration": 1.406023383140564,
    "scaly_surface": 3.3991897106170654,
    "strawberry_pattern": 0.0,
    "milia_like_cysts": 2.3033814430236816,
    "comedo_like_openings": 2.3067214488983154,
    "cerebriform_surface": 1.8667316436767578,
    "central_white_patch": 2.697467565536499,
    "red_lacunae": 3.088521718978882,
    "healthy_skin": 1.79062020778656
  }
}