{
  "step": 90,
  "lambda_s": 32.80705129009241,
  "n_active": 13,
  "val_balacc": 0.4753376275920509,
  "val_auc": 0.7496399803055079,
  "val_loss": 1.5727906227111816,
  "train_loss": 1.5984519188112096,
  "epochs_used": 7,
  "time_sec": 7.7851881980896,
  "just_eliminated": [],
  "issue4_fix": "best_within_step_checkpoint_restored",
  "norms": {
    "asymmetry": 1.7417675256729126,
    "border_irregularity": 0.0,
    "colour_variation": 1.8929468393325806,
    "diameter_large": 1.9928839206695557,
    "atypical_pigment_network": 1.7041159868240356,
    "blue_white_veil": 0.0,
    "atypical_vascular_pattern": 0.0,
    "irregular_streaks": 0.0,
    "irregular_pigmentation": 0.0,
    "irregular_dots_globules": 0.0,
    "regression_structures": 0.0,
    "symmetric_uniform": 0.0,
    "reticular_network": 2.943303108215332,
    "arborizing_vessels": 0.367779403924942,
    "blue_grey_ovoid_nests": 0.0,
    "ulceration": 0.0,
    "scaly_surface": 2.4321863651275635,
    "strawberry_pattern": 0.0,
    "milia_like_cysts": 1.6608211994171143,
    "comedo_like_openings": 1.486376404762268,
    "cerebriform_surface": 0.8084344267845154,
    "central_white_patch": 1.8542296886444092,
    "red_lacunae": 1.9189754724502563,
    "healthy_skin": 1.3223328590393066
  }
}