{
  "step": 48,
  "lambda_s": 6.317815617068656,
  "n_active": 23,
  "val_balacc": 0.5476436720350812,
  "val_auc": 0.8429205768178589,
  "val_loss": 1.232774019241333,
  "train_loss": 1.1697605981303731,
  "epochs_used": 15,
  "time_sec": 20.826274871826172,
  "just_eliminated": [],
  "issue4_fix": "best_within_step_checkpoint_restored",
  "norms": {
    "asymmetry": 2.8655426502227783,
    "border_irregularity": 0.0,
    "colour_variation": 2.9101617336273193,
    "diameter_large": 3.3697757720947266,
    "atypical_pigment_network": 2.897421360015869,
    "blue_white_veil": 3.156891107559204,
    "atypical_vascular_pattern": 1.0604376792907715,
    "irregular_streaks": 2.400972604751587,
    "irregular_pigmentation": 3.164005756378174,
    "irregular_dots_globules": 0.8437594771385193,
    "regression_structures": 1.8834418058395386,
    "symmetric_uniform": 0.35624632239341736,
    "reticular_network": 3.6834638118743896,
    "arborizing_vessels": 2.616713047027588,
    "blue_grey_ovoid_nests": 2.8992905616760254,
    "ulceration": 2.2054450511932373,
    "scaly_surface": 4.114201545715332,
    "strawberry_pattern": 2.5795791149139404,
    "milia_like_cysts": 2.134188175201416,
    "comedo_like_openings": 2.7118940353393555,
    "cerebriform_surface": 2.4235281944274902,
    "central_white_patch": 3.184058427810669,
    "red_lacunae": 3.942600965499878,
    "healthy_skin": 1.5438934564590454
  }
}