{
  "step": 80,
  "lambda_s": 22.163268336416625,
  "n_active": 17,
  "val_balacc": 0.49914903678038425,
  "val_auc": 0.8009667686757819,
  "val_loss": 1.4068351984024048,
  "train_loss": 1.4104675718763975,
  "epochs_used": 7,
  "time_sec": 8.258368492126465,
  "just_eliminated": [],
  "issue4_fix": "best_within_step_checkpoint_restored",
  "norms": {
    "asymmetry": 2.35371994972229,
    "border_irregularity": 0.0,
    "colour_variation": 2.3454484939575195,
    "diameter_large": 2.656015634536743,
    "atypical_pigment_network": 2.2302470207214355,
    "blue_white_veil": 1.2913354635238647,
    "atypical_vascular_pattern": 0.0,
    "irregular_streaks": 0.0,
    "irregular_pigmentation": 0.910906195640564,
    "irregular_dots_globules": 0.0,
    "regression_structures": 0.0,
    "symmetric_uniform": 0.0,
    "reticular_network": 3.446589469909668,
    "arborizing_vessels": 1.7285311222076416,
    "blue_grey_ovoid_nests": 1.893705129623413,
    "ulceration": 0.9883289337158203,
    "scaly_surface": 3.1269900798797607,
    "strawberry_pattern": 0.0,
    "milia_like_cysts": 2.1470096111297607,
    "comedo_like_openings": 2.11899471282959,
    "cerebriform_surface": 1.643601655960083,
    "central_white_patch": 2.4204490184783936,
    "red_lacunae": 2.6340243816375732,
    "healthy_skin": 1.5104118585586548
  }
}