{
  "step": 57,
  "lambda_s": 8.992221596474751,
  "n_active": 21,
  "val_balacc": 0.5491508662199583,
  "val_auc": 0.8369198630332586,
  "val_loss": 1.255519151687622,
  "train_loss": 1.1972008380387646,
  "epochs_used": 9,
  "time_sec": 10.278409242630005,
  "just_eliminated": [],
  "issue4_fix": "best_within_step_checkpoint_restored",
  "norms": {
    "asymmetry": 2.7614150047302246,
    "border_irregularity": 0.0,
    "colour_variation": 2.7091314792633057,
    "diameter_large": 3.3822739124298096,
    "atypical_pigment_network": 2.856689929962158,
    "blue_white_veil": 2.6956512928009033,
    "atypical_vascular_pattern": 0.6087973713874817,
    "irregular_streaks": 1.8633456230163574,
    "irregular_pigmentation": 2.8983211517333984,
    "irregular_dots_globules": 0.0,
    "regression_structures": 1.03707754611969,
    "symmetric_uniform": 0.0,
    "reticular_network": 3.6923670768737793,
    "arborizing_vessels": 2.5401604175567627,
    "blue_grey_ovoid_nests": 2.9198644161224365,
    "ulceration": 1.9609711170196533,
    "scaly_surface": 3.9520435333251953,
    "strawberry_pattern": 2.125075101852417,
    "milia_like_cysts": 2.2503888607025146,
    "comedo_like_openings": 2.9009604454040527,
    "cerebriform_surface": 2.1758668422698975,
    "central_white_patch": 3.1212422847747803,
    "red_lacunae": 3.7417006492614746,
    "healthy_skin": 1.0070304870605469
  }
}