{
  "step": 52,
  "lambda_s": 7.390950680129451,
  "n_active": 21,
  "val_balacc": 0.5403752899691744,
  "val_auc": 0.8417381682607509,
  "val_loss": 1.2400630712509155,
  "train_loss": 1.1706168380025839,
  "epochs_used": 16,
  "time_sec": 18.1522696018219,
  "just_eliminated": [],
  "issue4_fix": "best_within_step_checkpoint_restored",
  "norms": {
    "asymmetry": 2.9229772090911865,
    "border_irregularity": 0.0,
    "colour_variation": 2.7540438175201416,
    "diameter_large": 3.428124189376831,
    "atypical_pigment_network": 2.8178584575653076,
    "blue_white_veil": 2.7257816791534424,
    "atypical_vascular_pattern": 0.984717607498169,
    "irregular_streaks": 2.132917642593384,
    "irregular_pigmentation": 2.996727705001831,
    "irregular_dots_globules": 0.0,
    "regression_structures": 1.482677698135376,
    "symmetric_uniform": 0.0,
    "reticular_network": 3.7920193672180176,
    "arborizing_vessels": 2.670081615447998,
    "blue_grey_ovoid_nests": 3.09424090385437,
    "ulceration": 2.028876543045044,
    "scaly_surface": 4.081735134124756,
    "strawberry_pattern": 2.245203971862793,
    "milia_like_cysts": 2.325634717941284,
    "comedo_like_openings": 2.9083704948425293,
    "cerebriform_surface": 2.1535773277282715,
    "central_white_patch": 3.1940500736236572,
    "red_lacunae": 3.9131293296813965,
    "healthy_skin": 1.425972580909729
  }
}