{
  "step": 97,
  "lambda_s": 43.171841375652775,
  "n_active": 11,
  "val_balacc": 0.2534178232303636,
  "val_auc": 0.6565521140084637,
  "val_loss": 1.8159899711608887,
  "train_loss": 1.775128604876137,
  "epochs_used": 7,
  "time_sec": 7.401295185089111,
  "just_eliminated": [],
  "issue4_fix": "best_within_step_checkpoint_restored",
  "norms": {
    "asymmetry": 0.8163992762565613,
    "border_irregularity": 0.0,
    "colour_variation": 1.030377984046936,
    "diameter_large": 1.124480128288269,
    "atypical_pigment_network": 1.0905762910842896,
    "blue_white_veil": 0.0,
    "atypical_vascular_pattern": 0.0,
    "irregular_streaks": 0.0,
    "irregular_pigmentation": 0.0,
    "irregular_dots_globules": 0.0,
    "regression_structures": 0.0,
    "symmetric_uniform": 0.0,
    "reticular_network": 2.1865808963775635,
    "arborizing_vessels": 0.0,
    "blue_grey_ovoid_nests": 0.0,
    "ulceration": 0.0,
    "scaly_surface": 1.3813987970352173,
    "strawberry_pattern": 0.0,
    "milia_like_cysts": 0.6942138075828552,
    "comedo_like_openings": 0.3895491361618042,
    "cerebriform_surface": 0.0,
    "central_white_patch": 0.8646028637886047,
    "red_lacunae": 0.7504532337188721,
    "healthy_skin": 0.9581089019775391
  }
}