{
  "step": 85,
  "lambda_s": 26.96500474817131,
  "n_active": 17,
  "val_balacc": 0.4745212846790422,
  "val_auc": 0.7810765127881892,
  "val_loss": 1.4827238321304321,
  "train_loss": 1.458809972589504,
  "epochs_used": 7,
  "time_sec": 8.086764574050903,
  "just_eliminated": [],
  "issue4_fix": "best_within_step_checkpoint_restored",
  "norms": {
    "asymmetry": 2.1874935626983643,
    "border_irregularity": 0.0,
    "colour_variation": 2.206913709640503,
    "diameter_large": 2.3501551151275635,
    "atypical_pigment_network": 2.0245561599731445,
    "blue_white_veil": 0.5176562070846558,
    "atypical_vascular_pattern": 0.0,
    "irregular_streaks": 0.0,
    "irregular_pigmentation": 0.40845927596092224,
    "irregular_dots_globules": 0.0,
    "regression_structures": 0.0,
    "symmetric_uniform": 0.0,
    "reticular_network": 3.1852645874023438,
    "arborizing_vessels": 1.156673550605774,
    "blue_grey_ovoid_nests": 1.1760096549987793,
    "ulceration": 0.2098705768585205,
    "scaly_surface": 2.8018229007720947,
    "strawberry_pattern": 0.0,
    "milia_like_cysts": 1.8895260095596313,
    "comedo_like_openings": 1.7877806425094604,
    "cerebriform_surface": 1.3042529821395874,
    "central_white_patch": 2.2911951541900635,
    "red_lacunae": 2.3070051670074463,
    "healthy_skin": 1.4459306001663208
  }
}