{
  "step": 73,
  "lambda_s": 16.84226240762025,
  "n_active": 17,
  "val_balacc": 0.5033278650680305,
  "val_auc": 0.8172134190139824,
  "val_loss": 1.34089994430542,
  "train_loss": 1.3044317065090656,
  "epochs_used": 7,
  "time_sec": 8.167020559310913,
  "just_eliminated": [],
  "issue4_fix": "best_within_step_checkpoint_restored",
  "norms": {
    "asymmetry": 2.4314818382263184,
    "border_irregularity": 0.0,
    "colour_variation": 2.528437614440918,
    "diameter_large": 2.902961254119873,
    "atypical_pigment_network": 2.394918918609619,
    "blue_white_veil": 1.5801632404327393,
    "atypical_vascular_pattern": 0.0,
    "irregular_streaks": 0.0,
    "irregular_pigmentation": 1.5421656370162964,
    "irregular_dots_globules": 0.0,
    "regression_structures": 0.0,
    "symmetric_uniform": 0.0,
    "reticular_network": 3.597698926925659,
    "arborizing_vessels": 2.0469489097595215,
    "blue_grey_ovoid_nests": 2.2010440826416016,
    "ulceration": 1.4769855737686157,
    "scaly_surface": 3.4421534538269043,
    "strawberry_pattern": 0.0,
    "milia_like_cysts": 2.3185815811157227,
    "comedo_like_openings": 2.2916793823242188,
    "cerebriform_surface": 1.9323630332946777,
    "central_white_patch": 2.6768383979797363,
    "red_lacunae": 3.101361036300659,
    "healthy_skin": 1.7420645952224731
  }
}