{
  "step": 68,
  "lambda_s": 13.843112011977105,
  "n_active": 18,
  "val_balacc": 0.5050567659578977,
  "val_auc": 0.830131072783629,
  "val_loss": 1.307898998260498,
  "train_loss": 1.2373063642312225,
  "epochs_used": 9,
  "time_sec": 9.937548160552979,
  "just_eliminated": [],
  "issue4_fix": "best_within_step_checkpoint_restored",
  "norms": {
    "asymmetry": 2.366208791732788,
    "border_irregularity": 0.0,
    "colour_variation": 2.5716094970703125,
    "diameter_large": 3.0791211128234863,
    "atypical_pigment_network": 2.652059555053711,
    "blue_white_veil": 2.1223413944244385,
    "atypical_vascular_pattern": 0.0,
    "irregular_streaks": 0.0,
    "irregular_pigmentation": 1.8892738819122314,
    "irregular_dots_globules": 0.0,
    "regression_structures": 0.0,
    "symmetric_uniform": 0.0,
    "reticular_network": 3.5684006214141846,
    "arborizing_vessels": 2.3295633792877197,
    "blue_grey_ovoid_nests": 2.421718120574951,
    "ulceration": 1.6963800191879272,
    "scaly_surface": 3.6294665336608887,
    "strawberry_pattern": 0.5216568112373352,
    "milia_like_cysts": 2.4650650024414062,
    "comedo_like_openings": 2.4983608722686768,
    "cerebriform_surface": 1.985917568206787,
    "central_white_patch": 2.9100940227508545,
    "red_lacunae": 3.1910934448242188,
    "healthy_skin": 1.5998525619506836
  }
}