{
  "step": 71,
  "lambda_s": 15.571618350240616,
  "n_active": 17,
  "val_balacc": 0.5078827078909681,
  "val_auc": 0.8164729088952942,
  "val_loss": 1.3151556253433228,
  "train_loss": 1.319317969402148,
  "epochs_used": 7,
  "time_sec": 7.94267725944519,
  "just_eliminated": [],
  "issue4_fix": "best_within_step_checkpoint_restored",
  "norms": {
    "asymmetry": 2.4905991554260254,
    "border_irregularity": 0.0,
    "colour_variation": 2.626530170440674,
    "diameter_large": 2.996892213821411,
    "atypical_pigment_network": 2.4271562099456787,
    "blue_white_veil": 1.7110306024551392,
    "atypical_vascular_pattern": 0.0,
    "irregular_streaks": 0.0,
    "irregular_pigmentation": 1.6801069974899292,
    "irregular_dots_globules": 0.0,
    "regression_structures": 0.0,
    "symmetric_uniform": 0.0,
    "reticular_network": 3.592038869857788,
    "arborizing_vessels": 2.1230764389038086,
    "blue_grey_ovoid_nests": 2.223144292831421,
    "ulceration": 1.6199394464492798,
    "scaly_surface": 3.5039560794830322,
    "strawberry_pattern": 0.0,
    "milia_like_cysts": 2.3551316261291504,
    "comedo_like_openings": 2.37454891204834,
    "cerebriform_surface": 1.9713354110717773,
    "central_white_patch": 2.7928969860076904,
    "red_lacunae": 3.1360836029052734,
    "healthy_skin": 1.6954928636550903
  }
}