{
  "step": 40,
  "lambda_s": 4.616365988400632,
  "n_active": 24,
  "val_balacc": 0.5614939066170231,
  "val_auc": 0.853982319555369,
  "val_loss": 1.2157397270202637,
  "train_loss": 1.1181573689113937,
  "epochs_used": 14,
  "time_sec": 16.79698944091797,
  "just_eliminated": [],
  "issue4_fix": "best_within_step_checkpoint_restored",
  "norms": {
    "asymmetry": 3.0173933506011963,
    "border_irregularity": 1.1994166374206543,
    "colour_variation": 3.508882522583008,
    "diameter_large": 3.5465104579925537,
    "atypical_pigment_network": 3.366011142730713,
    "blue_white_veil": 3.1758222579956055,
    "atypical_vascular_pattern": 1.7803677320480347,
    "irregular_streaks": 2.5113980770111084,
    "irregular_pigmentation": 3.420289993286133,
    "irregular_dots_globules": 1.6398324966430664,
    "regression_structures": 2.3770484924316406,
    "symmetric_uniform": 1.7975410223007202,
    "reticular_network": 3.842745780944824,
    "arborizing_vessels": 2.8119940757751465,
    "blue_grey_ovoid_nests": 2.9396159648895264,
    "ulceration": 2.812889575958252,
    "scaly_surface": 4.143115043640137,
    "strawberry_pattern": 2.910538673400879,
    "milia_like_cysts": 1.9054765701293945,
    "comedo_like_openings": 2.685532569885254,
    "cerebriform_surface": 2.5512282848358154,
    "central_white_patch": 3.3505542278289795,
    "red_lacunae": 3.9567859172821045,
    "healthy_skin": 2.5118300914764404
  }
}