{
  "step": 23,
  "lambda_s": 2.369918791504948,
  "n_active": 24,
  "val_balacc": 0.5605691957351963,
  "val_auc": 0.8589384486515358,
  "val_loss": 1.2136120796203613,
  "train_loss": 1.0280908506657336,
  "epochs_used": 13,
  "time_sec": 16.02112650871277,
  "just_eliminated": [],
  "issue4_fix": "best_within_step_checkpoint_restored",
  "norms": {
    "asymmetry": 3.6072323322296143,
    "border_irregularity": 3.5214767456054688,
    "colour_variation": 4.42488956451416,
    "diameter_large": 3.799865245819092,
    "atypical_pigment_network": 4.030256748199463,
    "blue_white_veil": 3.8789525032043457,
    "atypical_vascular_pattern": 3.083193778991699,
    "irregular_streaks": 3.502394914627075,
    "irregular_pigmentation": 3.90338134765625,
    "irregular_dots_globules": 2.9168386459350586,
    "regression_structures": 3.1958205699920654,
    "symmetric_uniform": 3.115560531616211,
    "reticular_network": 4.280690670013428,
    "arborizing_vessels": 3.6842284202575684,
    "blue_grey_ovoid_nests": 3.8437578678131104,
    "ulceration": 3.644239902496338,
    "scaly_surface": 4.357868671417236,
    "strawberry_pattern": 3.50671124458313,
    "milia_like_cysts": 2.6935007572174072,
    "comedo_like_openings": 2.9601354598999023,
    "cerebriform_surface": 4.015096664428711,
    "central_white_patch": 3.9719111919403076,
    "red_lacunae": 4.584004878997803,
    "healthy_skin": 4.0614705085754395
  }
}