{
  "step": 9,
  "lambda_s": 1.3685690504052739,
  "n_active": 24,
  "val_balacc": 0.5579823888279484,
  "val_auc": 0.8571209670818424,
  "val_loss": 1.2182564735412598,
  "train_loss": 1.049270114819927,
  "epochs_used": 7,
  "time_sec": 7.871073007583618,
  "just_eliminated": [],
  "issue4_fix": "best_within_step_checkpoint_restored",
  "norms": {
    "asymmetry": 6.117205619812012,
    "border_irregularity": 5.788858890533447,
    "colour_variation": 6.15985631942749,
    "diameter_large": 5.729412078857422,
    "atypical_pigment_network": 5.930356025695801,
    "blue_white_veil": 6.074029445648193,
    "atypical_vascular_pattern": 5.436590194702148,
    "irregular_streaks": 5.157481670379639,
    "irregular_pigmentation": 5.84100866317749,
    "irregular_dots_globules": 5.317476272583008,
    "regression_structures": 5.0948166847229,
    "symmetric_uniform": 5.8534674644470215,
    "reticular_network": 5.932692527770996,
    "arborizing_vessels": 5.599823474884033,
    "blue_grey_ovoid_nests": 5.488557815551758,
    "ulceration": 5.700309753417969,
    "scaly_surface": 6.110052585601807,
    "strawberry_pattern": 5.826832294464111,
    "milia_like_cysts": 5.041568756103516,
    "comedo_like_openings": 5.5509934425354,
    "cerebriform_surface": 6.079093933105469,
    "central_white_patch": 6.140860557556152,
    "red_lacunae": 6.066349506378174,
    "healthy_skin": 6.168402671813965
  }
}